domain,site_id,longitude,latitude,in_domain
full_downloaded_domain,1,105.0,20.4,True
full_downloaded_domain,2,105.0,21.3,True
full_downloaded_domain,3,105.0,22.2,True
full_downloaded_domain,4,105.0,23.1,True
full_downloaded_domain,5,105.0,24.0,True
full_downloaded_domain,6,105.0,24.9,True
full_downloaded_domain,7,105.0,25.8,True
full_downloaded_domain,8,105.0,26.7,True
full_downloaded_domain,9,105.0,27.6,True
full_downloaded_domain,10,105.0,28.5,True
full_downloaded_domain,11,105.0,29.4,True
full_downloaded_domain,12,105.0,30.3,True
full_downloaded_domain,13,105.0,31.2,True
full_downloaded_domain,14,105.0,32.1,True
full_downloaded_domain,15,105.0,33.0,True
full_downloaded_domain,16,105.0,33.9,True
full_downloaded_domain,17,105.0,34.8,True
full_downloaded_domain,18,105.0,35.7,True
full_downloaded_domain,19,105.0,36.6,True
full_downloaded_domain,20,105.0,37.5,True
full_downloaded_domain,21,105.0,38.4,True
full_downloaded_domain,22,105.0,39.3,True
full_downloaded_domain,23,105.0,40.2,True
full_downloaded_domain,24,105.0,41.1,True
full_downloaded_domain,25,105.0,42.0,True
full_downloaded_domain,26,105.8,20.4,True
full_downloaded_domain,27,105.8,21.3,True
full_downloaded_domain,28,105.8,22.2,True
full_downloaded_domain,29,105.8,23.1,True
full_downloaded_domain,30,105.8,24.0,True
full_downloaded_domain,31,105.8,24.9,True
full_downloaded_domain,32,105.8,25.8,True
full_downloaded_domain,33,105.8,26.7,True
full_downloaded_domain,34,105.8,27.6,True
full_downloaded_domain,35,105.8,28.5,True
full_downloaded_domain,36,105.8,29.4,True
full_downloaded_domain,37,105.8,30.3,True
full_downloaded_domain,38,105.8,31.2,True
full_downloaded_domain,39,105.8,32.1,True
full_downloaded_domain,40,105.8,33.0,True
full_downloaded_domain,41,105.8,33.9,True
full_downloaded_domain,42,105.8,34.8,True
full_downloaded_domain,43,105.8,35.7,True
full_downloaded_domain,44,105.8,36.6,True
full_downloaded_domain,45,105.8,37.5,True
full_downloaded_domain,46,105.8,38.4,True
full_downloaded_domain,47,105.8,39.3,True
full_downloaded_domain,48,105.8,40.2,True
full_downloaded_domain,49,105.8,41.1,True
full_downloaded_domain,50,105.8,42.0,True
full_downloaded_domain,51,106.6,20.4,True
full_downloaded_domain,52,106.6,21.3,True
full_downloaded_domain,53,106.6,22.2,True
full_downloaded_domain,54,106.6,23.1,True
full_downloaded_domain,55,106.6,24.0,True
full_downloaded_domain,56,106.6,24.9,True
full_downloaded_domain,57,106.6,25.8,True
full_downloaded_domain,58,106.6,26.7,True
full_downloaded_domain,59,106.6,27.6,True
full_downloaded_domain,60,106.6,28.5,True
full_downloaded_domain,61,106.6,29.4,True
full_downloaded_domain,62,106.6,30.3,True
full_downloaded_domain,63,106.6,31.2,True
full_downloaded_domain,64,106.6,32.1,True
full_downloaded_domain,65,106.6,33.0,True
full_downloaded_domain,66,106.6,33.9,True
full_downloaded_domain,67,106.6,34.8,True
full_downloaded_domain,68,106.6,35.7,True
full_downloaded_domain,69,106.6,36.6,True
full_downloaded_domain,70,106.6,37.5,True
full_downloaded_domain,71,106.6,38.4,True
full_downloaded_domain,72,106.6,39.3,True
full_downloaded_domain,73,106.6,40.2,True
full_downloaded_domain,74,106.6,41.1,True
full_downloaded_domain,75,106.6,42.0,True
full_downloaded_domain,76,107.4,22.2,True
full_downloaded_domain,77,107.4,23.1,True
full_downloaded_domain,78,107.4,24.0,True
full_downloaded_domain,79,107.4,24.9,True
full_downloaded_domain,80,107.4,25.8,True
full_downloaded_domain,81,107.4,26.7,True
full_downloaded_domain,82,107.4,27.6,True
full_downloaded_domain,83,107.4,28.5,True
full_downloaded_domain,84,107.4,29.4,True
full_downloaded_domain,85,107.4,30.3,True
full_downloaded_domain,86,107.4,31.2,True
full_downloaded_domain,87,107.4,32.1,True
full_downloaded_domain,88,107.4,33.0,True
full_downloaded_domain,89,107.4,33.9,True
full_downloaded_domain,90,107.4,34.8,True
full_downloaded_domain,91,107.4,35.7,True
full_downloaded_domain,92,107.4,36.6,True
full_downloaded_domain,93,107.4,37.5,True
full_downloaded_domain,94,107.4,38.4,True
full_downloaded_domain,95,107.4,39.3,True
full_downloaded_domain,96,107.4,40.2,True
full_downloaded_domain,97,107.4,41.1,True
full_downloaded_domain,98,107.4,42.0,True
full_downloaded_domain,99,108.2,22.2,True
full_downloaded_domain,100,108.2,23.1,True
full_downloaded_domain,101,108.2,24.0,True
full_downloaded_domain,102,108.2,24.9,True
full_downloaded_domain,103,108.2,25.8,True
full_downloaded_domain,104,108.2,26.7,True
full_downloaded_domain,105,108.2,27.6,True
full_downloaded_domain,106,108.2,28.5,True
full_downloaded_domain,107,108.2,29.4,True
full_downloaded_domain,108,108.2,30.3,True
full_downloaded_domain,109,108.2,31.2,True
full_downloaded_domain,110,108.2,32.1,True
full_downloaded_domain,111,108.2,33.0,True
full_downloaded_domain,112,108.2,33.9,True
full_downloaded_domain,113,108.2,34.8,True
full_downloaded_domain,114,108.2,35.7,True
full_downloaded_domain,115,108.2,36.6,True
full_downloaded_domain,116,108.2,37.5,True
full_downloaded_domain,117,108.2,38.4,True
full_downloaded_domain,118,108.2,39.3,True
full_downloaded_domain,119,108.2,40.2,True
full_downloaded_domain,120,108.2,41.1,True
full_downloaded_domain,121,108.2,42.0,True
full_downloaded_domain,122,109.0,22.2,True
full_downloaded_domain,123,109.0,23.1,True
full_downloaded_domain,124,109.0,24.0,True
full_downloaded_domain,125,109.0,24.9,True
full_downloaded_domain,126,109.0,25.8,True
full_downloaded_domain,127,109.0,26.7,True
full_downloaded_domain,128,109.0,27.6,True
full_downloaded_domain,129,109.0,28.5,True
full_downloaded_domain,130,109.0,29.4,True
full_downloaded_domain,131,109.0,30.3,True
full_downloaded_domain,132,109.0,31.2,True
full_downloaded_domain,133,109.0,32.1,True
full_downloaded_domain,134,109.0,33.0,True
full_downloaded_domain,135,109.0,33.9,True
full_downloaded_domain,136,109.0,34.8,True
full_downloaded_domain,137,109.0,35.7,True
full_downloaded_domain,138,109.0,36.6,True
full_downloaded_domain,139,109.0,37.5,True
full_downloaded_domain,140,109.0,38.4,True
full_downloaded_domain,141,109.0,39.3,True
full_downloaded_domain,142,109.0,40.2,True
full_downloaded_domain,143,109.0,41.1,True
full_downloaded_domain,144,109.0,42.0,True
full_downloaded_domain,145,109.8,21.3,True
full_downloaded_domain,146,109.8,22.2,True
full_downloaded_domain,147,109.8,23.1,True
full_downloaded_domain,148,109.8,24.0,True
full_downloaded_domain,149,109.8,24.9,True
full_downloaded_domain,150,109.8,25.8,True
full_downloaded_domain,151,109.8,26.7,True
full_downloaded_domain,152,109.8,27.6,True
full_downloaded_domain,153,109.8,28.5,True
full_downloaded_domain,154,109.8,29.4,True
full_downloaded_domain,155,109.8,30.3,True
full_downloaded_domain,156,109.8,31.2,True
full_downloaded_domain,157,109.8,32.1,True
full_downloaded_domain,158,109.8,33.0,True
full_downloaded_domain,159,109.8,33.9,True
full_downloaded_domain,160,109.8,34.8,True
full_downloaded_domain,161,109.8,35.7,True
full_downloaded_domain,162,109.8,36.6,True
full_downloaded_domain,163,109.8,37.5,True
full_downloaded_domain,164,109.8,38.4,True
full_downloaded_domain,165,109.8,39.3,True
full_downloaded_domain,166,109.8,40.2,True
full_downloaded_domain,167,109.8,41.1,True
full_downloaded_domain,168,109.8,42.0,True
full_downloaded_domain,169,110.6,21.3,True
full_downloaded_domain,170,110.6,22.2,True
full_downloaded_domain,171,110.6,23.1,True
full_downloaded_domain,172,110.6,24.0,True
full_downloaded_domain,173,110.6,24.9,True
full_downloaded_domain,174,110.6,25.8,True
full_downloaded_domain,175,110.6,26.7,True
full_downloaded_domain,176,110.6,27.6,True
full_downloaded_domain,177,110.6,28.5,True
full_downloaded_domain,178,110.6,29.4,True
full_downloaded_domain,179,110.6,30.3,True
full_downloaded_domain,180,110.6,31.2,True
full_downloaded_domain,181,110.6,32.1,True
full_downloaded_domain,182,110.6,33.0,True
full_downloaded_domain,183,110.6,33.9,True
full_downloaded_domain,184,110.6,34.8,True
full_downloaded_domain,185,110.6,35.7,True
full_downloaded_domain,186,110.6,36.6,True
full_downloaded_domain,187,110.6,37.5,True
full_downloaded_domain,188,110.6,38.4,True
full_downloaded_domain,189,110.6,39.3,True
full_downloaded_domain,190,110.6,40.2,True
full_downloaded_domain,191,110.6,41.1,True
full_downloaded_domain,192,110.6,42.0,True
full_downloaded_domain,193,111.4,22.2,True
full_downloaded_domain,194,111.4,23.1,True
full_downloaded_domain,195,111.4,24.0,True
full_downloaded_domain,196,111.4,24.9,True
full_downloaded_domain,197,111.4,25.8,True
full_downloaded_domain,198,111.4,26.7,True
full_downloaded_domain,199,111.4,27.6,True
full_downloaded_domain,200,111.4,28.5,True
full_downloaded_domain,201,111.4,29.4,True
full_downloaded_domain,202,111.4,30.3,True
full_downloaded_domain,203,111.4,31.2,True
full_downloaded_domain,204,111.4,32.1,True
full_downloaded_domain,205,111.4,33.0,True
full_downloaded_domain,206,111.4,33.9,True
full_downloaded_domain,207,111.4,34.8,True
full_downloaded_domain,208,111.4,35.7,True
full_downloaded_domain,209,111.4,36.6,True
full_downloaded_domain,210,111.4,37.5,True
full_downloaded_domain,211,111.4,38.4,True
full_downloaded_domain,212,111.4,39.3,True
full_downloaded_domain,213,111.4,40.2,True
full_downloaded_domain,214,111.4,41.1,True
full_downloaded_domain,215,111.4,42.0,True
full_downloaded_domain,216,112.2,22.2,True
full_downloaded_domain,217,112.2,23.1,True
full_downloaded_domain,218,112.2,24.0,True
full_downloaded_domain,219,112.2,24.9,True
full_downloaded_domain,220,112.2,25.8,True
full_downloaded_domain,221,112.2,26.7,True
full_downloaded_domain,222,112.2,27.6,True
full_downloaded_domain,223,112.2,28.5,True
full_downloaded_domain,224,112.2,29.4,True
full_downloaded_domain,225,112.2,30.3,True
full_downloaded_domain,226,112.2,31.2,True
full_downloaded_domain,227,112.2,32.1,True
full_downloaded_domain,228,112.2,33.0,True
full_downloaded_domain,229,112.2,33.9,True
full_downloaded_domain,230,112.2,34.8,True
full_downloaded_domain,231,112.2,35.7,True
full_downloaded_domain,232,112.2,36.6,True
full_downloaded_domain,233,112.2,37.5,True
full_downloaded_domain,234,112.2,38.4,True
full_downloaded_domain,235,112.2,39.3,True
full_downloaded_domain,236,112.2,40.2,True
full_downloaded_domain,237,112.2,41.1,True
full_downloaded_domain,238,112.2,42.0,True
full_downloaded_domain,239,113.0,22.2,True
full_downloaded_domain,240,113.0,23.1,True
full_downloaded_domain,241,113.0,24.0,True
full_downloaded_domain,242,113.0,24.9,True
full_downloaded_domain,243,113.0,25.8,True
full_downloaded_domain,244,113.0,26.7,True
full_downloaded_domain,245,113.0,27.6,True
full_downloaded_domain,246,113.0,28.5,True
full_downloaded_domain,247,113.0,29.4,True
full_downloaded_domain,248,113.0,30.3,True
full_downloaded_domain,249,113.0,31.2,True
full_downloaded_domain,250,113.0,32.1,True
full_downloaded_domain,251,113.0,33.0,True
full_downloaded_domain,252,113.0,33.9,True
full_downloaded_domain,253,113.0,34.8,True
full_downloaded_domain,254,113.0,35.7,True
full_downloaded_domain,255,113.0,36.6,True
full_downloaded_domain,256,113.0,37.5,True
full_downloaded_domain,257,113.0,38.4,True
full_downloaded_domain,258,113.0,39.3,True
full_downloaded_domain,259,113.0,40.2,True
full_downloaded_domain,260,113.0,41.1,True
full_downloaded_domain,261,113.0,42.0,True
full_downloaded_domain,262,113.8,23.1,True
full_downloaded_domain,263,113.8,24.0,True
full_downloaded_domain,264,113.8,24.9,True
full_downloaded_domain,265,113.8,25.8,True
full_downloaded_domain,266,113.8,26.7,True
full_downloaded_domain,267,113.8,27.6,True
full_downloaded_domain,268,113.8,28.5,True
full_downloaded_domain,269,113.8,29.4,True
full_downloaded_domain,270,113.8,30.3,True
full_downloaded_domain,271,113.8,31.2,True
full_downloaded_domain,272,113.8,32.1,True
full_downloaded_domain,273,113.8,33.0,True
full_downloaded_domain,274,113.8,33.9,True
full_downloaded_domain,275,113.8,34.8,True
full_downloaded_domain,276,113.8,35.7,True
full_downloaded_domain,277,113.8,36.6,True
full_downloaded_domain,278,113.8,37.5,True
full_downloaded_domain,279,113.8,38.4,True
full_downloaded_domain,280,113.8,39.3,True
full_downloaded_domain,281,113.8,40.2,True
full_downloaded_domain,282,113.8,41.1,True
full_downloaded_domain,283,113.8,42.0,True
full_downloaded_domain,284,114.6,23.1,True
full_downloaded_domain,285,114.6,24.0,True
full_downloaded_domain,286,114.6,24.9,True
full_downloaded_domain,287,114.6,25.8,True
full_downloaded_domain,288,114.6,26.7,True
full_downloaded_domain,289,114.6,27.6,True
full_downloaded_domain,290,114.6,28.5,True
full_downloaded_domain,291,114.6,29.4,True
full_downloaded_domain,292,114.6,30.3,True
full_downloaded_domain,293,114.6,31.2,True
full_downloaded_domain,294,114.6,32.1,True
full_downloaded_domain,295,114.6,33.0,True
full_downloaded_domain,296,114.6,33.9,True
full_downloaded_domain,297,114.6,34.8,True
full_downloaded_domain,298,114.6,35.7,True
full_downloaded_domain,299,114.6,36.6,True
full_downloaded_domain,300,114.6,37.5,True
full_downloaded_domain,301,114.6,38.4,True
full_downloaded_domain,302,114.6,39.3,True
full_downloaded_domain,303,114.6,40.2,True
full_downloaded_domain,304,114.6,41.1,True
full_downloaded_domain,305,114.6,42.0,True
full_downloaded_domain,306,115.4,23.1,True
full_downloaded_domain,307,115.4,24.0,True
full_downloaded_domain,308,115.4,24.9,True
full_downloaded_domain,309,115.4,25.8,True
full_downloaded_domain,310,115.4,26.7,True
full_downloaded_domain,311,115.4,27.6,True
full_downloaded_domain,312,115.4,28.5,True
full_downloaded_domain,313,115.4,29.4,True
full_downloaded_domain,314,115.4,30.3,True
full_downloaded_domain,315,115.4,31.2,True
full_downloaded_domain,316,115.4,32.1,True
full_downloaded_domain,317,115.4,33.0,True
full_downloaded_domain,318,115.4,33.9,True
full_downloaded_domain,319,115.4,34.8,True
full_downloaded_domain,320,115.4,35.7,True
full_downloaded_domain,321,115.4,36.6,True
full_downloaded_domain,322,115.4,37.5,True
full_downloaded_domain,323,115.4,38.4,True
full_downloaded_domain,324,115.4,39.3,True
full_downloaded_domain,325,115.4,40.2,True
full_downloaded_domain,326,115.4,41.1,True
full_downloaded_domain,327,115.4,42.0,True
full_downloaded_domain,328,116.2,23.1,True
full_downloaded_domain,329,116.2,24.0,True
full_downloaded_domain,330,116.2,24.9,True
full_downloaded_domain,331,116.2,25.8,True
full_downloaded_domain,332,116.2,26.7,True
full_downloaded_domain,333,116.2,27.6,True
full_downloaded_domain,334,116.2,28.5,True
full_downloaded_domain,335,116.2,29.4,True
full_downloaded_domain,336,116.2,30.3,True
full_downloaded_domain,337,116.2,31.2,True
full_downloaded_domain,338,116.2,32.1,True
full_downloaded_domain,339,116.2,33.0,True
full_downloaded_domain,340,116.2,33.9,True
full_downloaded_domain,341,116.2,34.8,True
full_downloaded_domain,342,116.2,35.7,True
full_downloaded_domain,343,116.2,36.6,True
full_downloaded_domain,344,116.2,37.5,True
full_downloaded_domain,345,116.2,38.4,True
full_downloaded_domain,346,116.2,39.3,True
full_downloaded_domain,347,116.2,40.2,True
full_downloaded_domain,348,116.2,41.1,True
full_downloaded_domain,349,116.2,42.0,True
full_downloaded_domain,350,117.0,24.0,True
full_downloaded_domain,351,117.0,24.9,True
full_downloaded_domain,352,117.0,25.8,True
full_downloaded_domain,353,117.0,26.7,True
full_downloaded_domain,354,117.0,27.6,True
full_downloaded_domain,355,117.0,28.5,True
full_downloaded_domain,356,117.0,29.4,True
full_downloaded_domain,357,117.0,30.3,True
full_downloaded_domain,358,117.0,31.2,True
full_downloaded_domain,359,117.0,32.1,True
full_downloaded_domain,360,117.0,33.0,True
full_downloaded_domain,361,117.0,33.9,True
full_downloaded_domain,362,117.0,34.8,True
full_downloaded_domain,363,117.0,35.7,True
full_downloaded_domain,364,117.0,36.6,True
full_downloaded_domain,365,117.0,37.5,True
full_downloaded_domain,366,117.0,38.4,True
full_downloaded_domain,367,117.0,39.3,True
full_downloaded_domain,368,117.0,40.2,True
full_downloaded_domain,369,117.0,41.1,True
full_downloaded_domain,370,117.0,42.0,True
full_downloaded_domain,371,117.8,24.9,True
full_downloaded_domain,372,117.8,25.8,True
full_downloaded_domain,373,117.8,26.7,True
full_downloaded_domain,374,117.8,27.6,True
full_downloaded_domain,375,117.8,28.5,True
full_downloaded_domain,376,117.8,29.4,True
full_downloaded_domain,377,117.8,30.3,True
full_downloaded_domain,378,117.8,31.2,True
full_downloaded_domain,379,117.8,32.1,True
full_downloaded_domain,380,117.8,33.0,True
full_downloaded_domain,381,117.8,33.9,True
full_downloaded_domain,382,117.8,34.8,True
full_downloaded_domain,383,117.8,35.7,True
full_downloaded_domain,384,117.8,36.6,True
full_downloaded_domain,385,117.8,37.5,True
full_downloaded_domain,386,117.8,39.3,True
full_downloaded_domain,387,117.8,40.2,True
full_downloaded_domain,388,117.8,41.1,True
full_downloaded_domain,389,117.8,42.0,True
full_downloaded_domain,390,118.6,24.9,True
full_downloaded_domain,391,118.6,25.8,True
full_downloaded_domain,392,118.6,26.7,True
full_downloaded_domain,393,118.6,27.6,True
full_downloaded_domain,394,118.6,28.5,True
full_downloaded_domain,395,118.6,29.4,True
full_downloaded_domain,396,118.6,30.3,True
full_downloaded_domain,397,118.6,31.2,True
full_downloaded_domain,398,118.6,32.1,True
full_downloaded_domain,399,118.6,33.0,True
full_downloaded_domain,400,118.6,33.9,True
full_downloaded_domain,401,118.6,34.8,True
full_downloaded_domain,402,118.6,35.7,True
full_downloaded_domain,403,118.6,36.6,True
full_downloaded_domain,404,118.6,37.5,True
full_downloaded_domain,405,118.6,39.3,True
full_downloaded_domain,406,118.6,40.2,True
full_downloaded_domain,407,118.6,41.1,True
full_downloaded_domain,408,118.6,42.0,True
full_downloaded_domain,409,119.4,25.8,True
full_downloaded_domain,410,119.4,26.7,True
full_downloaded_domain,411,119.4,27.6,True
full_downloaded_domain,412,119.4,28.5,True
full_downloaded_domain,413,119.4,29.4,True
full_downloaded_domain,414,119.4,30.3,True
full_downloaded_domain,415,119.4,31.2,True
full_downloaded_domain,416,119.4,32.1,True
full_downloaded_domain,417,119.4,33.0,True
full_downloaded_domain,418,119.4,33.9,True
full_downloaded_domain,419,119.4,35.7,True
full_downloaded_domain,420,119.4,36.6,True
full_downloaded_domain,421,119.4,40.2,True
full_downloaded_domain,422,119.4,41.1,True
full_downloaded_domain,423,119.4,42.0,True
full_downloaded_domain,424,120.2,23.1,True
full_downloaded_domain,425,120.2,27.6,True
full_downloaded_domain,426,120.2,28.5,True
full_downloaded_domain,427,120.2,29.4,True
full_downloaded_domain,428,120.2,30.3,True
full_downloaded_domain,429,120.2,31.2,True
full_downloaded_domain,430,120.2,32.1,True
full_downloaded_domain,431,120.2,33.0,True
full_downloaded_domain,432,120.2,33.9,True
full_downloaded_domain,433,120.2,36.6,True
full_downloaded_domain,434,120.2,37.5,True
full_downloaded_domain,435,120.2,40.2,True
full_downloaded_domain,436,120.2,41.1,True
full_downloaded_domain,437,120.2,42.0,True
full_downloaded_domain,438,121.0,23.1,True
full_downloaded_domain,439,121.0,24.0,True
full_downloaded_domain,440,121.0,28.5,True
full_downloaded_domain,441,121.0,29.4,True
full_downloaded_domain,442,121.0,31.2,True
full_downloaded_domain,443,121.0,32.1,True
full_downloaded_domain,444,121.0,37.5,True
full_downloaded_domain,445,121.0,41.1,True
full_downloaded_domain,446,121.0,42.0,True
full_downloaded_domain,447,121.8,24.9,True
full_downloaded_domain,448,121.8,29.4,True
full_downloaded_domain,449,121.8,31.2,True
full_downloaded_domain,450,121.8,39.3,True
full_downloaded_domain,451,121.8,41.1,True
full_downloaded_domain,452,121.8,42.0,True
full_downloaded_domain,453,122.6,40.2,True
full_downloaded_domain,454,122.6,41.1,True
full_downloaded_domain,455,122.6,42.0,True
full_downloaded_domain,456,123.4,40.2,True
full_downloaded_domain,457,123.4,41.1,True
full_downloaded_domain,458,123.4,42.0,True
full_downloaded_domain,459,124.2,40.2,True
full_downloaded_domain,460,124.2,41.1,True
full_downloaded_domain,461,124.2,42.0,True
full_downloaded_domain,462,125.0,38.4,True
full_downloaded_domain,463,125.0,40.2,True
full_downloaded_domain,464,125.0,41.1,True
full_downloaded_domain,465,125.0,42.0,True
south_edge_inward_0.9deg,1,105.0,20.4,False
south_edge_inward_0.9deg,2,105.0,21.3,True
south_edge_inward_0.9deg,3,105.0,22.2,True
south_edge_inward_0.9deg,4,105.0,23.1,True
south_edge_inward_0.9deg,5,105.0,24.0,True
south_edge_inward_0.9deg,6,105.0,24.9,True
south_edge_inward_0.9deg,7,105.0,25.8,True
south_edge_inward_0.9deg,8,105.0,26.7,True
south_edge_inward_0.9deg,9,105.0,27.6,True
south_edge_inward_0.9deg,10,105.0,28.5,True
south_edge_inward_0.9deg,11,105.0,29.4,True
south_edge_inward_0.9deg,12,105.0,30.3,True
south_edge_inward_0.9deg,13,105.0,31.2,True
south_edge_inward_0.9deg,14,105.0,32.1,True
south_edge_inward_0.9deg,15,105.0,33.0,True
south_edge_inward_0.9deg,16,105.0,33.9,True
south_edge_inward_0.9deg,17,105.0,34.8,True
south_edge_inward_0.9deg,18,105.0,35.7,True
south_edge_inward_0.9deg,19,105.0,36.6,True
south_edge_inward_0.9deg,20,105.0,37.5,True
south_edge_inward_0.9deg,21,105.0,38.4,True
south_edge_inward_0.9deg,22,105.0,39.3,True
south_edge_inward_0.9deg,23,105.0,40.2,True
south_edge_inward_0.9deg,24,105.0,41.1,True
south_edge_inward_0.9deg,25,105.0,42.0,True
south_edge_inward_0.9deg,26,105.8,20.4,False
south_edge_inward_0.9deg,27,105.8,21.3,True
south_edge_inward_0.9deg,28,105.8,22.2,True
south_edge_inward_0.9deg,29,105.8,23.1,True
south_edge_inward_0.9deg,30,105.8,24.0,True
south_edge_inward_0.9deg,31,105.8,24.9,True
south_edge_inward_0.9deg,32,105.8,25.8,True
south_edge_inward_0.9deg,33,105.8,26.7,True
south_edge_inward_0.9deg,34,105.8,27.6,True
south_edge_inward_0.9deg,35,105.8,28.5,True
south_edge_inward_0.9deg,36,105.8,29.4,True
south_edge_inward_0.9deg,37,105.8,30.3,True
south_edge_inward_0.9deg,38,105.8,31.2,True
south_edge_inward_0.9deg,39,105.8,32.1,True
south_edge_inward_0.9deg,40,105.8,33.0,True
south_edge_inward_0.9deg,41,105.8,33.9,True
south_edge_inward_0.9deg,42,105.8,34.8,True
south_edge_inward_0.9deg,43,105.8,35.7,True
south_edge_inward_0.9deg,44,105.8,36.6,True
south_edge_inward_0.9deg,45,105.8,37.5,True
south_edge_inward_0.9deg,46,105.8,38.4,True
south_edge_inward_0.9deg,47,105.8,39.3,True
south_edge_inward_0.9deg,48,105.8,40.2,True
south_edge_inward_0.9deg,49,105.8,41.1,True
south_edge_inward_0.9deg,50,105.8,42.0,True
south_edge_inward_0.9deg,51,106.6,20.4,False
south_edge_inward_0.9deg,52,106.6,21.3,True
south_edge_inward_0.9deg,53,106.6,22.2,True
south_edge_inward_0.9deg,54,106.6,23.1,True
south_edge_inward_0.9deg,55,106.6,24.0,True
south_edge_inward_0.9deg,56,106.6,24.9,True
south_edge_inward_0.9deg,57,106.6,25.8,True
south_edge_inward_0.9deg,58,106.6,26.7,True
south_edge_inward_0.9deg,59,106.6,27.6,True
south_edge_inward_0.9deg,60,106.6,28.5,True
south_edge_inward_0.9deg,61,106.6,29.4,True
south_edge_inward_0.9deg,62,106.6,30.3,True
south_edge_inward_0.9deg,63,106.6,31.2,True
south_edge_inward_0.9deg,64,106.6,32.1,True
south_edge_inward_0.9deg,65,106.6,33.0,True
south_edge_inward_0.9deg,66,106.6,33.9,True
south_edge_inward_0.9deg,67,106.6,34.8,True
south_edge_inward_0.9deg,68,106.6,35.7,True
south_edge_inward_0.9deg,69,106.6,36.6,True
south_edge_inward_0.9deg,70,106.6,37.5,True
south_edge_inward_0.9deg,71,106.6,38.4,True
south_edge_inward_0.9deg,72,106.6,39.3,True
south_edge_inward_0.9deg,73,106.6,40.2,True
south_edge_inward_0.9deg,74,106.6,41.1,True
south_edge_inward_0.9deg,75,106.6,42.0,True
south_edge_inward_0.9deg,76,107.4,22.2,True
south_edge_inward_0.9deg,77,107.4,23.1,True
south_edge_inward_0.9deg,78,107.4,24.0,True
south_edge_inward_0.9deg,79,107.4,24.9,True
south_edge_inward_0.9deg,80,107.4,25.8,True
south_edge_inward_0.9deg,81,107.4,26.7,True
south_edge_inward_0.9deg,82,107.4,27.6,True
south_edge_inward_0.9deg,83,107.4,28.5,True
south_edge_inward_0.9deg,84,107.4,29.4,True
south_edge_inward_0.9deg,85,107.4,30.3,True
south_edge_inward_0.9deg,86,107.4,31.2,True
south_edge_inward_0.9deg,87,107.4,32.1,True
south_edge_inward_0.9deg,88,107.4,33.0,True
south_edge_inward_0.9deg,89,107.4,33.9,True
south_edge_inward_0.9deg,90,107.4,34.8,True
south_edge_inward_0.9deg,91,107.4,35.7,True
south_edge_inward_0.9deg,92,107.4,36.6,True
south_edge_inward_0.9deg,93,107.4,37.5,True
south_edge_inward_0.9deg,94,107.4,38.4,True
south_edge_inward_0.9deg,95,107.4,39.3,True
south_edge_inward_0.9deg,96,107.4,40.2,True
south_edge_inward_0.9deg,97,107.4,41.1,True
south_edge_inward_0.9deg,98,107.4,42.0,True
south_edge_inward_0.9deg,99,108.2,22.2,True
south_edge_inward_0.9deg,100,108.2,23.1,True
south_edge_inward_0.9deg,101,108.2,24.0,True
south_edge_inward_0.9deg,102,108.2,24.9,True
south_edge_inward_0.9deg,103,108.2,25.8,True
south_edge_inward_0.9deg,104,108.2,26.7,True
south_edge_inward_0.9deg,105,108.2,27.6,True
south_edge_inward_0.9deg,106,108.2,28.5,True
south_edge_inward_0.9deg,107,108.2,29.4,True
south_edge_inward_0.9deg,108,108.2,30.3,True
south_edge_inward_0.9deg,109,108.2,31.2,True
south_edge_inward_0.9deg,110,108.2,32.1,True
south_edge_inward_0.9deg,111,108.2,33.0,True
south_edge_inward_0.9deg,112,108.2,33.9,True
south_edge_inward_0.9deg,113,108.2,34.8,True
south_edge_inward_0.9deg,114,108.2,35.7,True
south_edge_inward_0.9deg,115,108.2,36.6,True
south_edge_inward_0.9deg,116,108.2,37.5,True
south_edge_inward_0.9deg,117,108.2,38.4,True
south_edge_inward_0.9deg,118,108.2,39.3,True
south_edge_inward_0.9deg,119,108.2,40.2,True
south_edge_inward_0.9deg,120,108.2,41.1,True
south_edge_inward_0.9deg,121,108.2,42.0,True
south_edge_inward_0.9deg,122,109.0,22.2,True
south_edge_inward_0.9deg,123,109.0,23.1,True
south_edge_inward_0.9deg,124,109.0,24.0,True
south_edge_inward_0.9deg,125,109.0,24.9,True
south_edge_inward_0.9deg,126,109.0,25.8,True
south_edge_inward_0.9deg,127,109.0,26.7,True
south_edge_inward_0.9deg,128,109.0,27.6,True
south_edge_inward_0.9deg,129,109.0,28.5,True
south_edge_inward_0.9deg,130,109.0,29.4,True
south_edge_inward_0.9deg,131,109.0,30.3,True
south_edge_inward_0.9deg,132,109.0,31.2,True
south_edge_inward_0.9deg,133,109.0,32.1,True
south_edge_inward_0.9deg,134,109.0,33.0,True
south_edge_inward_0.9deg,135,109.0,33.9,True
south_edge_inward_0.9deg,136,109.0,34.8,True
south_edge_inward_0.9deg,137,109.0,35.7,True
south_edge_inward_0.9deg,138,109.0,36.6,True
south_edge_inward_0.9deg,139,109.0,37.5,True
south_edge_inward_0.9deg,140,109.0,38.4,True
south_edge_inward_0.9deg,141,109.0,39.3,True
south_edge_inward_0.9deg,142,109.0,40.2,True
south_edge_inward_0.9deg,143,109.0,41.1,True
south_edge_inward_0.9deg,144,109.0,42.0,True
south_edge_inward_0.9deg,145,109.8,21.3,True
south_edge_inward_0.9deg,146,109.8,22.2,True
south_edge_inward_0.9deg,147,109.8,23.1,True
south_edge_inward_0.9deg,148,109.8,24.0,True
south_edge_inward_0.9deg,149,109.8,24.9,True
south_edge_inward_0.9deg,150,109.8,25.8,True
south_edge_inward_0.9deg,151,109.8,26.7,True
south_edge_inward_0.9deg,152,109.8,27.6,True
south_edge_inward_0.9deg,153,109.8,28.5,True
south_edge_inward_0.9deg,154,109.8,29.4,True
south_edge_inward_0.9deg,155,109.8,30.3,True
south_edge_inward_0.9deg,156,109.8,31.2,True
south_edge_inward_0.9deg,157,109.8,32.1,True
south_edge_inward_0.9deg,158,109.8,33.0,True
south_edge_inward_0.9deg,159,109.8,33.9,True
south_edge_inward_0.9deg,160,109.8,34.8,True
south_edge_inward_0.9deg,161,109.8,35.7,True
south_edge_inward_0.9deg,162,109.8,36.6,True
south_edge_inward_0.9deg,163,109.8,37.5,True
south_edge_inward_0.9deg,164,109.8,38.4,True
south_edge_inward_0.9deg,165,109.8,39.3,True
south_edge_inward_0.9deg,166,109.8,40.2,True
south_edge_inward_0.9deg,167,109.8,41.1,True
south_edge_inward_0.9deg,168,109.8,42.0,True
south_edge_inward_0.9deg,169,110.6,21.3,True
south_edge_inward_0.9deg,170,110.6,22.2,True
south_edge_inward_0.9deg,171,110.6,23.1,True
south_edge_inward_0.9deg,172,110.6,24.0,True
south_edge_inward_0.9deg,173,110.6,24.9,True
south_edge_inward_0.9deg,174,110.6,25.8,True
south_edge_inward_0.9deg,175,110.6,26.7,True
south_edge_inward_0.9deg,176,110.6,27.6,True
south_edge_inward_0.9deg,177,110.6,28.5,True
south_edge_inward_0.9deg,178,110.6,29.4,True
south_edge_inward_0.9deg,179,110.6,30.3,True
south_edge_inward_0.9deg,180,110.6,31.2,True
south_edge_inward_0.9deg,181,110.6,32.1,True
south_edge_inward_0.9deg,182,110.6,33.0,True
south_edge_inward_0.9deg,183,110.6,33.9,True
south_edge_inward_0.9deg,184,110.6,34.8,True
south_edge_inward_0.9deg,185,110.6,35.7,True
south_edge_inward_0.9deg,186,110.6,36.6,True
south_edge_inward_0.9deg,187,110.6,37.5,True
south_edge_inward_0.9deg,188,110.6,38.4,True
south_edge_inward_0.9deg,189,110.6,39.3,True
south_edge_inward_0.9deg,190,110.6,40.2,True
south_edge_inward_0.9deg,191,110.6,41.1,True
south_edge_inward_0.9deg,192,110.6,42.0,True
south_edge_inward_0.9deg,193,111.4,22.2,True
south_edge_inward_0.9deg,194,111.4,23.1,True
south_edge_inward_0.9deg,195,111.4,24.0,True
south_edge_inward_0.9deg,196,111.4,24.9,True
south_edge_inward_0.9deg,197,111.4,25.8,True
south_edge_inward_0.9deg,198,111.4,26.7,True
south_edge_inward_0.9deg,199,111.4,27.6,True
south_edge_inward_0.9deg,200,111.4,28.5,True
south_edge_inward_0.9deg,201,111.4,29.4,True
south_edge_inward_0.9deg,202,111.4,30.3,True
south_edge_inward_0.9deg,203,111.4,31.2,True
south_edge_inward_0.9deg,204,111.4,32.1,True
south_edge_inward_0.9deg,205,111.4,33.0,True
south_edge_inward_0.9deg,206,111.4,33.9,True
south_edge_inward_0.9deg,207,111.4,34.8,True
south_edge_inward_0.9deg,208,111.4,35.7,True
south_edge_inward_0.9deg,209,111.4,36.6,True
south_edge_inward_0.9deg,210,111.4,37.5,True
south_edge_inward_0.9deg,211,111.4,38.4,True
south_edge_inward_0.9deg,212,111.4,39.3,True
south_edge_inward_0.9deg,213,111.4,40.2,True
south_edge_inward_0.9deg,214,111.4,41.1,True
south_edge_inward_0.9deg,215,111.4,42.0,True
south_edge_inward_0.9deg,216,112.2,22.2,True
south_edge_inward_0.9deg,217,112.2,23.1,True
south_edge_inward_0.9deg,218,112.2,24.0,True
south_edge_inward_0.9deg,219,112.2,24.9,True
south_edge_inward_0.9deg,220,112.2,25.8,True
south_edge_inward_0.9deg,221,112.2,26.7,True
south_edge_inward_0.9deg,222,112.2,27.6,True
south_edge_inward_0.9deg,223,112.2,28.5,True
south_edge_inward_0.9deg,224,112.2,29.4,True
south_edge_inward_0.9deg,225,112.2,30.3,True
south_edge_inward_0.9deg,226,112.2,31.2,True
south_edge_inward_0.9deg,227,112.2,32.1,True
south_edge_inward_0.9deg,228,112.2,33.0,True
south_edge_inward_0.9deg,229,112.2,33.9,True
south_edge_inward_0.9deg,230,112.2,34.8,True
south_edge_inward_0.9deg,231,112.2,35.7,True
south_edge_inward_0.9deg,232,112.2,36.6,True
south_edge_inward_0.9deg,233,112.2,37.5,True
south_edge_inward_0.9deg,234,112.2,38.4,True
south_edge_inward_0.9deg,235,112.2,39.3,True
south_edge_inward_0.9deg,236,112.2,40.2,True
south_edge_inward_0.9deg,237,112.2,41.1,True
south_edge_inward_0.9deg,238,112.2,42.0,True
south_edge_inward_0.9deg,239,113.0,22.2,True
south_edge_inward_0.9deg,240,113.0,23.1,True
south_edge_inward_0.9deg,241,113.0,24.0,True
south_edge_inward_0.9deg,242,113.0,24.9,True
south_edge_inward_0.9deg,243,113.0,25.8,True
south_edge_inward_0.9deg,244,113.0,26.7,True
south_edge_inward_0.9deg,245,113.0,27.6,True
south_edge_inward_0.9deg,246,113.0,28.5,True
south_edge_inward_0.9deg,247,113.0,29.4,True
south_edge_inward_0.9deg,248,113.0,30.3,True
south_edge_inward_0.9deg,249,113.0,31.2,True
south_edge_inward_0.9deg,250,113.0,32.1,True
south_edge_inward_0.9deg,251,113.0,33.0,True
south_edge_inward_0.9deg,252,113.0,33.9,True
south_edge_inward_0.9deg,253,113.0,34.8,True
south_edge_inward_0.9deg,254,113.0,35.7,True
south_edge_inward_0.9deg,255,113.0,36.6,True
south_edge_inward_0.9deg,256,113.0,37.5,True
south_edge_inward_0.9deg,257,113.0,38.4,True
south_edge_inward_0.9deg,258,113.0,39.3,True
south_edge_inward_0.9deg,259,113.0,40.2,True
south_edge_inward_0.9deg,260,113.0,41.1,True
south_edge_inward_0.9deg,261,113.0,42.0,True
south_edge_inward_0.9deg,262,113.8,23.1,True
south_edge_inward_0.9deg,263,113.8,24.0,True
south_edge_inward_0.9deg,264,113.8,24.9,True
south_edge_inward_0.9deg,265,113.8,25.8,True
south_edge_inward_0.9deg,266,113.8,26.7,True
south_edge_inward_0.9deg,267,113.8,27.6,True
south_edge_inward_0.9deg,268,113.8,28.5,True
south_edge_inward_0.9deg,269,113.8,29.4,True
south_edge_inward_0.9deg,270,113.8,30.3,True
south_edge_inward_0.9deg,271,113.8,31.2,True
south_edge_inward_0.9deg,272,113.8,32.1,True
south_edge_inward_0.9deg,273,113.8,33.0,True
south_edge_inward_0.9deg,274,113.8,33.9,True
south_edge_inward_0.9deg,275,113.8,34.8,True
south_edge_inward_0.9deg,276,113.8,35.7,True
south_edge_inward_0.9deg,277,113.8,36.6,True
south_edge_inward_0.9deg,278,113.8,37.5,True
south_edge_inward_0.9deg,279,113.8,38.4,True
south_edge_inward_0.9deg,280,113.8,39.3,True
south_edge_inward_0.9deg,281,113.8,40.2,True
south_edge_inward_0.9deg,282,113.8,41.1,True
south_edge_inward_0.9deg,283,113.8,42.0,True
south_edge_inward_0.9deg,284,114.6,23.1,True
south_edge_inward_0.9deg,285,114.6,24.0,True
south_edge_inward_0.9deg,286,114.6,24.9,True
south_edge_inward_0.9deg,287,114.6,25.8,True
south_edge_inward_0.9deg,288,114.6,26.7,True
south_edge_inward_0.9deg,289,114.6,27.6,True
south_edge_inward_0.9deg,290,114.6,28.5,True
south_edge_inward_0.9deg,291,114.6,29.4,True
south_edge_inward_0.9deg,292,114.6,30.3,True
south_edge_inward_0.9deg,293,114.6,31.2,True
south_edge_inward_0.9deg,294,114.6,32.1,True
south_edge_inward_0.9deg,295,114.6,33.0,True
south_edge_inward_0.9deg,296,114.6,33.9,True
south_edge_inward_0.9deg,297,114.6,34.8,True
south_edge_inward_0.9deg,298,114.6,35.7,True
south_edge_inward_0.9deg,299,114.6,36.6,True
south_edge_inward_0.9deg,300,114.6,37.5,True
south_edge_inward_0.9deg,301,114.6,38.4,True
south_edge_inward_0.9deg,302,114.6,39.3,True
south_edge_inward_0.9deg,303,114.6,40.2,True
south_edge_inward_0.9deg,304,114.6,41.1,True
south_edge_inward_0.9deg,305,114.6,42.0,True
south_edge_inward_0.9deg,306,115.4,23.1,True
south_edge_inward_0.9deg,307,115.4,24.0,True
south_edge_inward_0.9deg,308,115.4,24.9,True
south_edge_inward_0.9deg,309,115.4,25.8,True
south_edge_inward_0.9deg,310,115.4,26.7,True
south_edge_inward_0.9deg,311,115.4,27.6,True
south_edge_inward_0.9deg,312,115.4,28.5,True
south_edge_inward_0.9deg,313,115.4,29.4,True
south_edge_inward_0.9deg,314,115.4,30.3,True
south_edge_inward_0.9deg,315,115.4,31.2,True
south_edge_inward_0.9deg,316,115.4,32.1,True
south_edge_inward_0.9deg,317,115.4,33.0,True
south_edge_inward_0.9deg,318,115.4,33.9,True
south_edge_inward_0.9deg,319,115.4,34.8,True
south_edge_inward_0.9deg,320,115.4,35.7,True
south_edge_inward_0.9deg,321,115.4,36.6,True
south_edge_inward_0.9deg,322,115.4,37.5,True
south_edge_inward_0.9deg,323,115.4,38.4,True
south_edge_inward_0.9deg,324,115.4,39.3,True
south_edge_inward_0.9deg,325,115.4,40.2,True
south_edge_inward_0.9deg,326,115.4,41.1,True
south_edge_inward_0.9deg,327,115.4,42.0,True
south_edge_inward_0.9deg,328,116.2,23.1,True
south_edge_inward_0.9deg,329,116.2,24.0,True
south_edge_inward_0.9deg,330,116.2,24.9,True
south_edge_inward_0.9deg,331,116.2,25.8,True
south_edge_inward_0.9deg,332,116.2,26.7,True
south_edge_inward_0.9deg,333,116.2,27.6,True
south_edge_inward_0.9deg,334,116.2,28.5,True
south_edge_inward_0.9deg,335,116.2,29.4,True
south_edge_inward_0.9deg,336,116.2,30.3,True
south_edge_inward_0.9deg,337,116.2,31.2,True
south_edge_inward_0.9deg,338,116.2,32.1,True
south_edge_inward_0.9deg,339,116.2,33.0,True
south_edge_inward_0.9deg,340,116.2,33.9,True
south_edge_inward_0.9deg,341,116.2,34.8,True
south_edge_inward_0.9deg,342,116.2,35.7,True
south_edge_inward_0.9deg,343,116.2,36.6,True
south_edge_inward_0.9deg,344,116.2,37.5,True
south_edge_inward_0.9deg,345,116.2,38.4,True
south_edge_inward_0.9deg,346,116.2,39.3,True
south_edge_inward_0.9deg,347,116.2,40.2,True
south_edge_inward_0.9deg,348,116.2,41.1,True
south_edge_inward_0.9deg,349,116.2,42.0,True
south_edge_inward_0.9deg,350,117.0,24.0,True
south_edge_inward_0.9deg,351,117.0,24.9,True
south_edge_inward_0.9deg,352,117.0,25.8,True
south_edge_inward_0.9deg,353,117.0,26.7,True
south_edge_inward_0.9deg,354,117.0,27.6,True
south_edge_inward_0.9deg,355,117.0,28.5,True
south_edge_inward_0.9deg,356,117.0,29.4,True
south_edge_inward_0.9deg,357,117.0,30.3,True
south_edge_inward_0.9deg,358,117.0,31.2,True
south_edge_inward_0.9deg,359,117.0,32.1,True
south_edge_inward_0.9deg,360,117.0,33.0,True
south_edge_inward_0.9deg,361,117.0,33.9,True
south_edge_inward_0.9deg,362,117.0,34.8,True
south_edge_inward_0.9deg,363,117.0,35.7,True
south_edge_inward_0.9deg,364,117.0,36.6,True
south_edge_inward_0.9deg,365,117.0,37.5,True
south_edge_inward_0.9deg,366,117.0,38.4,True
south_edge_inward_0.9deg,367,117.0,39.3,True
south_edge_inward_0.9deg,368,117.0,40.2,True
south_edge_inward_0.9deg,369,117.0,41.1,True
south_edge_inward_0.9deg,370,117.0,42.0,True
south_edge_inward_0.9deg,371,117.8,24.9,True
south_edge_inward_0.9deg,372,117.8,25.8,True
south_edge_inward_0.9deg,373,117.8,26.7,True
south_edge_inward_0.9deg,374,117.8,27.6,True
south_edge_inward_0.9deg,375,117.8,28.5,True
south_edge_inward_0.9deg,376,117.8,29.4,True
south_edge_inward_0.9deg,377,117.8,30.3,True
south_edge_inward_0.9deg,378,117.8,31.2,True
south_edge_inward_0.9deg,379,117.8,32.1,True
south_edge_inward_0.9deg,380,117.8,33.0,True
south_edge_inward_0.9deg,381,117.8,33.9,True
south_edge_inward_0.9deg,382,117.8,34.8,True
south_edge_inward_0.9deg,383,117.8,35.7,True
south_edge_inward_0.9deg,384,117.8,36.6,True
south_edge_inward_0.9deg,385,117.8,37.5,True
south_edge_inward_0.9deg,386,117.8,39.3,True
south_edge_inward_0.9deg,387,117.8,40.2,True
south_edge_inward_0.9deg,388,117.8,41.1,True
south_edge_inward_0.9deg,389,117.8,42.0,True
south_edge_inward_0.9deg,390,118.6,24.9,True
south_edge_inward_0.9deg,391,118.6,25.8,True
south_edge_inward_0.9deg,392,118.6,26.7,True
south_edge_inward_0.9deg,393,118.6,27.6,True
south_edge_inward_0.9deg,394,118.6,28.5,True
south_edge_inward_0.9deg,395,118.6,29.4,True
south_edge_inward_0.9deg,396,118.6,30.3,True
south_edge_inward_0.9deg,397,118.6,31.2,True
south_edge_inward_0.9deg,398,118.6,32.1,True
south_edge_inward_0.9deg,399,118.6,33.0,True
south_edge_inward_0.9deg,400,118.6,33.9,True
south_edge_inward_0.9deg,401,118.6,34.8,True
south_edge_inward_0.9deg,402,118.6,35.7,True
south_edge_inward_0.9deg,403,118.6,36.6,True
south_edge_inward_0.9deg,404,118.6,37.5,True
south_edge_inward_0.9deg,405,118.6,39.3,True
south_edge_inward_0.9deg,406,118.6,40.2,True
south_edge_inward_0.9deg,407,118.6,41.1,True
south_edge_inward_0.9deg,408,118.6,42.0,True
south_edge_inward_0.9deg,409,119.4,25.8,True
south_edge_inward_0.9deg,410,119.4,26.7,True
south_edge_inward_0.9deg,411,119.4,27.6,True
south_edge_inward_0.9deg,412,119.4,28.5,True
south_edge_inward_0.9deg,413,119.4,29.4,True
south_edge_inward_0.9deg,414,119.4,30.3,True
south_edge_inward_0.9deg,415,119.4,31.2,True
south_edge_inward_0.9deg,416,119.4,32.1,True
south_edge_inward_0.9deg,417,119.4,33.0,True
south_edge_inward_0.9deg,418,119.4,33.9,True
south_edge_inward_0.9deg,419,119.4,35.7,True
south_edge_inward_0.9deg,420,119.4,36.6,True
south_edge_inward_0.9deg,421,119.4,40.2,True
south_edge_inward_0.9deg,422,119.4,41.1,True
south_edge_inward_0.9deg,423,119.4,42.0,True
south_edge_inward_0.9deg,424,120.2,23.1,True
south_edge_inward_0.9deg,425,120.2,27.6,True
south_edge_inward_0.9deg,426,120.2,28.5,True
south_edge_inward_0.9deg,427,120.2,29.4,True
south_edge_inward_0.9deg,428,120.2,30.3,True
south_edge_inward_0.9deg,429,120.2,31.2,True
south_edge_inward_0.9deg,430,120.2,32.1,True
south_edge_inward_0.9deg,431,120.2,33.0,True
south_edge_inward_0.9deg,432,120.2,33.9,True
south_edge_inward_0.9deg,433,120.2,36.6,True
south_edge_inward_0.9deg,434,120.2,37.5,True
south_edge_inward_0.9deg,435,120.2,40.2,True
south_edge_inward_0.9deg,436,120.2,41.1,True
south_edge_inward_0.9deg,437,120.2,42.0,True
south_edge_inward_0.9deg,438,121.0,23.1,True
south_edge_inward_0.9deg,439,121.0,24.0,True
south_edge_inward_0.9deg,440,121.0,28.5,True
south_edge_inward_0.9deg,441,121.0,29.4,True
south_edge_inward_0.9deg,442,121.0,31.2,True
south_edge_inward_0.9deg,443,121.0,32.1,True
south_edge_inward_0.9deg,444,121.0,37.5,True
south_edge_inward_0.9deg,445,121.0,41.1,True
south_edge_inward_0.9deg,446,121.0,42.0,True
south_edge_inward_0.9deg,447,121.8,24.9,True
south_edge_inward_0.9deg,448,121.8,29.4,True
south_edge_inward_0.9deg,449,121.8,31.2,True
south_edge_inward_0.9deg,450,121.8,39.3,True
south_edge_inward_0.9deg,451,121.8,41.1,True
south_edge_inward_0.9deg,452,121.8,42.0,True
south_edge_inward_0.9deg,453,122.6,40.2,True
south_edge_inward_0.9deg,454,122.6,41.1,True
south_edge_inward_0.9deg,455,122.6,42.0,True
south_edge_inward_0.9deg,456,123.4,40.2,True
south_edge_inward_0.9deg,457,123.4,41.1,True
south_edge_inward_0.9deg,458,123.4,42.0,True
south_edge_inward_0.9deg,459,124.2,40.2,True
south_edge_inward_0.9deg,460,124.2,41.1,True
south_edge_inward_0.9deg,461,124.2,42.0,True
south_edge_inward_0.9deg,462,125.0,38.4,True
south_edge_inward_0.9deg,463,125.0,40.2,True
south_edge_inward_0.9deg,464,125.0,41.1,True
south_edge_inward_0.9deg,465,125.0,42.0,True
south_edge_inward_1.8deg,1,105.0,20.4,False
south_edge_inward_1.8deg,2,105.0,21.3,False
south_edge_inward_1.8deg,3,105.0,22.2,True
south_edge_inward_1.8deg,4,105.0,23.1,True
south_edge_inward_1.8deg,5,105.0,24.0,True
south_edge_inward_1.8deg,6,105.0,24.9,True
south_edge_inward_1.8deg,7,105.0,25.8,True
south_edge_inward_1.8deg,8,105.0,26.7,True
south_edge_inward_1.8deg,9,105.0,27.6,True
south_edge_inward_1.8deg,10,105.0,28.5,True
south_edge_inward_1.8deg,11,105.0,29.4,True
south_edge_inward_1.8deg,12,105.0,30.3,True
south_edge_inward_1.8deg,13,105.0,31.2,True
south_edge_inward_1.8deg,14,105.0,32.1,True
south_edge_inward_1.8deg,15,105.0,33.0,True
south_edge_inward_1.8deg,16,105.0,33.9,True
south_edge_inward_1.8deg,17,105.0,34.8,True
south_edge_inward_1.8deg,18,105.0,35.7,True
south_edge_inward_1.8deg,19,105.0,36.6,True
south_edge_inward_1.8deg,20,105.0,37.5,True
south_edge_inward_1.8deg,21,105.0,38.4,True
south_edge_inward_1.8deg,22,105.0,39.3,True
south_edge_inward_1.8deg,23,105.0,40.2,True
south_edge_inward_1.8deg,24,105.0,41.1,True
south_edge_inward_1.8deg,25,105.0,42.0,True
south_edge_inward_1.8deg,26,105.8,20.4,False
south_edge_inward_1.8deg,27,105.8,21.3,False
south_edge_inward_1.8deg,28,105.8,22.2,True
south_edge_inward_1.8deg,29,105.8,23.1,True
south_edge_inward_1.8deg,30,105.8,24.0,True
south_edge_inward_1.8deg,31,105.8,24.9,True
south_edge_inward_1.8deg,32,105.8,25.8,True
south_edge_inward_1.8deg,33,105.8,26.7,True
south_edge_inward_1.8deg,34,105.8,27.6,True
south_edge_inward_1.8deg,35,105.8,28.5,True
south_edge_inward_1.8deg,36,105.8,29.4,True
south_edge_inward_1.8deg,37,105.8,30.3,True
south_edge_inward_1.8deg,38,105.8,31.2,True
south_edge_inward_1.8deg,39,105.8,32.1,True
south_edge_inward_1.8deg,40,105.8,33.0,True
south_edge_inward_1.8deg,41,105.8,33.9,True
south_edge_inward_1.8deg,42,105.8,34.8,True
south_edge_inward_1.8deg,43,105.8,35.7,True
south_edge_inward_1.8deg,44,105.8,36.6,True
south_edge_inward_1.8deg,45,105.8,37.5,True
south_edge_inward_1.8deg,46,105.8,38.4,True
south_edge_inward_1.8deg,47,105.8,39.3,True
south_edge_inward_1.8deg,48,105.8,40.2,True
south_edge_inward_1.8deg,49,105.8,41.1,True
south_edge_inward_1.8deg,50,105.8,42.0,True
south_edge_inward_1.8deg,51,106.6,20.4,False
south_edge_inward_1.8deg,52,106.6,21.3,False
south_edge_inward_1.8deg,53,106.6,22.2,True
south_edge_inward_1.8deg,54,106.6,23.1,True
south_edge_inward_1.8deg,55,106.6,24.0,True
south_edge_inward_1.8deg,56,106.6,24.9,True
south_edge_inward_1.8deg,57,106.6,25.8,True
south_edge_inward_1.8deg,58,106.6,26.7,True
south_edge_inward_1.8deg,59,106.6,27.6,True
south_edge_inward_1.8deg,60,106.6,28.5,True
south_edge_inward_1.8deg,61,106.6,29.4,True
south_edge_inward_1.8deg,62,106.6,30.3,True
south_edge_inward_1.8deg,63,106.6,31.2,True
south_edge_inward_1.8deg,64,106.6,32.1,True
south_edge_inward_1.8deg,65,106.6,33.0,True
south_edge_inward_1.8deg,66,106.6,33.9,True
south_edge_inward_1.8deg,67,106.6,34.8,True
south_edge_inward_1.8deg,68,106.6,35.7,True
south_edge_inward_1.8deg,69,106.6,36.6,True
south_edge_inward_1.8deg,70,106.6,37.5,True
south_edge_inward_1.8deg,71,106.6,38.4,True
south_edge_inward_1.8deg,72,106.6,39.3,True
south_edge_inward_1.8deg,73,106.6,40.2,True
south_edge_inward_1.8deg,74,106.6,41.1,True
south_edge_inward_1.8deg,75,106.6,42.0,True
south_edge_inward_1.8deg,76,107.4,22.2,True
south_edge_inward_1.8deg,77,107.4,23.1,True
south_edge_inward_1.8deg,78,107.4,24.0,True
south_edge_inward_1.8deg,79,107.4,24.9,True
south_edge_inward_1.8deg,80,107.4,25.8,True
south_edge_inward_1.8deg,81,107.4,26.7,True
south_edge_inward_1.8deg,82,107.4,27.6,True
south_edge_inward_1.8deg,83,107.4,28.5,True
south_edge_inward_1.8deg,84,107.4,29.4,True
south_edge_inward_1.8deg,85,107.4,30.3,True
south_edge_inward_1.8deg,86,107.4,31.2,True
south_edge_inward_1.8deg,87,107.4,32.1,True
south_edge_inward_1.8deg,88,107.4,33.0,True
south_edge_inward_1.8deg,89,107.4,33.9,True
south_edge_inward_1.8deg,90,107.4,34.8,True
south_edge_inward_1.8deg,91,107.4,35.7,True
south_edge_inward_1.8deg,92,107.4,36.6,True
south_edge_inward_1.8deg,93,107.4,37.5,True
south_edge_inward_1.8deg,94,107.4,38.4,True
south_edge_inward_1.8deg,95,107.4,39.3,True
south_edge_inward_1.8deg,96,107.4,40.2,True
south_edge_inward_1.8deg,97,107.4,41.1,True
south_edge_inward_1.8deg,98,107.4,42.0,True
south_edge_inward_1.8deg,99,108.2,22.2,True
south_edge_inward_1.8deg,100,108.2,23.1,True
south_edge_inward_1.8deg,101,108.2,24.0,True
south_edge_inward_1.8deg,102,108.2,24.9,True
south_edge_inward_1.8deg,103,108.2,25.8,True
south_edge_inward_1.8deg,104,108.2,26.7,True
south_edge_inward_1.8deg,105,108.2,27.6,True
south_edge_inward_1.8deg,106,108.2,28.5,True
south_edge_inward_1.8deg,107,108.2,29.4,True
south_edge_inward_1.8deg,108,108.2,30.3,True
south_edge_inward_1.8deg,109,108.2,31.2,True
south_edge_inward_1.8deg,110,108.2,32.1,True
south_edge_inward_1.8deg,111,108.2,33.0,True
south_edge_inward_1.8deg,112,108.2,33.9,True
south_edge_inward_1.8deg,113,108.2,34.8,True
south_edge_inward_1.8deg,114,108.2,35.7,True
south_edge_inward_1.8deg,115,108.2,36.6,True
south_edge_inward_1.8deg,116,108.2,37.5,True
south_edge_inward_1.8deg,117,108.2,38.4,True
south_edge_inward_1.8deg,118,108.2,39.3,True
south_edge_inward_1.8deg,119,108.2,40.2,True
south_edge_inward_1.8deg,120,108.2,41.1,True
south_edge_inward_1.8deg,121,108.2,42.0,True
south_edge_inward_1.8deg,122,109.0,22.2,True
south_edge_inward_1.8deg,123,109.0,23.1,True
south_edge_inward_1.8deg,124,109.0,24.0,True
south_edge_inward_1.8deg,125,109.0,24.9,True
south_edge_inward_1.8deg,126,109.0,25.8,True
south_edge_inward_1.8deg,127,109.0,26.7,True
south_edge_inward_1.8deg,128,109.0,27.6,True
south_edge_inward_1.8deg,129,109.0,28.5,True
south_edge_inward_1.8deg,130,109.0,29.4,True
south_edge_inward_1.8deg,131,109.0,30.3,True
south_edge_inward_1.8deg,132,109.0,31.2,True
south_edge_inward_1.8deg,133,109.0,32.1,True
south_edge_inward_1.8deg,134,109.0,33.0,True
south_edge_inward_1.8deg,135,109.0,33.9,True
south_edge_inward_1.8deg,136,109.0,34.8,True
south_edge_inward_1.8deg,137,109.0,35.7,True
south_edge_inward_1.8deg,138,109.0,36.6,True
south_edge_inward_1.8deg,139,109.0,37.5,True
south_edge_inward_1.8deg,140,109.0,38.4,True
south_edge_inward_1.8deg,141,109.0,39.3,True
south_edge_inward_1.8deg,142,109.0,40.2,True
south_edge_inward_1.8deg,143,109.0,41.1,True
south_edge_inward_1.8deg,144,109.0,42.0,True
south_edge_inward_1.8deg,145,109.8,21.3,False
south_edge_inward_1.8deg,146,109.8,22.2,True
south_edge_inward_1.8deg,147,109.8,23.1,True
south_edge_inward_1.8deg,148,109.8,24.0,True
south_edge_inward_1.8deg,149,109.8,24.9,True
south_edge_inward_1.8deg,150,109.8,25.8,True
south_edge_inward_1.8deg,151,109.8,26.7,True
south_edge_inward_1.8deg,152,109.8,27.6,True
south_edge_inward_1.8deg,153,109.8,28.5,True
south_edge_inward_1.8deg,154,109.8,29.4,True
south_edge_inward_1.8deg,155,109.8,30.3,True
south_edge_inward_1.8deg,156,109.8,31.2,True
south_edge_inward_1.8deg,157,109.8,32.1,True
south_edge_inward_1.8deg,158,109.8,33.0,True
south_edge_inward_1.8deg,159,109.8,33.9,True
south_edge_inward_1.8deg,160,109.8,34.8,True
south_edge_inward_1.8deg,161,109.8,35.7,True
south_edge_inward_1.8deg,162,109.8,36.6,True
south_edge_inward_1.8deg,163,109.8,37.5,True
south_edge_inward_1.8deg,164,109.8,38.4,True
south_edge_inward_1.8deg,165,109.8,39.3,True
south_edge_inward_1.8deg,166,109.8,40.2,True
south_edge_inward_1.8deg,167,109.8,41.1,True
south_edge_inward_1.8deg,168,109.8,42.0,True
south_edge_inward_1.8deg,169,110.6,21.3,False
south_edge_inward_1.8deg,170,110.6,22.2,True
south_edge_inward_1.8deg,171,110.6,23.1,True
south_edge_inward_1.8deg,172,110.6,24.0,True
south_edge_inward_1.8deg,173,110.6,24.9,True
south_edge_inward_1.8deg,174,110.6,25.8,True
south_edge_inward_1.8deg,175,110.6,26.7,True
south_edge_inward_1.8deg,176,110.6,27.6,True
south_edge_inward_1.8deg,177,110.6,28.5,True
south_edge_inward_1.8deg,178,110.6,29.4,True
south_edge_inward_1.8deg,179,110.6,30.3,True
south_edge_inward_1.8deg,180,110.6,31.2,True
south_edge_inward_1.8deg,181,110.6,32.1,True
south_edge_inward_1.8deg,182,110.6,33.0,True
south_edge_inward_1.8deg,183,110.6,33.9,True
south_edge_inward_1.8deg,184,110.6,34.8,True
south_edge_inward_1.8deg,185,110.6,35.7,True
south_edge_inward_1.8deg,186,110.6,36.6,True
south_edge_inward_1.8deg,187,110.6,37.5,True
south_edge_inward_1.8deg,188,110.6,38.4,True
south_edge_inward_1.8deg,189,110.6,39.3,True
south_edge_inward_1.8deg,190,110.6,40.2,True
south_edge_inward_1.8deg,191,110.6,41.1,True
south_edge_inward_1.8deg,192,110.6,42.0,True
south_edge_inward_1.8deg,193,111.4,22.2,True
south_edge_inward_1.8deg,194,111.4,23.1,True
south_edge_inward_1.8deg,195,111.4,24.0,True
south_edge_inward_1.8deg,196,111.4,24.9,True
south_edge_inward_1.8deg,197,111.4,25.8,True
south_edge_inward_1.8deg,198,111.4,26.7,True
south_edge_inward_1.8deg,199,111.4,27.6,True
south_edge_inward_1.8deg,200,111.4,28.5,True
south_edge_inward_1.8deg,201,111.4,29.4,True
south_edge_inward_1.8deg,202,111.4,30.3,True
south_edge_inward_1.8deg,203,111.4,31.2,True
south_edge_inward_1.8deg,204,111.4,32.1,True
south_edge_inward_1.8deg,205,111.4,33.0,True
south_edge_inward_1.8deg,206,111.4,33.9,True
south_edge_inward_1.8deg,207,111.4,34.8,True
south_edge_inward_1.8deg,208,111.4,35.7,True
south_edge_inward_1.8deg,209,111.4,36.6,True
south_edge_inward_1.8deg,210,111.4,37.5,True
south_edge_inward_1.8deg,211,111.4,38.4,True
south_edge_inward_1.8deg,212,111.4,39.3,True
south_edge_inward_1.8deg,213,111.4,40.2,True
south_edge_inward_1.8deg,214,111.4,41.1,True
south_edge_inward_1.8deg,215,111.4,42.0,True
south_edge_inward_1.8deg,216,112.2,22.2,True
south_edge_inward_1.8deg,217,112.2,23.1,True
south_edge_inward_1.8deg,218,112.2,24.0,True
south_edge_inward_1.8deg,219,112.2,24.9,True
south_edge_inward_1.8deg,220,112.2,25.8,True
south_edge_inward_1.8deg,221,112.2,26.7,True
south_edge_inward_1.8deg,222,112.2,27.6,True
south_edge_inward_1.8deg,223,112.2,28.5,True
south_edge_inward_1.8deg,224,112.2,29.4,True
south_edge_inward_1.8deg,225,112.2,30.3,True
south_edge_inward_1.8deg,226,112.2,31.2,True
south_edge_inward_1.8deg,227,112.2,32.1,True
south_edge_inward_1.8deg,228,112.2,33.0,True
south_edge_inward_1.8deg,229,112.2,33.9,True
south_edge_inward_1.8deg,230,112.2,34.8,True
south_edge_inward_1.8deg,231,112.2,35.7,True
south_edge_inward_1.8deg,232,112.2,36.6,True
south_edge_inward_1.8deg,233,112.2,37.5,True
south_edge_inward_1.8deg,234,112.2,38.4,True
south_edge_inward_1.8deg,235,112.2,39.3,True
south_edge_inward_1.8deg,236,112.2,40.2,True
south_edge_inward_1.8deg,237,112.2,41.1,True
south_edge_inward_1.8deg,238,112.2,42.0,True
south_edge_inward_1.8deg,239,113.0,22.2,True
south_edge_inward_1.8deg,240,113.0,23.1,True
south_edge_inward_1.8deg,241,113.0,24.0,True
south_edge_inward_1.8deg,242,113.0,24.9,True
south_edge_inward_1.8deg,243,113.0,25.8,True
south_edge_inward_1.8deg,244,113.0,26.7,True
south_edge_inward_1.8deg,245,113.0,27.6,True
south_edge_inward_1.8deg,246,113.0,28.5,True
south_edge_inward_1.8deg,247,113.0,29.4,True
south_edge_inward_1.8deg,248,113.0,30.3,True
south_edge_inward_1.8deg,249,113.0,31.2,True
south_edge_inward_1.8deg,250,113.0,32.1,True
south_edge_inward_1.8deg,251,113.0,33.0,True
south_edge_inward_1.8deg,252,113.0,33.9,True
south_edge_inward_1.8deg,253,113.0,34.8,True
south_edge_inward_1.8deg,254,113.0,35.7,True
south_edge_inward_1.8deg,255,113.0,36.6,True
south_edge_inward_1.8deg,256,113.0,37.5,True
south_edge_inward_1.8deg,257,113.0,38.4,True
south_edge_inward_1.8deg,258,113.0,39.3,True
south_edge_inward_1.8deg,259,113.0,40.2,True
south_edge_inward_1.8deg,260,113.0,41.1,True
south_edge_inward_1.8deg,261,113.0,42.0,True
south_edge_inward_1.8deg,262,113.8,23.1,True
south_edge_inward_1.8deg,263,113.8,24.0,True
south_edge_inward_1.8deg,264,113.8,24.9,True
south_edge_inward_1.8deg,265,113.8,25.8,True
south_edge_inward_1.8deg,266,113.8,26.7,True
south_edge_inward_1.8deg,267,113.8,27.6,True
south_edge_inward_1.8deg,268,113.8,28.5,True
south_edge_inward_1.8deg,269,113.8,29.4,True
south_edge_inward_1.8deg,270,113.8,30.3,True
south_edge_inward_1.8deg,271,113.8,31.2,True
south_edge_inward_1.8deg,272,113.8,32.1,True
south_edge_inward_1.8deg,273,113.8,33.0,True
south_edge_inward_1.8deg,274,113.8,33.9,True
south_edge_inward_1.8deg,275,113.8,34.8,True
south_edge_inward_1.8deg,276,113.8,35.7,True
south_edge_inward_1.8deg,277,113.8,36.6,True
south_edge_inward_1.8deg,278,113.8,37.5,True
south_edge_inward_1.8deg,279,113.8,38.4,True
south_edge_inward_1.8deg,280,113.8,39.3,True
south_edge_inward_1.8deg,281,113.8,40.2,True
south_edge_inward_1.8deg,282,113.8,41.1,True
south_edge_inward_1.8deg,283,113.8,42.0,True
south_edge_inward_1.8deg,284,114.6,23.1,True
south_edge_inward_1.8deg,285,114.6,24.0,True
south_edge_inward_1.8deg,286,114.6,24.9,True
south_edge_inward_1.8deg,287,114.6,25.8,True
south_edge_inward_1.8deg,288,114.6,26.7,True
south_edge_inward_1.8deg,289,114.6,27.6,True
south_edge_inward_1.8deg,290,114.6,28.5,True
south_edge_inward_1.8deg,291,114.6,29.4,True
south_edge_inward_1.8deg,292,114.6,30.3,True
south_edge_inward_1.8deg,293,114.6,31.2,True
south_edge_inward_1.8deg,294,114.6,32.1,True
south_edge_inward_1.8deg,295,114.6,33.0,True
south_edge_inward_1.8deg,296,114.6,33.9,True
south_edge_inward_1.8deg,297,114.6,34.8,True
south_edge_inward_1.8deg,298,114.6,35.7,True
south_edge_inward_1.8deg,299,114.6,36.6,True
south_edge_inward_1.8deg,300,114.6,37.5,True
south_edge_inward_1.8deg,301,114.6,38.4,True
south_edge_inward_1.8deg,302,114.6,39.3,True
south_edge_inward_1.8deg,303,114.6,40.2,True
south_edge_inward_1.8deg,304,114.6,41.1,True
south_edge_inward_1.8deg,305,114.6,42.0,True
south_edge_inward_1.8deg,306,115.4,23.1,True
south_edge_inward_1.8deg,307,115.4,24.0,True
south_edge_inward_1.8deg,308,115.4,24.9,True
south_edge_inward_1.8deg,309,115.4,25.8,True
south_edge_inward_1.8deg,310,115.4,26.7,True
south_edge_inward_1.8deg,311,115.4,27.6,True
south_edge_inward_1.8deg,312,115.4,28.5,True
south_edge_inward_1.8deg,313,115.4,29.4,True
south_edge_inward_1.8deg,314,115.4,30.3,True
south_edge_inward_1.8deg,315,115.4,31.2,True
south_edge_inward_1.8deg,316,115.4,32.1,True
south_edge_inward_1.8deg,317,115.4,33.0,True
south_edge_inward_1.8deg,318,115.4,33.9,True
south_edge_inward_1.8deg,319,115.4,34.8,True
south_edge_inward_1.8deg,320,115.4,35.7,True
south_edge_inward_1.8deg,321,115.4,36.6,True
south_edge_inward_1.8deg,322,115.4,37.5,True
south_edge_inward_1.8deg,323,115.4,38.4,True
south_edge_inward_1.8deg,324,115.4,39.3,True
south_edge_inward_1.8deg,325,115.4,40.2,True
south_edge_inward_1.8deg,326,115.4,41.1,True
south_edge_inward_1.8deg,327,115.4,42.0,True
south_edge_inward_1.8deg,328,116.2,23.1,True
south_edge_inward_1.8deg,329,116.2,24.0,True
south_edge_inward_1.8deg,330,116.2,24.9,True
south_edge_inward_1.8deg,331,116.2,25.8,True
south_edge_inward_1.8deg,332,116.2,26.7,True
south_edge_inward_1.8deg,333,116.2,27.6,True
south_edge_inward_1.8deg,334,116.2,28.5,True
south_edge_inward_1.8deg,335,116.2,29.4,True
south_edge_inward_1.8deg,336,116.2,30.3,True
south_edge_inward_1.8deg,337,116.2,31.2,True
south_edge_inward_1.8deg,338,116.2,32.1,True
south_edge_inward_1.8deg,339,116.2,33.0,True
south_edge_inward_1.8deg,340,116.2,33.9,True
south_edge_inward_1.8deg,341,116.2,34.8,True
south_edge_inward_1.8deg,342,116.2,35.7,True
south_edge_inward_1.8deg,343,116.2,36.6,True
south_edge_inward_1.8deg,344,116.2,37.5,True
south_edge_inward_1.8deg,345,116.2,38.4,True
south_edge_inward_1.8deg,346,116.2,39.3,True
south_edge_inward_1.8deg,347,116.2,40.2,True
south_edge_inward_1.8deg,348,116.2,41.1,True
south_edge_inward_1.8deg,349,116.2,42.0,True
south_edge_inward_1.8deg,350,117.0,24.0,True
south_edge_inward_1.8deg,351,117.0,24.9,True
south_edge_inward_1.8deg,352,117.0,25.8,True
south_edge_inward_1.8deg,353,117.0,26.7,True
south_edge_inward_1.8deg,354,117.0,27.6,True
south_edge_inward_1.8deg,355,117.0,28.5,True
south_edge_inward_1.8deg,356,117.0,29.4,True
south_edge_inward_1.8deg,357,117.0,30.3,True
south_edge_inward_1.8deg,358,117.0,31.2,True
south_edge_inward_1.8deg,359,117.0,32.1,True
south_edge_inward_1.8deg,360,117.0,33.0,True
south_edge_inward_1.8deg,361,117.0,33.9,True
south_edge_inward_1.8deg,362,117.0,34.8,True
south_edge_inward_1.8deg,363,117.0,35.7,True
south_edge_inward_1.8deg,364,117.0,36.6,True
south_edge_inward_1.8deg,365,117.0,37.5,True
south_edge_inward_1.8deg,366,117.0,38.4,True
south_edge_inward_1.8deg,367,117.0,39.3,True
south_edge_inward_1.8deg,368,117.0,40.2,True
south_edge_inward_1.8deg,369,117.0,41.1,True
south_edge_inward_1.8deg,370,117.0,42.0,True
south_edge_inward_1.8deg,371,117.8,24.9,True
south_edge_inward_1.8deg,372,117.8,25.8,True
south_edge_inward_1.8deg,373,117.8,26.7,True
south_edge_inward_1.8deg,374,117.8,27.6,True
south_edge_inward_1.8deg,375,117.8,28.5,True
south_edge_inward_1.8deg,376,117.8,29.4,True
south_edge_inward_1.8deg,377,117.8,30.3,True
south_edge_inward_1.8deg,378,117.8,31.2,True
south_edge_inward_1.8deg,379,117.8,32.1,True
south_edge_inward_1.8deg,380,117.8,33.0,True
south_edge_inward_1.8deg,381,117.8,33.9,True
south_edge_inward_1.8deg,382,117.8,34.8,True
south_edge_inward_1.8deg,383,117.8,35.7,True
south_edge_inward_1.8deg,384,117.8,36.6,True
south_edge_inward_1.8deg,385,117.8,37.5,True
south_edge_inward_1.8deg,386,117.8,39.3,True
south_edge_inward_1.8deg,387,117.8,40.2,True
south_edge_inward_1.8deg,388,117.8,41.1,True
south_edge_inward_1.8deg,389,117.8,42.0,True
south_edge_inward_1.8deg,390,118.6,24.9,True
south_edge_inward_1.8deg,391,118.6,25.8,True
south_edge_inward_1.8deg,392,118.6,26.7,True
south_edge_inward_1.8deg,393,118.6,27.6,True
south_edge_inward_1.8deg,394,118.6,28.5,True
south_edge_inward_1.8deg,395,118.6,29.4,True
south_edge_inward_1.8deg,396,118.6,30.3,True
south_edge_inward_1.8deg,397,118.6,31.2,True
south_edge_inward_1.8deg,398,118.6,32.1,True
south_edge_inward_1.8deg,399,118.6,33.0,True
south_edge_inward_1.8deg,400,118.6,33.9,True
south_edge_inward_1.8deg,401,118.6,34.8,True
south_edge_inward_1.8deg,402,118.6,35.7,True
south_edge_inward_1.8deg,403,118.6,36.6,True
south_edge_inward_1.8deg,404,118.6,37.5,True
south_edge_inward_1.8deg,405,118.6,39.3,True
south_edge_inward_1.8deg,406,118.6,40.2,True
south_edge_inward_1.8deg,407,118.6,41.1,True
south_edge_inward_1.8deg,408,118.6,42.0,True
south_edge_inward_1.8deg,409,119.4,25.8,True
south_edge_inward_1.8deg,410,119.4,26.7,True
south_edge_inward_1.8deg,411,119.4,27.6,True
south_edge_inward_1.8deg,412,119.4,28.5,True
south_edge_inward_1.8deg,413,119.4,29.4,True
south_edge_inward_1.8deg,414,119.4,30.3,True
south_edge_inward_1.8deg,415,119.4,31.2,True
south_edge_inward_1.8deg,416,119.4,32.1,True
south_edge_inward_1.8deg,417,119.4,33.0,True
south_edge_inward_1.8deg,418,119.4,33.9,True
south_edge_inward_1.8deg,419,119.4,35.7,True
south_edge_inward_1.8deg,420,119.4,36.6,True
south_edge_inward_1.8deg,421,119.4,40.2,True
south_edge_inward_1.8deg,422,119.4,41.1,True
south_edge_inward_1.8deg,423,119.4,42.0,True
south_edge_inward_1.8deg,424,120.2,23.1,True
south_edge_inward_1.8deg,425,120.2,27.6,True
south_edge_inward_1.8deg,426,120.2,28.5,True
south_edge_inward_1.8deg,427,120.2,29.4,True
south_edge_inward_1.8deg,428,120.2,30.3,True
south_edge_inward_1.8deg,429,120.2,31.2,True
south_edge_inward_1.8deg,430,120.2,32.1,True
south_edge_inward_1.8deg,431,120.2,33.0,True
south_edge_inward_1.8deg,432,120.2,33.9,True
south_edge_inward_1.8deg,433,120.2,36.6,True
south_edge_inward_1.8deg,434,120.2,37.5,True
south_edge_inward_1.8deg,435,120.2,40.2,True
south_edge_inward_1.8deg,436,120.2,41.1,True
south_edge_inward_1.8deg,437,120.2,42.0,True
south_edge_inward_1.8deg,438,121.0,23.1,True
south_edge_inward_1.8deg,439,121.0,24.0,True
south_edge_inward_1.8deg,440,121.0,28.5,True
south_edge_inward_1.8deg,441,121.0,29.4,True
south_edge_inward_1.8deg,442,121.0,31.2,True
south_edge_inward_1.8deg,443,121.0,32.1,True
south_edge_inward_1.8deg,444,121.0,37.5,True
south_edge_inward_1.8deg,445,121.0,41.1,True
south_edge_inward_1.8deg,446,121.0,42.0,True
south_edge_inward_1.8deg,447,121.8,24.9,True
south_edge_inward_1.8deg,448,121.8,29.4,True
south_edge_inward_1.8deg,449,121.8,31.2,True
south_edge_inward_1.8deg,450,121.8,39.3,True
south_edge_inward_1.8deg,451,121.8,41.1,True
south_edge_inward_1.8deg,452,121.8,42.0,True
south_edge_inward_1.8deg,453,122.6,40.2,True
south_edge_inward_1.8deg,454,122.6,41.1,True
south_edge_inward_1.8deg,455,122.6,42.0,True
south_edge_inward_1.8deg,456,123.4,40.2,True
south_edge_inward_1.8deg,457,123.4,41.1,True
south_edge_inward_1.8deg,458,123.4,42.0,True
south_edge_inward_1.8deg,459,124.2,40.2,True
south_edge_inward_1.8deg,460,124.2,41.1,True
south_edge_inward_1.8deg,461,124.2,42.0,True
south_edge_inward_1.8deg,462,125.0,38.4,True
south_edge_inward_1.8deg,463,125.0,40.2,True
south_edge_inward_1.8deg,464,125.0,41.1,True
south_edge_inward_1.8deg,465,125.0,42.0,True
north_edge_inward_0.9deg,1,105.0,20.4,True
north_edge_inward_0.9deg,2,105.0,21.3,True
north_edge_inward_0.9deg,3,105.0,22.2,True
north_edge_inward_0.9deg,4,105.0,23.1,True
north_edge_inward_0.9deg,5,105.0,24.0,True
north_edge_inward_0.9deg,6,105.0,24.9,True
north_edge_inward_0.9deg,7,105.0,25.8,True
north_edge_inward_0.9deg,8,105.0,26.7,True
north_edge_inward_0.9deg,9,105.0,27.6,True
north_edge_inward_0.9deg,10,105.0,28.5,True
north_edge_inward_0.9deg,11,105.0,29.4,True
north_edge_inward_0.9deg,12,105.0,30.3,True
north_edge_inward_0.9deg,13,105.0,31.2,True
north_edge_inward_0.9deg,14,105.0,32.1,True
north_edge_inward_0.9deg,15,105.0,33.0,True
north_edge_inward_0.9deg,16,105.0,33.9,True
north_edge_inward_0.9deg,17,105.0,34.8,True
north_edge_inward_0.9deg,18,105.0,35.7,True
north_edge_inward_0.9deg,19,105.0,36.6,True
north_edge_inward_0.9deg,20,105.0,37.5,True
north_edge_inward_0.9deg,21,105.0,38.4,True
north_edge_inward_0.9deg,22,105.0,39.3,True
north_edge_inward_0.9deg,23,105.0,40.2,True
north_edge_inward_0.9deg,24,105.0,41.1,True
north_edge_inward_0.9deg,25,105.0,42.0,False
north_edge_inward_0.9deg,26,105.8,20.4,True
north_edge_inward_0.9deg,27,105.8,21.3,True
north_edge_inward_0.9deg,28,105.8,22.2,True
north_edge_inward_0.9deg,29,105.8,23.1,True
north_edge_inward_0.9deg,30,105.8,24.0,True
north_edge_inward_0.9deg,31,105.8,24.9,True
north_edge_inward_0.9deg,32,105.8,25.8,True
north_edge_inward_0.9deg,33,105.8,26.7,True
north_edge_inward_0.9deg,34,105.8,27.6,True
north_edge_inward_0.9deg,35,105.8,28.5,True
north_edge_inward_0.9deg,36,105.8,29.4,True
north_edge_inward_0.9deg,37,105.8,30.3,True
north_edge_inward_0.9deg,38,105.8,31.2,True
north_edge_inward_0.9deg,39,105.8,32.1,True
north_edge_inward_0.9deg,40,105.8,33.0,True
north_edge_inward_0.9deg,41,105.8,33.9,True
north_edge_inward_0.9deg,42,105.8,34.8,True
north_edge_inward_0.9deg,43,105.8,35.7,True
north_edge_inward_0.9deg,44,105.8,36.6,True
north_edge_inward_0.9deg,45,105.8,37.5,True
north_edge_inward_0.9deg,46,105.8,38.4,True
north_edge_inward_0.9deg,47,105.8,39.3,True
north_edge_inward_0.9deg,48,105.8,40.2,True
north_edge_inward_0.9deg,49,105.8,41.1,True
north_edge_inward_0.9deg,50,105.8,42.0,False
north_edge_inward_0.9deg,51,106.6,20.4,True
north_edge_inward_0.9deg,52,106.6,21.3,True
north_edge_inward_0.9deg,53,106.6,22.2,True
north_edge_inward_0.9deg,54,106.6,23.1,True
north_edge_inward_0.9deg,55,106.6,24.0,True
north_edge_inward_0.9deg,56,106.6,24.9,True
north_edge_inward_0.9deg,57,106.6,25.8,True
north_edge_inward_0.9deg,58,106.6,26.7,True
north_edge_inward_0.9deg,59,106.6,27.6,True
north_edge_inward_0.9deg,60,106.6,28.5,True
north_edge_inward_0.9deg,61,106.6,29.4,True
north_edge_inward_0.9deg,62,106.6,30.3,True
north_edge_inward_0.9deg,63,106.6,31.2,True
north_edge_inward_0.9deg,64,106.6,32.1,True
north_edge_inward_0.9deg,65,106.6,33.0,True
north_edge_inward_0.9deg,66,106.6,33.9,True
north_edge_inward_0.9deg,67,106.6,34.8,True
north_edge_inward_0.9deg,68,106.6,35.7,True
north_edge_inward_0.9deg,69,106.6,36.6,True
north_edge_inward_0.9deg,70,106.6,37.5,True
north_edge_inward_0.9deg,71,106.6,38.4,True
north_edge_inward_0.9deg,72,106.6,39.3,True
north_edge_inward_0.9deg,73,106.6,40.2,True
north_edge_inward_0.9deg,74,106.6,41.1,True
north_edge_inward_0.9deg,75,106.6,42.0,False
north_edge_inward_0.9deg,76,107.4,22.2,True
north_edge_inward_0.9deg,77,107.4,23.1,True
north_edge_inward_0.9deg,78,107.4,24.0,True
north_edge_inward_0.9deg,79,107.4,24.9,True
north_edge_inward_0.9deg,80,107.4,25.8,True
north_edge_inward_0.9deg,81,107.4,26.7,True
north_edge_inward_0.9deg,82,107.4,27.6,True
north_edge_inward_0.9deg,83,107.4,28.5,True
north_edge_inward_0.9deg,84,107.4,29.4,True
north_edge_inward_0.9deg,85,107.4,30.3,True
north_edge_inward_0.9deg,86,107.4,31.2,True
north_edge_inward_0.9deg,87,107.4,32.1,True
north_edge_inward_0.9deg,88,107.4,33.0,True
north_edge_inward_0.9deg,89,107.4,33.9,True
north_edge_inward_0.9deg,90,107.4,34.8,True
north_edge_inward_0.9deg,91,107.4,35.7,True
north_edge_inward_0.9deg,92,107.4,36.6,True
north_edge_inward_0.9deg,93,107.4,37.5,True
north_edge_inward_0.9deg,94,107.4,38.4,True
north_edge_inward_0.9deg,95,107.4,39.3,True
north_edge_inward_0.9deg,96,107.4,40.2,True
north_edge_inward_0.9deg,97,107.4,41.1,True
north_edge_inward_0.9deg,98,107.4,42.0,False
north_edge_inward_0.9deg,99,108.2,22.2,True
north_edge_inward_0.9deg,100,108.2,23.1,True
north_edge_inward_0.9deg,101,108.2,24.0,True
north_edge_inward_0.9deg,102,108.2,24.9,True
north_edge_inward_0.9deg,103,108.2,25.8,True
north_edge_inward_0.9deg,104,108.2,26.7,True
north_edge_inward_0.9deg,105,108.2,27.6,True
north_edge_inward_0.9deg,106,108.2,28.5,True
north_edge_inward_0.9deg,107,108.2,29.4,True
north_edge_inward_0.9deg,108,108.2,30.3,True
north_edge_inward_0.9deg,109,108.2,31.2,True
north_edge_inward_0.9deg,110,108.2,32.1,True
north_edge_inward_0.9deg,111,108.2,33.0,True
north_edge_inward_0.9deg,112,108.2,33.9,True
north_edge_inward_0.9deg,113,108.2,34.8,True
north_edge_inward_0.9deg,114,108.2,35.7,True
north_edge_inward_0.9deg,115,108.2,36.6,True
north_edge_inward_0.9deg,116,108.2,37.5,True
north_edge_inward_0.9deg,117,108.2,38.4,True
north_edge_inward_0.9deg,118,108.2,39.3,True
north_edge_inward_0.9deg,119,108.2,40.2,True
north_edge_inward_0.9deg,120,108.2,41.1,True
north_edge_inward_0.9deg,121,108.2,42.0,False
north_edge_inward_0.9deg,122,109.0,22.2,True
north_edge_inward_0.9deg,123,109.0,23.1,True
north_edge_inward_0.9deg,124,109.0,24.0,True
north_edge_inward_0.9deg,125,109.0,24.9,True
north_edge_inward_0.9deg,126,109.0,25.8,True
north_edge_inward_0.9deg,127,109.0,26.7,True
north_edge_inward_0.9deg,128,109.0,27.6,True
north_edge_inward_0.9deg,129,109.0,28.5,True
north_edge_inward_0.9deg,130,109.0,29.4,True
north_edge_inward_0.9deg,131,109.0,30.3,True
north_edge_inward_0.9deg,132,109.0,31.2,True
north_edge_inward_0.9deg,133,109.0,32.1,True
north_edge_inward_0.9deg,134,109.0,33.0,True
north_edge_inward_0.9deg,135,109.0,33.9,True
north_edge_inward_0.9deg,136,109.0,34.8,True
north_edge_inward_0.9deg,137,109.0,35.7,True
north_edge_inward_0.9deg,138,109.0,36.6,True
north_edge_inward_0.9deg,139,109.0,37.5,True
north_edge_inward_0.9deg,140,109.0,38.4,True
north_edge_inward_0.9deg,141,109.0,39.3,True
north_edge_inward_0.9deg,142,109.0,40.2,True
north_edge_inward_0.9deg,143,109.0,41.1,True
north_edge_inward_0.9deg,144,109.0,42.0,False
north_edge_inward_0.9deg,145,109.8,21.3,True
north_edge_inward_0.9deg,146,109.8,22.2,True
north_edge_inward_0.9deg,147,109.8,23.1,True
north_edge_inward_0.9deg,148,109.8,24.0,True
north_edge_inward_0.9deg,149,109.8,24.9,True
north_edge_inward_0.9deg,150,109.8,25.8,True
north_edge_inward_0.9deg,151,109.8,26.7,True
north_edge_inward_0.9deg,152,109.8,27.6,True
north_edge_inward_0.9deg,153,109.8,28.5,True
north_edge_inward_0.9deg,154,109.8,29.4,True
north_edge_inward_0.9deg,155,109.8,30.3,True
north_edge_inward_0.9deg,156,109.8,31.2,True
north_edge_inward_0.9deg,157,109.8,32.1,True
north_edge_inward_0.9deg,158,109.8,33.0,True
north_edge_inward_0.9deg,159,109.8,33.9,True
north_edge_inward_0.9deg,160,109.8,34.8,True
north_edge_inward_0.9deg,161,109.8,35.7,True
north_edge_inward_0.9deg,162,109.8,36.6,True
north_edge_inward_0.9deg,163,109.8,37.5,True
north_edge_inward_0.9deg,164,109.8,38.4,True
north_edge_inward_0.9deg,165,109.8,39.3,True
north_edge_inward_0.9deg,166,109.8,40.2,True
north_edge_inward_0.9deg,167,109.8,41.1,True
north_edge_inward_0.9deg,168,109.8,42.0,False
north_edge_inward_0.9deg,169,110.6,21.3,True
north_edge_inward_0.9deg,170,110.6,22.2,True
north_edge_inward_0.9deg,171,110.6,23.1,True
north_edge_inward_0.9deg,172,110.6,24.0,True
north_edge_inward_0.9deg,173,110.6,24.9,True
north_edge_inward_0.9deg,174,110.6,25.8,True
north_edge_inward_0.9deg,175,110.6,26.7,True
north_edge_inward_0.9deg,176,110.6,27.6,True
north_edge_inward_0.9deg,177,110.6,28.5,True
north_edge_inward_0.9deg,178,110.6,29.4,True
north_edge_inward_0.9deg,179,110.6,30.3,True
north_edge_inward_0.9deg,180,110.6,31.2,True
north_edge_inward_0.9deg,181,110.6,32.1,True
north_edge_inward_0.9deg,182,110.6,33.0,True
north_edge_inward_0.9deg,183,110.6,33.9,True
north_edge_inward_0.9deg,184,110.6,34.8,True
north_edge_inward_0.9deg,185,110.6,35.7,True
north_edge_inward_0.9deg,186,110.6,36.6,True
north_edge_inward_0.9deg,187,110.6,37.5,True
north_edge_inward_0.9deg,188,110.6,38.4,True
north_edge_inward_0.9deg,189,110.6,39.3,True
north_edge_inward_0.9deg,190,110.6,40.2,True
north_edge_inward_0.9deg,191,110.6,41.1,True
north_edge_inward_0.9deg,192,110.6,42.0,False
north_edge_inward_0.9deg,193,111.4,22.2,True
north_edge_inward_0.9deg,194,111.4,23.1,True
north_edge_inward_0.9deg,195,111.4,24.0,True
north_edge_inward_0.9deg,196,111.4,24.9,True
north_edge_inward_0.9deg,197,111.4,25.8,True
north_edge_inward_0.9deg,198,111.4,26.7,True
north_edge_inward_0.9deg,199,111.4,27.6,True
north_edge_inward_0.9deg,200,111.4,28.5,True
north_edge_inward_0.9deg,201,111.4,29.4,True
north_edge_inward_0.9deg,202,111.4,30.3,True
north_edge_inward_0.9deg,203,111.4,31.2,True
north_edge_inward_0.9deg,204,111.4,32.1,True
north_edge_inward_0.9deg,205,111.4,33.0,True
north_edge_inward_0.9deg,206,111.4,33.9,True
north_edge_inward_0.9deg,207,111.4,34.8,True
north_edge_inward_0.9deg,208,111.4,35.7,True
north_edge_inward_0.9deg,209,111.4,36.6,True
north_edge_inward_0.9deg,210,111.4,37.5,True
north_edge_inward_0.9deg,211,111.4,38.4,True
north_edge_inward_0.9deg,212,111.4,39.3,True
north_edge_inward_0.9deg,213,111.4,40.2,True
north_edge_inward_0.9deg,214,111.4,41.1,True
north_edge_inward_0.9deg,215,111.4,42.0,False
north_edge_inward_0.9deg,216,112.2,22.2,True
north_edge_inward_0.9deg,217,112.2,23.1,True
north_edge_inward_0.9deg,218,112.2,24.0,True
north_edge_inward_0.9deg,219,112.2,24.9,True
north_edge_inward_0.9deg,220,112.2,25.8,True
north_edge_inward_0.9deg,221,112.2,26.7,True
north_edge_inward_0.9deg,222,112.2,27.6,True
north_edge_inward_0.9deg,223,112.2,28.5,True
north_edge_inward_0.9deg,224,112.2,29.4,True
north_edge_inward_0.9deg,225,112.2,30.3,True
north_edge_inward_0.9deg,226,112.2,31.2,True
north_edge_inward_0.9deg,227,112.2,32.1,True
north_edge_inward_0.9deg,228,112.2,33.0,True
north_edge_inward_0.9deg,229,112.2,33.9,True
north_edge_inward_0.9deg,230,112.2,34.8,True
north_edge_inward_0.9deg,231,112.2,35.7,True
north_edge_inward_0.9deg,232,112.2,36.6,True
north_edge_inward_0.9deg,233,112.2,37.5,True
north_edge_inward_0.9deg,234,112.2,38.4,True
north_edge_inward_0.9deg,235,112.2,39.3,True
north_edge_inward_0.9deg,236,112.2,40.2,True
north_edge_inward_0.9deg,237,112.2,41.1,True
north_edge_inward_0.9deg,238,112.2,42.0,False
north_edge_inward_0.9deg,239,113.0,22.2,True
north_edge_inward_0.9deg,240,113.0,23.1,True
north_edge_inward_0.9deg,241,113.0,24.0,True
north_edge_inward_0.9deg,242,113.0,24.9,True
north_edge_inward_0.9deg,243,113.0,25.8,True
north_edge_inward_0.9deg,244,113.0,26.7,True
north_edge_inward_0.9deg,245,113.0,27.6,True
north_edge_inward_0.9deg,246,113.0,28.5,True
north_edge_inward_0.9deg,247,113.0,29.4,True
north_edge_inward_0.9deg,248,113.0,30.3,True
north_edge_inward_0.9deg,249,113.0,31.2,True
north_edge_inward_0.9deg,250,113.0,32.1,True
north_edge_inward_0.9deg,251,113.0,33.0,True
north_edge_inward_0.9deg,252,113.0,33.9,True
north_edge_inward_0.9deg,253,113.0,34.8,True
north_edge_inward_0.9deg,254,113.0,35.7,True
north_edge_inward_0.9deg,255,113.0,36.6,True
north_edge_inward_0.9deg,256,113.0,37.5,True
north_edge_inward_0.9deg,257,113.0,38.4,True
north_edge_inward_0.9deg,258,113.0,39.3,True
north_edge_inward_0.9deg,259,113.0,40.2,True
north_edge_inward_0.9deg,260,113.0,41.1,True
north_edge_inward_0.9deg,261,113.0,42.0,False
north_edge_inward_0.9deg,262,113.8,23.1,True
north_edge_inward_0.9deg,263,113.8,24.0,True
north_edge_inward_0.9deg,264,113.8,24.9,True
north_edge_inward_0.9deg,265,113.8,25.8,True
north_edge_inward_0.9deg,266,113.8,26.7,True
north_edge_inward_0.9deg,267,113.8,27.6,True
north_edge_inward_0.9deg,268,113.8,28.5,True
north_edge_inward_0.9deg,269,113.8,29.4,True
north_edge_inward_0.9deg,270,113.8,30.3,True
north_edge_inward_0.9deg,271,113.8,31.2,True
north_edge_inward_0.9deg,272,113.8,32.1,True
north_edge_inward_0.9deg,273,113.8,33.0,True
north_edge_inward_0.9deg,274,113.8,33.9,True
north_edge_inward_0.9deg,275,113.8,34.8,True
north_edge_inward_0.9deg,276,113.8,35.7,True
north_edge_inward_0.9deg,277,113.8,36.6,True
north_edge_inward_0.9deg,278,113.8,37.5,True
north_edge_inward_0.9deg,279,113.8,38.4,True
north_edge_inward_0.9deg,280,113.8,39.3,True
north_edge_inward_0.9deg,281,113.8,40.2,True
north_edge_inward_0.9deg,282,113.8,41.1,True
north_edge_inward_0.9deg,283,113.8,42.0,False
north_edge_inward_0.9deg,284,114.6,23.1,True
north_edge_inward_0.9deg,285,114.6,24.0,True
north_edge_inward_0.9deg,286,114.6,24.9,True
north_edge_inward_0.9deg,287,114.6,25.8,True
north_edge_inward_0.9deg,288,114.6,26.7,True
north_edge_inward_0.9deg,289,114.6,27.6,True
north_edge_inward_0.9deg,290,114.6,28.5,True
north_edge_inward_0.9deg,291,114.6,29.4,True
north_edge_inward_0.9deg,292,114.6,30.3,True
north_edge_inward_0.9deg,293,114.6,31.2,True
north_edge_inward_0.9deg,294,114.6,32.1,True
north_edge_inward_0.9deg,295,114.6,33.0,True
north_edge_inward_0.9deg,296,114.6,33.9,True
north_edge_inward_0.9deg,297,114.6,34.8,True
north_edge_inward_0.9deg,298,114.6,35.7,True
north_edge_inward_0.9deg,299,114.6,36.6,True
north_edge_inward_0.9deg,300,114.6,37.5,True
north_edge_inward_0.9deg,301,114.6,38.4,True
north_edge_inward_0.9deg,302,114.6,39.3,True
north_edge_inward_0.9deg,303,114.6,40.2,True
north_edge_inward_0.9deg,304,114.6,41.1,True
north_edge_inward_0.9deg,305,114.6,42.0,False
north_edge_inward_0.9deg,306,115.4,23.1,True
north_edge_inward_0.9deg,307,115.4,24.0,True
north_edge_inward_0.9deg,308,115.4,24.9,True
north_edge_inward_0.9deg,309,115.4,25.8,True
north_edge_inward_0.9deg,310,115.4,26.7,True
north_edge_inward_0.9deg,311,115.4,27.6,True
north_edge_inward_0.9deg,312,115.4,28.5,True
north_edge_inward_0.9deg,313,115.4,29.4,True
north_edge_inward_0.9deg,314,115.4,30.3,True
north_edge_inward_0.9deg,315,115.4,31.2,True
north_edge_inward_0.9deg,316,115.4,32.1,True
north_edge_inward_0.9deg,317,115.4,33.0,True
north_edge_inward_0.9deg,318,115.4,33.9,True
north_edge_inward_0.9deg,319,115.4,34.8,True
north_edge_inward_0.9deg,320,115.4,35.7,True
north_edge_inward_0.9deg,321,115.4,36.6,True
north_edge_inward_0.9deg,322,115.4,37.5,True
north_edge_inward_0.9deg,323,115.4,38.4,True
north_edge_inward_0.9deg,324,115.4,39.3,True
north_edge_inward_0.9deg,325,115.4,40.2,True
north_edge_inward_0.9deg,326,115.4,41.1,True
north_edge_inward_0.9deg,327,115.4,42.0,False
north_edge_inward_0.9deg,328,116.2,23.1,True
north_edge_inward_0.9deg,329,116.2,24.0,True
north_edge_inward_0.9deg,330,116.2,24.9,True
north_edge_inward_0.9deg,331,116.2,25.8,True
north_edge_inward_0.9deg,332,116.2,26.7,True
north_edge_inward_0.9deg,333,116.2,27.6,True
north_edge_inward_0.9deg,334,116.2,28.5,True
north_edge_inward_0.9deg,335,116.2,29.4,True
north_edge_inward_0.9deg,336,116.2,30.3,True
north_edge_inward_0.9deg,337,116.2,31.2,True
north_edge_inward_0.9deg,338,116.2,32.1,True
north_edge_inward_0.9deg,339,116.2,33.0,True
north_edge_inward_0.9deg,340,116.2,33.9,True
north_edge_inward_0.9deg,341,116.2,34.8,True
north_edge_inward_0.9deg,342,116.2,35.7,True
north_edge_inward_0.9deg,343,116.2,36.6,True
north_edge_inward_0.9deg,344,116.2,37.5,True
north_edge_inward_0.9deg,345,116.2,38.4,True
north_edge_inward_0.9deg,346,116.2,39.3,True
north_edge_inward_0.9deg,347,116.2,40.2,True
north_edge_inward_0.9deg,348,116.2,41.1,True
north_edge_inward_0.9deg,349,116.2,42.0,False
north_edge_inward_0.9deg,350,117.0,24.0,True
north_edge_inward_0.9deg,351,117.0,24.9,True
north_edge_inward_0.9deg,352,117.0,25.8,True
north_edge_inward_0.9deg,353,117.0,26.7,True
north_edge_inward_0.9deg,354,117.0,27.6,True
north_edge_inward_0.9deg,355,117.0,28.5,True
north_edge_inward_0.9deg,356,117.0,29.4,True
north_edge_inward_0.9deg,357,117.0,30.3,True
north_edge_inward_0.9deg,358,117.0,31.2,True
north_edge_inward_0.9deg,359,117.0,32.1,True
north_edge_inward_0.9deg,360,117.0,33.0,True
north_edge_inward_0.9deg,361,117.0,33.9,True
north_edge_inward_0.9deg,362,117.0,34.8,True
north_edge_inward_0.9deg,363,117.0,35.7,True
north_edge_inward_0.9deg,364,117.0,36.6,True
north_edge_inward_0.9deg,365,117.0,37.5,True
north_edge_inward_0.9deg,366,117.0,38.4,True
north_edge_inward_0.9deg,367,117.0,39.3,True
north_edge_inward_0.9deg,368,117.0,40.2,True
north_edge_inward_0.9deg,369,117.0,41.1,True
north_edge_inward_0.9deg,370,117.0,42.0,False
north_edge_inward_0.9deg,371,117.8,24.9,True
north_edge_inward_0.9deg,372,117.8,25.8,True
north_edge_inward_0.9deg,373,117.8,26.7,True
north_edge_inward_0.9deg,374,117.8,27.6,True
north_edge_inward_0.9deg,375,117.8,28.5,True
north_edge_inward_0.9deg,376,117.8,29.4,True
north_edge_inward_0.9deg,377,117.8,30.3,True
north_edge_inward_0.9deg,378,117.8,31.2,True
north_edge_inward_0.9deg,379,117.8,32.1,True
north_edge_inward_0.9deg,380,117.8,33.0,True
north_edge_inward_0.9deg,381,117.8,33.9,True
north_edge_inward_0.9deg,382,117.8,34.8,True
north_edge_inward_0.9deg,383,117.8,35.7,True
north_edge_inward_0.9deg,384,117.8,36.6,True
north_edge_inward_0.9deg,385,117.8,37.5,True
north_edge_inward_0.9deg,386,117.8,39.3,True
north_edge_inward_0.9deg,387,117.8,40.2,True
north_edge_inward_0.9deg,388,117.8,41.1,True
north_edge_inward_0.9deg,389,117.8,42.0,False
north_edge_inward_0.9deg,390,118.6,24.9,True
north_edge_inward_0.9deg,391,118.6,25.8,True
north_edge_inward_0.9deg,392,118.6,26.7,True
north_edge_inward_0.9deg,393,118.6,27.6,True
north_edge_inward_0.9deg,394,118.6,28.5,True
north_edge_inward_0.9deg,395,118.6,29.4,True
north_edge_inward_0.9deg,396,118.6,30.3,True
north_edge_inward_0.9deg,397,118.6,31.2,True
north_edge_inward_0.9deg,398,118.6,32.1,True
north_edge_inward_0.9deg,399,118.6,33.0,True
north_edge_inward_0.9deg,400,118.6,33.9,True
north_edge_inward_0.9deg,401,118.6,34.8,True
north_edge_inward_0.9deg,402,118.6,35.7,True
north_edge_inward_0.9deg,403,118.6,36.6,True
north_edge_inward_0.9deg,404,118.6,37.5,True
north_edge_inward_0.9deg,405,118.6,39.3,True
north_edge_inward_0.9deg,406,118.6,40.2,True
north_edge_inward_0.9deg,407,118.6,41.1,True
north_edge_inward_0.9deg,408,118.6,42.0,False
north_edge_inward_0.9deg,409,119.4,25.8,True
north_edge_inward_0.9deg,410,119.4,26.7,True
north_edge_inward_0.9deg,411,119.4,27.6,True
north_edge_inward_0.9deg,412,119.4,28.5,True
north_edge_inward_0.9deg,413,119.4,29.4,True
north_edge_inward_0.9deg,414,119.4,30.3,True
north_edge_inward_0.9deg,415,119.4,31.2,True
north_edge_inward_0.9deg,416,119.4,32.1,True
north_edge_inward_0.9deg,417,119.4,33.0,True
north_edge_inward_0.9deg,418,119.4,33.9,True
north_edge_inward_0.9deg,419,119.4,35.7,True
north_edge_inward_0.9deg,420,119.4,36.6,True
north_edge_inward_0.9deg,421,119.4,40.2,True
north_edge_inward_0.9deg,422,119.4,41.1,True
north_edge_inward_0.9deg,423,119.4,42.0,False
north_edge_inward_0.9deg,424,120.2,23.1,True
north_edge_inward_0.9deg,425,120.2,27.6,True
north_edge_inward_0.9deg,426,120.2,28.5,True
north_edge_inward_0.9deg,427,120.2,29.4,True
north_edge_inward_0.9deg,428,120.2,30.3,True
north_edge_inward_0.9deg,429,120.2,31.2,True
north_edge_inward_0.9deg,430,120.2,32.1,True
north_edge_inward_0.9deg,431,120.2,33.0,True
north_edge_inward_0.9deg,432,120.2,33.9,True
north_edge_inward_0.9deg,433,120.2,36.6,True
north_edge_inward_0.9deg,434,120.2,37.5,True
north_edge_inward_0.9deg,435,120.2,40.2,True
north_edge_inward_0.9deg,436,120.2,41.1,True
north_edge_inward_0.9deg,437,120.2,42.0,False
north_edge_inward_0.9deg,438,121.0,23.1,True
north_edge_inward_0.9deg,439,121.0,24.0,True
north_edge_inward_0.9deg,440,121.0,28.5,True
north_edge_inward_0.9deg,441,121.0,29.4,True
north_edge_inward_0.9deg,442,121.0,31.2,True
north_edge_inward_0.9deg,443,121.0,32.1,True
north_edge_inward_0.9deg,444,121.0,37.5,True
north_edge_inward_0.9deg,445,121.0,41.1,True
north_edge_inward_0.9deg,446,121.0,42.0,False
north_edge_inward_0.9deg,447,121.8,24.9,True
north_edge_inward_0.9deg,448,121.8,29.4,True
north_edge_inward_0.9deg,449,121.8,31.2,True
north_edge_inward_0.9deg,450,121.8,39.3,True
north_edge_inward_0.9deg,451,121.8,41.1,True
north_edge_inward_0.9deg,452,121.8,42.0,False
north_edge_inward_0.9deg,453,122.6,40.2,True
north_edge_inward_0.9deg,454,122.6,41.1,True
north_edge_inward_0.9deg,455,122.6,42.0,False
north_edge_inward_0.9deg,456,123.4,40.2,True
north_edge_inward_0.9deg,457,123.4,41.1,True
north_edge_inward_0.9deg,458,123.4,42.0,False
north_edge_inward_0.9deg,459,124.2,40.2,True
north_edge_inward_0.9deg,460,124.2,41.1,True
north_edge_inward_0.9deg,461,124.2,42.0,False
north_edge_inward_0.9deg,462,125.0,38.4,True
north_edge_inward_0.9deg,463,125.0,40.2,True
north_edge_inward_0.9deg,464,125.0,41.1,True
north_edge_inward_0.9deg,465,125.0,42.0,False
north_edge_inward_1.8deg,1,105.0,20.4,True
north_edge_inward_1.8deg,2,105.0,21.3,True
north_edge_inward_1.8deg,3,105.0,22.2,True
north_edge_inward_1.8deg,4,105.0,23.1,True
north_edge_inward_1.8deg,5,105.0,24.0,True
north_edge_inward_1.8deg,6,105.0,24.9,True
north_edge_inward_1.8deg,7,105.0,25.8,True
north_edge_inward_1.8deg,8,105.0,26.7,True
north_edge_inward_1.8deg,9,105.0,27.6,True
north_edge_inward_1.8deg,10,105.0,28.5,True
north_edge_inward_1.8deg,11,105.0,29.4,True
north_edge_inward_1.8deg,12,105.0,30.3,True
north_edge_inward_1.8deg,13,105.0,31.2,True
north_edge_inward_1.8deg,14,105.0,32.1,True
north_edge_inward_1.8deg,15,105.0,33.0,True
north_edge_inward_1.8deg,16,105.0,33.9,True
north_edge_inward_1.8deg,17,105.0,34.8,True
north_edge_inward_1.8deg,18,105.0,35.7,True
north_edge_inward_1.8deg,19,105.0,36.6,True
north_edge_inward_1.8deg,20,105.0,37.5,True
north_edge_inward_1.8deg,21,105.0,38.4,True
north_edge_inward_1.8deg,22,105.0,39.3,True
north_edge_inward_1.8deg,23,105.0,40.2,True
north_edge_inward_1.8deg,24,105.0,41.1,False
north_edge_inward_1.8deg,25,105.0,42.0,False
north_edge_inward_1.8deg,26,105.8,20.4,True
north_edge_inward_1.8deg,27,105.8,21.3,True
north_edge_inward_1.8deg,28,105.8,22.2,True
north_edge_inward_1.8deg,29,105.8,23.1,True
north_edge_inward_1.8deg,30,105.8,24.0,True
north_edge_inward_1.8deg,31,105.8,24.9,True
north_edge_inward_1.8deg,32,105.8,25.8,True
north_edge_inward_1.8deg,33,105.8,26.7,True
north_edge_inward_1.8deg,34,105.8,27.6,True
north_edge_inward_1.8deg,35,105.8,28.5,True
north_edge_inward_1.8deg,36,105.8,29.4,True
north_edge_inward_1.8deg,37,105.8,30.3,True
north_edge_inward_1.8deg,38,105.8,31.2,True
north_edge_inward_1.8deg,39,105.8,32.1,True
north_edge_inward_1.8deg,40,105.8,33.0,True
north_edge_inward_1.8deg,41,105.8,33.9,True
north_edge_inward_1.8deg,42,105.8,34.8,True
north_edge_inward_1.8deg,43,105.8,35.7,True
north_edge_inward_1.8deg,44,105.8,36.6,True
north_edge_inward_1.8deg,45,105.8,37.5,True
north_edge_inward_1.8deg,46,105.8,38.4,True
north_edge_inward_1.8deg,47,105.8,39.3,True
north_edge_inward_1.8deg,48,105.8,40.2,True
north_edge_inward_1.8deg,49,105.8,41.1,False
north_edge_inward_1.8deg,50,105.8,42.0,False
north_edge_inward_1.8deg,51,106.6,20.4,True
north_edge_inward_1.8deg,52,106.6,21.3,True
north_edge_inward_1.8deg,53,106.6,22.2,True
north_edge_inward_1.8deg,54,106.6,23.1,True
north_edge_inward_1.8deg,55,106.6,24.0,True
north_edge_inward_1.8deg,56,106.6,24.9,True
north_edge_inward_1.8deg,57,106.6,25.8,True
north_edge_inward_1.8deg,58,106.6,26.7,True
north_edge_inward_1.8deg,59,106.6,27.6,True
north_edge_inward_1.8deg,60,106.6,28.5,True
north_edge_inward_1.8deg,61,106.6,29.4,True
north_edge_inward_1.8deg,62,106.6,30.3,True
north_edge_inward_1.8deg,63,106.6,31.2,True
north_edge_inward_1.8deg,64,106.6,32.1,True
north_edge_inward_1.8deg,65,106.6,33.0,True
north_edge_inward_1.8deg,66,106.6,33.9,True
north_edge_inward_1.8deg,67,106.6,34.8,True
north_edge_inward_1.8deg,68,106.6,35.7,True
north_edge_inward_1.8deg,69,106.6,36.6,True
north_edge_inward_1.8deg,70,106.6,37.5,True
north_edge_inward_1.8deg,71,106.6,38.4,True
north_edge_inward_1.8deg,72,106.6,39.3,True
north_edge_inward_1.8deg,73,106.6,40.2,True
north_edge_inward_1.8deg,74,106.6,41.1,False
north_edge_inward_1.8deg,75,106.6,42.0,False
north_edge_inward_1.8deg,76,107.4,22.2,True
north_edge_inward_1.8deg,77,107.4,23.1,True
north_edge_inward_1.8deg,78,107.4,24.0,True
north_edge_inward_1.8deg,79,107.4,24.9,True
north_edge_inward_1.8deg,80,107.4,25.8,True
north_edge_inward_1.8deg,81,107.4,26.7,True
north_edge_inward_1.8deg,82,107.4,27.6,True
north_edge_inward_1.8deg,83,107.4,28.5,True
north_edge_inward_1.8deg,84,107.4,29.4,True
north_edge_inward_1.8deg,85,107.4,30.3,True
north_edge_inward_1.8deg,86,107.4,31.2,True
north_edge_inward_1.8deg,87,107.4,32.1,True
north_edge_inward_1.8deg,88,107.4,33.0,True
north_edge_inward_1.8deg,89,107.4,33.9,True
north_edge_inward_1.8deg,90,107.4,34.8,True
north_edge_inward_1.8deg,91,107.4,35.7,True
north_edge_inward_1.8deg,92,107.4,36.6,True
north_edge_inward_1.8deg,93,107.4,37.5,True
north_edge_inward_1.8deg,94,107.4,38.4,True
north_edge_inward_1.8deg,95,107.4,39.3,True
north_edge_inward_1.8deg,96,107.4,40.2,True
north_edge_inward_1.8deg,97,107.4,41.1,False
north_edge_inward_1.8deg,98,107.4,42.0,False
north_edge_inward_1.8deg,99,108.2,22.2,True
north_edge_inward_1.8deg,100,108.2,23.1,True
north_edge_inward_1.8deg,101,108.2,24.0,True
north_edge_inward_1.8deg,102,108.2,24.9,True
north_edge_inward_1.8deg,103,108.2,25.8,True
north_edge_inward_1.8deg,104,108.2,26.7,True
north_edge_inward_1.8deg,105,108.2,27.6,True
north_edge_inward_1.8deg,106,108.2,28.5,True
north_edge_inward_1.8deg,107,108.2,29.4,True
north_edge_inward_1.8deg,108,108.2,30.3,True
north_edge_inward_1.8deg,109,108.2,31.2,True
north_edge_inward_1.8deg,110,108.2,32.1,True
north_edge_inward_1.8deg,111,108.2,33.0,True
north_edge_inward_1.8deg,112,108.2,33.9,True
north_edge_inward_1.8deg,113,108.2,34.8,True
north_edge_inward_1.8deg,114,108.2,35.7,True
north_edge_inward_1.8deg,115,108.2,36.6,True
north_edge_inward_1.8deg,116,108.2,37.5,True
north_edge_inward_1.8deg,117,108.2,38.4,True
north_edge_inward_1.8deg,118,108.2,39.3,True
north_edge_inward_1.8deg,119,108.2,40.2,True
north_edge_inward_1.8deg,120,108.2,41.1,False
north_edge_inward_1.8deg,121,108.2,42.0,False
north_edge_inward_1.8deg,122,109.0,22.2,True
north_edge_inward_1.8deg,123,109.0,23.1,True
north_edge_inward_1.8deg,124,109.0,24.0,True
north_edge_inward_1.8deg,125,109.0,24.9,True
north_edge_inward_1.8deg,126,109.0,25.8,True
north_edge_inward_1.8deg,127,109.0,26.7,True
north_edge_inward_1.8deg,128,109.0,27.6,True
north_edge_inward_1.8deg,129,109.0,28.5,True
north_edge_inward_1.8deg,130,109.0,29.4,True
north_edge_inward_1.8deg,131,109.0,30.3,True
north_edge_inward_1.8deg,132,109.0,31.2,True
north_edge_inward_1.8deg,133,109.0,32.1,True
north_edge_inward_1.8deg,134,109.0,33.0,True
north_edge_inward_1.8deg,135,109.0,33.9,True
north_edge_inward_1.8deg,136,109.0,34.8,True
north_edge_inward_1.8deg,137,109.0,35.7,True
north_edge_inward_1.8deg,138,109.0,36.6,True
north_edge_inward_1.8deg,139,109.0,37.5,True
north_edge_inward_1.8deg,140,109.0,38.4,True
north_edge_inward_1.8deg,141,109.0,39.3,True
north_edge_inward_1.8deg,142,109.0,40.2,True
north_edge_inward_1.8deg,143,109.0,41.1,False
north_edge_inward_1.8deg,144,109.0,42.0,False
north_edge_inward_1.8deg,145,109.8,21.3,True
north_edge_inward_1.8deg,146,109.8,22.2,True
north_edge_inward_1.8deg,147,109.8,23.1,True
north_edge_inward_1.8deg,148,109.8,24.0,True
north_edge_inward_1.8deg,149,109.8,24.9,True
north_edge_inward_1.8deg,150,109.8,25.8,True
north_edge_inward_1.8deg,151,109.8,26.7,True
north_edge_inward_1.8deg,152,109.8,27.6,True
north_edge_inward_1.8deg,153,109.8,28.5,True
north_edge_inward_1.8deg,154,109.8,29.4,True
north_edge_inward_1.8deg,155,109.8,30.3,True
north_edge_inward_1.8deg,156,109.8,31.2,True
north_edge_inward_1.8deg,157,109.8,32.1,True
north_edge_inward_1.8deg,158,109.8,33.0,True
north_edge_inward_1.8deg,159,109.8,33.9,True
north_edge_inward_1.8deg,160,109.8,34.8,True
north_edge_inward_1.8deg,161,109.8,35.7,True
north_edge_inward_1.8deg,162,109.8,36.6,True
north_edge_inward_1.8deg,163,109.8,37.5,True
north_edge_inward_1.8deg,164,109.8,38.4,True
north_edge_inward_1.8deg,165,109.8,39.3,True
north_edge_inward_1.8deg,166,109.8,40.2,True
north_edge_inward_1.8deg,167,109.8,41.1,False
north_edge_inward_1.8deg,168,109.8,42.0,False
north_edge_inward_1.8deg,169,110.6,21.3,True
north_edge_inward_1.8deg,170,110.6,22.2,True
north_edge_inward_1.8deg,171,110.6,23.1,True
north_edge_inward_1.8deg,172,110.6,24.0,True
north_edge_inward_1.8deg,173,110.6,24.9,True
north_edge_inward_1.8deg,174,110.6,25.8,True
north_edge_inward_1.8deg,175,110.6,26.7,True
north_edge_inward_1.8deg,176,110.6,27.6,True
north_edge_inward_1.8deg,177,110.6,28.5,True
north_edge_inward_1.8deg,178,110.6,29.4,True
north_edge_inward_1.8deg,179,110.6,30.3,True
north_edge_inward_1.8deg,180,110.6,31.2,True
north_edge_inward_1.8deg,181,110.6,32.1,True
north_edge_inward_1.8deg,182,110.6,33.0,True
north_edge_inward_1.8deg,183,110.6,33.9,True
north_edge_inward_1.8deg,184,110.6,34.8,True
north_edge_inward_1.8deg,185,110.6,35.7,True
north_edge_inward_1.8deg,186,110.6,36.6,True
north_edge_inward_1.8deg,187,110.6,37.5,True
north_edge_inward_1.8deg,188,110.6,38.4,True
north_edge_inward_1.8deg,189,110.6,39.3,True
north_edge_inward_1.8deg,190,110.6,40.2,True
north_edge_inward_1.8deg,191,110.6,41.1,False
north_edge_inward_1.8deg,192,110.6,42.0,False
north_edge_inward_1.8deg,193,111.4,22.2,True
north_edge_inward_1.8deg,194,111.4,23.1,True
north_edge_inward_1.8deg,195,111.4,24.0,True
north_edge_inward_1.8deg,196,111.4,24.9,True
north_edge_inward_1.8deg,197,111.4,25.8,True
north_edge_inward_1.8deg,198,111.4,26.7,True
north_edge_inward_1.8deg,199,111.4,27.6,True
north_edge_inward_1.8deg,200,111.4,28.5,True
north_edge_inward_1.8deg,201,111.4,29.4,True
north_edge_inward_1.8deg,202,111.4,30.3,True
north_edge_inward_1.8deg,203,111.4,31.2,True
north_edge_inward_1.8deg,204,111.4,32.1,True
north_edge_inward_1.8deg,205,111.4,33.0,True
north_edge_inward_1.8deg,206,111.4,33.9,True
north_edge_inward_1.8deg,207,111.4,34.8,True
north_edge_inward_1.8deg,208,111.4,35.7,True
north_edge_inward_1.8deg,209,111.4,36.6,True
north_edge_inward_1.8deg,210,111.4,37.5,True
north_edge_inward_1.8deg,211,111.4,38.4,True
north_edge_inward_1.8deg,212,111.4,39.3,True
north_edge_inward_1.8deg,213,111.4,40.2,True
north_edge_inward_1.8deg,214,111.4,41.1,False
north_edge_inward_1.8deg,215,111.4,42.0,False
north_edge_inward_1.8deg,216,112.2,22.2,True
north_edge_inward_1.8deg,217,112.2,23.1,True
north_edge_inward_1.8deg,218,112.2,24.0,True
north_edge_inward_1.8deg,219,112.2,24.9,True
north_edge_inward_1.8deg,220,112.2,25.8,True
north_edge_inward_1.8deg,221,112.2,26.7,True
north_edge_inward_1.8deg,222,112.2,27.6,True
north_edge_inward_1.8deg,223,112.2,28.5,True
north_edge_inward_1.8deg,224,112.2,29.4,True
north_edge_inward_1.8deg,225,112.2,30.3,True
north_edge_inward_1.8deg,226,112.2,31.2,True
north_edge_inward_1.8deg,227,112.2,32.1,True
north_edge_inward_1.8deg,228,112.2,33.0,True
north_edge_inward_1.8deg,229,112.2,33.9,True
north_edge_inward_1.8deg,230,112.2,34.8,True
north_edge_inward_1.8deg,231,112.2,35.7,True
north_edge_inward_1.8deg,232,112.2,36.6,True
north_edge_inward_1.8deg,233,112.2,37.5,True
north_edge_inward_1.8deg,234,112.2,38.4,True
north_edge_inward_1.8deg,235,112.2,39.3,True
north_edge_inward_1.8deg,236,112.2,40.2,True
north_edge_inward_1.8deg,237,112.2,41.1,False
north_edge_inward_1.8deg,238,112.2,42.0,False
north_edge_inward_1.8deg,239,113.0,22.2,True
north_edge_inward_1.8deg,240,113.0,23.1,True
north_edge_inward_1.8deg,241,113.0,24.0,True
north_edge_inward_1.8deg,242,113.0,24.9,True
north_edge_inward_1.8deg,243,113.0,25.8,True
north_edge_inward_1.8deg,244,113.0,26.7,True
north_edge_inward_1.8deg,245,113.0,27.6,True
north_edge_inward_1.8deg,246,113.0,28.5,True
north_edge_inward_1.8deg,247,113.0,29.4,True
north_edge_inward_1.8deg,248,113.0,30.3,True
north_edge_inward_1.8deg,249,113.0,31.2,True
north_edge_inward_1.8deg,250,113.0,32.1,True
north_edge_inward_1.8deg,251,113.0,33.0,True
north_edge_inward_1.8deg,252,113.0,33.9,True
north_edge_inward_1.8deg,253,113.0,34.8,True
north_edge_inward_1.8deg,254,113.0,35.7,True
north_edge_inward_1.8deg,255,113.0,36.6,True
north_edge_inward_1.8deg,256,113.0,37.5,True
north_edge_inward_1.8deg,257,113.0,38.4,True
north_edge_inward_1.8deg,258,113.0,39.3,True
north_edge_inward_1.8deg,259,113.0,40.2,True
north_edge_inward_1.8deg,260,113.0,41.1,False
north_edge_inward_1.8deg,261,113.0,42.0,False
north_edge_inward_1.8deg,262,113.8,23.1,True
north_edge_inward_1.8deg,263,113.8,24.0,True
north_edge_inward_1.8deg,264,113.8,24.9,True
north_edge_inward_1.8deg,265,113.8,25.8,True
north_edge_inward_1.8deg,266,113.8,26.7,True
north_edge_inward_1.8deg,267,113.8,27.6,True
north_edge_inward_1.8deg,268,113.8,28.5,True
north_edge_inward_1.8deg,269,113.8,29.4,True
north_edge_inward_1.8deg,270,113.8,30.3,True
north_edge_inward_1.8deg,271,113.8,31.2,True
north_edge_inward_1.8deg,272,113.8,32.1,True
north_edge_inward_1.8deg,273,113.8,33.0,True
north_edge_inward_1.8deg,274,113.8,33.9,True
north_edge_inward_1.8deg,275,113.8,34.8,True
north_edge_inward_1.8deg,276,113.8,35.7,True
north_edge_inward_1.8deg,277,113.8,36.6,True
north_edge_inward_1.8deg,278,113.8,37.5,True
north_edge_inward_1.8deg,279,113.8,38.4,True
north_edge_inward_1.8deg,280,113.8,39.3,True
north_edge_inward_1.8deg,281,113.8,40.2,True
north_edge_inward_1.8deg,282,113.8,41.1,False
north_edge_inward_1.8deg,283,113.8,42.0,False
north_edge_inward_1.8deg,284,114.6,23.1,True
north_edge_inward_1.8deg,285,114.6,24.0,True
north_edge_inward_1.8deg,286,114.6,24.9,True
north_edge_inward_1.8deg,287,114.6,25.8,True
north_edge_inward_1.8deg,288,114.6,26.7,True
north_edge_inward_1.8deg,289,114.6,27.6,True
north_edge_inward_1.8deg,290,114.6,28.5,True
north_edge_inward_1.8deg,291,114.6,29.4,True
north_edge_inward_1.8deg,292,114.6,30.3,True
north_edge_inward_1.8deg,293,114.6,31.2,True
north_edge_inward_1.8deg,294,114.6,32.1,True
north_edge_inward_1.8deg,295,114.6,33.0,True
north_edge_inward_1.8deg,296,114.6,33.9,True
north_edge_inward_1.8deg,297,114.6,34.8,True
north_edge_inward_1.8deg,298,114.6,35.7,True
north_edge_inward_1.8deg,299,114.6,36.6,True
north_edge_inward_1.8deg,300,114.6,37.5,True
north_edge_inward_1.8deg,301,114.6,38.4,True
north_edge_inward_1.8deg,302,114.6,39.3,True
north_edge_inward_1.8deg,303,114.6,40.2,True
north_edge_inward_1.8deg,304,114.6,41.1,False
north_edge_inward_1.8deg,305,114.6,42.0,False
north_edge_inward_1.8deg,306,115.4,23.1,True
north_edge_inward_1.8deg,307,115.4,24.0,True
north_edge_inward_1.8deg,308,115.4,24.9,True
north_edge_inward_1.8deg,309,115.4,25.8,True
north_edge_inward_1.8deg,310,115.4,26.7,True
north_edge_inward_1.8deg,311,115.4,27.6,True
north_edge_inward_1.8deg,312,115.4,28.5,True
north_edge_inward_1.8deg,313,115.4,29.4,True
north_edge_inward_1.8deg,314,115.4,30.3,True
north_edge_inward_1.8deg,315,115.4,31.2,True
north_edge_inward_1.8deg,316,115.4,32.1,True
north_edge_inward_1.8deg,317,115.4,33.0,True
north_edge_inward_1.8deg,318,115.4,33.9,True
north_edge_inward_1.8deg,319,115.4,34.8,True
north_edge_inward_1.8deg,320,115.4,35.7,True
north_edge_inward_1.8deg,321,115.4,36.6,True
north_edge_inward_1.8deg,322,115.4,37.5,True
north_edge_inward_1.8deg,323,115.4,38.4,True
north_edge_inward_1.8deg,324,115.4,39.3,True
north_edge_inward_1.8deg,325,115.4,40.2,True
north_edge_inward_1.8deg,326,115.4,41.1,False
north_edge_inward_1.8deg,327,115.4,42.0,False
north_edge_inward_1.8deg,328,116.2,23.1,True
north_edge_inward_1.8deg,329,116.2,24.0,True
north_edge_inward_1.8deg,330,116.2,24.9,True
north_edge_inward_1.8deg,331,116.2,25.8,True
north_edge_inward_1.8deg,332,116.2,26.7,True
north_edge_inward_1.8deg,333,116.2,27.6,True
north_edge_inward_1.8deg,334,116.2,28.5,True
north_edge_inward_1.8deg,335,116.2,29.4,True
north_edge_inward_1.8deg,336,116.2,30.3,True
north_edge_inward_1.8deg,337,116.2,31.2,True
north_edge_inward_1.8deg,338,116.2,32.1,True
north_edge_inward_1.8deg,339,116.2,33.0,True
north_edge_inward_1.8deg,340,116.2,33.9,True
north_edge_inward_1.8deg,341,116.2,34.8,True
north_edge_inward_1.8deg,342,116.2,35.7,True
north_edge_inward_1.8deg,343,116.2,36.6,True
north_edge_inward_1.8deg,344,116.2,37.5,True
north_edge_inward_1.8deg,345,116.2,38.4,True
north_edge_inward_1.8deg,346,116.2,39.3,True
north_edge_inward_1.8deg,347,116.2,40.2,True
north_edge_inward_1.8deg,348,116.2,41.1,False
north_edge_inward_1.8deg,349,116.2,42.0,False
north_edge_inward_1.8deg,350,117.0,24.0,True
north_edge_inward_1.8deg,351,117.0,24.9,True
north_edge_inward_1.8deg,352,117.0,25.8,True
north_edge_inward_1.8deg,353,117.0,26.7,True
north_edge_inward_1.8deg,354,117.0,27.6,True
north_edge_inward_1.8deg,355,117.0,28.5,True
north_edge_inward_1.8deg,356,117.0,29.4,True
north_edge_inward_1.8deg,357,117.0,30.3,True
north_edge_inward_1.8deg,358,117.0,31.2,True
north_edge_inward_1.8deg,359,117.0,32.1,True
north_edge_inward_1.8deg,360,117.0,33.0,True
north_edge_inward_1.8deg,361,117.0,33.9,True
north_edge_inward_1.8deg,362,117.0,34.8,True
north_edge_inward_1.8deg,363,117.0,35.7,True
north_edge_inward_1.8deg,364,117.0,36.6,True
north_edge_inward_1.8deg,365,117.0,37.5,True
north_edge_inward_1.8deg,366,117.0,38.4,True
north_edge_inward_1.8deg,367,117.0,39.3,True
north_edge_inward_1.8deg,368,117.0,40.2,True
north_edge_inward_1.8deg,369,117.0,41.1,False
north_edge_inward_1.8deg,370,117.0,42.0,False
north_edge_inward_1.8deg,371,117.8,24.9,True
north_edge_inward_1.8deg,372,117.8,25.8,True
north_edge_inward_1.8deg,373,117.8,26.7,True
north_edge_inward_1.8deg,374,117.8,27.6,True
north_edge_inward_1.8deg,375,117.8,28.5,True
north_edge_inward_1.8deg,376,117.8,29.4,True
north_edge_inward_1.8deg,377,117.8,30.3,True
north_edge_inward_1.8deg,378,117.8,31.2,True
north_edge_inward_1.8deg,379,117.8,32.1,True
north_edge_inward_1.8deg,380,117.8,33.0,True
north_edge_inward_1.8deg,381,117.8,33.9,True
north_edge_inward_1.8deg,382,117.8,34.8,True
north_edge_inward_1.8deg,383,117.8,35.7,True
north_edge_inward_1.8deg,384,117.8,36.6,True
north_edge_inward_1.8deg,385,117.8,37.5,True
north_edge_inward_1.8deg,386,117.8,39.3,True
north_edge_inward_1.8deg,387,117.8,40.2,True
north_edge_inward_1.8deg,388,117.8,41.1,False
north_edge_inward_1.8deg,389,117.8,42.0,False
north_edge_inward_1.8deg,390,118.6,24.9,True
north_edge_inward_1.8deg,391,118.6,25.8,True
north_edge_inward_1.8deg,392,118.6,26.7,True
north_edge_inward_1.8deg,393,118.6,27.6,True
north_edge_inward_1.8deg,394,118.6,28.5,True
north_edge_inward_1.8deg,395,118.6,29.4,True
north_edge_inward_1.8deg,396,118.6,30.3,True
north_edge_inward_1.8deg,397,118.6,31.2,True
north_edge_inward_1.8deg,398,118.6,32.1,True
north_edge_inward_1.8deg,399,118.6,33.0,True
north_edge_inward_1.8deg,400,118.6,33.9,True
north_edge_inward_1.8deg,401,118.6,34.8,True
north_edge_inward_1.8deg,402,118.6,35.7,True
north_edge_inward_1.8deg,403,118.6,36.6,True
north_edge_inward_1.8deg,404,118.6,37.5,True
north_edge_inward_1.8deg,405,118.6,39.3,True
north_edge_inward_1.8deg,406,118.6,40.2,True
north_edge_inward_1.8deg,407,118.6,41.1,False
north_edge_inward_1.8deg,408,118.6,42.0,False
north_edge_inward_1.8deg,409,119.4,25.8,True
north_edge_inward_1.8deg,410,119.4,26.7,True
north_edge_inward_1.8deg,411,119.4,27.6,True
north_edge_inward_1.8deg,412,119.4,28.5,True
north_edge_inward_1.8deg,413,119.4,29.4,True
north_edge_inward_1.8deg,414,119.4,30.3,True
north_edge_inward_1.8deg,415,119.4,31.2,True
north_edge_inward_1.8deg,416,119.4,32.1,True
north_edge_inward_1.8deg,417,119.4,33.0,True
north_edge_inward_1.8deg,418,119.4,33.9,True
north_edge_inward_1.8deg,419,119.4,35.7,True
north_edge_inward_1.8deg,420,119.4,36.6,True
north_edge_inward_1.8deg,421,119.4,40.2,True
north_edge_inward_1.8deg,422,119.4,41.1,False
north_edge_inward_1.8deg,423,119.4,42.0,False
north_edge_inward_1.8deg,424,120.2,23.1,True
north_edge_inward_1.8deg,425,120.2,27.6,True
north_edge_inward_1.8deg,426,120.2,28.5,True
north_edge_inward_1.8deg,427,120.2,29.4,True
north_edge_inward_1.8deg,428,120.2,30.3,True
north_edge_inward_1.8deg,429,120.2,31.2,True
north_edge_inward_1.8deg,430,120.2,32.1,True
north_edge_inward_1.8deg,431,120.2,33.0,True
north_edge_inward_1.8deg,432,120.2,33.9,True
north_edge_inward_1.8deg,433,120.2,36.6,True
north_edge_inward_1.8deg,434,120.2,37.5,True
north_edge_inward_1.8deg,435,120.2,40.2,True
north_edge_inward_1.8deg,436,120.2,41.1,False
north_edge_inward_1.8deg,437,120.2,42.0,False
north_edge_inward_1.8deg,438,121.0,23.1,True
north_edge_inward_1.8deg,439,121.0,24.0,True
north_edge_inward_1.8deg,440,121.0,28.5,True
north_edge_inward_1.8deg,441,121.0,29.4,True
north_edge_inward_1.8deg,442,121.0,31.2,True
north_edge_inward_1.8deg,443,121.0,32.1,True
north_edge_inward_1.8deg,444,121.0,37.5,True
north_edge_inward_1.8deg,445,121.0,41.1,False
north_edge_inward_1.8deg,446,121.0,42.0,False
north_edge_inward_1.8deg,447,121.8,24.9,True
north_edge_inward_1.8deg,448,121.8,29.4,True
north_edge_inward_1.8deg,449,121.8,31.2,True
north_edge_inward_1.8deg,450,121.8,39.3,True
north_edge_inward_1.8deg,451,121.8,41.1,False
north_edge_inward_1.8deg,452,121.8,42.0,False
north_edge_inward_1.8deg,453,122.6,40.2,True
north_edge_inward_1.8deg,454,122.6,41.1,False
north_edge_inward_1.8deg,455,122.6,42.0,False
north_edge_inward_1.8deg,456,123.4,40.2,True
north_edge_inward_1.8deg,457,123.4,41.1,False
north_edge_inward_1.8deg,458,123.4,42.0,False
north_edge_inward_1.8deg,459,124.2,40.2,True
north_edge_inward_1.8deg,460,124.2,41.1,False
north_edge_inward_1.8deg,461,124.2,42.0,False
north_edge_inward_1.8deg,462,125.0,38.4,True
north_edge_inward_1.8deg,463,125.0,40.2,True
north_edge_inward_1.8deg,464,125.0,41.1,False
north_edge_inward_1.8deg,465,125.0,42.0,False
west_edge_inward_0.8deg,1,105.0,20.4,False
west_edge_inward_0.8deg,2,105.0,21.3,False
west_edge_inward_0.8deg,3,105.0,22.2,False
west_edge_inward_0.8deg,4,105.0,23.1,False
west_edge_inward_0.8deg,5,105.0,24.0,False
west_edge_inward_0.8deg,6,105.0,24.9,False
west_edge_inward_0.8deg,7,105.0,25.8,False
west_edge_inward_0.8deg,8,105.0,26.7,False
west_edge_inward_0.8deg,9,105.0,27.6,False
west_edge_inward_0.8deg,10,105.0,28.5,False
west_edge_inward_0.8deg,11,105.0,29.4,False
west_edge_inward_0.8deg,12,105.0,30.3,False
west_edge_inward_0.8deg,13,105.0,31.2,False
west_edge_inward_0.8deg,14,105.0,32.1,False
west_edge_inward_0.8deg,15,105.0,33.0,False
west_edge_inward_0.8deg,16,105.0,33.9,False
west_edge_inward_0.8deg,17,105.0,34.8,False
west_edge_inward_0.8deg,18,105.0,35.7,False
west_edge_inward_0.8deg,19,105.0,36.6,False
west_edge_inward_0.8deg,20,105.0,37.5,False
west_edge_inward_0.8deg,21,105.0,38.4,False
west_edge_inward_0.8deg,22,105.0,39.3,False
west_edge_inward_0.8deg,23,105.0,40.2,False
west_edge_inward_0.8deg,24,105.0,41.1,False
west_edge_inward_0.8deg,25,105.0,42.0,False
west_edge_inward_0.8deg,26,105.8,20.4,True
west_edge_inward_0.8deg,27,105.8,21.3,True
west_edge_inward_0.8deg,28,105.8,22.2,True
west_edge_inward_0.8deg,29,105.8,23.1,True
west_edge_inward_0.8deg,30,105.8,24.0,True
west_edge_inward_0.8deg,31,105.8,24.9,True
west_edge_inward_0.8deg,32,105.8,25.8,True
west_edge_inward_0.8deg,33,105.8,26.7,True
west_edge_inward_0.8deg,34,105.8,27.6,True
west_edge_inward_0.8deg,35,105.8,28.5,True
west_edge_inward_0.8deg,36,105.8,29.4,True
west_edge_inward_0.8deg,37,105.8,30.3,True
west_edge_inward_0.8deg,38,105.8,31.2,True
west_edge_inward_0.8deg,39,105.8,32.1,True
west_edge_inward_0.8deg,40,105.8,33.0,True
west_edge_inward_0.8deg,41,105.8,33.9,True
west_edge_inward_0.8deg,42,105.8,34.8,True
west_edge_inward_0.8deg,43,105.8,35.7,True
west_edge_inward_0.8deg,44,105.8,36.6,True
west_edge_inward_0.8deg,45,105.8,37.5,True
west_edge_inward_0.8deg,46,105.8,38.4,True
west_edge_inward_0.8deg,47,105.8,39.3,True
west_edge_inward_0.8deg,48,105.8,40.2,True
west_edge_inward_0.8deg,49,105.8,41.1,True
west_edge_inward_0.8deg,50,105.8,42.0,True
west_edge_inward_0.8deg,51,106.6,20.4,True
west_edge_inward_0.8deg,52,106.6,21.3,True
west_edge_inward_0.8deg,53,106.6,22.2,True
west_edge_inward_0.8deg,54,106.6,23.1,True
west_edge_inward_0.8deg,55,106.6,24.0,True
west_edge_inward_0.8deg,56,106.6,24.9,True
west_edge_inward_0.8deg,57,106.6,25.8,True
west_edge_inward_0.8deg,58,106.6,26.7,True
west_edge_inward_0.8deg,59,106.6,27.6,True
west_edge_inward_0.8deg,60,106.6,28.5,True
west_edge_inward_0.8deg,61,106.6,29.4,True
west_edge_inward_0.8deg,62,106.6,30.3,True
west_edge_inward_0.8deg,63,106.6,31.2,True
west_edge_inward_0.8deg,64,106.6,32.1,True
west_edge_inward_0.8deg,65,106.6,33.0,True
west_edge_inward_0.8deg,66,106.6,33.9,True
west_edge_inward_0.8deg,67,106.6,34.8,True
west_edge_inward_0.8deg,68,106.6,35.7,True
west_edge_inward_0.8deg,69,106.6,36.6,True
west_edge_inward_0.8deg,70,106.6,37.5,True
west_edge_inward_0.8deg,71,106.6,38.4,True
west_edge_inward_0.8deg,72,106.6,39.3,True
west_edge_inward_0.8deg,73,106.6,40.2,True
west_edge_inward_0.8deg,74,106.6,41.1,True
west_edge_inward_0.8deg,75,106.6,42.0,True
west_edge_inward_0.8deg,76,107.4,22.2,True
west_edge_inward_0.8deg,77,107.4,23.1,True
west_edge_inward_0.8deg,78,107.4,24.0,True
west_edge_inward_0.8deg,79,107.4,24.9,True
west_edge_inward_0.8deg,80,107.4,25.8,True
west_edge_inward_0.8deg,81,107.4,26.7,True
west_edge_inward_0.8deg,82,107.4,27.6,True
west_edge_inward_0.8deg,83,107.4,28.5,True
west_edge_inward_0.8deg,84,107.4,29.4,True
west_edge_inward_0.8deg,85,107.4,30.3,True
west_edge_inward_0.8deg,86,107.4,31.2,True
west_edge_inward_0.8deg,87,107.4,32.1,True
west_edge_inward_0.8deg,88,107.4,33.0,True
west_edge_inward_0.8deg,89,107.4,33.9,True
west_edge_inward_0.8deg,90,107.4,34.8,True
west_edge_inward_0.8deg,91,107.4,35.7,True
west_edge_inward_0.8deg,92,107.4,36.6,True
west_edge_inward_0.8deg,93,107.4,37.5,True
west_edge_inward_0.8deg,94,107.4,38.4,True
west_edge_inward_0.8deg,95,107.4,39.3,True
west_edge_inward_0.8deg,96,107.4,40.2,True
west_edge_inward_0.8deg,97,107.4,41.1,True
west_edge_inward_0.8deg,98,107.4,42.0,True
west_edge_inward_0.8deg,99,108.2,22.2,True
west_edge_inward_0.8deg,100,108.2,23.1,True
west_edge_inward_0.8deg,101,108.2,24.0,True
west_edge_inward_0.8deg,102,108.2,24.9,True
west_edge_inward_0.8deg,103,108.2,25.8,True
west_edge_inward_0.8deg,104,108.2,26.7,True
west_edge_inward_0.8deg,105,108.2,27.6,True
west_edge_inward_0.8deg,106,108.2,28.5,True
west_edge_inward_0.8deg,107,108.2,29.4,True
west_edge_inward_0.8deg,108,108.2,30.3,True
west_edge_inward_0.8deg,109,108.2,31.2,True
west_edge_inward_0.8deg,110,108.2,32.1,True
west_edge_inward_0.8deg,111,108.2,33.0,True
west_edge_inward_0.8deg,112,108.2,33.9,True
west_edge_inward_0.8deg,113,108.2,34.8,True
west_edge_inward_0.8deg,114,108.2,35.7,True
west_edge_inward_0.8deg,115,108.2,36.6,True
west_edge_inward_0.8deg,116,108.2,37.5,True
west_edge_inward_0.8deg,117,108.2,38.4,True
west_edge_inward_0.8deg,118,108.2,39.3,True
west_edge_inward_0.8deg,119,108.2,40.2,True
west_edge_inward_0.8deg,120,108.2,41.1,True
west_edge_inward_0.8deg,121,108.2,42.0,True
west_edge_inward_0.8deg,122,109.0,22.2,True
west_edge_inward_0.8deg,123,109.0,23.1,True
west_edge_inward_0.8deg,124,109.0,24.0,True
west_edge_inward_0.8deg,125,109.0,24.9,True
west_edge_inward_0.8deg,126,109.0,25.8,True
west_edge_inward_0.8deg,127,109.0,26.7,True
west_edge_inward_0.8deg,128,109.0,27.6,True
west_edge_inward_0.8deg,129,109.0,28.5,True
west_edge_inward_0.8deg,130,109.0,29.4,True
west_edge_inward_0.8deg,131,109.0,30.3,True
west_edge_inward_0.8deg,132,109.0,31.2,True
west_edge_inward_0.8deg,133,109.0,32.1,True
west_edge_inward_0.8deg,134,109.0,33.0,True
west_edge_inward_0.8deg,135,109.0,33.9,True
west_edge_inward_0.8deg,136,109.0,34.8,True
west_edge_inward_0.8deg,137,109.0,35.7,True
west_edge_inward_0.8deg,138,109.0,36.6,True
west_edge_inward_0.8deg,139,109.0,37.5,True
west_edge_inward_0.8deg,140,109.0,38.4,True
west_edge_inward_0.8deg,141,109.0,39.3,True
west_edge_inward_0.8deg,142,109.0,40.2,True
west_edge_inward_0.8deg,143,109.0,41.1,True
west_edge_inward_0.8deg,144,109.0,42.0,True
west_edge_inward_0.8deg,145,109.8,21.3,True
west_edge_inward_0.8deg,146,109.8,22.2,True
west_edge_inward_0.8deg,147,109.8,23.1,True
west_edge_inward_0.8deg,148,109.8,24.0,True
west_edge_inward_0.8deg,149,109.8,24.9,True
west_edge_inward_0.8deg,150,109.8,25.8,True
west_edge_inward_0.8deg,151,109.8,26.7,True
west_edge_inward_0.8deg,152,109.8,27.6,True
west_edge_inward_0.8deg,153,109.8,28.5,True
west_edge_inward_0.8deg,154,109.8,29.4,True
west_edge_inward_0.8deg,155,109.8,30.3,True
west_edge_inward_0.8deg,156,109.8,31.2,True
west_edge_inward_0.8deg,157,109.8,32.1,True
west_edge_inward_0.8deg,158,109.8,33.0,True
west_edge_inward_0.8deg,159,109.8,33.9,True
west_edge_inward_0.8deg,160,109.8,34.8,True
west_edge_inward_0.8deg,161,109.8,35.7,True
west_edge_inward_0.8deg,162,109.8,36.6,True
west_edge_inward_0.8deg,163,109.8,37.5,True
west_edge_inward_0.8deg,164,109.8,38.4,True
west_edge_inward_0.8deg,165,109.8,39.3,True
west_edge_inward_0.8deg,166,109.8,40.2,True
west_edge_inward_0.8deg,167,109.8,41.1,True
west_edge_inward_0.8deg,168,109.8,42.0,True
west_edge_inward_0.8deg,169,110.6,21.3,True
west_edge_inward_0.8deg,170,110.6,22.2,True
west_edge_inward_0.8deg,171,110.6,23.1,True
west_edge_inward_0.8deg,172,110.6,24.0,True
west_edge_inward_0.8deg,173,110.6,24.9,True
west_edge_inward_0.8deg,174,110.6,25.8,True
west_edge_inward_0.8deg,175,110.6,26.7,True
west_edge_inward_0.8deg,176,110.6,27.6,True
west_edge_inward_0.8deg,177,110.6,28.5,True
west_edge_inward_0.8deg,178,110.6,29.4,True
west_edge_inward_0.8deg,179,110.6,30.3,True
west_edge_inward_0.8deg,180,110.6,31.2,True
west_edge_inward_0.8deg,181,110.6,32.1,True
west_edge_inward_0.8deg,182,110.6,33.0,True
west_edge_inward_0.8deg,183,110.6,33.9,True
west_edge_inward_0.8deg,184,110.6,34.8,True
west_edge_inward_0.8deg,185,110.6,35.7,True
west_edge_inward_0.8deg,186,110.6,36.6,True
west_edge_inward_0.8deg,187,110.6,37.5,True
west_edge_inward_0.8deg,188,110.6,38.4,True
west_edge_inward_0.8deg,189,110.6,39.3,True
west_edge_inward_0.8deg,190,110.6,40.2,True
west_edge_inward_0.8deg,191,110.6,41.1,True
west_edge_inward_0.8deg,192,110.6,42.0,True
west_edge_inward_0.8deg,193,111.4,22.2,True
west_edge_inward_0.8deg,194,111.4,23.1,True
west_edge_inward_0.8deg,195,111.4,24.0,True
west_edge_inward_0.8deg,196,111.4,24.9,True
west_edge_inward_0.8deg,197,111.4,25.8,True
west_edge_inward_0.8deg,198,111.4,26.7,True
west_edge_inward_0.8deg,199,111.4,27.6,True
west_edge_inward_0.8deg,200,111.4,28.5,True
west_edge_inward_0.8deg,201,111.4,29.4,True
west_edge_inward_0.8deg,202,111.4,30.3,True
west_edge_inward_0.8deg,203,111.4,31.2,True
west_edge_inward_0.8deg,204,111.4,32.1,True
west_edge_inward_0.8deg,205,111.4,33.0,True
west_edge_inward_0.8deg,206,111.4,33.9,True
west_edge_inward_0.8deg,207,111.4,34.8,True
west_edge_inward_0.8deg,208,111.4,35.7,True
west_edge_inward_0.8deg,209,111.4,36.6,True
west_edge_inward_0.8deg,210,111.4,37.5,True
west_edge_inward_0.8deg,211,111.4,38.4,True
west_edge_inward_0.8deg,212,111.4,39.3,True
west_edge_inward_0.8deg,213,111.4,40.2,True
west_edge_inward_0.8deg,214,111.4,41.1,True
west_edge_inward_0.8deg,215,111.4,42.0,True
west_edge_inward_0.8deg,216,112.2,22.2,True
west_edge_inward_0.8deg,217,112.2,23.1,True
west_edge_inward_0.8deg,218,112.2,24.0,True
west_edge_inward_0.8deg,219,112.2,24.9,True
west_edge_inward_0.8deg,220,112.2,25.8,True
west_edge_inward_0.8deg,221,112.2,26.7,True
west_edge_inward_0.8deg,222,112.2,27.6,True
west_edge_inward_0.8deg,223,112.2,28.5,True
west_edge_inward_0.8deg,224,112.2,29.4,True
west_edge_inward_0.8deg,225,112.2,30.3,True
west_edge_inward_0.8deg,226,112.2,31.2,True
west_edge_inward_0.8deg,227,112.2,32.1,True
west_edge_inward_0.8deg,228,112.2,33.0,True
west_edge_inward_0.8deg,229,112.2,33.9,True
west_edge_inward_0.8deg,230,112.2,34.8,True
west_edge_inward_0.8deg,231,112.2,35.7,True
west_edge_inward_0.8deg,232,112.2,36.6,True
west_edge_inward_0.8deg,233,112.2,37.5,True
west_edge_inward_0.8deg,234,112.2,38.4,True
west_edge_inward_0.8deg,235,112.2,39.3,True
west_edge_inward_0.8deg,236,112.2,40.2,True
west_edge_inward_0.8deg,237,112.2,41.1,True
west_edge_inward_0.8deg,238,112.2,42.0,True
west_edge_inward_0.8deg,239,113.0,22.2,True
west_edge_inward_0.8deg,240,113.0,23.1,True
west_edge_inward_0.8deg,241,113.0,24.0,True
west_edge_inward_0.8deg,242,113.0,24.9,True
west_edge_inward_0.8deg,243,113.0,25.8,True
west_edge_inward_0.8deg,244,113.0,26.7,True
west_edge_inward_0.8deg,245,113.0,27.6,True
west_edge_inward_0.8deg,246,113.0,28.5,True
west_edge_inward_0.8deg,247,113.0,29.4,True
west_edge_inward_0.8deg,248,113.0,30.3,True
west_edge_inward_0.8deg,249,113.0,31.2,True
west_edge_inward_0.8deg,250,113.0,32.1,True
west_edge_inward_0.8deg,251,113.0,33.0,True
west_edge_inward_0.8deg,252,113.0,33.9,True
west_edge_inward_0.8deg,253,113.0,34.8,True
west_edge_inward_0.8deg,254,113.0,35.7,True
west_edge_inward_0.8deg,255,113.0,36.6,True
west_edge_inward_0.8deg,256,113.0,37.5,True
west_edge_inward_0.8deg,257,113.0,38.4,True
west_edge_inward_0.8deg,258,113.0,39.3,True
west_edge_inward_0.8deg,259,113.0,40.2,True
west_edge_inward_0.8deg,260,113.0,41.1,True
west_edge_inward_0.8deg,261,113.0,42.0,True
west_edge_inward_0.8deg,262,113.8,23.1,True
west_edge_inward_0.8deg,263,113.8,24.0,True
west_edge_inward_0.8deg,264,113.8,24.9,True
west_edge_inward_0.8deg,265,113.8,25.8,True
west_edge_inward_0.8deg,266,113.8,26.7,True
west_edge_inward_0.8deg,267,113.8,27.6,True
west_edge_inward_0.8deg,268,113.8,28.5,True
west_edge_inward_0.8deg,269,113.8,29.4,True
west_edge_inward_0.8deg,270,113.8,30.3,True
west_edge_inward_0.8deg,271,113.8,31.2,True
west_edge_inward_0.8deg,272,113.8,32.1,True
west_edge_inward_0.8deg,273,113.8,33.0,True
west_edge_inward_0.8deg,274,113.8,33.9,True
west_edge_inward_0.8deg,275,113.8,34.8,True
west_edge_inward_0.8deg,276,113.8,35.7,True
west_edge_inward_0.8deg,277,113.8,36.6,True
west_edge_inward_0.8deg,278,113.8,37.5,True
west_edge_inward_0.8deg,279,113.8,38.4,True
west_edge_inward_0.8deg,280,113.8,39.3,True
west_edge_inward_0.8deg,281,113.8,40.2,True
west_edge_inward_0.8deg,282,113.8,41.1,True
west_edge_inward_0.8deg,283,113.8,42.0,True
west_edge_inward_0.8deg,284,114.6,23.1,True
west_edge_inward_0.8deg,285,114.6,24.0,True
west_edge_inward_0.8deg,286,114.6,24.9,True
west_edge_inward_0.8deg,287,114.6,25.8,True
west_edge_inward_0.8deg,288,114.6,26.7,True
west_edge_inward_0.8deg,289,114.6,27.6,True
west_edge_inward_0.8deg,290,114.6,28.5,True
west_edge_inward_0.8deg,291,114.6,29.4,True
west_edge_inward_0.8deg,292,114.6,30.3,True
west_edge_inward_0.8deg,293,114.6,31.2,True
west_edge_inward_0.8deg,294,114.6,32.1,True
west_edge_inward_0.8deg,295,114.6,33.0,True
west_edge_inward_0.8deg,296,114.6,33.9,True
west_edge_inward_0.8deg,297,114.6,34.8,True
west_edge_inward_0.8deg,298,114.6,35.7,True
west_edge_inward_0.8deg,299,114.6,36.6,True
west_edge_inward_0.8deg,300,114.6,37.5,True
west_edge_inward_0.8deg,301,114.6,38.4,True
west_edge_inward_0.8deg,302,114.6,39.3,True
west_edge_inward_0.8deg,303,114.6,40.2,True
west_edge_inward_0.8deg,304,114.6,41.1,True
west_edge_inward_0.8deg,305,114.6,42.0,True
west_edge_inward_0.8deg,306,115.4,23.1,True
west_edge_inward_0.8deg,307,115.4,24.0,True
west_edge_inward_0.8deg,308,115.4,24.9,True
west_edge_inward_0.8deg,309,115.4,25.8,True
west_edge_inward_0.8deg,310,115.4,26.7,True
west_edge_inward_0.8deg,311,115.4,27.6,True
west_edge_inward_0.8deg,312,115.4,28.5,True
west_edge_inward_0.8deg,313,115.4,29.4,True
west_edge_inward_0.8deg,314,115.4,30.3,True
west_edge_inward_0.8deg,315,115.4,31.2,True
west_edge_inward_0.8deg,316,115.4,32.1,True
west_edge_inward_0.8deg,317,115.4,33.0,True
west_edge_inward_0.8deg,318,115.4,33.9,True
west_edge_inward_0.8deg,319,115.4,34.8,True
west_edge_inward_0.8deg,320,115.4,35.7,True
west_edge_inward_0.8deg,321,115.4,36.6,True
west_edge_inward_0.8deg,322,115.4,37.5,True
west_edge_inward_0.8deg,323,115.4,38.4,True
west_edge_inward_0.8deg,324,115.4,39.3,True
west_edge_inward_0.8deg,325,115.4,40.2,True
west_edge_inward_0.8deg,326,115.4,41.1,True
west_edge_inward_0.8deg,327,115.4,42.0,True
west_edge_inward_0.8deg,328,116.2,23.1,True
west_edge_inward_0.8deg,329,116.2,24.0,True
west_edge_inward_0.8deg,330,116.2,24.9,True
west_edge_inward_0.8deg,331,116.2,25.8,True
west_edge_inward_0.8deg,332,116.2,26.7,True
west_edge_inward_0.8deg,333,116.2,27.6,True
west_edge_inward_0.8deg,334,116.2,28.5,True
west_edge_inward_0.8deg,335,116.2,29.4,True
west_edge_inward_0.8deg,336,116.2,30.3,True
west_edge_inward_0.8deg,337,116.2,31.2,True
west_edge_inward_0.8deg,338,116.2,32.1,True
west_edge_inward_0.8deg,339,116.2,33.0,True
west_edge_inward_0.8deg,340,116.2,33.9,True
west_edge_inward_0.8deg,341,116.2,34.8,True
west_edge_inward_0.8deg,342,116.2,35.7,True
west_edge_inward_0.8deg,343,116.2,36.6,True
west_edge_inward_0.8deg,344,116.2,37.5,True
west_edge_inward_0.8deg,345,116.2,38.4,True
west_edge_inward_0.8deg,346,116.2,39.3,True
west_edge_inward_0.8deg,347,116.2,40.2,True
west_edge_inward_0.8deg,348,116.2,41.1,True
west_edge_inward_0.8deg,349,116.2,42.0,True
west_edge_inward_0.8deg,350,117.0,24.0,True
west_edge_inward_0.8deg,351,117.0,24.9,True
west_edge_inward_0.8deg,352,117.0,25.8,True
west_edge_inward_0.8deg,353,117.0,26.7,True
west_edge_inward_0.8deg,354,117.0,27.6,True
west_edge_inward_0.8deg,355,117.0,28.5,True
west_edge_inward_0.8deg,356,117.0,29.4,True
west_edge_inward_0.8deg,357,117.0,30.3,True
west_edge_inward_0.8deg,358,117.0,31.2,True
west_edge_inward_0.8deg,359,117.0,32.1,True
west_edge_inward_0.8deg,360,117.0,33.0,True
west_edge_inward_0.8deg,361,117.0,33.9,True
west_edge_inward_0.8deg,362,117.0,34.8,True
west_edge_inward_0.8deg,363,117.0,35.7,True
west_edge_inward_0.8deg,364,117.0,36.6,True
west_edge_inward_0.8deg,365,117.0,37.5,True
west_edge_inward_0.8deg,366,117.0,38.4,True
west_edge_inward_0.8deg,367,117.0,39.3,True
west_edge_inward_0.8deg,368,117.0,40.2,True
west_edge_inward_0.8deg,369,117.0,41.1,True
west_edge_inward_0.8deg,370,117.0,42.0,True
west_edge_inward_0.8deg,371,117.8,24.9,True
west_edge_inward_0.8deg,372,117.8,25.8,True
west_edge_inward_0.8deg,373,117.8,26.7,True
west_edge_inward_0.8deg,374,117.8,27.6,True
west_edge_inward_0.8deg,375,117.8,28.5,True
west_edge_inward_0.8deg,376,117.8,29.4,True
west_edge_inward_0.8deg,377,117.8,30.3,True
west_edge_inward_0.8deg,378,117.8,31.2,True
west_edge_inward_0.8deg,379,117.8,32.1,True
west_edge_inward_0.8deg,380,117.8,33.0,True
west_edge_inward_0.8deg,381,117.8,33.9,True
west_edge_inward_0.8deg,382,117.8,34.8,True
west_edge_inward_0.8deg,383,117.8,35.7,True
west_edge_inward_0.8deg,384,117.8,36.6,True
west_edge_inward_0.8deg,385,117.8,37.5,True
west_edge_inward_0.8deg,386,117.8,39.3,True
west_edge_inward_0.8deg,387,117.8,40.2,True
west_edge_inward_0.8deg,388,117.8,41.1,True
west_edge_inward_0.8deg,389,117.8,42.0,True
west_edge_inward_0.8deg,390,118.6,24.9,True
west_edge_inward_0.8deg,391,118.6,25.8,True
west_edge_inward_0.8deg,392,118.6,26.7,True
west_edge_inward_0.8deg,393,118.6,27.6,True
west_edge_inward_0.8deg,394,118.6,28.5,True
west_edge_inward_0.8deg,395,118.6,29.4,True
west_edge_inward_0.8deg,396,118.6,30.3,True
west_edge_inward_0.8deg,397,118.6,31.2,True
west_edge_inward_0.8deg,398,118.6,32.1,True
west_edge_inward_0.8deg,399,118.6,33.0,True
west_edge_inward_0.8deg,400,118.6,33.9,True
west_edge_inward_0.8deg,401,118.6,34.8,True
west_edge_inward_0.8deg,402,118.6,35.7,True
west_edge_inward_0.8deg,403,118.6,36.6,True
west_edge_inward_0.8deg,404,118.6,37.5,True
west_edge_inward_0.8deg,405,118.6,39.3,True
west_edge_inward_0.8deg,406,118.6,40.2,True
west_edge_inward_0.8deg,407,118.6,41.1,True
west_edge_inward_0.8deg,408,118.6,42.0,True
west_edge_inward_0.8deg,409,119.4,25.8,True
west_edge_inward_0.8deg,410,119.4,26.7,True
west_edge_inward_0.8deg,411,119.4,27.6,True
west_edge_inward_0.8deg,412,119.4,28.5,True
west_edge_inward_0.8deg,413,119.4,29.4,True
west_edge_inward_0.8deg,414,119.4,30.3,True
west_edge_inward_0.8deg,415,119.4,31.2,True
west_edge_inward_0.8deg,416,119.4,32.1,True
west_edge_inward_0.8deg,417,119.4,33.0,True
west_edge_inward_0.8deg,418,119.4,33.9,True
west_edge_inward_0.8deg,419,119.4,35.7,True
west_edge_inward_0.8deg,420,119.4,36.6,True
west_edge_inward_0.8deg,421,119.4,40.2,True
west_edge_inward_0.8deg,422,119.4,41.1,True
west_edge_inward_0.8deg,423,119.4,42.0,True
west_edge_inward_0.8deg,424,120.2,23.1,True
west_edge_inward_0.8deg,425,120.2,27.6,True
west_edge_inward_0.8deg,426,120.2,28.5,True
west_edge_inward_0.8deg,427,120.2,29.4,True
west_edge_inward_0.8deg,428,120.2,30.3,True
west_edge_inward_0.8deg,429,120.2,31.2,True
west_edge_inward_0.8deg,430,120.2,32.1,True
west_edge_inward_0.8deg,431,120.2,33.0,True
west_edge_inward_0.8deg,432,120.2,33.9,True
west_edge_inward_0.8deg,433,120.2,36.6,True
west_edge_inward_0.8deg,434,120.2,37.5,True
west_edge_inward_0.8deg,435,120.2,40.2,True
west_edge_inward_0.8deg,436,120.2,41.1,True
west_edge_inward_0.8deg,437,120.2,42.0,True
west_edge_inward_0.8deg,438,121.0,23.1,True
west_edge_inward_0.8deg,439,121.0,24.0,True
west_edge_inward_0.8deg,440,121.0,28.5,True
west_edge_inward_0.8deg,441,121.0,29.4,True
west_edge_inward_0.8deg,442,121.0,31.2,True
west_edge_inward_0.8deg,443,121.0,32.1,True
west_edge_inward_0.8deg,444,121.0,37.5,True
west_edge_inward_0.8deg,445,121.0,41.1,True
west_edge_inward_0.8deg,446,121.0,42.0,True
west_edge_inward_0.8deg,447,121.8,24.9,True
west_edge_inward_0.8deg,448,121.8,29.4,True
west_edge_inward_0.8deg,449,121.8,31.2,True
west_edge_inward_0.8deg,450,121.8,39.3,True
west_edge_inward_0.8deg,451,121.8,41.1,True
west_edge_inward_0.8deg,452,121.8,42.0,True
west_edge_inward_0.8deg,453,122.6,40.2,True
west_edge_inward_0.8deg,454,122.6,41.1,True
west_edge_inward_0.8deg,455,122.6,42.0,True
west_edge_inward_0.8deg,456,123.4,40.2,True
west_edge_inward_0.8deg,457,123.4,41.1,True
west_edge_inward_0.8deg,458,123.4,42.0,True
west_edge_inward_0.8deg,459,124.2,40.2,True
west_edge_inward_0.8deg,460,124.2,41.1,True
west_edge_inward_0.8deg,461,124.2,42.0,True
west_edge_inward_0.8deg,462,125.0,38.4,True
west_edge_inward_0.8deg,463,125.0,40.2,True
west_edge_inward_0.8deg,464,125.0,41.1,True
west_edge_inward_0.8deg,465,125.0,42.0,True
west_edge_inward_1.6deg,1,105.0,20.4,False
west_edge_inward_1.6deg,2,105.0,21.3,False
west_edge_inward_1.6deg,3,105.0,22.2,False
west_edge_inward_1.6deg,4,105.0,23.1,False
west_edge_inward_1.6deg,5,105.0,24.0,False
west_edge_inward_1.6deg,6,105.0,24.9,False
west_edge_inward_1.6deg,7,105.0,25.8,False
west_edge_inward_1.6deg,8,105.0,26.7,False
west_edge_inward_1.6deg,9,105.0,27.6,False
west_edge_inward_1.6deg,10,105.0,28.5,False
west_edge_inward_1.6deg,11,105.0,29.4,False
west_edge_inward_1.6deg,12,105.0,30.3,False
west_edge_inward_1.6deg,13,105.0,31.2,False
west_edge_inward_1.6deg,14,105.0,32.1,False
west_edge_inward_1.6deg,15,105.0,33.0,False
west_edge_inward_1.6deg,16,105.0,33.9,False
west_edge_inward_1.6deg,17,105.0,34.8,False
west_edge_inward_1.6deg,18,105.0,35.7,False
west_edge_inward_1.6deg,19,105.0,36.6,False
west_edge_inward_1.6deg,20,105.0,37.5,False
west_edge_inward_1.6deg,21,105.0,38.4,False
west_edge_inward_1.6deg,22,105.0,39.3,False
west_edge_inward_1.6deg,23,105.0,40.2,False
west_edge_inward_1.6deg,24,105.0,41.1,False
west_edge_inward_1.6deg,25,105.0,42.0,False
west_edge_inward_1.6deg,26,105.8,20.4,False
west_edge_inward_1.6deg,27,105.8,21.3,False
west_edge_inward_1.6deg,28,105.8,22.2,False
west_edge_inward_1.6deg,29,105.8,23.1,False
west_edge_inward_1.6deg,30,105.8,24.0,False
west_edge_inward_1.6deg,31,105.8,24.9,False
west_edge_inward_1.6deg,32,105.8,25.8,False
west_edge_inward_1.6deg,33,105.8,26.7,False
west_edge_inward_1.6deg,34,105.8,27.6,False
west_edge_inward_1.6deg,35,105.8,28.5,False
west_edge_inward_1.6deg,36,105.8,29.4,False
west_edge_inward_1.6deg,37,105.8,30.3,False
west_edge_inward_1.6deg,38,105.8,31.2,False
west_edge_inward_1.6deg,39,105.8,32.1,False
west_edge_inward_1.6deg,40,105.8,33.0,False
west_edge_inward_1.6deg,41,105.8,33.9,False
west_edge_inward_1.6deg,42,105.8,34.8,False
west_edge_inward_1.6deg,43,105.8,35.7,False
west_edge_inward_1.6deg,44,105.8,36.6,False
west_edge_inward_1.6deg,45,105.8,37.5,False
west_edge_inward_1.6deg,46,105.8,38.4,False
west_edge_inward_1.6deg,47,105.8,39.3,False
west_edge_inward_1.6deg,48,105.8,40.2,False
west_edge_inward_1.6deg,49,105.8,41.1,False
west_edge_inward_1.6deg,50,105.8,42.0,False
west_edge_inward_1.6deg,51,106.6,20.4,True
west_edge_inward_1.6deg,52,106.6,21.3,True
west_edge_inward_1.6deg,53,106.6,22.2,True
west_edge_inward_1.6deg,54,106.6,23.1,True
west_edge_inward_1.6deg,55,106.6,24.0,True
west_edge_inward_1.6deg,56,106.6,24.9,True
west_edge_inward_1.6deg,57,106.6,25.8,True
west_edge_inward_1.6deg,58,106.6,26.7,True
west_edge_inward_1.6deg,59,106.6,27.6,True
west_edge_inward_1.6deg,60,106.6,28.5,True
west_edge_inward_1.6deg,61,106.6,29.4,True
west_edge_inward_1.6deg,62,106.6,30.3,True
west_edge_inward_1.6deg,63,106.6,31.2,True
west_edge_inward_1.6deg,64,106.6,32.1,True
west_edge_inward_1.6deg,65,106.6,33.0,True
west_edge_inward_1.6deg,66,106.6,33.9,True
west_edge_inward_1.6deg,67,106.6,34.8,True
west_edge_inward_1.6deg,68,106.6,35.7,True
west_edge_inward_1.6deg,69,106.6,36.6,True
west_edge_inward_1.6deg,70,106.6,37.5,True
west_edge_inward_1.6deg,71,106.6,38.4,True
west_edge_inward_1.6deg,72,106.6,39.3,True
west_edge_inward_1.6deg,73,106.6,40.2,True
west_edge_inward_1.6deg,74,106.6,41.1,True
west_edge_inward_1.6deg,75,106.6,42.0,True
west_edge_inward_1.6deg,76,107.4,22.2,True
west_edge_inward_1.6deg,77,107.4,23.1,True
west_edge_inward_1.6deg,78,107.4,24.0,True
west_edge_inward_1.6deg,79,107.4,24.9,True
west_edge_inward_1.6deg,80,107.4,25.8,True
west_edge_inward_1.6deg,81,107.4,26.7,True
west_edge_inward_1.6deg,82,107.4,27.6,True
west_edge_inward_1.6deg,83,107.4,28.5,True
west_edge_inward_1.6deg,84,107.4,29.4,True
west_edge_inward_1.6deg,85,107.4,30.3,True
west_edge_inward_1.6deg,86,107.4,31.2,True
west_edge_inward_1.6deg,87,107.4,32.1,True
west_edge_inward_1.6deg,88,107.4,33.0,True
west_edge_inward_1.6deg,89,107.4,33.9,True
west_edge_inward_1.6deg,90,107.4,34.8,True
west_edge_inward_1.6deg,91,107.4,35.7,True
west_edge_inward_1.6deg,92,107.4,36.6,True
west_edge_inward_1.6deg,93,107.4,37.5,True
west_edge_inward_1.6deg,94,107.4,38.4,True
west_edge_inward_1.6deg,95,107.4,39.3,True
west_edge_inward_1.6deg,96,107.4,40.2,True
west_edge_inward_1.6deg,97,107.4,41.1,True
west_edge_inward_1.6deg,98,107.4,42.0,True
west_edge_inward_1.6deg,99,108.2,22.2,True
west_edge_inward_1.6deg,100,108.2,23.1,True
west_edge_inward_1.6deg,101,108.2,24.0,True
west_edge_inward_1.6deg,102,108.2,24.9,True
west_edge_inward_1.6deg,103,108.2,25.8,True
west_edge_inward_1.6deg,104,108.2,26.7,True
west_edge_inward_1.6deg,105,108.2,27.6,True
west_edge_inward_1.6deg,106,108.2,28.5,True
west_edge_inward_1.6deg,107,108.2,29.4,True
west_edge_inward_1.6deg,108,108.2,30.3,True
west_edge_inward_1.6deg,109,108.2,31.2,True
west_edge_inward_1.6deg,110,108.2,32.1,True
west_edge_inward_1.6deg,111,108.2,33.0,True
west_edge_inward_1.6deg,112,108.2,33.9,True
west_edge_inward_1.6deg,113,108.2,34.8,True
west_edge_inward_1.6deg,114,108.2,35.7,True
west_edge_inward_1.6deg,115,108.2,36.6,True
west_edge_inward_1.6deg,116,108.2,37.5,True
west_edge_inward_1.6deg,117,108.2,38.4,True
west_edge_inward_1.6deg,118,108.2,39.3,True
west_edge_inward_1.6deg,119,108.2,40.2,True
west_edge_inward_1.6deg,120,108.2,41.1,True
west_edge_inward_1.6deg,121,108.2,42.0,True
west_edge_inward_1.6deg,122,109.0,22.2,True
west_edge_inward_1.6deg,123,109.0,23.1,True
west_edge_inward_1.6deg,124,109.0,24.0,True
west_edge_inward_1.6deg,125,109.0,24.9,True
west_edge_inward_1.6deg,126,109.0,25.8,True
west_edge_inward_1.6deg,127,109.0,26.7,True
west_edge_inward_1.6deg,128,109.0,27.6,True
west_edge_inward_1.6deg,129,109.0,28.5,True
west_edge_inward_1.6deg,130,109.0,29.4,True
west_edge_inward_1.6deg,131,109.0,30.3,True
west_edge_inward_1.6deg,132,109.0,31.2,True
west_edge_inward_1.6deg,133,109.0,32.1,True
west_edge_inward_1.6deg,134,109.0,33.0,True
west_edge_inward_1.6deg,135,109.0,33.9,True
west_edge_inward_1.6deg,136,109.0,34.8,True
west_edge_inward_1.6deg,137,109.0,35.7,True
west_edge_inward_1.6deg,138,109.0,36.6,True
west_edge_inward_1.6deg,139,109.0,37.5,True
west_edge_inward_1.6deg,140,109.0,38.4,True
west_edge_inward_1.6deg,141,109.0,39.3,True
west_edge_inward_1.6deg,142,109.0,40.2,True
west_edge_inward_1.6deg,143,109.0,41.1,True
west_edge_inward_1.6deg,144,109.0,42.0,True
west_edge_inward_1.6deg,145,109.8,21.3,True
west_edge_inward_1.6deg,146,109.8,22.2,True
west_edge_inward_1.6deg,147,109.8,23.1,True
west_edge_inward_1.6deg,148,109.8,24.0,True
west_edge_inward_1.6deg,149,109.8,24.9,True
west_edge_inward_1.6deg,150,109.8,25.8,True
west_edge_inward_1.6deg,151,109.8,26.7,True
west_edge_inward_1.6deg,152,109.8,27.6,True
west_edge_inward_1.6deg,153,109.8,28.5,True
west_edge_inward_1.6deg,154,109.8,29.4,True
west_edge_inward_1.6deg,155,109.8,30.3,True
west_edge_inward_1.6deg,156,109.8,31.2,True
west_edge_inward_1.6deg,157,109.8,32.1,True
west_edge_inward_1.6deg,158,109.8,33.0,True
west_edge_inward_1.6deg,159,109.8,33.9,True
west_edge_inward_1.6deg,160,109.8,34.8,True
west_edge_inward_1.6deg,161,109.8,35.7,True
west_edge_inward_1.6deg,162,109.8,36.6,True
west_edge_inward_1.6deg,163,109.8,37.5,True
west_edge_inward_1.6deg,164,109.8,38.4,True
west_edge_inward_1.6deg,165,109.8,39.3,True
west_edge_inward_1.6deg,166,109.8,40.2,True
west_edge_inward_1.6deg,167,109.8,41.1,True
west_edge_inward_1.6deg,168,109.8,42.0,True
west_edge_inward_1.6deg,169,110.6,21.3,True
west_edge_inward_1.6deg,170,110.6,22.2,True
west_edge_inward_1.6deg,171,110.6,23.1,True
west_edge_inward_1.6deg,172,110.6,24.0,True
west_edge_inward_1.6deg,173,110.6,24.9,True
west_edge_inward_1.6deg,174,110.6,25.8,True
west_edge_inward_1.6deg,175,110.6,26.7,True
west_edge_inward_1.6deg,176,110.6,27.6,True
west_edge_inward_1.6deg,177,110.6,28.5,True
west_edge_inward_1.6deg,178,110.6,29.4,True
west_edge_inward_1.6deg,179,110.6,30.3,True
west_edge_inward_1.6deg,180,110.6,31.2,True
west_edge_inward_1.6deg,181,110.6,32.1,True
west_edge_inward_1.6deg,182,110.6,33.0,True
west_edge_inward_1.6deg,183,110.6,33.9,True
west_edge_inward_1.6deg,184,110.6,34.8,True
west_edge_inward_1.6deg,185,110.6,35.7,True
west_edge_inward_1.6deg,186,110.6,36.6,True
west_edge_inward_1.6deg,187,110.6,37.5,True
west_edge_inward_1.6deg,188,110.6,38.4,True
west_edge_inward_1.6deg,189,110.6,39.3,True
west_edge_inward_1.6deg,190,110.6,40.2,True
west_edge_inward_1.6deg,191,110.6,41.1,True
west_edge_inward_1.6deg,192,110.6,42.0,True
west_edge_inward_1.6deg,193,111.4,22.2,True
west_edge_inward_1.6deg,194,111.4,23.1,True
west_edge_inward_1.6deg,195,111.4,24.0,True
west_edge_inward_1.6deg,196,111.4,24.9,True
west_edge_inward_1.6deg,197,111.4,25.8,True
west_edge_inward_1.6deg,198,111.4,26.7,True
west_edge_inward_1.6deg,199,111.4,27.6,True
west_edge_inward_1.6deg,200,111.4,28.5,True
west_edge_inward_1.6deg,201,111.4,29.4,True
west_edge_inward_1.6deg,202,111.4,30.3,True
west_edge_inward_1.6deg,203,111.4,31.2,True
west_edge_inward_1.6deg,204,111.4,32.1,True
west_edge_inward_1.6deg,205,111.4,33.0,True
west_edge_inward_1.6deg,206,111.4,33.9,True
west_edge_inward_1.6deg,207,111.4,34.8,True
west_edge_inward_1.6deg,208,111.4,35.7,True
west_edge_inward_1.6deg,209,111.4,36.6,True
west_edge_inward_1.6deg,210,111.4,37.5,True
west_edge_inward_1.6deg,211,111.4,38.4,True
west_edge_inward_1.6deg,212,111.4,39.3,True
west_edge_inward_1.6deg,213,111.4,40.2,True
west_edge_inward_1.6deg,214,111.4,41.1,True
west_edge_inward_1.6deg,215,111.4,42.0,True
west_edge_inward_1.6deg,216,112.2,22.2,True
west_edge_inward_1.6deg,217,112.2,23.1,True
west_edge_inward_1.6deg,218,112.2,24.0,True
west_edge_inward_1.6deg,219,112.2,24.9,True
west_edge_inward_1.6deg,220,112.2,25.8,True
west_edge_inward_1.6deg,221,112.2,26.7,True
west_edge_inward_1.6deg,222,112.2,27.6,True
west_edge_inward_1.6deg,223,112.2,28.5,True
west_edge_inward_1.6deg,224,112.2,29.4,True
west_edge_inward_1.6deg,225,112.2,30.3,True
west_edge_inward_1.6deg,226,112.2,31.2,True
west_edge_inward_1.6deg,227,112.2,32.1,True
west_edge_inward_1.6deg,228,112.2,33.0,True
west_edge_inward_1.6deg,229,112.2,33.9,True
west_edge_inward_1.6deg,230,112.2,34.8,True
west_edge_inward_1.6deg,231,112.2,35.7,True
west_edge_inward_1.6deg,232,112.2,36.6,True
west_edge_inward_1.6deg,233,112.2,37.5,True
west_edge_inward_1.6deg,234,112.2,38.4,True
west_edge_inward_1.6deg,235,112.2,39.3,True
west_edge_inward_1.6deg,236,112.2,40.2,True
west_edge_inward_1.6deg,237,112.2,41.1,True
west_edge_inward_1.6deg,238,112.2,42.0,True
west_edge_inward_1.6deg,239,113.0,22.2,True
west_edge_inward_1.6deg,240,113.0,23.1,True
west_edge_inward_1.6deg,241,113.0,24.0,True
west_edge_inward_1.6deg,242,113.0,24.9,True
west_edge_inward_1.6deg,243,113.0,25.8,True
west_edge_inward_1.6deg,244,113.0,26.7,True
west_edge_inward_1.6deg,245,113.0,27.6,True
west_edge_inward_1.6deg,246,113.0,28.5,True
west_edge_inward_1.6deg,247,113.0,29.4,True
west_edge_inward_1.6deg,248,113.0,30.3,True
west_edge_inward_1.6deg,249,113.0,31.2,True
west_edge_inward_1.6deg,250,113.0,32.1,True
west_edge_inward_1.6deg,251,113.0,33.0,True
west_edge_inward_1.6deg,252,113.0,33.9,True
west_edge_inward_1.6deg,253,113.0,34.8,True
west_edge_inward_1.6deg,254,113.0,35.7,True
west_edge_inward_1.6deg,255,113.0,36.6,True
west_edge_inward_1.6deg,256,113.0,37.5,True
west_edge_inward_1.6deg,257,113.0,38.4,True
west_edge_inward_1.6deg,258,113.0,39.3,True
west_edge_inward_1.6deg,259,113.0,40.2,True
west_edge_inward_1.6deg,260,113.0,41.1,True
west_edge_inward_1.6deg,261,113.0,42.0,True
west_edge_inward_1.6deg,262,113.8,23.1,True
west_edge_inward_1.6deg,263,113.8,24.0,True
west_edge_inward_1.6deg,264,113.8,24.9,True
west_edge_inward_1.6deg,265,113.8,25.8,True
west_edge_inward_1.6deg,266,113.8,26.7,True
west_edge_inward_1.6deg,267,113.8,27.6,True
west_edge_inward_1.6deg,268,113.8,28.5,True
west_edge_inward_1.6deg,269,113.8,29.4,True
west_edge_inward_1.6deg,270,113.8,30.3,True
west_edge_inward_1.6deg,271,113.8,31.2,True
west_edge_inward_1.6deg,272,113.8,32.1,True
west_edge_inward_1.6deg,273,113.8,33.0,True
west_edge_inward_1.6deg,274,113.8,33.9,True
west_edge_inward_1.6deg,275,113.8,34.8,True
west_edge_inward_1.6deg,276,113.8,35.7,True
west_edge_inward_1.6deg,277,113.8,36.6,True
west_edge_inward_1.6deg,278,113.8,37.5,True
west_edge_inward_1.6deg,279,113.8,38.4,True
west_edge_inward_1.6deg,280,113.8,39.3,True
west_edge_inward_1.6deg,281,113.8,40.2,True
west_edge_inward_1.6deg,282,113.8,41.1,True
west_edge_inward_1.6deg,283,113.8,42.0,True
west_edge_inward_1.6deg,284,114.6,23.1,True
west_edge_inward_1.6deg,285,114.6,24.0,True
west_edge_inward_1.6deg,286,114.6,24.9,True
west_edge_inward_1.6deg,287,114.6,25.8,True
west_edge_inward_1.6deg,288,114.6,26.7,True
west_edge_inward_1.6deg,289,114.6,27.6,True
west_edge_inward_1.6deg,290,114.6,28.5,True
west_edge_inward_1.6deg,291,114.6,29.4,True
west_edge_inward_1.6deg,292,114.6,30.3,True
west_edge_inward_1.6deg,293,114.6,31.2,True
west_edge_inward_1.6deg,294,114.6,32.1,True
west_edge_inward_1.6deg,295,114.6,33.0,True
west_edge_inward_1.6deg,296,114.6,33.9,True
west_edge_inward_1.6deg,297,114.6,34.8,True
west_edge_inward_1.6deg,298,114.6,35.7,True
west_edge_inward_1.6deg,299,114.6,36.6,True
west_edge_inward_1.6deg,300,114.6,37.5,True
west_edge_inward_1.6deg,301,114.6,38.4,True
west_edge_inward_1.6deg,302,114.6,39.3,True
west_edge_inward_1.6deg,303,114.6,40.2,True
west_edge_inward_1.6deg,304,114.6,41.1,True
west_edge_inward_1.6deg,305,114.6,42.0,True
west_edge_inward_1.6deg,306,115.4,23.1,True
west_edge_inward_1.6deg,307,115.4,24.0,True
west_edge_inward_1.6deg,308,115.4,24.9,True
west_edge_inward_1.6deg,309,115.4,25.8,True
west_edge_inward_1.6deg,310,115.4,26.7,True
west_edge_inward_1.6deg,311,115.4,27.6,True
west_edge_inward_1.6deg,312,115.4,28.5,True
west_edge_inward_1.6deg,313,115.4,29.4,True
west_edge_inward_1.6deg,314,115.4,30.3,True
west_edge_inward_1.6deg,315,115.4,31.2,True
west_edge_inward_1.6deg,316,115.4,32.1,True
west_edge_inward_1.6deg,317,115.4,33.0,True
west_edge_inward_1.6deg,318,115.4,33.9,True
west_edge_inward_1.6deg,319,115.4,34.8,True
west_edge_inward_1.6deg,320,115.4,35.7,True
west_edge_inward_1.6deg,321,115.4,36.6,True
west_edge_inward_1.6deg,322,115.4,37.5,True
west_edge_inward_1.6deg,323,115.4,38.4,True
west_edge_inward_1.6deg,324,115.4,39.3,True
west_edge_inward_1.6deg,325,115.4,40.2,True
west_edge_inward_1.6deg,326,115.4,41.1,True
west_edge_inward_1.6deg,327,115.4,42.0,True
west_edge_inward_1.6deg,328,116.2,23.1,True
west_edge_inward_1.6deg,329,116.2,24.0,True
west_edge_inward_1.6deg,330,116.2,24.9,True
west_edge_inward_1.6deg,331,116.2,25.8,True
west_edge_inward_1.6deg,332,116.2,26.7,True
west_edge_inward_1.6deg,333,116.2,27.6,True
west_edge_inward_1.6deg,334,116.2,28.5,True
west_edge_inward_1.6deg,335,116.2,29.4,True
west_edge_inward_1.6deg,336,116.2,30.3,True
west_edge_inward_1.6deg,337,116.2,31.2,True
west_edge_inward_1.6deg,338,116.2,32.1,True
west_edge_inward_1.6deg,339,116.2,33.0,True
west_edge_inward_1.6deg,340,116.2,33.9,True
west_edge_inward_1.6deg,341,116.2,34.8,True
west_edge_inward_1.6deg,342,116.2,35.7,True
west_edge_inward_1.6deg,343,116.2,36.6,True
west_edge_inward_1.6deg,344,116.2,37.5,True
west_edge_inward_1.6deg,345,116.2,38.4,True
west_edge_inward_1.6deg,346,116.2,39.3,True
west_edge_inward_1.6deg,347,116.2,40.2,True
west_edge_inward_1.6deg,348,116.2,41.1,True
west_edge_inward_1.6deg,349,116.2,42.0,True
west_edge_inward_1.6deg,350,117.0,24.0,True
west_edge_inward_1.6deg,351,117.0,24.9,True
west_edge_inward_1.6deg,352,117.0,25.8,True
west_edge_inward_1.6deg,353,117.0,26.7,True
west_edge_inward_1.6deg,354,117.0,27.6,True
west_edge_inward_1.6deg,355,117.0,28.5,True
west_edge_inward_1.6deg,356,117.0,29.4,True
west_edge_inward_1.6deg,357,117.0,30.3,True
west_edge_inward_1.6deg,358,117.0,31.2,True
west_edge_inward_1.6deg,359,117.0,32.1,True
west_edge_inward_1.6deg,360,117.0,33.0,True
west_edge_inward_1.6deg,361,117.0,33.9,True
west_edge_inward_1.6deg,362,117.0,34.8,True
west_edge_inward_1.6deg,363,117.0,35.7,True
west_edge_inward_1.6deg,364,117.0,36.6,True
west_edge_inward_1.6deg,365,117.0,37.5,True
west_edge_inward_1.6deg,366,117.0,38.4,True
west_edge_inward_1.6deg,367,117.0,39.3,True
west_edge_inward_1.6deg,368,117.0,40.2,True
west_edge_inward_1.6deg,369,117.0,41.1,True
west_edge_inward_1.6deg,370,117.0,42.0,True
west_edge_inward_1.6deg,371,117.8,24.9,True
west_edge_inward_1.6deg,372,117.8,25.8,True
west_edge_inward_1.6deg,373,117.8,26.7,True
west_edge_inward_1.6deg,374,117.8,27.6,True
west_edge_inward_1.6deg,375,117.8,28.5,True
west_edge_inward_1.6deg,376,117.8,29.4,True
west_edge_inward_1.6deg,377,117.8,30.3,True
west_edge_inward_1.6deg,378,117.8,31.2,True
west_edge_inward_1.6deg,379,117.8,32.1,True
west_edge_inward_1.6deg,380,117.8,33.0,True
west_edge_inward_1.6deg,381,117.8,33.9,True
west_edge_inward_1.6deg,382,117.8,34.8,True
west_edge_inward_1.6deg,383,117.8,35.7,True
west_edge_inward_1.6deg,384,117.8,36.6,True
west_edge_inward_1.6deg,385,117.8,37.5,True
west_edge_inward_1.6deg,386,117.8,39.3,True
west_edge_inward_1.6deg,387,117.8,40.2,True
west_edge_inward_1.6deg,388,117.8,41.1,True
west_edge_inward_1.6deg,389,117.8,42.0,True
west_edge_inward_1.6deg,390,118.6,24.9,True
west_edge_inward_1.6deg,391,118.6,25.8,True
west_edge_inward_1.6deg,392,118.6,26.7,True
west_edge_inward_1.6deg,393,118.6,27.6,True
west_edge_inward_1.6deg,394,118.6,28.5,True
west_edge_inward_1.6deg,395,118.6,29.4,True
west_edge_inward_1.6deg,396,118.6,30.3,True
west_edge_inward_1.6deg,397,118.6,31.2,True
west_edge_inward_1.6deg,398,118.6,32.1,True
west_edge_inward_1.6deg,399,118.6,33.0,True
west_edge_inward_1.6deg,400,118.6,33.9,True
west_edge_inward_1.6deg,401,118.6,34.8,True
west_edge_inward_1.6deg,402,118.6,35.7,True
west_edge_inward_1.6deg,403,118.6,36.6,True
west_edge_inward_1.6deg,404,118.6,37.5,True
west_edge_inward_1.6deg,405,118.6,39.3,True
west_edge_inward_1.6deg,406,118.6,40.2,True
west_edge_inward_1.6deg,407,118.6,41.1,True
west_edge_inward_1.6deg,408,118.6,42.0,True
west_edge_inward_1.6deg,409,119.4,25.8,True
west_edge_inward_1.6deg,410,119.4,26.7,True
west_edge_inward_1.6deg,411,119.4,27.6,True
west_edge_inward_1.6deg,412,119.4,28.5,True
west_edge_inward_1.6deg,413,119.4,29.4,True
west_edge_inward_1.6deg,414,119.4,30.3,True
west_edge_inward_1.6deg,415,119.4,31.2,True
west_edge_inward_1.6deg,416,119.4,32.1,True
west_edge_inward_1.6deg,417,119.4,33.0,True
west_edge_inward_1.6deg,418,119.4,33.9,True
west_edge_inward_1.6deg,419,119.4,35.7,True
west_edge_inward_1.6deg,420,119.4,36.6,True
west_edge_inward_1.6deg,421,119.4,40.2,True
west_edge_inward_1.6deg,422,119.4,41.1,True
west_edge_inward_1.6deg,423,119.4,42.0,True
west_edge_inward_1.6deg,424,120.2,23.1,True
west_edge_inward_1.6deg,425,120.2,27.6,True
west_edge_inward_1.6deg,426,120.2,28.5,True
west_edge_inward_1.6deg,427,120.2,29.4,True
west_edge_inward_1.6deg,428,120.2,30.3,True
west_edge_inward_1.6deg,429,120.2,31.2,True
west_edge_inward_1.6deg,430,120.2,32.1,True
west_edge_inward_1.6deg,431,120.2,33.0,True
west_edge_inward_1.6deg,432,120.2,33.9,True
west_edge_inward_1.6deg,433,120.2,36.6,True
west_edge_inward_1.6deg,434,120.2,37.5,True
west_edge_inward_1.6deg,435,120.2,40.2,True
west_edge_inward_1.6deg,436,120.2,41.1,True
west_edge_inward_1.6deg,437,120.2,42.0,True
west_edge_inward_1.6deg,438,121.0,23.1,True
west_edge_inward_1.6deg,439,121.0,24.0,True
west_edge_inward_1.6deg,440,121.0,28.5,True
west_edge_inward_1.6deg,441,121.0,29.4,True
west_edge_inward_1.6deg,442,121.0,31.2,True
west_edge_inward_1.6deg,443,121.0,32.1,True
west_edge_inward_1.6deg,444,121.0,37.5,True
west_edge_inward_1.6deg,445,121.0,41.1,True
west_edge_inward_1.6deg,446,121.0,42.0,True
west_edge_inward_1.6deg,447,121.8,24.9,True
west_edge_inward_1.6deg,448,121.8,29.4,True
west_edge_inward_1.6deg,449,121.8,31.2,True
west_edge_inward_1.6deg,450,121.8,39.3,True
west_edge_inward_1.6deg,451,121.8,41.1,True
west_edge_inward_1.6deg,452,121.8,42.0,True
west_edge_inward_1.6deg,453,122.6,40.2,True
west_edge_inward_1.6deg,454,122.6,41.1,True
west_edge_inward_1.6deg,455,122.6,42.0,True
west_edge_inward_1.6deg,456,123.4,40.2,True
west_edge_inward_1.6deg,457,123.4,41.1,True
west_edge_inward_1.6deg,458,123.4,42.0,True
west_edge_inward_1.6deg,459,124.2,40.2,True
west_edge_inward_1.6deg,460,124.2,41.1,True
west_edge_inward_1.6deg,461,124.2,42.0,True
west_edge_inward_1.6deg,462,125.0,38.4,True
west_edge_inward_1.6deg,463,125.0,40.2,True
west_edge_inward_1.6deg,464,125.0,41.1,True
west_edge_inward_1.6deg,465,125.0,42.0,True
east_edge_inward_0.8deg,1,105.0,20.4,True
east_edge_inward_0.8deg,2,105.0,21.3,True
east_edge_inward_0.8deg,3,105.0,22.2,True
east_edge_inward_0.8deg,4,105.0,23.1,True
east_edge_inward_0.8deg,5,105.0,24.0,True
east_edge_inward_0.8deg,6,105.0,24.9,True
east_edge_inward_0.8deg,7,105.0,25.8,True
east_edge_inward_0.8deg,8,105.0,26.7,True
east_edge_inward_0.8deg,9,105.0,27.6,True
east_edge_inward_0.8deg,10,105.0,28.5,True
east_edge_inward_0.8deg,11,105.0,29.4,True
east_edge_inward_0.8deg,12,105.0,30.3,True
east_edge_inward_0.8deg,13,105.0,31.2,True
east_edge_inward_0.8deg,14,105.0,32.1,True
east_edge_inward_0.8deg,15,105.0,33.0,True
east_edge_inward_0.8deg,16,105.0,33.9,True
east_edge_inward_0.8deg,17,105.0,34.8,True
east_edge_inward_0.8deg,18,105.0,35.7,True
east_edge_inward_0.8deg,19,105.0,36.6,True
east_edge_inward_0.8deg,20,105.0,37.5,True
east_edge_inward_0.8deg,21,105.0,38.4,True
east_edge_inward_0.8deg,22,105.0,39.3,True
east_edge_inward_0.8deg,23,105.0,40.2,True
east_edge_inward_0.8deg,24,105.0,41.1,True
east_edge_inward_0.8deg,25,105.0,42.0,True
east_edge_inward_0.8deg,26,105.8,20.4,True
east_edge_inward_0.8deg,27,105.8,21.3,True
east_edge_inward_0.8deg,28,105.8,22.2,True
east_edge_inward_0.8deg,29,105.8,23.1,True
east_edge_inward_0.8deg,30,105.8,24.0,True
east_edge_inward_0.8deg,31,105.8,24.9,True
east_edge_inward_0.8deg,32,105.8,25.8,True
east_edge_inward_0.8deg,33,105.8,26.7,True
east_edge_inward_0.8deg,34,105.8,27.6,True
east_edge_inward_0.8deg,35,105.8,28.5,True
east_edge_inward_0.8deg,36,105.8,29.4,True
east_edge_inward_0.8deg,37,105.8,30.3,True
east_edge_inward_0.8deg,38,105.8,31.2,True
east_edge_inward_0.8deg,39,105.8,32.1,True
east_edge_inward_0.8deg,40,105.8,33.0,True
east_edge_inward_0.8deg,41,105.8,33.9,True
east_edge_inward_0.8deg,42,105.8,34.8,True
east_edge_inward_0.8deg,43,105.8,35.7,True
east_edge_inward_0.8deg,44,105.8,36.6,True
east_edge_inward_0.8deg,45,105.8,37.5,True
east_edge_inward_0.8deg,46,105.8,38.4,True
east_edge_inward_0.8deg,47,105.8,39.3,True
east_edge_inward_0.8deg,48,105.8,40.2,True
east_edge_inward_0.8deg,49,105.8,41.1,True
east_edge_inward_0.8deg,50,105.8,42.0,True
east_edge_inward_0.8deg,51,106.6,20.4,True
east_edge_inward_0.8deg,52,106.6,21.3,True
east_edge_inward_0.8deg,53,106.6,22.2,True
east_edge_inward_0.8deg,54,106.6,23.1,True
east_edge_inward_0.8deg,55,106.6,24.0,True
east_edge_inward_0.8deg,56,106.6,24.9,True
east_edge_inward_0.8deg,57,106.6,25.8,True
east_edge_inward_0.8deg,58,106.6,26.7,True
east_edge_inward_0.8deg,59,106.6,27.6,True
east_edge_inward_0.8deg,60,106.6,28.5,True
east_edge_inward_0.8deg,61,106.6,29.4,True
east_edge_inward_0.8deg,62,106.6,30.3,True
east_edge_inward_0.8deg,63,106.6,31.2,True
east_edge_inward_0.8deg,64,106.6,32.1,True
east_edge_inward_0.8deg,65,106.6,33.0,True
east_edge_inward_0.8deg,66,106.6,33.9,True
east_edge_inward_0.8deg,67,106.6,34.8,True
east_edge_inward_0.8deg,68,106.6,35.7,True
east_edge_inward_0.8deg,69,106.6,36.6,True
east_edge_inward_0.8deg,70,106.6,37.5,True
east_edge_inward_0.8deg,71,106.6,38.4,True
east_edge_inward_0.8deg,72,106.6,39.3,True
east_edge_inward_0.8deg,73,106.6,40.2,True
east_edge_inward_0.8deg,74,106.6,41.1,True
east_edge_inward_0.8deg,75,106.6,42.0,True
east_edge_inward_0.8deg,76,107.4,22.2,True
east_edge_inward_0.8deg,77,107.4,23.1,True
east_edge_inward_0.8deg,78,107.4,24.0,True
east_edge_inward_0.8deg,79,107.4,24.9,True
east_edge_inward_0.8deg,80,107.4,25.8,True
east_edge_inward_0.8deg,81,107.4,26.7,True
east_edge_inward_0.8deg,82,107.4,27.6,True
east_edge_inward_0.8deg,83,107.4,28.5,True
east_edge_inward_0.8deg,84,107.4,29.4,True
east_edge_inward_0.8deg,85,107.4,30.3,True
east_edge_inward_0.8deg,86,107.4,31.2,True
east_edge_inward_0.8deg,87,107.4,32.1,True
east_edge_inward_0.8deg,88,107.4,33.0,True
east_edge_inward_0.8deg,89,107.4,33.9,True
east_edge_inward_0.8deg,90,107.4,34.8,True
east_edge_inward_0.8deg,91,107.4,35.7,True
east_edge_inward_0.8deg,92,107.4,36.6,True
east_edge_inward_0.8deg,93,107.4,37.5,True
east_edge_inward_0.8deg,94,107.4,38.4,True
east_edge_inward_0.8deg,95,107.4,39.3,True
east_edge_inward_0.8deg,96,107.4,40.2,True
east_edge_inward_0.8deg,97,107.4,41.1,True
east_edge_inward_0.8deg,98,107.4,42.0,True
east_edge_inward_0.8deg,99,108.2,22.2,True
east_edge_inward_0.8deg,100,108.2,23.1,True
east_edge_inward_0.8deg,101,108.2,24.0,True
east_edge_inward_0.8deg,102,108.2,24.9,True
east_edge_inward_0.8deg,103,108.2,25.8,True
east_edge_inward_0.8deg,104,108.2,26.7,True
east_edge_inward_0.8deg,105,108.2,27.6,True
east_edge_inward_0.8deg,106,108.2,28.5,True
east_edge_inward_0.8deg,107,108.2,29.4,True
east_edge_inward_0.8deg,108,108.2,30.3,True
east_edge_inward_0.8deg,109,108.2,31.2,True
east_edge_inward_0.8deg,110,108.2,32.1,True
east_edge_inward_0.8deg,111,108.2,33.0,True
east_edge_inward_0.8deg,112,108.2,33.9,True
east_edge_inward_0.8deg,113,108.2,34.8,True
east_edge_inward_0.8deg,114,108.2,35.7,True
east_edge_inward_0.8deg,115,108.2,36.6,True
east_edge_inward_0.8deg,116,108.2,37.5,True
east_edge_inward_0.8deg,117,108.2,38.4,True
east_edge_inward_0.8deg,118,108.2,39.3,True
east_edge_inward_0.8deg,119,108.2,40.2,True
east_edge_inward_0.8deg,120,108.2,41.1,True
east_edge_inward_0.8deg,121,108.2,42.0,True
east_edge_inward_0.8deg,122,109.0,22.2,True
east_edge_inward_0.8deg,123,109.0,23.1,True
east_edge_inward_0.8deg,124,109.0,24.0,True
east_edge_inward_0.8deg,125,109.0,24.9,True
east_edge_inward_0.8deg,126,109.0,25.8,True
east_edge_inward_0.8deg,127,109.0,26.7,True
east_edge_inward_0.8deg,128,109.0,27.6,True
east_edge_inward_0.8deg,129,109.0,28.5,True
east_edge_inward_0.8deg,130,109.0,29.4,True
east_edge_inward_0.8deg,131,109.0,30.3,True
east_edge_inward_0.8deg,132,109.0,31.2,True
east_edge_inward_0.8deg,133,109.0,32.1,True
east_edge_inward_0.8deg,134,109.0,33.0,True
east_edge_inward_0.8deg,135,109.0,33.9,True
east_edge_inward_0.8deg,136,109.0,34.8,True
east_edge_inward_0.8deg,137,109.0,35.7,True
east_edge_inward_0.8deg,138,109.0,36.6,True
east_edge_inward_0.8deg,139,109.0,37.5,True
east_edge_inward_0.8deg,140,109.0,38.4,True
east_edge_inward_0.8deg,141,109.0,39.3,True
east_edge_inward_0.8deg,142,109.0,40.2,True
east_edge_inward_0.8deg,143,109.0,41.1,True
east_edge_inward_0.8deg,144,109.0,42.0,True
east_edge_inward_0.8deg,145,109.8,21.3,True
east_edge_inward_0.8deg,146,109.8,22.2,True
east_edge_inward_0.8deg,147,109.8,23.1,True
east_edge_inward_0.8deg,148,109.8,24.0,True
east_edge_inward_0.8deg,149,109.8,24.9,True
east_edge_inward_0.8deg,150,109.8,25.8,True
east_edge_inward_0.8deg,151,109.8,26.7,True
east_edge_inward_0.8deg,152,109.8,27.6,True
east_edge_inward_0.8deg,153,109.8,28.5,True
east_edge_inward_0.8deg,154,109.8,29.4,True
east_edge_inward_0.8deg,155,109.8,30.3,True
east_edge_inward_0.8deg,156,109.8,31.2,True
east_edge_inward_0.8deg,157,109.8,32.1,True
east_edge_inward_0.8deg,158,109.8,33.0,True
east_edge_inward_0.8deg,159,109.8,33.9,True
east_edge_inward_0.8deg,160,109.8,34.8,True
east_edge_inward_0.8deg,161,109.8,35.7,True
east_edge_inward_0.8deg,162,109.8,36.6,True
east_edge_inward_0.8deg,163,109.8,37.5,True
east_edge_inward_0.8deg,164,109.8,38.4,True
east_edge_inward_0.8deg,165,109.8,39.3,True
east_edge_inward_0.8deg,166,109.8,40.2,True
east_edge_inward_0.8deg,167,109.8,41.1,True
east_edge_inward_0.8deg,168,109.8,42.0,True
east_edge_inward_0.8deg,169,110.6,21.3,True
east_edge_inward_0.8deg,170,110.6,22.2,True
east_edge_inward_0.8deg,171,110.6,23.1,True
east_edge_inward_0.8deg,172,110.6,24.0,True
east_edge_inward_0.8deg,173,110.6,24.9,True
east_edge_inward_0.8deg,174,110.6,25.8,True
east_edge_inward_0.8deg,175,110.6,26.7,True
east_edge_inward_0.8deg,176,110.6,27.6,True
east_edge_inward_0.8deg,177,110.6,28.5,True
east_edge_inward_0.8deg,178,110.6,29.4,True
east_edge_inward_0.8deg,179,110.6,30.3,True
east_edge_inward_0.8deg,180,110.6,31.2,True
east_edge_inward_0.8deg,181,110.6,32.1,True
east_edge_inward_0.8deg,182,110.6,33.0,True
east_edge_inward_0.8deg,183,110.6,33.9,True
east_edge_inward_0.8deg,184,110.6,34.8,True
east_edge_inward_0.8deg,185,110.6,35.7,True
east_edge_inward_0.8deg,186,110.6,36.6,True
east_edge_inward_0.8deg,187,110.6,37.5,True
east_edge_inward_0.8deg,188,110.6,38.4,True
east_edge_inward_0.8deg,189,110.6,39.3,True
east_edge_inward_0.8deg,190,110.6,40.2,True
east_edge_inward_0.8deg,191,110.6,41.1,True
east_edge_inward_0.8deg,192,110.6,42.0,True
east_edge_inward_0.8deg,193,111.4,22.2,True
east_edge_inward_0.8deg,194,111.4,23.1,True
east_edge_inward_0.8deg,195,111.4,24.0,True
east_edge_inward_0.8deg,196,111.4,24.9,True
east_edge_inward_0.8deg,197,111.4,25.8,True
east_edge_inward_0.8deg,198,111.4,26.7,True
east_edge_inward_0.8deg,199,111.4,27.6,True
east_edge_inward_0.8deg,200,111.4,28.5,True
east_edge_inward_0.8deg,201,111.4,29.4,True
east_edge_inward_0.8deg,202,111.4,30.3,True
east_edge_inward_0.8deg,203,111.4,31.2,True
east_edge_inward_0.8deg,204,111.4,32.1,True
east_edge_inward_0.8deg,205,111.4,33.0,True
east_edge_inward_0.8deg,206,111.4,33.9,True
east_edge_inward_0.8deg,207,111.4,34.8,True
east_edge_inward_0.8deg,208,111.4,35.7,True
east_edge_inward_0.8deg,209,111.4,36.6,True
east_edge_inward_0.8deg,210,111.4,37.5,True
east_edge_inward_0.8deg,211,111.4,38.4,True
east_edge_inward_0.8deg,212,111.4,39.3,True
east_edge_inward_0.8deg,213,111.4,40.2,True
east_edge_inward_0.8deg,214,111.4,41.1,True
east_edge_inward_0.8deg,215,111.4,42.0,True
east_edge_inward_0.8deg,216,112.2,22.2,True
east_edge_inward_0.8deg,217,112.2,23.1,True
east_edge_inward_0.8deg,218,112.2,24.0,True
east_edge_inward_0.8deg,219,112.2,24.9,True
east_edge_inward_0.8deg,220,112.2,25.8,True
east_edge_inward_0.8deg,221,112.2,26.7,True
east_edge_inward_0.8deg,222,112.2,27.6,True
east_edge_inward_0.8deg,223,112.2,28.5,True
east_edge_inward_0.8deg,224,112.2,29.4,True
east_edge_inward_0.8deg,225,112.2,30.3,True
east_edge_inward_0.8deg,226,112.2,31.2,True
east_edge_inward_0.8deg,227,112.2,32.1,True
east_edge_inward_0.8deg,228,112.2,33.0,True
east_edge_inward_0.8deg,229,112.2,33.9,True
east_edge_inward_0.8deg,230,112.2,34.8,True
east_edge_inward_0.8deg,231,112.2,35.7,True
east_edge_inward_0.8deg,232,112.2,36.6,True
east_edge_inward_0.8deg,233,112.2,37.5,True
east_edge_inward_0.8deg,234,112.2,38.4,True
east_edge_inward_0.8deg,235,112.2,39.3,True
east_edge_inward_0.8deg,236,112.2,40.2,True
east_edge_inward_0.8deg,237,112.2,41.1,True
east_edge_inward_0.8deg,238,112.2,42.0,True
east_edge_inward_0.8deg,239,113.0,22.2,True
east_edge_inward_0.8deg,240,113.0,23.1,True
east_edge_inward_0.8deg,241,113.0,24.0,True
east_edge_inward_0.8deg,242,113.0,24.9,True
east_edge_inward_0.8deg,243,113.0,25.8,True
east_edge_inward_0.8deg,244,113.0,26.7,True
east_edge_inward_0.8deg,245,113.0,27.6,True
east_edge_inward_0.8deg,246,113.0,28.5,True
east_edge_inward_0.8deg,247,113.0,29.4,True
east_edge_inward_0.8deg,248,113.0,30.3,True
east_edge_inward_0.8deg,249,113.0,31.2,True
east_edge_inward_0.8deg,250,113.0,32.1,True
east_edge_inward_0.8deg,251,113.0,33.0,True
east_edge_inward_0.8deg,252,113.0,33.9,True
east_edge_inward_0.8deg,253,113.0,34.8,True
east_edge_inward_0.8deg,254,113.0,35.7,True
east_edge_inward_0.8deg,255,113.0,36.6,True
east_edge_inward_0.8deg,256,113.0,37.5,True
east_edge_inward_0.8deg,257,113.0,38.4,True
east_edge_inward_0.8deg,258,113.0,39.3,True
east_edge_inward_0.8deg,259,113.0,40.2,True
east_edge_inward_0.8deg,260,113.0,41.1,True
east_edge_inward_0.8deg,261,113.0,42.0,True
east_edge_inward_0.8deg,262,113.8,23.1,True
east_edge_inward_0.8deg,263,113.8,24.0,True
east_edge_inward_0.8deg,264,113.8,24.9,True
east_edge_inward_0.8deg,265,113.8,25.8,True
east_edge_inward_0.8deg,266,113.8,26.7,True
east_edge_inward_0.8deg,267,113.8,27.6,True
east_edge_inward_0.8deg,268,113.8,28.5,True
east_edge_inward_0.8deg,269,113.8,29.4,True
east_edge_inward_0.8deg,270,113.8,30.3,True
east_edge_inward_0.8deg,271,113.8,31.2,True
east_edge_inward_0.8deg,272,113.8,32.1,True
east_edge_inward_0.8deg,273,113.8,33.0,True
east_edge_inward_0.8deg,274,113.8,33.9,True
east_edge_inward_0.8deg,275,113.8,34.8,True
east_edge_inward_0.8deg,276,113.8,35.7,True
east_edge_inward_0.8deg,277,113.8,36.6,True
east_edge_inward_0.8deg,278,113.8,37.5,True
east_edge_inward_0.8deg,279,113.8,38.4,True
east_edge_inward_0.8deg,280,113.8,39.3,True
east_edge_inward_0.8deg,281,113.8,40.2,True
east_edge_inward_0.8deg,282,113.8,41.1,True
east_edge_inward_0.8deg,283,113.8,42.0,True
east_edge_inward_0.8deg,284,114.6,23.1,True
east_edge_inward_0.8deg,285,114.6,24.0,True
east_edge_inward_0.8deg,286,114.6,24.9,True
east_edge_inward_0.8deg,287,114.6,25.8,True
east_edge_inward_0.8deg,288,114.6,26.7,True
east_edge_inward_0.8deg,289,114.6,27.6,True
east_edge_inward_0.8deg,290,114.6,28.5,True
east_edge_inward_0.8deg,291,114.6,29.4,True
east_edge_inward_0.8deg,292,114.6,30.3,True
east_edge_inward_0.8deg,293,114.6,31.2,True
east_edge_inward_0.8deg,294,114.6,32.1,True
east_edge_inward_0.8deg,295,114.6,33.0,True
east_edge_inward_0.8deg,296,114.6,33.9,True
east_edge_inward_0.8deg,297,114.6,34.8,True
east_edge_inward_0.8deg,298,114.6,35.7,True
east_edge_inward_0.8deg,299,114.6,36.6,True
east_edge_inward_0.8deg,300,114.6,37.5,True
east_edge_inward_0.8deg,301,114.6,38.4,True
east_edge_inward_0.8deg,302,114.6,39.3,True
east_edge_inward_0.8deg,303,114.6,40.2,True
east_edge_inward_0.8deg,304,114.6,41.1,True
east_edge_inward_0.8deg,305,114.6,42.0,True
east_edge_inward_0.8deg,306,115.4,23.1,True
east_edge_inward_0.8deg,307,115.4,24.0,True
east_edge_inward_0.8deg,308,115.4,24.9,True
east_edge_inward_0.8deg,309,115.4,25.8,True
east_edge_inward_0.8deg,310,115.4,26.7,True
east_edge_inward_0.8deg,311,115.4,27.6,True
east_edge_inward_0.8deg,312,115.4,28.5,True
east_edge_inward_0.8deg,313,115.4,29.4,True
east_edge_inward_0.8deg,314,115.4,30.3,True
east_edge_inward_0.8deg,315,115.4,31.2,True
east_edge_inward_0.8deg,316,115.4,32.1,True
east_edge_inward_0.8deg,317,115.4,33.0,True
east_edge_inward_0.8deg,318,115.4,33.9,True
east_edge_inward_0.8deg,319,115.4,34.8,True
east_edge_inward_0.8deg,320,115.4,35.7,True
east_edge_inward_0.8deg,321,115.4,36.6,True
east_edge_inward_0.8deg,322,115.4,37.5,True
east_edge_inward_0.8deg,323,115.4,38.4,True
east_edge_inward_0.8deg,324,115.4,39.3,True
east_edge_inward_0.8deg,325,115.4,40.2,True
east_edge_inward_0.8deg,326,115.4,41.1,True
east_edge_inward_0.8deg,327,115.4,42.0,True
east_edge_inward_0.8deg,328,116.2,23.1,True
east_edge_inward_0.8deg,329,116.2,24.0,True
east_edge_inward_0.8deg,330,116.2,24.9,True
east_edge_inward_0.8deg,331,116.2,25.8,True
east_edge_inward_0.8deg,332,116.2,26.7,True
east_edge_inward_0.8deg,333,116.2,27.6,True
east_edge_inward_0.8deg,334,116.2,28.5,True
east_edge_inward_0.8deg,335,116.2,29.4,True
east_edge_inward_0.8deg,336,116.2,30.3,True
east_edge_inward_0.8deg,337,116.2,31.2,True
east_edge_inward_0.8deg,338,116.2,32.1,True
east_edge_inward_0.8deg,339,116.2,33.0,True
east_edge_inward_0.8deg,340,116.2,33.9,True
east_edge_inward_0.8deg,341,116.2,34.8,True
east_edge_inward_0.8deg,342,116.2,35.7,True
east_edge_inward_0.8deg,343,116.2,36.6,True
east_edge_inward_0.8deg,344,116.2,37.5,True
east_edge_inward_0.8deg,345,116.2,38.4,True
east_edge_inward_0.8deg,346,116.2,39.3,True
east_edge_inward_0.8deg,347,116.2,40.2,True
east_edge_inward_0.8deg,348,116.2,41.1,True
east_edge_inward_0.8deg,349,116.2,42.0,True
east_edge_inward_0.8deg,350,117.0,24.0,True
east_edge_inward_0.8deg,351,117.0,24.9,True
east_edge_inward_0.8deg,352,117.0,25.8,True
east_edge_inward_0.8deg,353,117.0,26.7,True
east_edge_inward_0.8deg,354,117.0,27.6,True
east_edge_inward_0.8deg,355,117.0,28.5,True
east_edge_inward_0.8deg,356,117.0,29.4,True
east_edge_inward_0.8deg,357,117.0,30.3,True
east_edge_inward_0.8deg,358,117.0,31.2,True
east_edge_inward_0.8deg,359,117.0,32.1,True
east_edge_inward_0.8deg,360,117.0,33.0,True
east_edge_inward_0.8deg,361,117.0,33.9,True
east_edge_inward_0.8deg,362,117.0,34.8,True
east_edge_inward_0.8deg,363,117.0,35.7,True
east_edge_inward_0.8deg,364,117.0,36.6,True
east_edge_inward_0.8deg,365,117.0,37.5,True
east_edge_inward_0.8deg,366,117.0,38.4,True
east_edge_inward_0.8deg,367,117.0,39.3,True
east_edge_inward_0.8deg,368,117.0,40.2,True
east_edge_inward_0.8deg,369,117.0,41.1,True
east_edge_inward_0.8deg,370,117.0,42.0,True
east_edge_inward_0.8deg,371,117.8,24.9,True
east_edge_inward_0.8deg,372,117.8,25.8,True
east_edge_inward_0.8deg,373,117.8,26.7,True
east_edge_inward_0.8deg,374,117.8,27.6,True
east_edge_inward_0.8deg,375,117.8,28.5,True
east_edge_inward_0.8deg,376,117.8,29.4,True
east_edge_inward_0.8deg,377,117.8,30.3,True
east_edge_inward_0.8deg,378,117.8,31.2,True
east_edge_inward_0.8deg,379,117.8,32.1,True
east_edge_inward_0.8deg,380,117.8,33.0,True
east_edge_inward_0.8deg,381,117.8,33.9,True
east_edge_inward_0.8deg,382,117.8,34.8,True
east_edge_inward_0.8deg,383,117.8,35.7,True
east_edge_inward_0.8deg,384,117.8,36.6,True
east_edge_inward_0.8deg,385,117.8,37.5,True
east_edge_inward_0.8deg,386,117.8,39.3,True
east_edge_inward_0.8deg,387,117.8,40.2,True
east_edge_inward_0.8deg,388,117.8,41.1,True
east_edge_inward_0.8deg,389,117.8,42.0,True
east_edge_inward_0.8deg,390,118.6,24.9,True
east_edge_inward_0.8deg,391,118.6,25.8,True
east_edge_inward_0.8deg,392,118.6,26.7,True
east_edge_inward_0.8deg,393,118.6,27.6,True
east_edge_inward_0.8deg,394,118.6,28.5,True
east_edge_inward_0.8deg,395,118.6,29.4,True
east_edge_inward_0.8deg,396,118.6,30.3,True
east_edge_inward_0.8deg,397,118.6,31.2,True
east_edge_inward_0.8deg,398,118.6,32.1,True
east_edge_inward_0.8deg,399,118.6,33.0,True
east_edge_inward_0.8deg,400,118.6,33.9,True
east_edge_inward_0.8deg,401,118.6,34.8,True
east_edge_inward_0.8deg,402,118.6,35.7,True
east_edge_inward_0.8deg,403,118.6,36.6,True
east_edge_inward_0.8deg,404,118.6,37.5,True
east_edge_inward_0.8deg,405,118.6,39.3,True
east_edge_inward_0.8deg,406,118.6,40.2,True
east_edge_inward_0.8deg,407,118.6,41.1,True
east_edge_inward_0.8deg,408,118.6,42.0,True
east_edge_inward_0.8deg,409,119.4,25.8,True
east_edge_inward_0.8deg,410,119.4,26.7,True
east_edge_inward_0.8deg,411,119.4,27.6,True
east_edge_inward_0.8deg,412,119.4,28.5,True
east_edge_inward_0.8deg,413,119.4,29.4,True
east_edge_inward_0.8deg,414,119.4,30.3,True
east_edge_inward_0.8deg,415,119.4,31.2,True
east_edge_inward_0.8deg,416,119.4,32.1,True
east_edge_inward_0.8deg,417,119.4,33.0,True
east_edge_inward_0.8deg,418,119.4,33.9,True
east_edge_inward_0.8deg,419,119.4,35.7,True
east_edge_inward_0.8deg,420,119.4,36.6,True
east_edge_inward_0.8deg,421,119.4,40.2,True
east_edge_inward_0.8deg,422,119.4,41.1,True
east_edge_inward_0.8deg,423,119.4,42.0,True
east_edge_inward_0.8deg,424,120.2,23.1,True
east_edge_inward_0.8deg,425,120.2,27.6,True
east_edge_inward_0.8deg,426,120.2,28.5,True
east_edge_inward_0.8deg,427,120.2,29.4,True
east_edge_inward_0.8deg,428,120.2,30.3,True
east_edge_inward_0.8deg,429,120.2,31.2,True
east_edge_inward_0.8deg,430,120.2,32.1,True
east_edge_inward_0.8deg,431,120.2,33.0,True
east_edge_inward_0.8deg,432,120.2,33.9,True
east_edge_inward_0.8deg,433,120.2,36.6,True
east_edge_inward_0.8deg,434,120.2,37.5,True
east_edge_inward_0.8deg,435,120.2,40.2,True
east_edge_inward_0.8deg,436,120.2,41.1,True
east_edge_inward_0.8deg,437,120.2,42.0,True
east_edge_inward_0.8deg,438,121.0,23.1,True
east_edge_inward_0.8deg,439,121.0,24.0,True
east_edge_inward_0.8deg,440,121.0,28.5,True
east_edge_inward_0.8deg,441,121.0,29.4,True
east_edge_inward_0.8deg,442,121.0,31.2,True
east_edge_inward_0.8deg,443,121.0,32.1,True
east_edge_inward_0.8deg,444,121.0,37.5,True
east_edge_inward_0.8deg,445,121.0,41.1,True
east_edge_inward_0.8deg,446,121.0,42.0,True
east_edge_inward_0.8deg,447,121.8,24.9,True
east_edge_inward_0.8deg,448,121.8,29.4,True
east_edge_inward_0.8deg,449,121.8,31.2,True
east_edge_inward_0.8deg,450,121.8,39.3,True
east_edge_inward_0.8deg,451,121.8,41.1,True
east_edge_inward_0.8deg,452,121.8,42.0,True
east_edge_inward_0.8deg,453,122.6,40.2,True
east_edge_inward_0.8deg,454,122.6,41.1,True
east_edge_inward_0.8deg,455,122.6,42.0,True
east_edge_inward_0.8deg,456,123.4,40.2,True
east_edge_inward_0.8deg,457,123.4,41.1,True
east_edge_inward_0.8deg,458,123.4,42.0,True
east_edge_inward_0.8deg,459,124.2,40.2,True
east_edge_inward_0.8deg,460,124.2,41.1,True
east_edge_inward_0.8deg,461,124.2,42.0,True
east_edge_inward_0.8deg,462,125.0,38.4,False
east_edge_inward_0.8deg,463,125.0,40.2,False
east_edge_inward_0.8deg,464,125.0,41.1,False
east_edge_inward_0.8deg,465,125.0,42.0,False
east_edge_inward_1.6deg,1,105.0,20.4,True
east_edge_inward_1.6deg,2,105.0,21.3,True
east_edge_inward_1.6deg,3,105.0,22.2,True
east_edge_inward_1.6deg,4,105.0,23.1,True
east_edge_inward_1.6deg,5,105.0,24.0,True
east_edge_inward_1.6deg,6,105.0,24.9,True
east_edge_inward_1.6deg,7,105.0,25.8,True
east_edge_inward_1.6deg,8,105.0,26.7,True
east_edge_inward_1.6deg,9,105.0,27.6,True
east_edge_inward_1.6deg,10,105.0,28.5,True
east_edge_inward_1.6deg,11,105.0,29.4,True
east_edge_inward_1.6deg,12,105.0,30.3,True
east_edge_inward_1.6deg,13,105.0,31.2,True
east_edge_inward_1.6deg,14,105.0,32.1,True
east_edge_inward_1.6deg,15,105.0,33.0,True
east_edge_inward_1.6deg,16,105.0,33.9,True
east_edge_inward_1.6deg,17,105.0,34.8,True
east_edge_inward_1.6deg,18,105.0,35.7,True
east_edge_inward_1.6deg,19,105.0,36.6,True
east_edge_inward_1.6deg,20,105.0,37.5,True
east_edge_inward_1.6deg,21,105.0,38.4,True
east_edge_inward_1.6deg,22,105.0,39.3,True
east_edge_inward_1.6deg,23,105.0,40.2,True
east_edge_inward_1.6deg,24,105.0,41.1,True
east_edge_inward_1.6deg,25,105.0,42.0,True
east_edge_inward_1.6deg,26,105.8,20.4,True
east_edge_inward_1.6deg,27,105.8,21.3,True
east_edge_inward_1.6deg,28,105.8,22.2,True
east_edge_inward_1.6deg,29,105.8,23.1,True
east_edge_inward_1.6deg,30,105.8,24.0,True
east_edge_inward_1.6deg,31,105.8,24.9,True
east_edge_inward_1.6deg,32,105.8,25.8,True
east_edge_inward_1.6deg,33,105.8,26.7,True
east_edge_inward_1.6deg,34,105.8,27.6,True
east_edge_inward_1.6deg,35,105.8,28.5,True
east_edge_inward_1.6deg,36,105.8,29.4,True
east_edge_inward_1.6deg,37,105.8,30.3,True
east_edge_inward_1.6deg,38,105.8,31.2,True
east_edge_inward_1.6deg,39,105.8,32.1,True
east_edge_inward_1.6deg,40,105.8,33.0,True
east_edge_inward_1.6deg,41,105.8,33.9,True
east_edge_inward_1.6deg,42,105.8,34.8,True
east_edge_inward_1.6deg,43,105.8,35.7,True
east_edge_inward_1.6deg,44,105.8,36.6,True
east_edge_inward_1.6deg,45,105.8,37.5,True
east_edge_inward_1.6deg,46,105.8,38.4,True
east_edge_inward_1.6deg,47,105.8,39.3,True
east_edge_inward_1.6deg,48,105.8,40.2,True
east_edge_inward_1.6deg,49,105.8,41.1,True
east_edge_inward_1.6deg,50,105.8,42.0,True
east_edge_inward_1.6deg,51,106.6,20.4,True
east_edge_inward_1.6deg,52,106.6,21.3,True
east_edge_inward_1.6deg,53,106.6,22.2,True
east_edge_inward_1.6deg,54,106.6,23.1,True
east_edge_inward_1.6deg,55,106.6,24.0,True
east_edge_inward_1.6deg,56,106.6,24.9,True
east_edge_inward_1.6deg,57,106.6,25.8,True
east_edge_inward_1.6deg,58,106.6,26.7,True
east_edge_inward_1.6deg,59,106.6,27.6,True
east_edge_inward_1.6deg,60,106.6,28.5,True
east_edge_inward_1.6deg,61,106.6,29.4,True
east_edge_inward_1.6deg,62,106.6,30.3,True
east_edge_inward_1.6deg,63,106.6,31.2,True
east_edge_inward_1.6deg,64,106.6,32.1,True
east_edge_inward_1.6deg,65,106.6,33.0,True
east_edge_inward_1.6deg,66,106.6,33.9,True
east_edge_inward_1.6deg,67,106.6,34.8,True
east_edge_inward_1.6deg,68,106.6,35.7,True
east_edge_inward_1.6deg,69,106.6,36.6,True
east_edge_inward_1.6deg,70,106.6,37.5,True
east_edge_inward_1.6deg,71,106.6,38.4,True
east_edge_inward_1.6deg,72,106.6,39.3,True
east_edge_inward_1.6deg,73,106.6,40.2,True
east_edge_inward_1.6deg,74,106.6,41.1,True
east_edge_inward_1.6deg,75,106.6,42.0,True
east_edge_inward_1.6deg,76,107.4,22.2,True
east_edge_inward_1.6deg,77,107.4,23.1,True
east_edge_inward_1.6deg,78,107.4,24.0,True
east_edge_inward_1.6deg,79,107.4,24.9,True
east_edge_inward_1.6deg,80,107.4,25.8,True
east_edge_inward_1.6deg,81,107.4,26.7,True
east_edge_inward_1.6deg,82,107.4,27.6,True
east_edge_inward_1.6deg,83,107.4,28.5,True
east_edge_inward_1.6deg,84,107.4,29.4,True
east_edge_inward_1.6deg,85,107.4,30.3,True
east_edge_inward_1.6deg,86,107.4,31.2,True
east_edge_inward_1.6deg,87,107.4,32.1,True
east_edge_inward_1.6deg,88,107.4,33.0,True
east_edge_inward_1.6deg,89,107.4,33.9,True
east_edge_inward_1.6deg,90,107.4,34.8,True
east_edge_inward_1.6deg,91,107.4,35.7,True
east_edge_inward_1.6deg,92,107.4,36.6,True
east_edge_inward_1.6deg,93,107.4,37.5,True
east_edge_inward_1.6deg,94,107.4,38.4,True
east_edge_inward_1.6deg,95,107.4,39.3,True
east_edge_inward_1.6deg,96,107.4,40.2,True
east_edge_inward_1.6deg,97,107.4,41.1,True
east_edge_inward_1.6deg,98,107.4,42.0,True
east_edge_inward_1.6deg,99,108.2,22.2,True
east_edge_inward_1.6deg,100,108.2,23.1,True
east_edge_inward_1.6deg,101,108.2,24.0,True
east_edge_inward_1.6deg,102,108.2,24.9,True
east_edge_inward_1.6deg,103,108.2,25.8,True
east_edge_inward_1.6deg,104,108.2,26.7,True
east_edge_inward_1.6deg,105,108.2,27.6,True
east_edge_inward_1.6deg,106,108.2,28.5,True
east_edge_inward_1.6deg,107,108.2,29.4,True
east_edge_inward_1.6deg,108,108.2,30.3,True
east_edge_inward_1.6deg,109,108.2,31.2,True
east_edge_inward_1.6deg,110,108.2,32.1,True
east_edge_inward_1.6deg,111,108.2,33.0,True
east_edge_inward_1.6deg,112,108.2,33.9,True
east_edge_inward_1.6deg,113,108.2,34.8,True
east_edge_inward_1.6deg,114,108.2,35.7,True
east_edge_inward_1.6deg,115,108.2,36.6,True
east_edge_inward_1.6deg,116,108.2,37.5,True
east_edge_inward_1.6deg,117,108.2,38.4,True
east_edge_inward_1.6deg,118,108.2,39.3,True
east_edge_inward_1.6deg,119,108.2,40.2,True
east_edge_inward_1.6deg,120,108.2,41.1,True
east_edge_inward_1.6deg,121,108.2,42.0,True
east_edge_inward_1.6deg,122,109.0,22.2,True
east_edge_inward_1.6deg,123,109.0,23.1,True
east_edge_inward_1.6deg,124,109.0,24.0,True
east_edge_inward_1.6deg,125,109.0,24.9,True
east_edge_inward_1.6deg,126,109.0,25.8,True
east_edge_inward_1.6deg,127,109.0,26.7,True
east_edge_inward_1.6deg,128,109.0,27.6,True
east_edge_inward_1.6deg,129,109.0,28.5,True
east_edge_inward_1.6deg,130,109.0,29.4,True
east_edge_inward_1.6deg,131,109.0,30.3,True
east_edge_inward_1.6deg,132,109.0,31.2,True
east_edge_inward_1.6deg,133,109.0,32.1,True
east_edge_inward_1.6deg,134,109.0,33.0,True
east_edge_inward_1.6deg,135,109.0,33.9,True
east_edge_inward_1.6deg,136,109.0,34.8,True
east_edge_inward_1.6deg,137,109.0,35.7,True
east_edge_inward_1.6deg,138,109.0,36.6,True
east_edge_inward_1.6deg,139,109.0,37.5,True
east_edge_inward_1.6deg,140,109.0,38.4,True
east_edge_inward_1.6deg,141,109.0,39.3,True
east_edge_inward_1.6deg,142,109.0,40.2,True
east_edge_inward_1.6deg,143,109.0,41.1,True
east_edge_inward_1.6deg,144,109.0,42.0,True
east_edge_inward_1.6deg,145,109.8,21.3,True
east_edge_inward_1.6deg,146,109.8,22.2,True
east_edge_inward_1.6deg,147,109.8,23.1,True
east_edge_inward_1.6deg,148,109.8,24.0,True
east_edge_inward_1.6deg,149,109.8,24.9,True
east_edge_inward_1.6deg,150,109.8,25.8,True
east_edge_inward_1.6deg,151,109.8,26.7,True
east_edge_inward_1.6deg,152,109.8,27.6,True
east_edge_inward_1.6deg,153,109.8,28.5,True
east_edge_inward_1.6deg,154,109.8,29.4,True
east_edge_inward_1.6deg,155,109.8,30.3,True
east_edge_inward_1.6deg,156,109.8,31.2,True
east_edge_inward_1.6deg,157,109.8,32.1,True
east_edge_inward_1.6deg,158,109.8,33.0,True
east_edge_inward_1.6deg,159,109.8,33.9,True
east_edge_inward_1.6deg,160,109.8,34.8,True
east_edge_inward_1.6deg,161,109.8,35.7,True
east_edge_inward_1.6deg,162,109.8,36.6,True
east_edge_inward_1.6deg,163,109.8,37.5,True
east_edge_inward_1.6deg,164,109.8,38.4,True
east_edge_inward_1.6deg,165,109.8,39.3,True
east_edge_inward_1.6deg,166,109.8,40.2,True
east_edge_inward_1.6deg,167,109.8,41.1,True
east_edge_inward_1.6deg,168,109.8,42.0,True
east_edge_inward_1.6deg,169,110.6,21.3,True
east_edge_inward_1.6deg,170,110.6,22.2,True
east_edge_inward_1.6deg,171,110.6,23.1,True
east_edge_inward_1.6deg,172,110.6,24.0,True
east_edge_inward_1.6deg,173,110.6,24.9,True
east_edge_inward_1.6deg,174,110.6,25.8,True
east_edge_inward_1.6deg,175,110.6,26.7,True
east_edge_inward_1.6deg,176,110.6,27.6,True
east_edge_inward_1.6deg,177,110.6,28.5,True
east_edge_inward_1.6deg,178,110.6,29.4,True
east_edge_inward_1.6deg,179,110.6,30.3,True
east_edge_inward_1.6deg,180,110.6,31.2,True
east_edge_inward_1.6deg,181,110.6,32.1,True
east_edge_inward_1.6deg,182,110.6,33.0,True
east_edge_inward_1.6deg,183,110.6,33.9,True
east_edge_inward_1.6deg,184,110.6,34.8,True
east_edge_inward_1.6deg,185,110.6,35.7,True
east_edge_inward_1.6deg,186,110.6,36.6,True
east_edge_inward_1.6deg,187,110.6,37.5,True
east_edge_inward_1.6deg,188,110.6,38.4,True
east_edge_inward_1.6deg,189,110.6,39.3,True
east_edge_inward_1.6deg,190,110.6,40.2,True
east_edge_inward_1.6deg,191,110.6,41.1,True
east_edge_inward_1.6deg,192,110.6,42.0,True
east_edge_inward_1.6deg,193,111.4,22.2,True
east_edge_inward_1.6deg,194,111.4,23.1,True
east_edge_inward_1.6deg,195,111.4,24.0,True
east_edge_inward_1.6deg,196,111.4,24.9,True
east_edge_inward_1.6deg,197,111.4,25.8,True
east_edge_inward_1.6deg,198,111.4,26.7,True
east_edge_inward_1.6deg,199,111.4,27.6,True
east_edge_inward_1.6deg,200,111.4,28.5,True
east_edge_inward_1.6deg,201,111.4,29.4,True
east_edge_inward_1.6deg,202,111.4,30.3,True
east_edge_inward_1.6deg,203,111.4,31.2,True
east_edge_inward_1.6deg,204,111.4,32.1,True
east_edge_inward_1.6deg,205,111.4,33.0,True
east_edge_inward_1.6deg,206,111.4,33.9,True
east_edge_inward_1.6deg,207,111.4,34.8,True
east_edge_inward_1.6deg,208,111.4,35.7,True
east_edge_inward_1.6deg,209,111.4,36.6,True
east_edge_inward_1.6deg,210,111.4,37.5,True
east_edge_inward_1.6deg,211,111.4,38.4,True
east_edge_inward_1.6deg,212,111.4,39.3,True
east_edge_inward_1.6deg,213,111.4,40.2,True
east_edge_inward_1.6deg,214,111.4,41.1,True
east_edge_inward_1.6deg,215,111.4,42.0,True
east_edge_inward_1.6deg,216,112.2,22.2,True
east_edge_inward_1.6deg,217,112.2,23.1,True
east_edge_inward_1.6deg,218,112.2,24.0,True
east_edge_inward_1.6deg,219,112.2,24.9,True
east_edge_inward_1.6deg,220,112.2,25.8,True
east_edge_inward_1.6deg,221,112.2,26.7,True
east_edge_inward_1.6deg,222,112.2,27.6,True
east_edge_inward_1.6deg,223,112.2,28.5,True
east_edge_inward_1.6deg,224,112.2,29.4,True
east_edge_inward_1.6deg,225,112.2,30.3,True
east_edge_inward_1.6deg,226,112.2,31.2,True
east_edge_inward_1.6deg,227,112.2,32.1,True
east_edge_inward_1.6deg,228,112.2,33.0,True
east_edge_inward_1.6deg,229,112.2,33.9,True
east_edge_inward_1.6deg,230,112.2,34.8,True
east_edge_inward_1.6deg,231,112.2,35.7,True
east_edge_inward_1.6deg,232,112.2,36.6,True
east_edge_inward_1.6deg,233,112.2,37.5,True
east_edge_inward_1.6deg,234,112.2,38.4,True
east_edge_inward_1.6deg,235,112.2,39.3,True
east_edge_inward_1.6deg,236,112.2,40.2,True
east_edge_inward_1.6deg,237,112.2,41.1,True
east_edge_inward_1.6deg,238,112.2,42.0,True
east_edge_inward_1.6deg,239,113.0,22.2,True
east_edge_inward_1.6deg,240,113.0,23.1,True
east_edge_inward_1.6deg,241,113.0,24.0,True
east_edge_inward_1.6deg,242,113.0,24.9,True
east_edge_inward_1.6deg,243,113.0,25.8,True
east_edge_inward_1.6deg,244,113.0,26.7,True
east_edge_inward_1.6deg,245,113.0,27.6,True
east_edge_inward_1.6deg,246,113.0,28.5,True
east_edge_inward_1.6deg,247,113.0,29.4,True
east_edge_inward_1.6deg,248,113.0,30.3,True
east_edge_inward_1.6deg,249,113.0,31.2,True
east_edge_inward_1.6deg,250,113.0,32.1,True
east_edge_inward_1.6deg,251,113.0,33.0,True
east_edge_inward_1.6deg,252,113.0,33.9,True
east_edge_inward_1.6deg,253,113.0,34.8,True
east_edge_inward_1.6deg,254,113.0,35.7,True
east_edge_inward_1.6deg,255,113.0,36.6,True
east_edge_inward_1.6deg,256,113.0,37.5,True
east_edge_inward_1.6deg,257,113.0,38.4,True
east_edge_inward_1.6deg,258,113.0,39.3,True
east_edge_inward_1.6deg,259,113.0,40.2,True
east_edge_inward_1.6deg,260,113.0,41.1,True
east_edge_inward_1.6deg,261,113.0,42.0,True
east_edge_inward_1.6deg,262,113.8,23.1,True
east_edge_inward_1.6deg,263,113.8,24.0,True
east_edge_inward_1.6deg,264,113.8,24.9,True
east_edge_inward_1.6deg,265,113.8,25.8,True
east_edge_inward_1.6deg,266,113.8,26.7,True
east_edge_inward_1.6deg,267,113.8,27.6,True
east_edge_inward_1.6deg,268,113.8,28.5,True
east_edge_inward_1.6deg,269,113.8,29.4,True
east_edge_inward_1.6deg,270,113.8,30.3,True
east_edge_inward_1.6deg,271,113.8,31.2,True
east_edge_inward_1.6deg,272,113.8,32.1,True
east_edge_inward_1.6deg,273,113.8,33.0,True
east_edge_inward_1.6deg,274,113.8,33.9,True
east_edge_inward_1.6deg,275,113.8,34.8,True
east_edge_inward_1.6deg,276,113.8,35.7,True
east_edge_inward_1.6deg,277,113.8,36.6,True
east_edge_inward_1.6deg,278,113.8,37.5,True
east_edge_inward_1.6deg,279,113.8,38.4,True
east_edge_inward_1.6deg,280,113.8,39.3,True
east_edge_inward_1.6deg,281,113.8,40.2,True
east_edge_inward_1.6deg,282,113.8,41.1,True
east_edge_inward_1.6deg,283,113.8,42.0,True
east_edge_inward_1.6deg,284,114.6,23.1,True
east_edge_inward_1.6deg,285,114.6,24.0,True
east_edge_inward_1.6deg,286,114.6,24.9,True
east_edge_inward_1.6deg,287,114.6,25.8,True
east_edge_inward_1.6deg,288,114.6,26.7,True
east_edge_inward_1.6deg,289,114.6,27.6,True
east_edge_inward_1.6deg,290,114.6,28.5,True
east_edge_inward_1.6deg,291,114.6,29.4,True
east_edge_inward_1.6deg,292,114.6,30.3,True
east_edge_inward_1.6deg,293,114.6,31.2,True
east_edge_inward_1.6deg,294,114.6,32.1,True
east_edge_inward_1.6deg,295,114.6,33.0,True
east_edge_inward_1.6deg,296,114.6,33.9,True
east_edge_inward_1.6deg,297,114.6,34.8,True
east_edge_inward_1.6deg,298,114.6,35.7,True
east_edge_inward_1.6deg,299,114.6,36.6,True
east_edge_inward_1.6deg,300,114.6,37.5,True
east_edge_inward_1.6deg,301,114.6,38.4,True
east_edge_inward_1.6deg,302,114.6,39.3,True
east_edge_inward_1.6deg,303,114.6,40.2,True
east_edge_inward_1.6deg,304,114.6,41.1,True
east_edge_inward_1.6deg,305,114.6,42.0,True
east_edge_inward_1.6deg,306,115.4,23.1,True
east_edge_inward_1.6deg,307,115.4,24.0,True
east_edge_inward_1.6deg,308,115.4,24.9,True
east_edge_inward_1.6deg,309,115.4,25.8,True
east_edge_inward_1.6deg,310,115.4,26.7,True
east_edge_inward_1.6deg,311,115.4,27.6,True
east_edge_inward_1.6deg,312,115.4,28.5,True
east_edge_inward_1.6deg,313,115.4,29.4,True
east_edge_inward_1.6deg,314,115.4,30.3,True
east_edge_inward_1.6deg,315,115.4,31.2,True
east_edge_inward_1.6deg,316,115.4,32.1,True
east_edge_inward_1.6deg,317,115.4,33.0,True
east_edge_inward_1.6deg,318,115.4,33.9,True
east_edge_inward_1.6deg,319,115.4,34.8,True
east_edge_inward_1.6deg,320,115.4,35.7,True
east_edge_inward_1.6deg,321,115.4,36.6,True
east_edge_inward_1.6deg,322,115.4,37.5,True
east_edge_inward_1.6deg,323,115.4,38.4,True
east_edge_inward_1.6deg,324,115.4,39.3,True
east_edge_inward_1.6deg,325,115.4,40.2,True
east_edge_inward_1.6deg,326,115.4,41.1,True
east_edge_inward_1.6deg,327,115.4,42.0,True
east_edge_inward_1.6deg,328,116.2,23.1,True
east_edge_inward_1.6deg,329,116.2,24.0,True
east_edge_inward_1.6deg,330,116.2,24.9,True
east_edge_inward_1.6deg,331,116.2,25.8,True
east_edge_inward_1.6deg,332,116.2,26.7,True
east_edge_inward_1.6deg,333,116.2,27.6,True
east_edge_inward_1.6deg,334,116.2,28.5,True
east_edge_inward_1.6deg,335,116.2,29.4,True
east_edge_inward_1.6deg,336,116.2,30.3,True
east_edge_inward_1.6deg,337,116.2,31.2,True
east_edge_inward_1.6deg,338,116.2,32.1,True
east_edge_inward_1.6deg,339,116.2,33.0,True
east_edge_inward_1.6deg,340,116.2,33.9,True
east_edge_inward_1.6deg,341,116.2,34.8,True
east_edge_inward_1.6deg,342,116.2,35.7,True
east_edge_inward_1.6deg,343,116.2,36.6,True
east_edge_inward_1.6deg,344,116.2,37.5,True
east_edge_inward_1.6deg,345,116.2,38.4,True
east_edge_inward_1.6deg,346,116.2,39.3,True
east_edge_inward_1.6deg,347,116.2,40.2,True
east_edge_inward_1.6deg,348,116.2,41.1,True
east_edge_inward_1.6deg,349,116.2,42.0,True
east_edge_inward_1.6deg,350,117.0,24.0,True
east_edge_inward_1.6deg,351,117.0,24.9,True
east_edge_inward_1.6deg,352,117.0,25.8,True
east_edge_inward_1.6deg,353,117.0,26.7,True
east_edge_inward_1.6deg,354,117.0,27.6,True
east_edge_inward_1.6deg,355,117.0,28.5,True
east_edge_inward_1.6deg,356,117.0,29.4,True
east_edge_inward_1.6deg,357,117.0,30.3,True
east_edge_inward_1.6deg,358,117.0,31.2,True
east_edge_inward_1.6deg,359,117.0,32.1,True
east_edge_inward_1.6deg,360,117.0,33.0,True
east_edge_inward_1.6deg,361,117.0,33.9,True
east_edge_inward_1.6deg,362,117.0,34.8,True
east_edge_inward_1.6deg,363,117.0,35.7,True
east_edge_inward_1.6deg,364,117.0,36.6,True
east_edge_inward_1.6deg,365,117.0,37.5,True
east_edge_inward_1.6deg,366,117.0,38.4,True
east_edge_inward_1.6deg,367,117.0,39.3,True
east_edge_inward_1.6deg,368,117.0,40.2,True
east_edge_inward_1.6deg,369,117.0,41.1,True
east_edge_inward_1.6deg,370,117.0,42.0,True
east_edge_inward_1.6deg,371,117.8,24.9,True
east_edge_inward_1.6deg,372,117.8,25.8,True
east_edge_inward_1.6deg,373,117.8,26.7,True
east_edge_inward_1.6deg,374,117.8,27.6,True
east_edge_inward_1.6deg,375,117.8,28.5,True
east_edge_inward_1.6deg,376,117.8,29.4,True
east_edge_inward_1.6deg,377,117.8,30.3,True
east_edge_inward_1.6deg,378,117.8,31.2,True
east_edge_inward_1.6deg,379,117.8,32.1,True
east_edge_inward_1.6deg,380,117.8,33.0,True
east_edge_inward_1.6deg,381,117.8,33.9,True
east_edge_inward_1.6deg,382,117.8,34.8,True
east_edge_inward_1.6deg,383,117.8,35.7,True
east_edge_inward_1.6deg,384,117.8,36.6,True
east_edge_inward_1.6deg,385,117.8,37.5,True
east_edge_inward_1.6deg,386,117.8,39.3,True
east_edge_inward_1.6deg,387,117.8,40.2,True
east_edge_inward_1.6deg,388,117.8,41.1,True
east_edge_inward_1.6deg,389,117.8,42.0,True
east_edge_inward_1.6deg,390,118.6,24.9,True
east_edge_inward_1.6deg,391,118.6,25.8,True
east_edge_inward_1.6deg,392,118.6,26.7,True
east_edge_inward_1.6deg,393,118.6,27.6,True
east_edge_inward_1.6deg,394,118.6,28.5,True
east_edge_inward_1.6deg,395,118.6,29.4,True
east_edge_inward_1.6deg,396,118.6,30.3,True
east_edge_inward_1.6deg,397,118.6,31.2,True
east_edge_inward_1.6deg,398,118.6,32.1,True
east_edge_inward_1.6deg,399,118.6,33.0,True
east_edge_inward_1.6deg,400,118.6,33.9,True
east_edge_inward_1.6deg,401,118.6,34.8,True
east_edge_inward_1.6deg,402,118.6,35.7,True
east_edge_inward_1.6deg,403,118.6,36.6,True
east_edge_inward_1.6deg,404,118.6,37.5,True
east_edge_inward_1.6deg,405,118.6,39.3,True
east_edge_inward_1.6deg,406,118.6,40.2,True
east_edge_inward_1.6deg,407,118.6,41.1,True
east_edge_inward_1.6deg,408,118.6,42.0,True
east_edge_inward_1.6deg,409,119.4,25.8,True
east_edge_inward_1.6deg,410,119.4,26.7,True
east_edge_inward_1.6deg,411,119.4,27.6,True
east_edge_inward_1.6deg,412,119.4,28.5,True
east_edge_inward_1.6deg,413,119.4,29.4,True
east_edge_inward_1.6deg,414,119.4,30.3,True
east_edge_inward_1.6deg,415,119.4,31.2,True
east_edge_inward_1.6deg,416,119.4,32.1,True
east_edge_inward_1.6deg,417,119.4,33.0,True
east_edge_inward_1.6deg,418,119.4,33.9,True
east_edge_inward_1.6deg,419,119.4,35.7,True
east_edge_inward_1.6deg,420,119.4,36.6,True
east_edge_inward_1.6deg,421,119.4,40.2,True
east_edge_inward_1.6deg,422,119.4,41.1,True
east_edge_inward_1.6deg,423,119.4,42.0,True
east_edge_inward_1.6deg,424,120.2,23.1,True
east_edge_inward_1.6deg,425,120.2,27.6,True
east_edge_inward_1.6deg,426,120.2,28.5,True
east_edge_inward_1.6deg,427,120.2,29.4,True
east_edge_inward_1.6deg,428,120.2,30.3,True
east_edge_inward_1.6deg,429,120.2,31.2,True
east_edge_inward_1.6deg,430,120.2,32.1,True
east_edge_inward_1.6deg,431,120.2,33.0,True
east_edge_inward_1.6deg,432,120.2,33.9,True
east_edge_inward_1.6deg,433,120.2,36.6,True
east_edge_inward_1.6deg,434,120.2,37.5,True
east_edge_inward_1.6deg,435,120.2,40.2,True
east_edge_inward_1.6deg,436,120.2,41.1,True
east_edge_inward_1.6deg,437,120.2,42.0,True
east_edge_inward_1.6deg,438,121.0,23.1,True
east_edge_inward_1.6deg,439,121.0,24.0,True
east_edge_inward_1.6deg,440,121.0,28.5,True
east_edge_inward_1.6deg,441,121.0,29.4,True
east_edge_inward_1.6deg,442,121.0,31.2,True
east_edge_inward_1.6deg,443,121.0,32.1,True
east_edge_inward_1.6deg,444,121.0,37.5,True
east_edge_inward_1.6deg,445,121.0,41.1,True
east_edge_inward_1.6deg,446,121.0,42.0,True
east_edge_inward_1.6deg,447,121.8,24.9,True
east_edge_inward_1.6deg,448,121.8,29.4,True
east_edge_inward_1.6deg,449,121.8,31.2,True
east_edge_inward_1.6deg,450,121.8,39.3,True
east_edge_inward_1.6deg,451,121.8,41.1,True
east_edge_inward_1.6deg,452,121.8,42.0,True
east_edge_inward_1.6deg,453,122.6,40.2,True
east_edge_inward_1.6deg,454,122.6,41.1,True
east_edge_inward_1.6deg,455,122.6,42.0,True
east_edge_inward_1.6deg,456,123.4,40.2,True
east_edge_inward_1.6deg,457,123.4,41.1,True
east_edge_inward_1.6deg,458,123.4,42.0,True
east_edge_inward_1.6deg,459,124.2,40.2,False
east_edge_inward_1.6deg,460,124.2,41.1,False
east_edge_inward_1.6deg,461,124.2,42.0,False
east_edge_inward_1.6deg,462,125.0,38.4,False
east_edge_inward_1.6deg,463,125.0,40.2,False
east_edge_inward_1.6deg,464,125.0,41.1,False
east_edge_inward_1.6deg,465,125.0,42.0,False
natural_earth_china_mainland_intersection,1,105.0,20.4,False
natural_earth_china_mainland_intersection,2,105.0,21.3,False
natural_earth_china_mainland_intersection,3,105.0,22.2,False
natural_earth_china_mainland_intersection,4,105.0,23.1,False
natural_earth_china_mainland_intersection,5,105.0,24.0,True
natural_earth_china_mainland_intersection,6,105.0,24.9,True
natural_earth_china_mainland_intersection,7,105.0,25.8,True
natural_earth_china_mainland_intersection,8,105.0,26.7,True
natural_earth_china_mainland_intersection,9,105.0,27.6,True
natural_earth_china_mainland_intersection,10,105.0,28.5,True
natural_earth_china_mainland_intersection,11,105.0,29.4,True
natural_earth_china_mainland_intersection,12,105.0,30.3,True
natural_earth_china_mainland_intersection,13,105.0,31.2,True
natural_earth_china_mainland_intersection,14,105.0,32.1,True
natural_earth_china_mainland_intersection,15,105.0,33.0,True
natural_earth_china_mainland_intersection,16,105.0,33.9,True
natural_earth_china_mainland_intersection,17,105.0,34.8,True
natural_earth_china_mainland_intersection,18,105.0,35.7,True
natural_earth_china_mainland_intersection,19,105.0,36.6,True
natural_earth_china_mainland_intersection,20,105.0,37.5,True
natural_earth_china_mainland_intersection,21,105.0,38.4,True
natural_earth_china_mainland_intersection,22,105.0,39.3,True
natural_earth_china_mainland_intersection,23,105.0,40.2,True
natural_earth_china_mainland_intersection,24,105.0,41.1,True
natural_earth_china_mainland_intersection,25,105.0,42.0,False
natural_earth_china_mainland_intersection,26,105.8,20.4,False
natural_earth_china_mainland_intersection,27,105.8,21.3,False
natural_earth_china_mainland_intersection,28,105.8,22.2,False
natural_earth_china_mainland_intersection,29,105.8,23.1,True
natural_earth_china_mainland_intersection,30,105.8,24.0,True
natural_earth_china_mainland_intersection,31,105.8,24.9,True
natural_earth_china_mainland_intersection,32,105.8,25.8,True
natural_earth_china_mainland_intersection,33,105.8,26.7,True
natural_earth_china_mainland_intersection,34,105.8,27.6,True
natural_earth_china_mainland_intersection,35,105.8,28.5,True
natural_earth_china_mainland_intersection,36,105.8,29.4,True
natural_earth_china_mainland_intersection,37,105.8,30.3,True
natural_earth_china_mainland_intersection,38,105.8,31.2,True
natural_earth_china_mainland_intersection,39,105.8,32.1,True
natural_earth_china_mainland_intersection,40,105.8,33.0,True
natural_earth_china_mainland_intersection,41,105.8,33.9,True
natural_earth_china_mainland_intersection,42,105.8,34.8,True
natural_earth_china_mainland_intersection,43,105.8,35.7,True
natural_earth_china_mainland_intersection,44,105.8,36.6,True
natural_earth_china_mainland_intersection,45,105.8,37.5,True
natural_earth_china_mainland_intersection,46,105.8,38.4,True
natural_earth_china_mainland_intersection,47,105.8,39.3,True
natural_earth_china_mainland_intersection,48,105.8,40.2,True
natural_earth_china_mainland_intersection,49,105.8,41.1,True
natural_earth_china_mainland_intersection,50,105.8,42.0,False
natural_earth_china_mainland_intersection,51,106.6,20.4,False
natural_earth_china_mainland_intersection,52,106.6,21.3,False
natural_earth_china_mainland_intersection,53,106.6,22.2,True
natural_earth_china_mainland_intersection,54,106.6,23.1,True
natural_earth_china_mainland_intersection,55,106.6,24.0,True
natural_earth_china_mainland_intersection,56,106.6,24.9,True
natural_earth_china_mainland_intersection,57,106.6,25.8,True
natural_earth_china_mainland_intersection,58,106.6,26.7,True
natural_earth_china_mainland_intersection,59,106.6,27.6,True
natural_earth_china_mainland_intersection,60,106.6,28.5,True
natural_earth_china_mainland_intersection,61,106.6,29.4,True
natural_earth_china_mainland_intersection,62,106.6,30.3,True
natural_earth_china_mainland_intersection,63,106.6,31.2,True
natural_earth_china_mainland_intersection,64,106.6,32.1,True
natural_earth_china_mainland_intersection,65,106.6,33.0,True
natural_earth_china_mainland_intersection,66,106.6,33.9,True
natural_earth_china_mainland_intersection,67,106.6,34.8,True
natural_earth_china_mainland_intersection,68,106.6,35.7,True
natural_earth_china_mainland_intersection,69,106.6,36.6,True
natural_earth_china_mainland_intersection,70,106.6,37.5,True
natural_earth_china_mainland_intersection,71,106.6,38.4,True
natural_earth_china_mainland_intersection,72,106.6,39.3,True
natural_earth_china_mainland_intersection,73,106.6,40.2,True
natural_earth_china_mainland_intersection,74,106.6,41.1,True
natural_earth_china_mainland_intersection,75,106.6,42.0,True
natural_earth_china_mainland_intersection,76,107.4,22.2,True
natural_earth_china_mainland_intersection,77,107.4,23.1,True
natural_earth_china_mainland_intersection,78,107.4,24.0,True
natural_earth_china_mainland_intersection,79,107.4,24.9,True
natural_earth_china_mainland_intersection,80,107.4,25.8,True
natural_earth_china_mainland_intersection,81,107.4,26.7,True
natural_earth_china_mainland_intersection,82,107.4,27.6,True
natural_earth_china_mainland_intersection,83,107.4,28.5,True
natural_earth_china_mainland_intersection,84,107.4,29.4,True
natural_earth_china_mainland_intersection,85,107.4,30.3,True
natural_earth_china_mainland_intersection,86,107.4,31.2,True
natural_earth_china_mainland_intersection,87,107.4,32.1,True
natural_earth_china_mainland_intersection,88,107.4,33.0,True
natural_earth_china_mainland_intersection,89,107.4,33.9,True
natural_earth_china_mainland_intersection,90,107.4,34.8,True
natural_earth_china_mainland_intersection,91,107.4,35.7,True
natural_earth_china_mainland_intersection,92,107.4,36.6,True
natural_earth_china_mainland_intersection,93,107.4,37.5,True
natural_earth_china_mainland_intersection,94,107.4,38.4,True
natural_earth_china_mainland_intersection,95,107.4,39.3,True
natural_earth_china_mainland_intersection,96,107.4,40.2,True
natural_earth_china_mainland_intersection,97,107.4,41.1,True
natural_earth_china_mainland_intersection,98,107.4,42.0,True
natural_earth_china_mainland_intersection,99,108.2,22.2,True
natural_earth_china_mainland_intersection,100,108.2,23.1,True
natural_earth_china_mainland_intersection,101,108.2,24.0,True
natural_earth_china_mainland_intersection,102,108.2,24.9,True
natural_earth_china_mainland_intersection,103,108.2,25.8,True
natural_earth_china_mainland_intersection,104,108.2,26.7,True
natural_earth_china_mainland_intersection,105,108.2,27.6,True
natural_earth_china_mainland_intersection,106,108.2,28.5,True
natural_earth_china_mainland_intersection,107,108.2,29.4,True
natural_earth_china_mainland_intersection,108,108.2,30.3,True
natural_earth_china_mainland_intersection,109,108.2,31.2,True
natural_earth_china_mainland_intersection,110,108.2,32.1,True
natural_earth_china_mainland_intersection,111,108.2,33.0,True
natural_earth_china_mainland_intersection,112,108.2,33.9,True
natural_earth_china_mainland_intersection,113,108.2,34.8,True
natural_earth_china_mainland_intersection,114,108.2,35.7,True
natural_earth_china_mainland_intersection,115,108.2,36.6,True
natural_earth_china_mainland_intersection,116,108.2,37.5,True
natural_earth_china_mainland_intersection,117,108.2,38.4,True
natural_earth_china_mainland_intersection,118,108.2,39.3,True
natural_earth_china_mainland_intersection,119,108.2,40.2,True
natural_earth_china_mainland_intersection,120,108.2,41.1,True
natural_earth_china_mainland_intersection,121,108.2,42.0,True
natural_earth_china_mainland_intersection,122,109.0,22.2,True
natural_earth_china_mainland_intersection,123,109.0,23.1,True
natural_earth_china_mainland_intersection,124,109.0,24.0,True
natural_earth_china_mainland_intersection,125,109.0,24.9,True
natural_earth_china_mainland_intersection,126,109.0,25.8,True
natural_earth_china_mainland_intersection,127,109.0,26.7,True
natural_earth_china_mainland_intersection,128,109.0,27.6,True
natural_earth_china_mainland_intersection,129,109.0,28.5,True
natural_earth_china_mainland_intersection,130,109.0,29.4,True
natural_earth_china_mainland_intersection,131,109.0,30.3,True
natural_earth_china_mainland_intersection,132,109.0,31.2,True
natural_earth_china_mainland_intersection,133,109.0,32.1,True
natural_earth_china_mainland_intersection,134,109.0,33.0,True
natural_earth_china_mainland_intersection,135,109.0,33.9,True
natural_earth_china_mainland_intersection,136,109.0,34.8,True
natural_earth_china_mainland_intersection,137,109.0,35.7,True
natural_earth_china_mainland_intersection,138,109.0,36.6,True
natural_earth_china_mainland_intersection,139,109.0,37.5,True
natural_earth_china_mainland_intersection,140,109.0,38.4,True
natural_earth_china_mainland_intersection,141,109.0,39.3,True
natural_earth_china_mainland_intersection,142,109.0,40.2,True
natural_earth_china_mainland_intersection,143,109.0,41.1,True
natural_earth_china_mainland_intersection,144,109.0,42.0,True
natural_earth_china_mainland_intersection,145,109.8,21.3,False
natural_earth_china_mainland_intersection,146,109.8,22.2,True
natural_earth_china_mainland_intersection,147,109.8,23.1,True
natural_earth_china_mainland_intersection,148,109.8,24.0,True
natural_earth_china_mainland_intersection,149,109.8,24.9,True
natural_earth_china_mainland_intersection,150,109.8,25.8,True
natural_earth_china_mainland_intersection,151,109.8,26.7,True
natural_earth_china_mainland_intersection,152,109.8,27.6,True
natural_earth_china_mainland_intersection,153,109.8,28.5,True
natural_earth_china_mainland_intersection,154,109.8,29.4,True
natural_earth_china_mainland_intersection,155,109.8,30.3,True
natural_earth_china_mainland_intersection,156,109.8,31.2,True
natural_earth_china_mainland_intersection,157,109.8,32.1,True
natural_earth_china_mainland_intersection,158,109.8,33.0,True
natural_earth_china_mainland_intersection,159,109.8,33.9,True
natural_earth_china_mainland_intersection,160,109.8,34.8,True
natural_earth_china_mainland_intersection,161,109.8,35.7,True
natural_earth_china_mainland_intersection,162,109.8,36.6,True
natural_earth_china_mainland_intersection,163,109.8,37.5,True
natural_earth_china_mainland_intersection,164,109.8,38.4,True
natural_earth_china_mainland_intersection,165,109.8,39.3,True
natural_earth_china_mainland_intersection,166,109.8,40.2,True
natural_earth_china_mainland_intersection,167,109.8,41.1,True
natural_earth_china_mainland_intersection,168,109.8,42.0,True
natural_earth_china_mainland_intersection,169,110.6,21.3,True
natural_earth_china_mainland_intersection,170,110.6,22.2,True
natural_earth_china_mainland_intersection,171,110.6,23.1,True
natural_earth_china_mainland_intersection,172,110.6,24.0,True
natural_earth_china_mainland_intersection,173,110.6,24.9,True
natural_earth_china_mainland_intersection,174,110.6,25.8,True
natural_earth_china_mainland_intersection,175,110.6,26.7,True
natural_earth_china_mainland_intersection,176,110.6,27.6,True
natural_earth_china_mainland_intersection,177,110.6,28.5,True
natural_earth_china_mainland_intersection,178,110.6,29.4,True
natural_earth_china_mainland_intersection,179,110.6,30.3,True
natural_earth_china_mainland_intersection,180,110.6,31.2,True
natural_earth_china_mainland_intersection,181,110.6,32.1,True
natural_earth_china_mainland_intersection,182,110.6,33.0,True
natural_earth_china_mainland_intersection,183,110.6,33.9,True
natural_earth_china_mainland_intersection,184,110.6,34.8,True
natural_earth_china_mainland_intersection,185,110.6,35.7,True
natural_earth_china_mainland_intersection,186,110.6,36.6,True
natural_earth_china_mainland_intersection,187,110.6,37.5,True
natural_earth_china_mainland_intersection,188,110.6,38.4,True
natural_earth_china_mainland_intersection,189,110.6,39.3,True
natural_earth_china_mainland_intersection,190,110.6,40.2,True
natural_earth_china_mainland_intersection,191,110.6,41.1,True
natural_earth_china_mainland_intersection,192,110.6,42.0,True
natural_earth_china_mainland_intersection,193,111.4,22.2,True
natural_earth_china_mainland_intersection,194,111.4,23.1,True
natural_earth_china_mainland_intersection,195,111.4,24.0,True
natural_earth_china_mainland_intersection,196,111.4,24.9,True
natural_earth_china_mainland_intersection,197,111.4,25.8,True
natural_earth_china_mainland_intersection,198,111.4,26.7,True
natural_earth_china_mainland_intersection,199,111.4,27.6,True
natural_earth_china_mainland_intersection,200,111.4,28.5,True
natural_earth_china_mainland_intersection,201,111.4,29.4,True
natural_earth_china_mainland_intersection,202,111.4,30.3,True
natural_earth_china_mainland_intersection,203,111.4,31.2,True
natural_earth_china_mainland_intersection,204,111.4,32.1,True
natural_earth_china_mainland_intersection,205,111.4,33.0,True
natural_earth_china_mainland_intersection,206,111.4,33.9,True
natural_earth_china_mainland_intersection,207,111.4,34.8,True
natural_earth_china_mainland_intersection,208,111.4,35.7,True
natural_earth_china_mainland_intersection,209,111.4,36.6,True
natural_earth_china_mainland_intersection,210,111.4,37.5,True
natural_earth_china_mainland_intersection,211,111.4,38.4,True
natural_earth_china_mainland_intersection,212,111.4,39.3,True
natural_earth_china_mainland_intersection,213,111.4,40.2,True
natural_earth_china_mainland_intersection,214,111.4,41.1,True
natural_earth_china_mainland_intersection,215,111.4,42.0,True
natural_earth_china_mainland_intersection,216,112.2,22.2,True
natural_earth_china_mainland_intersection,217,112.2,23.1,True
natural_earth_china_mainland_intersection,218,112.2,24.0,True
natural_earth_china_mainland_intersection,219,112.2,24.9,True
natural_earth_china_mainland_intersection,220,112.2,25.8,True
natural_earth_china_mainland_intersection,221,112.2,26.7,True
natural_earth_china_mainland_intersection,222,112.2,27.6,True
natural_earth_china_mainland_intersection,223,112.2,28.5,True
natural_earth_china_mainland_intersection,224,112.2,29.4,True
natural_earth_china_mainland_intersection,225,112.2,30.3,True
natural_earth_china_mainland_intersection,226,112.2,31.2,True
natural_earth_china_mainland_intersection,227,112.2,32.1,True
natural_earth_china_mainland_intersection,228,112.2,33.0,True
natural_earth_china_mainland_intersection,229,112.2,33.9,True
natural_earth_china_mainland_intersection,230,112.2,34.8,True
natural_earth_china_mainland_intersection,231,112.2,35.7,True
natural_earth_china_mainland_intersection,232,112.2,36.6,True
natural_earth_china_mainland_intersection,233,112.2,37.5,True
natural_earth_china_mainland_intersection,234,112.2,38.4,True
natural_earth_china_mainland_intersection,235,112.2,39.3,True
natural_earth_china_mainland_intersection,236,112.2,40.2,True
natural_earth_china_mainland_intersection,237,112.2,41.1,True
natural_earth_china_mainland_intersection,238,112.2,42.0,True
natural_earth_china_mainland_intersection,239,113.0,22.2,True
natural_earth_china_mainland_intersection,240,113.0,23.1,True
natural_earth_china_mainland_intersection,241,113.0,24.0,True
natural_earth_china_mainland_intersection,242,113.0,24.9,True
natural_earth_china_mainland_intersection,243,113.0,25.8,True
natural_earth_china_mainland_intersection,244,113.0,26.7,True
natural_earth_china_mainland_intersection,245,113.0,27.6,True
natural_earth_china_mainland_intersection,246,113.0,28.5,True
natural_earth_china_mainland_intersection,247,113.0,29.4,True
natural_earth_china_mainland_intersection,248,113.0,30.3,True
natural_earth_china_mainland_intersection,249,113.0,31.2,True
natural_earth_china_mainland_intersection,250,113.0,32.1,True
natural_earth_china_mainland_intersection,251,113.0,33.0,True
natural_earth_china_mainland_intersection,252,113.0,33.9,True
natural_earth_china_mainland_intersection,253,113.0,34.8,True
natural_earth_china_mainland_intersection,254,113.0,35.7,True
natural_earth_china_mainland_intersection,255,113.0,36.6,True
natural_earth_china_mainland_intersection,256,113.0,37.5,True
natural_earth_china_mainland_intersection,257,113.0,38.4,True
natural_earth_china_mainland_intersection,258,113.0,39.3,True
natural_earth_china_mainland_intersection,259,113.0,40.2,True
natural_earth_china_mainland_intersection,260,113.0,41.1,True
natural_earth_china_mainland_intersection,261,113.0,42.0,True
natural_earth_china_mainland_intersection,262,113.8,23.1,True
natural_earth_china_mainland_intersection,263,113.8,24.0,True
natural_earth_china_mainland_intersection,264,113.8,24.9,True
natural_earth_china_mainland_intersection,265,113.8,25.8,True
natural_earth_china_mainland_intersection,266,113.8,26.7,True
natural_earth_china_mainland_intersection,267,113.8,27.6,True
natural_earth_china_mainland_intersection,268,113.8,28.5,True
natural_earth_china_mainland_intersection,269,113.8,29.4,True
natural_earth_china_mainland_intersection,270,113.8,30.3,True
natural_earth_china_mainland_intersection,271,113.8,31.2,True
natural_earth_china_mainland_intersection,272,113.8,32.1,True
natural_earth_china_mainland_intersection,273,113.8,33.0,True
natural_earth_china_mainland_intersection,274,113.8,33.9,True
natural_earth_china_mainland_intersection,275,113.8,34.8,True
natural_earth_china_mainland_intersection,276,113.8,35.7,True
natural_earth_china_mainland_intersection,277,113.8,36.6,True
natural_earth_china_mainland_intersection,278,113.8,37.5,True
natural_earth_china_mainland_intersection,279,113.8,38.4,True
natural_earth_china_mainland_intersection,280,113.8,39.3,True
natural_earth_china_mainland_intersection,281,113.8,40.2,True
natural_earth_china_mainland_intersection,282,113.8,41.1,True
natural_earth_china_mainland_intersection,283,113.8,42.0,True
natural_earth_china_mainland_intersection,284,114.6,23.1,True
natural_earth_china_mainland_intersection,285,114.6,24.0,True
natural_earth_china_mainland_intersection,286,114.6,24.9,True
natural_earth_china_mainland_intersection,287,114.6,25.8,True
natural_earth_china_mainland_intersection,288,114.6,26.7,True
natural_earth_china_mainland_intersection,289,114.6,27.6,True
natural_earth_china_mainland_intersection,290,114.6,28.5,True
natural_earth_china_mainland_intersection,291,114.6,29.4,True
natural_earth_china_mainland_intersection,292,114.6,30.3,True
natural_earth_china_mainland_intersection,293,114.6,31.2,True
natural_earth_china_mainland_intersection,294,114.6,32.1,True
natural_earth_china_mainland_intersection,295,114.6,33.0,True
natural_earth_china_mainland_intersection,296,114.6,33.9,True
natural_earth_china_mainland_intersection,297,114.6,34.8,True
natural_earth_china_mainland_intersection,298,114.6,35.7,True
natural_earth_china_mainland_intersection,299,114.6,36.6,True
natural_earth_china_mainland_intersection,300,114.6,37.5,True
natural_earth_china_mainland_intersection,301,114.6,38.4,True
natural_earth_china_mainland_intersection,302,114.6,39.3,True
natural_earth_china_mainland_intersection,303,114.6,40.2,True
natural_earth_china_mainland_intersection,304,114.6,41.1,True
natural_earth_china_mainland_intersection,305,114.6,42.0,True
natural_earth_china_mainland_intersection,306,115.4,23.1,True
natural_earth_china_mainland_intersection,307,115.4,24.0,True
natural_earth_china_mainland_intersection,308,115.4,24.9,True
natural_earth_china_mainland_intersection,309,115.4,25.8,True
natural_earth_china_mainland_intersection,310,115.4,26.7,True
natural_earth_china_mainland_intersection,311,115.4,27.6,True
natural_earth_china_mainland_intersection,312,115.4,28.5,True
natural_earth_china_mainland_intersection,313,115.4,29.4,True
natural_earth_china_mainland_intersection,314,115.4,30.3,True
natural_earth_china_mainland_intersection,315,115.4,31.2,True
natural_earth_china_mainland_intersection,316,115.4,32.1,True
natural_earth_china_mainland_intersection,317,115.4,33.0,True
natural_earth_china_mainland_intersection,318,115.4,33.9,True
natural_earth_china_mainland_intersection,319,115.4,34.8,True
natural_earth_china_mainland_intersection,320,115.4,35.7,True
natural_earth_china_mainland_intersection,321,115.4,36.6,True
natural_earth_china_mainland_intersection,322,115.4,37.5,True
natural_earth_china_mainland_intersection,323,115.4,38.4,True
natural_earth_china_mainland_intersection,324,115.4,39.3,True
natural_earth_china_mainland_intersection,325,115.4,40.2,True
natural_earth_china_mainland_intersection,326,115.4,41.1,True
natural_earth_china_mainland_intersection,327,115.4,42.0,True
natural_earth_china_mainland_intersection,328,116.2,23.1,True
natural_earth_china_mainland_intersection,329,116.2,24.0,True
natural_earth_china_mainland_intersection,330,116.2,24.9,True
natural_earth_china_mainland_intersection,331,116.2,25.8,True
natural_earth_china_mainland_intersection,332,116.2,26.7,True
natural_earth_china_mainland_intersection,333,116.2,27.6,True
natural_earth_china_mainland_intersection,334,116.2,28.5,True
natural_earth_china_mainland_intersection,335,116.2,29.4,True
natural_earth_china_mainland_intersection,336,116.2,30.3,True
natural_earth_china_mainland_intersection,337,116.2,31.2,True
natural_earth_china_mainland_intersection,338,116.2,32.1,True
natural_earth_china_mainland_intersection,339,116.2,33.0,True
natural_earth_china_mainland_intersection,340,116.2,33.9,True
natural_earth_china_mainland_intersection,341,116.2,34.8,True
natural_earth_china_mainland_intersection,342,116.2,35.7,True
natural_earth_china_mainland_intersection,343,116.2,36.6,True
natural_earth_china_mainland_intersection,344,116.2,37.5,True
natural_earth_china_mainland_intersection,345,116.2,38.4,True
natural_earth_china_mainland_intersection,346,116.2,39.3,True
natural_earth_china_mainland_intersection,347,116.2,40.2,True
natural_earth_china_mainland_intersection,348,116.2,41.1,True
natural_earth_china_mainland_intersection,349,116.2,42.0,True
natural_earth_china_mainland_intersection,350,117.0,24.0,True
natural_earth_china_mainland_intersection,351,117.0,24.9,True
natural_earth_china_mainland_intersection,352,117.0,25.8,True
natural_earth_china_mainland_intersection,353,117.0,26.7,True
natural_earth_china_mainland_intersection,354,117.0,27.6,True
natural_earth_china_mainland_intersection,355,117.0,28.5,True
natural_earth_china_mainland_intersection,356,117.0,29.4,True
natural_earth_china_mainland_intersection,357,117.0,30.3,True
natural_earth_china_mainland_intersection,358,117.0,31.2,True
natural_earth_china_mainland_intersection,359,117.0,32.1,True
natural_earth_china_mainland_intersection,360,117.0,33.0,True
natural_earth_china_mainland_intersection,361,117.0,33.9,True
natural_earth_china_mainland_intersection,362,117.0,34.8,True
natural_earth_china_mainland_intersection,363,117.0,35.7,True
natural_earth_china_mainland_intersection,364,117.0,36.6,True
natural_earth_china_mainland_intersection,365,117.0,37.5,True
natural_earth_china_mainland_intersection,366,117.0,38.4,True
natural_earth_china_mainland_intersection,367,117.0,39.3,True
natural_earth_china_mainland_intersection,368,117.0,40.2,True
natural_earth_china_mainland_intersection,369,117.0,41.1,True
natural_earth_china_mainland_intersection,370,117.0,42.0,True
natural_earth_china_mainland_intersection,371,117.8,24.9,True
natural_earth_china_mainland_intersection,372,117.8,25.8,True
natural_earth_china_mainland_intersection,373,117.8,26.7,True
natural_earth_china_mainland_intersection,374,117.8,27.6,True
natural_earth_china_mainland_intersection,375,117.8,28.5,True
natural_earth_china_mainland_intersection,376,117.8,29.4,True
natural_earth_china_mainland_intersection,377,117.8,30.3,True
natural_earth_china_mainland_intersection,378,117.8,31.2,True
natural_earth_china_mainland_intersection,379,117.8,32.1,True
natural_earth_china_mainland_intersection,380,117.8,33.0,True
natural_earth_china_mainland_intersection,381,117.8,33.9,True
natural_earth_china_mainland_intersection,382,117.8,34.8,True
natural_earth_china_mainland_intersection,383,117.8,35.7,True
natural_earth_china_mainland_intersection,384,117.8,36.6,True
natural_earth_china_mainland_intersection,385,117.8,37.5,True
natural_earth_china_mainland_intersection,386,117.8,39.3,True
natural_earth_china_mainland_intersection,387,117.8,40.2,True
natural_earth_china_mainland_intersection,388,117.8,41.1,True
natural_earth_china_mainland_intersection,389,117.8,42.0,True
natural_earth_china_mainland_intersection,390,118.6,24.9,True
natural_earth_china_mainland_intersection,391,118.6,25.8,True
natural_earth_china_mainland_intersection,392,118.6,26.7,True
natural_earth_china_mainland_intersection,393,118.6,27.6,True
natural_earth_china_mainland_intersection,394,118.6,28.5,True
natural_earth_china_mainland_intersection,395,118.6,29.4,True
natural_earth_china_mainland_intersection,396,118.6,30.3,True
natural_earth_china_mainland_intersection,397,118.6,31.2,True
natural_earth_china_mainland_intersection,398,118.6,32.1,True
natural_earth_china_mainland_intersection,399,118.6,33.0,True
natural_earth_china_mainland_intersection,400,118.6,33.9,True
natural_earth_china_mainland_intersection,401,118.6,34.8,True
natural_earth_china_mainland_intersection,402,118.6,35.7,True
natural_earth_china_mainland_intersection,403,118.6,36.6,True
natural_earth_china_mainland_intersection,404,118.6,37.5,True
natural_earth_china_mainland_intersection,405,118.6,39.3,True
natural_earth_china_mainland_intersection,406,118.6,40.2,True
natural_earth_china_mainland_intersection,407,118.6,41.1,True
natural_earth_china_mainland_intersection,408,118.6,42.0,True
natural_earth_china_mainland_intersection,409,119.4,25.8,True
natural_earth_china_mainland_intersection,410,119.4,26.7,True
natural_earth_china_mainland_intersection,411,119.4,27.6,True
natural_earth_china_mainland_intersection,412,119.4,28.5,True
natural_earth_china_mainland_intersection,413,119.4,29.4,True
natural_earth_china_mainland_intersection,414,119.4,30.3,True
natural_earth_china_mainland_intersection,415,119.4,31.2,True
natural_earth_china_mainland_intersection,416,119.4,32.1,True
natural_earth_china_mainland_intersection,417,119.4,33.0,True
natural_earth_china_mainland_intersection,418,119.4,33.9,True
natural_earth_china_mainland_intersection,419,119.4,35.7,True
natural_earth_china_mainland_intersection,420,119.4,36.6,True
natural_earth_china_mainland_intersection,421,119.4,40.2,True
natural_earth_china_mainland_intersection,422,119.4,41.1,True
natural_earth_china_mainland_intersection,423,119.4,42.0,True
natural_earth_china_mainland_intersection,424,120.2,23.1,False
natural_earth_china_mainland_intersection,425,120.2,27.6,True
natural_earth_china_mainland_intersection,426,120.2,28.5,True
natural_earth_china_mainland_intersection,427,120.2,29.4,True
natural_earth_china_mainland_intersection,428,120.2,30.3,True
natural_earth_china_mainland_intersection,429,120.2,31.2,True
natural_earth_china_mainland_intersection,430,120.2,32.1,True
natural_earth_china_mainland_intersection,431,120.2,33.0,True
natural_earth_china_mainland_intersection,432,120.2,33.9,True
natural_earth_china_mainland_intersection,433,120.2,36.6,True
natural_earth_china_mainland_intersection,434,120.2,37.5,False
natural_earth_china_mainland_intersection,435,120.2,40.2,False
natural_earth_china_mainland_intersection,436,120.2,41.1,True
natural_earth_china_mainland_intersection,437,120.2,42.0,True
natural_earth_china_mainland_intersection,438,121.0,23.1,False
natural_earth_china_mainland_intersection,439,121.0,24.0,False
natural_earth_china_mainland_intersection,440,121.0,28.5,True
natural_earth_china_mainland_intersection,441,121.0,29.4,True
natural_earth_china_mainland_intersection,442,121.0,31.2,True
natural_earth_china_mainland_intersection,443,121.0,32.1,True
natural_earth_china_mainland_intersection,444,121.0,37.5,True
natural_earth_china_mainland_intersection,445,121.0,41.1,True
natural_earth_china_mainland_intersection,446,121.0,42.0,True
natural_earth_china_mainland_intersection,447,121.8,24.9,False
natural_earth_china_mainland_intersection,448,121.8,29.4,True
natural_earth_china_mainland_intersection,449,121.8,31.2,True
natural_earth_china_mainland_intersection,450,121.8,39.3,True
natural_earth_china_mainland_intersection,451,121.8,41.1,True
natural_earth_china_mainland_intersection,452,121.8,42.0,True
natural_earth_china_mainland_intersection,453,122.6,40.2,True
natural_earth_china_mainland_intersection,454,122.6,41.1,True
natural_earth_china_mainland_intersection,455,122.6,42.0,True
natural_earth_china_mainland_intersection,456,123.4,40.2,True
natural_earth_china_mainland_intersection,457,123.4,41.1,True
natural_earth_china_mainland_intersection,458,123.4,42.0,True
natural_earth_china_mainland_intersection,459,124.2,40.2,True
natural_earth_china_mainland_intersection,460,124.2,41.1,True
natural_earth_china_mainland_intersection,461,124.2,42.0,True
natural_earth_china_mainland_intersection,462,125.0,38.4,False
natural_earth_china_mainland_intersection,463,125.0,40.2,False
natural_earth_china_mainland_intersection,464,125.0,41.1,True
natural_earth_china_mainland_intersection,465,125.0,42.0,True
