file,year,month,analysis_role,mean_extreme,mean_moderate,relative_effect,absolute_effect,n_extreme,n_moderate,metric,configuration
199106,1991,6,confirmatory,2.79609876103848,2.58011268631609,0.0837118765656621,0.215986074722391,8,14,graph_h_0.125,primary_121_reproduction
199107,1991,7,confirmatory,2.77493092612695,2.53096730739908,0.0963914539767685,0.243963618727864,8,15,graph_h_0.125,primary_121_reproduction
199108,1991,8,confirmatory,2.64686844787854,2.54916433113308,0.0383279004622013,0.0977041167454624,8,15,graph_h_0.125,primary_121_reproduction
199206,1992,6,confirmatory,2.53108842089328,2.45854617284679,0.0295061564625769,0.0725422480464872,8,14,graph_h_0.125,primary_121_reproduction
199207,1992,7,confirmatory,2.75175653200131,2.69985807919447,0.0192226595934,0.0518984528068462,8,15,graph_h_0.125,primary_121_reproduction
199208,1992,8,confirmatory,2.59369422226603,2.3748346505072,0.0921578147396864,0.218859571758831,8,15,graph_h_0.125,primary_121_reproduction
199306,1993,6,confirmatory,2.63263675954103,2.88246530371651,-0.0866718304825249,-0.249828544175477,8,14,graph_h_0.125,primary_121_reproduction
199307,1993,7,confirmatory,2.61647711283016,2.42462300143251,0.0791273988922425,0.191854111397656,8,15,graph_h_0.125,primary_121_reproduction
199308,1993,8,confirmatory,2.73016882926544,2.85313181195829,-0.0430975471155863,-0.12296298269285,8,15,graph_h_0.125,primary_121_reproduction
199406,1994,6,confirmatory,2.64677702995725,2.42211584153284,0.0927541055518804,0.224661188424418,8,14,graph_h_0.125,primary_121_reproduction
199407,1994,7,confirmatory,2.66474247614962,2.75828154184065,-0.0339120805008943,-0.0935390656910311,8,15,graph_h_0.125,primary_121_reproduction
199408,1994,8,confirmatory,2.80633856430173,2.65757957083559,0.0559753676234671,0.148758993466138,8,15,graph_h_0.125,primary_121_reproduction
199506,1995,6,confirmatory,3.04838380117538,2.78533275592832,0.0944415149993056,0.263051045247062,8,14,graph_h_0.125,primary_121_reproduction
199507,1995,7,confirmatory,2.58005484601056,2.53175853225655,0.0190761927485095,0.0482963137540096,8,15,graph_h_0.125,primary_121_reproduction
199508,1995,8,confirmatory,2.43026263867017,2.67636226646224,-0.0919530329940655,-0.246099627792074,8,15,graph_h_0.125,primary_121_reproduction
199606,1996,6,confirmatory,2.6946376643016,3.096757498342,-0.12985189646128,-0.402119834040398,8,14,graph_h_0.125,primary_121_reproduction
199607,1996,7,confirmatory,2.44073754061577,2.40296496561059,0.0157191534399181,0.0377725750051807,8,15,graph_h_0.125,primary_121_reproduction
199608,1996,8,confirmatory,2.55322616510279,2.81684530068141,-0.0935866572136049,-0.263619135578625,8,15,graph_h_0.125,primary_121_reproduction
199706,1997,6,confirmatory,2.11361176123473,2.55421427811867,-0.172500216860613,-0.440602516883946,8,14,graph_h_0.125,primary_121_reproduction
199707,1997,7,confirmatory,2.49547446734211,2.33263307139858,0.0698101205629795,0.162841395943528,8,15,graph_h_0.125,primary_121_reproduction
199708,1997,8,confirmatory,2.57112164996339,2.92268424696062,-0.120287573781817,-0.35156259699723,8,15,graph_h_0.125,primary_121_reproduction
199806,1998,6,confirmatory,2.3039710886899,2.64792643298832,-0.129896110410533,-0.343955344298419,8,14,graph_h_0.125,primary_121_reproduction
199807,1998,7,confirmatory,2.69019686889791,2.57616390623134,0.0442646379722749,0.114032962666572,8,15,graph_h_0.125,primary_121_reproduction
199808,1998,8,confirmatory,2.8956471666223,2.67577082626641,0.0821730838072885,0.219876340355887,8,15,graph_h_0.125,primary_121_reproduction
199906,1999,6,confirmatory,2.22450829125282,2.67935092117707,-0.169758513649431,-0.454842629924254,8,14,graph_h_0.125,primary_121_reproduction
199907,1999,7,confirmatory,2.25132171700101,2.25210987733012,-0.000349965308992783,-0.000788160329105558,8,15,graph_h_0.125,primary_121_reproduction
199908,1999,8,confirmatory,2.2058134218852,2.59947440570214,-0.151438684279183,-0.393660983816943,8,15,graph_h_0.125,primary_121_reproduction
200006,2000,6,confirmatory,2.40957936123507,2.40265541232848,0.00288179023553026,0.00692394890659198,8,14,graph_h_0.125,primary_121_reproduction
200007,2000,7,confirmatory,2.35276398351109,2.77944528665033,-0.153513114717026,-0.426681303139249,8,15,graph_h_0.125,primary_121_reproduction
200008,2000,8,confirmatory,2.31839155743955,2.82885597557474,-0.180449065821204,-0.510464418135193,8,15,graph_h_0.125,primary_121_reproduction
200106,2001,6,confirmatory,2.663974698077,2.68071381017795,-0.00624427420689044,-0.0167391121009493,8,14,graph_h_0.125,primary_121_reproduction
200107,2001,7,confirmatory,2.76729396444974,2.86211913709872,-0.0331311060465143,-0.0948251726489753,8,15,graph_h_0.125,primary_121_reproduction
200108,2001,8,confirmatory,2.65961723333606,3.18108200801435,-0.163926856762738,-0.521464774678292,8,15,graph_h_0.125,primary_121_reproduction
200206,2002,6,confirmatory,2.42226383083057,2.38868208099483,0.0140586937470386,0.0335817498357454,8,14,graph_h_0.125,primary_121_reproduction
200207,2002,7,confirmatory,3.17315245395841,2.63837042016333,0.202694068167264,0.534782033795079,8,15,graph_h_0.125,primary_121_reproduction
200208,2002,8,confirmatory,2.63947498792765,3.07234746556827,-0.140893073616125,-0.432872477640625,8,15,graph_h_0.125,primary_121_reproduction
200306,2003,6,confirmatory,2.44593122698884,2.68433149897931,-0.0888117850128146,-0.238400271990477,8,14,graph_h_0.125,primary_121_reproduction
200307,2003,7,confirmatory,2.6276753043553,2.55557757871296,0.028211910388827,0.0720977256423456,8,15,graph_h_0.125,primary_121_reproduction
200308,2003,8,confirmatory,2.81655678451077,2.58543450858856,0.0893939781318922,0.231122275922206,8,15,graph_h_0.125,primary_121_reproduction
200406,2004,6,confirmatory,2.94950198781482,2.79267531368267,0.0561564294151127,0.156826674132148,8,14,graph_h_0.125,primary_121_reproduction
200407,2004,7,confirmatory,2.76024097457009,2.84926280363057,-0.0312438111876,-0.0890218290604854,8,15,graph_h_0.125,primary_121_reproduction
200408,2004,8,confirmatory,2.46918183074224,2.53295422408195,-0.0251770808699958,-0.0637723933397085,8,15,graph_h_0.125,primary_121_reproduction
200506,2005,6,confirmatory,2.63873685784992,2.92221249745666,-0.0970071956962296,-0.283475639606746,8,14,graph_h_0.125,primary_121_reproduction
200507,2005,7,confirmatory,2.48648778116835,2.62769024922272,-0.0537363443412468,-0.141202468054368,8,15,graph_h_0.125,primary_121_reproduction
200508,2005,8,confirmatory,2.61454755764323,2.61643861247586,-0.00072275910606534,-0.00189105483262786,8,15,graph_h_0.125,primary_121_reproduction
200606,2006,6,confirmatory,2.48438226182884,2.64712926784406,-0.0614805661333527,-0.16274700601522,8,14,graph_h_0.125,primary_121_reproduction
200607,2006,7,confirmatory,2.70814288972769,2.50478770945171,0.0811865929829603,0.203355180275978,8,15,graph_h_0.125,primary_121_reproduction
200608,2006,8,confirmatory,2.25862031425194,2.62590624422444,-0.139870161313008,-0.367285929972507,8,15,graph_h_0.125,primary_121_reproduction
200706,2007,6,confirmatory,3.0287273068395,2.65015755163486,0.142848018590861,0.378569755204646,8,14,graph_h_0.125,primary_121_reproduction
200707,2007,7,confirmatory,2.52218626822184,2.70064939905525,-0.066081562047943,-0.17846313083341,8,15,graph_h_0.125,primary_121_reproduction
200708,2007,8,confirmatory,2.90228186608017,2.72791794994172,0.0639183140175368,0.17436391613845,8,15,graph_h_0.125,primary_121_reproduction
200806,2008,6,confirmatory,2.62902042973955,2.42277583928611,0.0851273927654055,0.206244590453443,8,14,graph_h_0.125,primary_121_reproduction
200807,2008,7,confirmatory,2.80051242969254,2.74033556705328,0.0219596692327599,0.0601768626392576,8,15,graph_h_0.125,primary_121_reproduction
200808,2008,8,confirmatory,2.86810060076384,2.89922406162365,-0.0107351002193257,-0.0311234608598103,8,15,graph_h_0.125,primary_121_reproduction
200906,2009,6,confirmatory,2.95284898931792,3.19678193090635,-0.0763057808948734,-0.24393294158843,8,14,graph_h_0.125,primary_121_reproduction
200907,2009,7,confirmatory,2.75981899572484,2.7718259062735,-0.00433176936599367,-0.0120069105486631,8,15,graph_h_0.125,primary_121_reproduction
200908,2009,8,confirmatory,2.60478508436075,3.14506908973997,-0.171787642803067,-0.540284005379217,8,15,graph_h_0.125,primary_121_reproduction
201006,2010,6,confirmatory,2.57613022959266,2.5058277231284,0.0280556024723391,0.0703025064642571,8,14,graph_h_0.125,primary_121_reproduction
201007,2010,7,confirmatory,2.5360514066458,2.61757949397367,-0.0311463653789945,-0.0815280873278672,8,15,graph_h_0.125,primary_121_reproduction
201008,2010,8,confirmatory,3.08002674574989,3.14992895601706,-0.022191678365837,-0.0699022102671671,8,15,graph_h_0.125,primary_121_reproduction
201106,2011,6,confirmatory,2.38937833372311,2.51060566036587,-0.0482860883158736,-0.121227326642758,8,14,graph_h_0.125,primary_121_reproduction
201107,2011,7,confirmatory,2.68248953772403,2.74099630432745,-0.0213450731440431,-0.0585067666034211,8,15,graph_h_0.125,primary_121_reproduction
201108,2011,8,confirmatory,2.64248438542448,2.58537976880543,0.0220875158489522,0.0571046166190503,8,15,graph_h_0.125,primary_121_reproduction
201206,2012,6,confirmatory,2.1065271262543,2.55011775757723,-0.173949077451376,-0.44359063132293,8,14,graph_h_0.125,primary_121_reproduction
201207,2012,7,confirmatory,2.25881801142909,2.57957431542817,-0.124344664963,-0.320756303999076,8,15,graph_h_0.125,primary_121_reproduction
201208,2012,8,confirmatory,2.23267631245179,2.7007045824497,-0.173298580318393,-0.46802826999791,8,15,graph_h_0.125,primary_121_reproduction
201306,2013,6,confirmatory,2.47158384768495,2.37405348293362,0.0410817892067075,0.0975303647513286,8,14,graph_h_0.125,primary_121_reproduction
201307,2013,7,confirmatory,2.57975647054997,2.62192394909247,-0.0160826474608829,-0.0421674785425004,8,15,graph_h_0.125,primary_121_reproduction
201308,2013,8,confirmatory,2.80535691062678,2.8066785474859,-0.000470889999250601,-0.00132163685912223,8,15,graph_h_0.125,primary_121_reproduction
201406,2014,6,confirmatory,2.44605504224025,2.47175651574124,-0.0103980603822872,-0.0257014735009893,8,14,graph_h_0.125,primary_121_reproduction
201407,2014,7,confirmatory,2.39120953092566,2.41657915681804,-0.0104981563797755,-0.0253696258923819,8,15,graph_h_0.125,primary_121_reproduction
201408,2014,8,confirmatory,2.60606476144856,2.60079389890829,0.00202663599852304,0.00527086254026665,8,15,graph_h_0.125,primary_121_reproduction
201506,2015,6,discovery,2.30780179688882,2.56435345268384,-0.100045356667395,-0.25655165579502,8,14,graph_h_0.125,primary_121_reproduction
201507,2015,7,discovery,2.40090171113927,2.85283017078761,-0.158414077457536,-0.451928459648344,8,15,graph_h_0.125,primary_121_reproduction
201508,2015,8,discovery,2.82803464437728,3.1803501702112,-0.110778847289802,-0.352315525833922,8,15,graph_h_0.125,primary_121_reproduction
201606,2016,6,confirmatory,2.80232808299042,2.71151060754999,0.0334933137224529,0.0908174754404305,8,14,graph_h_0.125,primary_121_reproduction
201607,2016,7,confirmatory,2.75197959218644,2.60542597026122,0.0562493901565455,0.14655362192522,8,15,graph_h_0.125,primary_121_reproduction
201608,2016,8,confirmatory,2.70459594823282,2.35668341375004,0.147628032027082,0.347912534482784,8,15,graph_h_0.125,primary_121_reproduction
201706,2017,6,confirmatory,2.41770715589136,2.53346965260496,-0.0456932636215204,-0.1157624967136,8,14,graph_h_0.125,primary_121_reproduction
201707,2017,7,confirmatory,2.4715756294777,2.65630547370353,-0.0695439007503429,-0.184729844225831,8,15,graph_h_0.125,primary_121_reproduction
201708,2017,8,confirmatory,2.73408428886807,2.67638872777603,0.0215572425983037,0.0576955610920336,8,15,graph_h_0.125,primary_121_reproduction
201806,2018,6,confirmatory,2.46888291093096,2.68914697927339,-0.0819085271426645,-0.220264068342428,8,14,graph_h_0.125,primary_121_reproduction
201807,2018,7,confirmatory,2.10611375810575,2.33824034526996,-0.0992740492369755,-0.232126587164213,8,15,graph_h_0.125,primary_121_reproduction
201808,2018,8,confirmatory,2.23475162868411,2.48391033358905,-0.100309057672353,-0.249158704904938,8,15,graph_h_0.125,primary_121_reproduction
201906,2019,6,confirmatory,2.44735188988437,2.64534887639846,-0.074847211375631,-0.197996986514083,8,14,graph_h_0.125,primary_121_reproduction
201907,2019,7,confirmatory,2.68539187500889,2.80917120925205,-0.0440625811041667,-0.123779334243158,8,15,graph_h_0.125,primary_121_reproduction
201908,2019,8,confirmatory,2.69473889870777,2.93716014061861,-0.0825359293687623,-0.242421241910842,8,15,graph_h_0.125,primary_121_reproduction
202006,2020,6,confirmatory,2.49067919418421,2.67469291967893,-0.0687980755251731,-0.184013725494717,8,14,graph_h_0.125,primary_121_reproduction
202007,2020,7,confirmatory,2.30419756054728,2.31276218582886,-0.00370320188303785,-0.00856462528158009,8,15,graph_h_0.125,primary_121_reproduction
202008,2020,8,confirmatory,2.84916927966579,2.82458208887916,0.00870471808322848,0.0245871907866295,8,15,graph_h_0.125,primary_121_reproduction
202106,2021,6,confirmatory,2.31882899517006,2.78735825295867,-0.168090792524173,-0.468529257788617,8,14,graph_h_0.125,primary_121_reproduction
202107,2021,7,confirmatory,2.32499473482841,2.38751079565939,-0.0261846191207347,-0.0625160608309834,8,15,graph_h_0.125,primary_121_reproduction
202108,2021,8,confirmatory,2.87254489340106,2.91992245942938,-0.0162256247166154,-0.0473775660283176,8,15,graph_h_0.125,primary_121_reproduction
202206,2022,6,discovery,2.61661404690254,2.65008920398962,-0.0126317095427143,-0.0334751570870799,8,14,graph_h_0.125,primary_121_reproduction
202207,2022,7,discovery,3.09646218831131,2.56863467834313,0.205489521113468,0.527827509968178,8,15,graph_h_0.125,primary_121_reproduction
202208,2022,8,discovery,2.31810913635832,2.5538140264766,-0.0922952445536808,-0.235704890118277,8,15,graph_h_0.125,primary_121_reproduction
202306,2023,6,confirmatory,2.70903755253497,2.82337958308863,-0.0404982848351492,-0.114342030553668,8,14,graph_h_0.125,primary_121_reproduction
202307,2023,7,confirmatory,2.42173279948124,2.70000911175183,-0.103064953025301,-0.278276312270585,8,15,graph_h_0.125,primary_121_reproduction
202308,2023,8,confirmatory,2.22625749700468,3.02874252573875,-0.264956503206997,-0.802485028734065,8,15,graph_h_0.125,primary_121_reproduction
202406,2024,6,confirmatory,2.49037969786893,2.67780339564584,-0.0699915826836536,-0.187423697776914,8,14,graph_h_0.125,primary_121_reproduction
202407,2024,7,confirmatory,2.96790399740673,2.61492767443096,0.134985118872391,0.35297632297577,8,15,graph_h_0.125,primary_121_reproduction
202408,2024,8,confirmatory,2.78694315574373,2.63993261752343,0.0556872312741903,0.147010538220306,8,15,graph_h_0.125,primary_121_reproduction
202506,2025,6,confirmatory,2.21399636087662,2.44678656770797,-0.0951411986250279,-0.232790206831354,8,14,graph_h_0.125,primary_121_reproduction
202507,2025,7,confirmatory,2.14550899039771,2.49930987174718,-0.141559430204681,-0.353800881349464,8,15,graph_h_0.125,primary_121_reproduction
202508,2025,8,confirmatory,2.37162869329972,2.7040905857151,-0.12294776446162,-0.332461892415385,8,15,graph_h_0.125,primary_121_reproduction
199106,1991,6,confirmatory,4.86850825469589,4.29663968628507,0.133096701181677,0.57186856841082,8,14,graph_h_0.250,primary_121_reproduction
199107,1991,7,confirmatory,4.37383622882443,4.23960791626643,0.031660548618893,0.134228312557998,8,15,graph_h_0.250,primary_121_reproduction
199108,1991,8,confirmatory,4.19376907918369,3.93079620539084,0.0669006633903317,0.262972873792846,8,15,graph_h_0.250,primary_121_reproduction
199206,1992,6,confirmatory,4.04783843534418,4.02478381653574,0.0057281632652455,0.0230546188084348,8,14,graph_h_0.250,primary_121_reproduction
199207,1992,7,confirmatory,4.43665011758436,4.54647229497024,-0.0241554704968465,-0.109822177385884,8,15,graph_h_0.250,primary_121_reproduction
199208,1992,8,confirmatory,4.15271258398218,3.68895998975427,0.125713641653998,0.463752594227903,8,15,graph_h_0.250,primary_121_reproduction
199306,1993,6,confirmatory,4.55922001691467,4.97873648650119,-0.0842616335939758,-0.419516469586521,8,14,graph_h_0.250,primary_121_reproduction
199307,1993,7,confirmatory,4.32727663200769,3.89869975080575,0.109928157743711,0.428576881201941,8,15,graph_h_0.250,primary_121_reproduction
199308,1993,8,confirmatory,4.39805537136869,4.62446816366406,-0.0489597472146889,-0.226412792295369,8,15,graph_h_0.250,primary_121_reproduction
199406,1994,6,confirmatory,4.52766821265322,3.83491478222218,0.180643761275345,0.692753430431035,8,14,graph_h_0.250,primary_121_reproduction
199407,1994,7,confirmatory,4.09214432168408,4.60098044775562,-0.11059297726852,-0.508836126071541,8,15,graph_h_0.250,primary_121_reproduction
199408,1994,8,confirmatory,4.40861101614412,4.1412037761013,0.0645723452649245,0.267407240042822,8,15,graph_h_0.250,primary_121_reproduction
199506,1995,6,confirmatory,5.18354644925523,4.76125232444328,0.0886939183298427,0.422294124811947,8,14,graph_h_0.250,primary_121_reproduction
199507,1995,7,confirmatory,4.20847455310878,4.32373460703167,-0.0266575228126738,-0.115260053922894,8,15,graph_h_0.250,primary_121_reproduction
199508,1995,8,confirmatory,3.87771625570821,4.3067286976498,-0.0996144572969516,-0.429012441941592,8,15,graph_h_0.250,primary_121_reproduction
199606,1996,6,confirmatory,4.59104626869685,5.21213253707175,-0.119161641412104,-0.621086268374904,8,14,graph_h_0.250,primary_121_reproduction
199607,1996,7,confirmatory,3.90202094191376,3.8139724136591,0.0230857800489914,0.0880485282546548,8,15,graph_h_0.250,primary_121_reproduction
199608,1996,8,confirmatory,4.06301597299584,4.46270858645422,-0.0895627858542182,-0.39969261345838,8,15,graph_h_0.250,primary_121_reproduction
199706,1997,6,confirmatory,3.27182666052051,4.29969411166105,-0.239055947806357,-1.02786745114054,8,14,graph_h_0.250,primary_121_reproduction
199707,1997,7,confirmatory,3.9248748640028,3.75192352934585,0.0460967110081525,0.172951334656943,8,15,graph_h_0.250,primary_121_reproduction
199708,1997,8,confirmatory,4.07902915813818,4.59179276202898,-0.1116695875587,-0.5127636038908,8,15,graph_h_0.250,primary_121_reproduction
199806,1998,6,confirmatory,3.75774970983775,4.40855926011201,-0.147624090292419,-0.650809550274255,8,14,graph_h_0.250,primary_121_reproduction
199807,1998,7,confirmatory,4.47671102324101,4.09749751208034,0.0925475878978992,0.379213511160678,8,15,graph_h_0.250,primary_121_reproduction
199808,1998,8,confirmatory,4.73176424499384,4.46157312226469,0.0605596087579075,0.270191122729146,8,15,graph_h_0.250,primary_121_reproduction
199906,1999,6,confirmatory,3.57515252612057,4.55636606332976,-0.21535002314808,-0.981213537209188,8,14,graph_h_0.250,primary_121_reproduction
199907,1999,7,confirmatory,3.42999790910577,3.44033721168688,-0.00300531661430836,-0.010339302581106,8,15,graph_h_0.250,primary_121_reproduction
199908,1999,8,confirmatory,3.38348353737887,4.20233986815507,-0.194857235841729,-0.818856330776192,8,15,graph_h_0.250,primary_121_reproduction
200006,2000,6,confirmatory,3.945395907183,3.99803014837071,-0.0131650435925708,-0.0526342411877128,8,14,graph_h_0.250,primary_121_reproduction
200007,2000,7,confirmatory,3.58010192921427,4.55501245508752,-0.214030265665766,-0.974910525873256,8,15,graph_h_0.250,primary_121_reproduction
200008,2000,8,confirmatory,3.76915416141973,4.54300638453737,-0.170339233013525,-0.773852223117645,8,15,graph_h_0.250,primary_121_reproduction
200106,2001,6,confirmatory,4.50077675447739,4.47297622568303,0.0062152194404117,0.0278005287943648,8,14,graph_h_0.250,primary_121_reproduction
200107,2001,7,confirmatory,4.48678301772882,4.68974649788697,-0.0432781345963164,-0.202963480158155,8,15,graph_h_0.250,primary_121_reproduction
200108,2001,8,confirmatory,4.17628691639461,5.08932567017473,-0.179402697518624,-0.913038753780124,8,15,graph_h_0.250,primary_121_reproduction
200206,2002,6,confirmatory,3.88612982260813,3.90949377513802,-0.00597620916510255,-0.0233639525298912,8,14,graph_h_0.250,primary_121_reproduction
200207,2002,7,confirmatory,5.09493065172372,4.11018955065461,0.239585325429159,0.984741101069113,8,15,graph_h_0.250,primary_121_reproduction
200208,2002,8,confirmatory,4.21163017989895,5.04219189135414,-0.164722352768716,-0.830561711455195,8,15,graph_h_0.250,primary_121_reproduction
200306,2003,6,confirmatory,3.9290303321358,4.52740463014581,-0.132167178967334,-0.598374298010019,8,14,graph_h_0.250,primary_121_reproduction
200307,2003,7,confirmatory,4.39745885793379,4.15122182203816,0.0593167617756309,0.246237035895638,8,15,graph_h_0.250,primary_121_reproduction
200308,2003,8,confirmatory,4.64654492537672,4.24523592332402,0.0945316136254868,0.401309002052703,8,15,graph_h_0.250,primary_121_reproduction
200406,2004,6,confirmatory,5.00539657141023,4.59299249537084,0.0897898432133399,0.412404076039395,8,14,graph_h_0.250,primary_121_reproduction
200407,2004,7,confirmatory,4.38954277631345,4.74541387228664,-0.0749926361642513,-0.355871095973183,8,15,graph_h_0.250,primary_121_reproduction
200408,2004,8,confirmatory,3.90334517667046,4.08647632646085,-0.0448139509837786,-0.183131149790388,8,15,graph_h_0.250,primary_121_reproduction
200506,2005,6,confirmatory,4.56175226411124,5.05404134199941,-0.0974050358071308,-0.492289077888172,8,14,graph_h_0.250,primary_121_reproduction
200507,2005,7,confirmatory,3.83250835306679,4.30304568194089,-0.109349833502548,-0.470537328874093,8,15,graph_h_0.250,primary_121_reproduction
200508,2005,8,confirmatory,4.22945352957262,4.18120924448082,0.011538357032834,0.0482442850918057,8,15,graph_h_0.250,primary_121_reproduction
200606,2006,6,confirmatory,4.42181341589598,4.45193543208288,-0.00676604965333283,-0.0301220161869047,8,14,graph_h_0.250,primary_121_reproduction
200607,2006,7,confirmatory,4.23582609001338,4.08725807695492,0.0363490658679293,0.14856801305846,8,15,graph_h_0.250,primary_121_reproduction
200608,2006,8,confirmatory,3.42244578800142,4.2186498262601,-0.188734327580947,-0.79620403825868,8,15,graph_h_0.250,primary_121_reproduction
200706,2007,6,confirmatory,4.9536937358928,4.25793129456475,0.163403867557983,0.695762441328049,8,14,graph_h_0.250,primary_121_reproduction
200707,2007,7,confirmatory,4.07955824600915,4.31064251151055,-0.0536078472952346,-0.231084265501404,8,15,graph_h_0.250,primary_121_reproduction
200708,2007,8,confirmatory,4.71131892891418,4.60551528723652,0.0229732473086963,0.105803641677666,8,15,graph_h_0.250,primary_121_reproduction
200806,2008,6,confirmatory,4.31246976167737,3.99438861055877,0.079631999319691,0.318081151118597,8,14,graph_h_0.250,primary_121_reproduction
200807,2008,7,confirmatory,4.49110836930718,4.3667365889918,0.0284816310259954,0.124371780315379,8,15,graph_h_0.250,primary_121_reproduction
200808,2008,8,confirmatory,4.43057524759088,4.76329133933667,-0.0698500402438368,-0.332716091745786,8,15,graph_h_0.250,primary_121_reproduction
200906,2009,6,confirmatory,5.20307754956844,5.65146599094803,-0.079340199887564,-0.448388441379587,8,14,graph_h_0.250,primary_121_reproduction
200907,2009,7,confirmatory,4.52816482119748,4.5221627368408,0.00132725969982883,0.00600208435667682,8,15,graph_h_0.250,primary_121_reproduction
200908,2009,8,confirmatory,4.15600628977711,5.07811796332156,-0.181585319641001,-0.922111673544455,8,15,graph_h_0.250,primary_121_reproduction
201006,2010,6,confirmatory,4.35377678599184,4.03825854690997,0.0781322531523658,0.315518239081874,8,14,graph_h_0.250,primary_121_reproduction
201007,2010,7,confirmatory,3.86969331386483,4.21280193499513,-0.0814442801785057,-0.343108621130294,8,15,graph_h_0.250,primary_121_reproduction
201008,2010,8,confirmatory,5.15681960654371,5.44585194999019,-0.053073852558001,-0.289032343446482,8,15,graph_h_0.250,primary_121_reproduction
201106,2011,6,confirmatory,3.9053073649812,4.17154024064354,-0.0638212411493534,-0.266232875662343,8,14,graph_h_0.250,primary_121_reproduction
201107,2011,7,confirmatory,4.34317702595551,4.48374931823281,-0.031351505693165,-0.140572292277301,8,15,graph_h_0.250,primary_121_reproduction
201108,2011,8,confirmatory,4.28995095624467,4.21795799671117,0.0170682020991269,0.0719929595334943,8,15,graph_h_0.250,primary_121_reproduction
201206,2012,6,confirmatory,3.2671411318499,4.35983005663781,-0.250626494747037,-1.09268892478791,8,14,graph_h_0.250,primary_121_reproduction
201207,2012,7,confirmatory,3.55537601938073,4.3459088003325,-0.181902754353999,-0.790532780951764,8,15,graph_h_0.250,primary_121_reproduction
201208,2012,8,confirmatory,3.32813732334627,4.31807136768427,-0.229253747806602,-0.989934044338,8,15,graph_h_0.250,primary_121_reproduction
201306,2013,6,confirmatory,4.0262015185895,3.75091188931543,0.0733927208629555,0.275289629274068,8,14,graph_h_0.250,primary_121_reproduction
201307,2013,7,confirmatory,4.13773946367979,4.24032848379161,-0.0241936492665497,-0.102589020111814,8,15,graph_h_0.250,primary_121_reproduction
201308,2013,8,confirmatory,4.29279218237292,4.66403538244578,-0.079596994797708,-0.371243200072863,8,15,graph_h_0.250,primary_121_reproduction
201406,2014,6,confirmatory,4.05968384856298,4.12029612218238,-0.0147106595793154,-0.0606122736193981,8,14,graph_h_0.250,primary_121_reproduction
201407,2014,7,confirmatory,3.85221041093025,3.91479691142538,-0.0159871640627063,-0.0625865004951334,8,15,graph_h_0.250,primary_121_reproduction
201408,2014,8,confirmatory,4.26707460381981,4.14184932160997,0.030234147233817,0.125225282209841,8,15,graph_h_0.250,primary_121_reproduction
201506,2015,6,discovery,3.72132634469903,4.4808625225444,-0.169506690737318,-0.759536177845372,8,14,graph_h_0.250,primary_121_reproduction
201507,2015,7,discovery,3.91734902099682,4.77675550063274,-0.179914270161426,-0.859406479635919,8,15,graph_h_0.250,primary_121_reproduction
201508,2015,8,discovery,4.44027927176948,5.22649528145939,-0.150428914090663,-0.786216009689911,8,15,graph_h_0.250,primary_121_reproduction
201606,2016,6,confirmatory,4.8705749489229,4.58290228521744,0.0627708482097409,0.287672663705459,8,14,graph_h_0.250,primary_121_reproduction
201607,2016,7,confirmatory,4.34677517254238,4.28671357355421,0.0140111061673678,0.060061598988165,8,15,graph_h_0.250,primary_121_reproduction
201608,2016,8,confirmatory,4.25621668819979,3.63532171461031,0.170795055385087,0.620894973589476,8,15,graph_h_0.250,primary_121_reproduction
201706,2017,6,confirmatory,4.04809672537574,4.33480024282464,-0.0661399606414349,-0.286703517448904,8,14,graph_h_0.250,primary_121_reproduction
201707,2017,7,confirmatory,3.98193579579867,4.33404317239026,-0.081242240233016,-0.352107376591592,8,15,graph_h_0.250,primary_121_reproduction
201708,2017,8,confirmatory,4.55425903750368,4.3302083974703,0.0517413065302514,0.224050640033379,8,15,graph_h_0.250,primary_121_reproduction
201806,2018,6,confirmatory,4.12428468872552,4.40061051918471,-0.0627926123556112,-0.27632583045919,8,14,graph_h_0.250,primary_121_reproduction
201807,2018,7,confirmatory,3.02778982840685,3.59985306903452,-0.15891294162767,-0.572063240627671,8,15,graph_h_0.250,primary_121_reproduction
201808,2018,8,confirmatory,3.34952033648982,3.79155610595437,-0.116584261741599,-0.442035769464543,8,15,graph_h_0.250,primary_121_reproduction
201906,2019,6,confirmatory,4.00944397584573,4.39061779674577,-0.0868155322429941,-0.381173820900046,8,14,graph_h_0.250,primary_121_reproduction
201907,2019,7,confirmatory,4.21414811941039,4.54749019983787,-0.0733024296433588,-0.333342080427479,8,15,graph_h_0.250,primary_121_reproduction
201908,2019,8,confirmatory,4.32352529874349,4.63819498123186,-0.0678431337538969,-0.314669682488367,8,15,graph_h_0.250,primary_121_reproduction
202006,2020,6,confirmatory,4.29454128698362,4.4935646205675,-0.0442907469657678,-0.199023333583882,8,14,graph_h_0.250,primary_121_reproduction
202007,2020,7,confirmatory,3.47244178724912,3.64508709302624,-0.0473638355877491,-0.172645305777121,8,15,graph_h_0.250,primary_121_reproduction
202008,2020,8,confirmatory,4.7993878924141,4.78827873909848,0.00232007239363652,0.0111091533156191,8,15,graph_h_0.250,primary_121_reproduction
202106,2021,6,confirmatory,3.87625536386266,4.64367474450384,-0.165261225831866,-0.76741938064118,8,14,graph_h_0.250,primary_121_reproduction
202107,2021,7,confirmatory,3.77049550599633,3.805269890221,-0.00913848037797216,-0.0347743842246731,8,15,graph_h_0.250,primary_121_reproduction
202108,2021,8,confirmatory,4.7604393117605,4.90710226109267,-0.0298878934101358,-0.146662949332174,8,15,graph_h_0.250,primary_121_reproduction
202206,2022,6,discovery,4.31205471472686,4.42890407381178,-0.026383357403438,-0.116849359084918,8,14,graph_h_0.250,primary_121_reproduction
202207,2022,7,discovery,4.7898948870153,4.16035990578648,0.151317432982955,0.629534981228819,8,15,graph_h_0.250,primary_121_reproduction
202208,2022,8,discovery,3.53555175241846,4.13259279451547,-0.144471297266298,-0.597041042097007,8,15,graph_h_0.250,primary_121_reproduction
202306,2023,6,confirmatory,4.50380978451997,4.66959735687399,-0.0355036119141982,-0.165787572354019,8,14,graph_h_0.250,primary_121_reproduction
202307,2023,7,confirmatory,3.83623763712781,4.6595803162108,-0.176698892005051,-0.823342679082995,8,15,graph_h_0.250,primary_121_reproduction
202308,2023,8,confirmatory,3.33054379126988,4.83719921068728,-0.311472683632422,-1.5066554194174,8,15,graph_h_0.250,primary_121_reproduction
202406,2024,6,confirmatory,4.11796128296492,4.53693677487189,-0.0923476593783471,-0.418975491906966,8,14,graph_h_0.250,primary_121_reproduction
202407,2024,7,confirmatory,4.86512559658759,4.26394001289748,0.140992974073664,0.601185583690114,8,15,graph_h_0.250,primary_121_reproduction
202408,2024,8,confirmatory,4.37265240251216,4.23974518250502,0.0313479264167957,0.132907220007132,8,15,graph_h_0.250,primary_121_reproduction
202506,2025,6,confirmatory,3.75196708070928,4.24538048839727,-0.116223600932001,-0.493413407687988,8,14,graph_h_0.250,primary_121_reproduction
202507,2025,7,confirmatory,3.1667471125419,3.83382792979475,-0.173998632559536,-0.667080817252842,8,15,graph_h_0.250,primary_121_reproduction
202508,2025,8,confirmatory,3.62961021399592,4.29341579927715,-0.154610132424861,-0.663805585281232,8,15,graph_h_0.250,primary_121_reproduction
199106,1991,6,confirmatory,9.50371905945003,8.01897716601652,0.185153525530123,1.48474189343351,8,14,graph_h_0.500,primary_121_reproduction
199107,1991,7,confirmatory,7.48340202560272,7.87439567205371,-0.0496537972861371,-0.39099364645099,8,15,graph_h_0.500,primary_121_reproduction
199108,1991,8,confirmatory,7.27168763460549,6.50955471776024,0.117079116758309,0.762132916845253,8,15,graph_h_0.500,primary_121_reproduction
199206,1992,6,confirmatory,7.31516079584329,7.21924712541719,0.0132858272836254,0.0959136704261017,8,14,graph_h_0.500,primary_121_reproduction
199207,1992,7,confirmatory,7.86885703019861,8.47103906039715,-0.071087150691324,-0.602182030198544,8,15,graph_h_0.500,primary_121_reproduction
199208,1992,8,confirmatory,7.2450479827856,6.32807285107126,0.144905906315398,0.916975131714346,8,15,graph_h_0.500,primary_121_reproduction
199306,1993,6,confirmatory,9.14039947841549,9.73792009878822,-0.0613601892715346,-0.597520620372727,8,14,graph_h_0.500,primary_121_reproduction
199307,1993,7,confirmatory,7.89629985063054,7.0914650112768,0.113493451363562,0.804834839353745,8,15,graph_h_0.500,primary_121_reproduction
199308,1993,8,confirmatory,7.87856897368613,8.43289188495051,-0.0657334303376566,-0.554322911264384,8,15,graph_h_0.500,primary_121_reproduction
199406,1994,6,confirmatory,8.59628591841887,6.62249819962773,0.29804277166917,1.97378771879114,8,14,graph_h_0.500,primary_121_reproduction
199407,1994,7,confirmatory,6.59979932310632,8.3464371674225,-0.209267476562766,-1.74663784431618,8,15,graph_h_0.500,primary_121_reproduction
199408,1994,8,confirmatory,7.34105024379051,7.16345505326006,0.0247918342769011,0.177595190530454,8,15,graph_h_0.500,primary_121_reproduction
199506,1995,6,confirmatory,9.95041036880026,9.14730850110638,0.0877965215228875,0.803101867693879,8,14,graph_h_0.500,primary_121_reproduction
199507,1995,7,confirmatory,7.32741317943387,8.28876586768446,-0.115982608701572,-0.961352688250592,8,15,graph_h_0.500,primary_121_reproduction
199508,1995,8,confirmatory,6.62837547195472,7.6630757636329,-0.135024150040199,-1.03470029167818,8,15,graph_h_0.500,primary_121_reproduction
199606,1996,6,confirmatory,8.95717593004803,9.80785599069924,-0.0867345586495065,-0.850680060651218,8,14,graph_h_0.500,primary_121_reproduction
199607,1996,7,confirmatory,6.78168379764764,6.74505731623304,0.00543012159829281,0.0366264814146007,8,15,graph_h_0.500,primary_121_reproduction
199608,1996,8,confirmatory,6.90382493937374,7.73970038250962,-0.107998423947368,-0.835875443135877,8,15,graph_h_0.500,primary_121_reproduction
199706,1997,6,confirmatory,5.72866623544772,8.16146095028299,-0.298083238975849,-2.43279471483526,8,14,graph_h_0.500,primary_121_reproduction
199707,1997,7,confirmatory,6.69840985131463,6.7250588995773,-0.00396264905045551,-0.0266490482626676,8,15,graph_h_0.500,primary_121_reproduction
199708,1997,8,confirmatory,7.10686529598416,7.98072963804168,-0.109496798123831,-0.873864342057527,8,15,graph_h_0.500,primary_121_reproduction
199806,1998,6,confirmatory,6.74016418084851,8.27785480849683,-0.185759555249744,-1.53769062764832,8,14,graph_h_0.500,primary_121_reproduction
199807,1998,7,confirmatory,8.18781251093562,7.18901761068652,0.13893343351453,0.9987949002491,8,15,graph_h_0.500,primary_121_reproduction
199808,1998,8,confirmatory,8.71771320647336,8.38887889188401,0.0391988391807023,0.328834314589351,8,15,graph_h_0.500,primary_121_reproduction
199906,1999,6,confirmatory,6.37613343468205,8.67695721281294,-0.265164817769684,-2.30082377813089,8,14,graph_h_0.500,primary_121_reproduction
199907,1999,7,confirmatory,5.64693331946061,5.5843483742757,0.0112072064617619,0.0625849451849119,8,15,graph_h_0.500,primary_121_reproduction
199908,1999,8,confirmatory,5.78367611840654,7.66055767711793,-0.245005864823344,-1.87688155871139,8,15,graph_h_0.500,primary_121_reproduction
200006,2000,6,confirmatory,7.38062061618271,7.63944507436923,-0.0338800077318303,-0.258824458186522,8,14,graph_h_0.500,primary_121_reproduction
200007,2000,7,confirmatory,5.65781313069853,8.10644360879026,-0.302059768285632,-2.44863047809172,8,15,graph_h_0.500,primary_121_reproduction
200008,2000,8,confirmatory,6.84012616606339,8.20608218727529,-0.166456536753923,-1.36595602121191,8,15,graph_h_0.500,primary_121_reproduction
200106,2001,6,confirmatory,8.47372463913533,8.34852221875937,0.0149969559995458,0.125202420375965,8,14,graph_h_0.500,primary_121_reproduction
200107,2001,7,confirmatory,8.22900343301252,8.57710525963832,-0.0405850011266481,-0.3481018266258,8,15,graph_h_0.500,primary_121_reproduction
200108,2001,8,confirmatory,7.06451961477983,9.11127253538363,-0.224639633229633,-2.0467529206038,8,15,graph_h_0.500,primary_121_reproduction
200206,2002,6,confirmatory,7.06731812293556,7.2887855256567,-0.0303846782075788,-0.221467402721137,8,14,graph_h_0.500,primary_121_reproduction
200207,2002,7,confirmatory,9.15185935136664,6.9909304830208,0.30910461398439,2.16092886834585,8,15,graph_h_0.500,primary_121_reproduction
200208,2002,8,confirmatory,7.36457560882619,8.99436491489625,-0.181201154444028,-1.62978930607006,8,15,graph_h_0.500,primary_121_reproduction
200306,2003,6,confirmatory,7.18314011552942,8.32981927611919,-0.13765954849431,-1.14667916058977,8,14,graph_h_0.500,primary_121_reproduction
200307,2003,7,confirmatory,7.90228305367539,7.47159367886899,0.0576435755633316,0.430689374806396,8,15,graph_h_0.500,primary_121_reproduction
200308,2003,8,confirmatory,8.37169395245877,7.85218185874935,0.0661614953722129,0.51951209370942,8,15,graph_h_0.500,primary_121_reproduction
200406,2004,6,confirmatory,9.33002356357281,8.13038365755465,0.147550221065332,1.19963990601815,8,14,graph_h_0.500,primary_121_reproduction
200407,2004,7,confirmatory,7.50552063243807,8.64350670916368,-0.131657915591034,-1.13798607672561,8,15,graph_h_0.500,primary_121_reproduction
200408,2004,8,confirmatory,6.58013305804548,7.39949327620908,-0.110731936306776,-0.819360218163602,8,15,graph_h_0.500,primary_121_reproduction
200506,2005,6,confirmatory,8.95023954435701,9.74306131223928,-0.0813729630220346,-0.792821767882263,8,14,graph_h_0.500,primary_121_reproduction
200507,2005,7,confirmatory,6.39347176408683,7.76256027930152,-0.176370741862746,-1.36908851521469,8,15,graph_h_0.500,primary_121_reproduction
200508,2005,8,confirmatory,7.32901922706839,7.41709685069224,-0.0118749458712583,-0.0880776236238505,8,15,graph_h_0.500,primary_121_reproduction
200606,2006,6,confirmatory,8.95445016420857,8.51875384294404,0.0511455465549588,0.435696321264528,8,14,graph_h_0.500,primary_121_reproduction
200607,2006,7,confirmatory,6.96389642811982,7.37670305238526,-0.0559608569484122,-0.412806624265448,8,15,graph_h_0.500,primary_121_reproduction
200608,2006,8,confirmatory,5.5996377319303,7.53141639189921,-0.256496063880724,-1.93177865996891,8,15,graph_h_0.500,primary_121_reproduction
200706,2007,6,confirmatory,9.03192137355136,7.89773062192026,0.143609703334669,1.1341907516311,8,14,graph_h_0.500,primary_121_reproduction
200707,2007,7,confirmatory,7.12230477399978,7.59632074082093,-0.0624007309583298,-0.474015966821147,8,15,graph_h_0.500,primary_121_reproduction
200708,2007,8,confirmatory,8.20391565375882,8.6262939850111,-0.0489640547825282,-0.422378331252277,8,15,graph_h_0.500,primary_121_reproduction
200806,2008,6,confirmatory,7.99765492586358,7.21441743048367,0.108565591460017,0.783237495379912,8,14,graph_h_0.500,primary_121_reproduction
200807,2008,7,confirmatory,7.68640176430659,7.81333158784962,-0.0162452882123191,-0.126929823543033,8,15,graph_h_0.500,primary_121_reproduction
200808,2008,8,confirmatory,7.48089503860137,8.77656441372411,-0.147628310355322,-1.29566937512273,8,15,graph_h_0.500,primary_121_reproduction
200906,2009,6,confirmatory,10.5996549449151,11.5478119743259,-0.0821070720166561,-0.94815702941078,8,14,graph_h_0.500,primary_121_reproduction
200907,2009,7,confirmatory,7.93208658850172,8.26966870982435,-0.0408217225100664,-0.337582121322629,8,15,graph_h_0.500,primary_121_reproduction
200908,2009,8,confirmatory,7.41100935171008,9.1787772892545,-0.192592965471984,-1.76776793754442,8,15,graph_h_0.500,primary_121_reproduction
201006,2010,6,confirmatory,8.25542339359796,6.96916670431212,0.184563914720246,1.28625668928584,8,14,graph_h_0.500,primary_121_reproduction
201007,2010,7,confirmatory,6.11655775183477,7.5671791630526,-0.191699096844517,-1.45062141121783,8,15,graph_h_0.500,primary_121_reproduction
201008,2010,8,confirmatory,9.42896643588958,10.6713498127069,-0.11642232694293,-1.24238337681734,8,15,graph_h_0.500,primary_121_reproduction
201106,2011,6,confirmatory,7.20709850129218,7.83973897644767,-0.0806966248565269,-0.632640475155489,8,14,graph_h_0.500,primary_121_reproduction
201107,2011,7,confirmatory,7.86638130969227,8.16293779466777,-0.0363296269596979,-0.296556484975499,8,15,graph_h_0.500,primary_121_reproduction
201108,2011,8,confirmatory,7.49656360321766,7.63809322819454,-0.018529444554885,-0.141529624976873,8,15,graph_h_0.500,primary_121_reproduction
201206,2012,6,confirmatory,5.77915153540522,8.59323655116878,-0.327476731148616,-2.81408501576356,8,14,graph_h_0.500,primary_121_reproduction
201207,2012,7,confirmatory,5.97043175833399,8.08106190027598,-0.261182276288455,-2.11063014194199,8,15,graph_h_0.500,primary_121_reproduction
201208,2012,8,confirmatory,5.30873854645398,7.73306337822413,-0.313501223667314,-2.42432483177016,8,15,graph_h_0.500,primary_121_reproduction
201306,2013,6,confirmatory,7.57836061130797,6.66584137158723,0.136894832752891,0.912519239720735,8,14,graph_h_0.500,primary_121_reproduction
201307,2013,7,confirmatory,7.04972053552051,7.49479446140715,-0.0593844071613243,-0.44507392588664,8,15,graph_h_0.500,primary_121_reproduction
201308,2013,8,confirmatory,6.91813938692364,8.44168600338518,-0.180478948855783,-1.52354661646154,8,15,graph_h_0.500,primary_121_reproduction
201406,2014,6,confirmatory,7.47848908661934,7.60897521007047,-0.0171489747106073,-0.130486123451136,8,14,graph_h_0.500,primary_121_reproduction
201407,2014,7,confirmatory,6.95812578453124,6.9867962432303,-0.00410352008287718,-0.0286704586990663,8,15,graph_h_0.500,primary_121_reproduction
201408,2014,8,confirmatory,7.97209032584821,7.40793170535731,0.0761560234259326,0.5641586204909,8,15,graph_h_0.500,primary_121_reproduction
201506,2015,6,discovery,6.86245201461128,9.12499418743884,-0.24794998510159,-2.26254217282756,8,14,graph_h_0.500,primary_121_reproduction
201507,2015,7,discovery,7.07681430365452,8.71672506994388,-0.188133817819255,-1.63991076628936,8,15,graph_h_0.500,primary_121_reproduction
201508,2015,8,discovery,7.3562005673287,9.58090866590156,-0.232202202959162,-2.22470809857287,8,15,graph_h_0.500,primary_121_reproduction
201606,2016,6,confirmatory,9.61347177788418,8.68154876868311,0.107345248414981,0.931923009201064,8,14,graph_h_0.500,primary_121_reproduction
201607,2016,7,confirmatory,7.31255506918058,7.87241544299495,-0.0711167211471988,-0.559860373814374,8,15,graph_h_0.500,primary_121_reproduction
201608,2016,8,confirmatory,7.07751346258012,5.9981186253439,0.179955566846485,1.07939483723622,8,15,graph_h_0.500,primary_121_reproduction
201706,2017,6,confirmatory,7.48651639959751,8.24873306012641,-0.0924040886003917,-0.762216660528901,8,14,graph_h_0.500,primary_121_reproduction
201707,2017,7,confirmatory,6.76583666341428,7.8196160862526,-0.134761017831929,-1.05377942283832,8,15,graph_h_0.500,primary_121_reproduction
201708,2017,8,confirmatory,8.58336603776836,7.87996084245475,0.0892650622733913,0.703405195313608,8,15,graph_h_0.500,primary_121_reproduction
201806,2018,6,confirmatory,7.81357611399749,7.91989426753848,-0.0134241884991763,-0.106318153540982,8,14,graph_h_0.500,primary_121_reproduction
201807,2018,7,confirmatory,4.52736741585925,5.9489650406372,-0.238965536873568,-1.42159762477796,8,15,graph_h_0.500,primary_121_reproduction
201808,2018,8,confirmatory,5.27121061794063,6.18821867302282,-0.148186110338964,-0.917008055082199,8,15,graph_h_0.500,primary_121_reproduction
201906,2019,6,confirmatory,7.52549878034905,8.35046877081098,-0.0987932549781649,-0.824969990461933,8,14,graph_h_0.500,primary_121_reproduction
201907,2019,7,confirmatory,7.40794376563656,8.21797150275275,-0.0985678444911685,-0.810027737116188,8,15,graph_h_0.500,primary_121_reproduction
201908,2019,8,confirmatory,7.64480435119433,8.12731812087117,-0.0593693716058357,-0.482513769676842,8,15,graph_h_0.500,primary_121_reproduction
202006,2020,6,confirmatory,8.32866528066072,8.77205741148775,-0.0505459677277507,-0.443392130827036,8,14,graph_h_0.500,primary_121_reproduction
202007,2020,7,confirmatory,5.83482069120382,6.51755326371261,-0.104752894972105,-0.682732572508789,8,15,graph_h_0.500,primary_121_reproduction
202008,2020,8,confirmatory,8.61946252129567,8.79622134693027,-0.0200948587652685,-0.176758825634604,8,15,graph_h_0.500,primary_121_reproduction
202106,2021,6,confirmatory,7.31213359614203,8.82246597170916,-0.171191635129032,-1.51033237556713,8,14,graph_h_0.500,primary_121_reproduction
202107,2021,7,confirmatory,6.53973578391222,6.50714026884798,0.00500919201331618,0.0325955150642407,8,15,graph_h_0.500,primary_121_reproduction
202108,2021,8,confirmatory,8.86315240651243,9.28903122623062,-0.0458474957555943,-0.425878819718191,8,15,graph_h_0.500,primary_121_reproduction
202206,2022,6,discovery,7.77816240153681,8.42942080419204,-0.0772601603103451,-0.651258402655236,8,14,graph_h_0.500,primary_121_reproduction
202207,2022,7,discovery,8.12338635420241,7.51808867704802,0.0805121757877498,0.605297677154382,8,15,graph_h_0.500,primary_121_reproduction
202208,2022,8,discovery,5.4661737933336,7.40204682201845,-0.261532124185749,-1.93587302868485,8,15,graph_h_0.500,primary_121_reproduction
202306,2023,6,confirmatory,8.66958738946109,8.61795193738495,0.00599161522961689,0.0516354520761411,8,14,graph_h_0.500,primary_121_reproduction
202307,2023,7,confirmatory,6.58610397543833,8.99883769549158,-0.268116150295946,-2.41273372005324,8,15,graph_h_0.500,primary_121_reproduction
202308,2023,8,confirmatory,5.33169991227042,8.69705320479628,-0.386953283287944,-3.36535329252586,8,15,graph_h_0.500,primary_121_reproduction
202406,2024,6,confirmatory,7.84975859580335,8.78966056503779,-0.106932680992602,-0.939901969234439,8,14,graph_h_0.500,primary_121_reproduction
202407,2024,7,confirmatory,8.51179991116365,7.64857007688255,0.112861597083378,0.863229834281095,8,15,graph_h_0.500,primary_121_reproduction
202408,2024,8,confirmatory,7.42206420433208,7.44512600320025,-0.00309756998850697,-0.0230617988681656,8,15,graph_h_0.500,primary_121_reproduction
202506,2025,6,confirmatory,7.25121615831277,8.43295411568337,-0.140133331826488,-1.1817379573706,8,14,graph_h_0.500,primary_121_reproduction
202507,2025,7,confirmatory,4.96858826169756,6.39946115407685,-0.223592714750325,-1.43087289237929,8,15,graph_h_0.500,primary_121_reproduction
202508,2025,8,confirmatory,5.89170776430322,7.34213682026482,-0.197548628072187,-1.45042905596161,8,15,graph_h_0.500,primary_121_reproduction
199106,1991,6,confirmatory,15.5845028035135,13.5065029371307,0.15385180576018,2.07799986638273,8,14,graph_h_1.000,primary_121_reproduction
199107,1991,7,confirmatory,10.6771342312612,12.491479804641,-0.145246648255856,-1.81434557337982,8,15,graph_h_1.000,primary_121_reproduction
199108,1991,8,confirmatory,10.9928234565453,9.84552427400506,0.116530024263859,1.14729918254022,8,15,graph_h_1.000,primary_121_reproduction
199206,1992,6,confirmatory,12.6146395623036,12.3615651597143,0.020472682813182,0.253074402589311,8,14,graph_h_1.000,primary_121_reproduction
199207,1992,7,confirmatory,11.6274926943764,13.2213801024994,-0.120553784534314,-1.59388740812298,8,15,graph_h_1.000,primary_121_reproduction
199208,1992,8,confirmatory,10.6047469925691,10.2058758758564,0.0390824973343333,0.398871116712694,8,15,graph_h_1.000,primary_121_reproduction
199306,1993,6,confirmatory,15.7055462484408,16.6740598032587,-0.0580850474476885,-0.968513554817875,8,14,graph_h_1.000,primary_121_reproduction
199307,1993,7,confirmatory,12.2465503941298,11.6192750108684,0.0539857592383932,0.62727538326142,8,15,graph_h_1.000,primary_121_reproduction
199308,1993,8,confirmatory,12.4493020073836,14.0198902383799,-0.112025715201167,-1.57058823099637,8,15,graph_h_1.000,primary_121_reproduction
199406,1994,6,confirmatory,13.8001700493257,10.8774148797123,0.268699429224188,2.92275516961338,8,14,graph_h_1.000,primary_121_reproduction
199407,1994,7,confirmatory,9.01366180946166,12.4482414222748,-0.275908820877088,-3.43457961281317,8,15,graph_h_1.000,primary_121_reproduction
199408,1994,8,confirmatory,10.4676149716706,10.9463999038982,-0.0437390316844857,-0.478784932227656,8,15,graph_h_1.000,primary_121_reproduction
199506,1995,6,confirmatory,17.384141582069,15.7451273845852,0.104096598106179,1.63901419748377,8,14,graph_h_1.000,primary_121_reproduction
199507,1995,7,confirmatory,10.4611935044661,13.1582897230012,-0.204973159530029,-2.69709621853507,8,15,graph_h_1.000,primary_121_reproduction
199508,1995,8,confirmatory,9.5764726778562,11.7898700626483,-0.187737216189037,-2.21339738479205,8,15,graph_h_1.000,primary_121_reproduction
199606,1996,6,confirmatory,15.0631857948448,16.6654660251683,-0.0961437398692438,-1.60228023032351,8,14,graph_h_1.000,primary_121_reproduction
199607,1996,7,confirmatory,9.7527583138994,10.6858758293499,-0.0873225115425301,-0.933117515450446,8,15,graph_h_1.000,primary_121_reproduction
199608,1996,8,confirmatory,9.82163112719067,12.1855719224742,-0.193995063204514,-2.36394079528354,8,15,graph_h_1.000,primary_121_reproduction
199706,1997,6,confirmatory,9.48145818179797,14.1340019747636,-0.329173846251954,-4.65254379296566,8,14,graph_h_1.000,primary_121_reproduction
199707,1997,7,confirmatory,9.69133570872722,10.2677793089968,-0.0561410196812955,-0.576443600269588,8,15,graph_h_1.000,primary_121_reproduction
199708,1997,8,confirmatory,10.6377969462849,12.3796854950275,-0.14070539590382,-1.74188854874263,8,15,graph_h_1.000,primary_121_reproduction
199806,1998,6,confirmatory,10.9001853755266,14.4309517629966,-0.244666217825183,-3.53076638747004,8,14,graph_h_1.000,primary_121_reproduction
199807,1998,7,confirmatory,12.1884595882058,10.9374384139871,0.11437972282604,1.25102117421872,8,15,graph_h_1.000,primary_121_reproduction
199808,1998,8,confirmatory,13.6605570774459,13.3392538545186,0.0240870461295319,0.321303222927325,8,15,graph_h_1.000,primary_121_reproduction
199906,1999,6,confirmatory,10.652079085843,15.1267790641982,-0.295813137705296,-4.47469997835526,8,14,graph_h_1.000,primary_121_reproduction
199907,1999,7,confirmatory,8.26239718131864,8.41093560492056,-0.0176601546580651,-0.148538423601924,8,15,graph_h_1.000,primary_121_reproduction
199908,1999,8,confirmatory,8.88599186021587,12.7167934812091,-0.301239587373482,-3.83080162099322,8,15,graph_h_1.000,primary_121_reproduction
200006,2000,6,confirmatory,12.3557913206498,13.315308091574,-0.0720611768293482,-0.959516770924166,8,14,graph_h_1.000,primary_121_reproduction
200007,2000,7,confirmatory,7.68580117221143,12.2799770773992,-0.374119257408317,-4.59417590518773,8,15,graph_h_1.000,primary_121_reproduction
200008,2000,8,confirmatory,10.3284982349752,13.0888655662922,-0.210894314510019,-2.76036733131698,8,15,graph_h_1.000,primary_121_reproduction
200106,2001,6,confirmatory,13.6457166421689,13.9579438452228,-0.0223691402198023,-0.312227203053915,8,14,graph_h_1.000,primary_121_reproduction
200107,2001,7,confirmatory,12.8327322766558,13.522462406169,-0.0510062523226922,-0.689730129513174,8,15,graph_h_1.000,primary_121_reproduction
200108,2001,8,confirmatory,10.4249927949287,14.6850596983286,-0.29009530712938,-4.26006690339993,8,15,graph_h_1.000,primary_121_reproduction
200206,2002,6,confirmatory,12.0301643874024,12.5210728899462,-0.0392065845202474,-0.490908502543855,8,14,graph_h_1.000,primary_121_reproduction
200207,2002,7,confirmatory,14.102775074446,10.5963192468062,0.33091262597592,3.5064558276398,8,15,graph_h_1.000,primary_121_reproduction
200208,2002,8,confirmatory,10.9847628995048,14.2355813149922,-0.228358669980254,-3.25081841548738,8,15,graph_h_1.000,primary_121_reproduction
200306,2003,6,confirmatory,11.9453388920043,13.798506835999,-0.134302063695758,-1.85316794399469,8,14,graph_h_1.000,primary_121_reproduction
200307,2003,7,confirmatory,11.1687871288157,11.8946244912408,-0.0610223015413068,-0.725837362425109,8,15,graph_h_1.000,primary_121_reproduction
200308,2003,8,confirmatory,12.6588291944562,12.8467968058328,-0.0146314769523929,-0.187967611376617,8,15,graph_h_1.000,primary_121_reproduction
200406,2004,6,confirmatory,14.9409666051843,12.9538786319414,0.153397143025811,1.98708797324291,8,14,graph_h_1.000,primary_121_reproduction
200407,2004,7,confirmatory,10.6226299460594,13.3837326822718,-0.206302890364047,-2.76110273621243,8,15,graph_h_1.000,primary_121_reproduction
200408,2004,8,confirmatory,9.4614604313063,12.44358542827,-0.2396515870891,-2.98212499696371,8,15,graph_h_1.000,primary_121_reproduction
200506,2005,6,confirmatory,14.7692732029681,16.2753148066234,-0.0925353285972953,-1.50604160365532,8,14,graph_h_1.000,primary_121_reproduction
200507,2005,7,confirmatory,9.11180129850896,11.8955723725585,-0.234017413106691,-2.78377107404958,8,15,graph_h_1.000,primary_121_reproduction
200508,2005,8,confirmatory,10.4812991542395,11.7367280797553,-0.10696583553651,-1.25542892551584,8,15,graph_h_1.000,primary_121_reproduction
200606,2006,6,confirmatory,14.8784031149576,14.7690818359777,0.00740203623989477,0.109321278979879,8,14,graph_h_1.000,primary_121_reproduction
200607,2006,7,confirmatory,10.2143245211596,11.4249353833456,-0.105962162722657,-1.2106108621859,8,15,graph_h_1.000,primary_121_reproduction
200608,2006,8,confirmatory,8.0188697418762,11.670339626115,-0.312884629001528,-3.65146988423883,8,15,graph_h_1.000,primary_121_reproduction
200706,2007,6,confirmatory,14.4379528655052,13.7834380727656,0.0474855975181419,0.654514792739583,8,14,graph_h_1.000,primary_121_reproduction
200707,2007,7,confirmatory,10.2877326070748,11.9439998932097,-0.138669398940342,-1.65626728613491,8,15,graph_h_1.000,primary_121_reproduction
200708,2007,8,confirmatory,11.8137320165723,13.7702293528893,-0.142081681152713,-1.95649733631695,8,15,graph_h_1.000,primary_121_reproduction
200806,2008,6,confirmatory,13.0499437120508,11.8861906791581,0.0979079895574348,1.16375303289269,8,14,graph_h_1.000,primary_121_reproduction
200807,2008,7,confirmatory,11.3252688246276,12.2389439277047,-0.0746530998486671,-0.91367510307718,8,15,graph_h_1.000,primary_121_reproduction
200808,2008,8,confirmatory,10.934102349189,13.8916262319814,-0.212899759423669,-2.95752388279236,8,15,graph_h_1.000,primary_121_reproduction
200906,2009,6,confirmatory,18.3605628423785,20.4353867380813,-0.101530933683598,-2.07482389570281,8,14,graph_h_1.000,primary_121_reproduction
200907,2009,7,confirmatory,11.7568329969634,13.4382799178879,-0.125123671422133,-1.68144692092445,8,15,graph_h_1.000,primary_121_reproduction
200908,2009,8,confirmatory,11.8764252802629,14.9754618849983,-0.206940969736626,-3.09903660473543,8,15,graph_h_1.000,primary_121_reproduction
201006,2010,6,confirmatory,13.5838662035469,11.2394973819262,0.208583065768639,2.34436882162075,8,14,graph_h_1.000,primary_121_reproduction
201007,2010,7,confirmatory,8.28427250770239,12.0911993405281,-0.314851052042899,-3.80692683282567,8,15,graph_h_1.000,primary_121_reproduction
201008,2010,8,confirmatory,14.3279782540632,17.6100037797093,-0.186372789393019,-3.28202552564603,8,15,graph_h_1.000,primary_121_reproduction
201106,2011,6,confirmatory,11.6898623150673,13.6968356586039,-0.146528248827747,-2.00697334353667,8,14,graph_h_1.000,primary_121_reproduction
201107,2011,7,confirmatory,11.9186113058593,13.0131290737603,-0.0841087306286708,-1.09451776790103,8,15,graph_h_1.000,primary_121_reproduction
201108,2011,8,confirmatory,10.9438178786663,12.1115353274496,-0.09641365997066,-1.16771744878336,8,15,graph_h_1.000,primary_121_reproduction
201206,2012,6,confirmatory,9.60262616617818,15.2807692755112,-0.371587516764143,-5.67814310933302,8,14,graph_h_1.000,primary_121_reproduction
201207,2012,7,confirmatory,8.58989838003423,12.3712619248802,-0.305657059708771,-3.78136354484594,8,15,graph_h_1.000,primary_121_reproduction
201208,2012,8,confirmatory,7.81866654506651,12.5222546843534,-0.375618309789213,-4.70358813928687,8,15,graph_h_1.000,primary_121_reproduction
201306,2013,6,confirmatory,12.6943823039204,11.2247551511854,0.130927323842758,1.46962715273492,8,14,graph_h_1.000,primary_121_reproduction
201307,2013,7,confirmatory,10.0602864810497,11.1315664215161,-0.0962380225657828,-1.07127994046637,8,15,graph_h_1.000,primary_121_reproduction
201308,2013,8,confirmatory,9.37728001627509,12.8346485603734,-0.269377733861202,-3.45736854409834,8,15,graph_h_1.000,primary_121_reproduction
201406,2014,6,confirmatory,12.8389055117692,13.0241358745431,-0.0142220846402519,-0.185230362773893,8,14,graph_h_1.000,primary_121_reproduction
201407,2014,7,confirmatory,10.6702711239046,11.3747729702585,-0.0619354643996759,-0.704501846353841,8,15,graph_h_1.000,primary_121_reproduction
201408,2014,8,confirmatory,13.4918509822065,12.4749539666974,0.0815150916166754,1.01689701550915,8,15,graph_h_1.000,primary_121_reproduction
201506,2015,6,discovery,12.0305754746904,16.8409578454782,-0.285635913047513,-4.81038237078785,8,14,graph_h_1.000,primary_121_reproduction
201507,2015,7,discovery,10.6881475002239,13.8875697600221,-0.230380283597806,-3.19942225979822,8,15,graph_h_1.000,primary_121_reproduction
201508,2015,8,discovery,10.8687354827634,15.4589626465446,-0.296929830851696,-4.59022716378118,8,15,graph_h_1.000,primary_121_reproduction
201606,2016,6,confirmatory,16.1266417446977,15.1572626963686,0.0639547567227523,0.969379048329101,8,14,graph_h_1.000,primary_121_reproduction
201607,2016,7,confirmatory,10.5949289448729,12.2392388874601,-0.134347401640462,-1.64430994258715,8,15,graph_h_1.000,primary_121_reproduction
201608,2016,8,confirmatory,10.3419787345122,8.82728926032325,0.171591689081402,1.51468947418899,8,15,graph_h_1.000,primary_121_reproduction
201706,2017,6,confirmatory,12.3503904819003,14.5036075291722,-0.148460791078427,-2.15321704727193,8,14,graph_h_1.000,primary_121_reproduction
201707,2017,7,confirmatory,9.42030425879822,11.8610300178987,-0.205776880710807,-2.44072575910044,8,15,graph_h_1.000,primary_121_reproduction
201708,2017,8,confirmatory,13.5038050626068,12.555296601339,0.0755464798152745,0.948508461267838,8,15,graph_h_1.000,primary_121_reproduction
201806,2018,6,confirmatory,12.6867031701841,13.2196228965666,-0.0403127782503405,-0.532919726382412,8,14,graph_h_1.000,primary_121_reproduction
201807,2018,7,confirmatory,5.96380232291519,8.63601386556394,-0.309426499800351,-2.67221154264875,8,15,graph_h_1.000,primary_121_reproduction
201808,2018,8,confirmatory,7.08100424258052,9.24062871566882,-0.233709690058897,-2.1596244730883,8,15,graph_h_1.000,primary_121_reproduction
201906,2019,6,confirmatory,13.2036352748702,14.8365623486065,-0.110061012475011,-1.63292707373627,8,14,graph_h_1.000,primary_121_reproduction
201907,2019,7,confirmatory,11.5173244657743,13.0177442405374,-0.115259583153496,-1.50041977476317,8,15,graph_h_1.000,primary_121_reproduction
201908,2019,8,confirmatory,11.6823083042032,13.1733462862702,-0.113185970342323,-1.49103798206693,8,15,graph_h_1.000,primary_121_reproduction
202006,2020,6,confirmatory,14.2833918952736,15.7428575602602,-0.0927065279857922,-1.4594656649866,8,14,graph_h_1.000,primary_121_reproduction
202007,2020,7,confirmatory,9.15548102554377,10.8134617418103,-0.153325619108262,-1.65798071626657,8,15,graph_h_1.000,primary_121_reproduction
202008,2020,8,confirmatory,12.8151773840968,13.3518120525283,-0.0401918980225489,-0.536634668431455,8,15,graph_h_1.000,primary_121_reproduction
202106,2021,6,confirmatory,12.0922442451338,15.2318744718671,-0.206122380573192,-3.13963022673327,8,14,graph_h_1.000,primary_121_reproduction
202107,2021,7,confirmatory,9.42679352311441,9.61752809144154,-0.019831974132404,-0.190734568327137,8,15,graph_h_1.000,primary_121_reproduction
202108,2021,8,confirmatory,14.2397747428107,15.5120194867671,-0.0820167061446558,-1.27224474395635,8,15,graph_h_1.000,primary_121_reproduction
202206,2022,6,discovery,12.0679512993065,14.2650033784079,-0.154016933667671,-2.19705207910135,8,14,graph_h_1.000,primary_121_reproduction
202207,2022,7,discovery,12.2439302754711,11.8494077070079,0.0332947079059343,0.394522568463156,8,15,graph_h_1.000,primary_121_reproduction
202208,2022,8,discovery,7.05485264903682,11.4027761199395,-0.381303940827156,-4.34792347090273,8,15,graph_h_1.000,primary_121_reproduction
202306,2023,6,confirmatory,15.042432091456,14.446568843833,0.041246004782473,0.595863247623059,8,14,graph_h_1.000,primary_121_reproduction
202307,2023,7,confirmatory,9.52123780188499,14.2984713919045,-0.334107993720523,-4.7772335900195,8,15,graph_h_1.000,primary_121_reproduction
202308,2023,8,confirmatory,7.67817490086546,14.0400638642527,-0.453123933402125,-6.36188896338721,8,15,graph_h_1.000,primary_121_reproduction
202406,2024,6,confirmatory,13.6135064657085,15.7115419547115,-0.133534664837521,-2.09803548900305,8,14,graph_h_1.000,primary_121_reproduction
202407,2024,7,confirmatory,12.071255630033,11.6834493572161,0.0331927893004718,0.387806272816807,8,15,graph_h_1.000,primary_121_reproduction
202408,2024,8,confirmatory,10.7880306480574,11.2357903061607,-0.0398511938993537,-0.447759658103289,8,15,graph_h_1.000,primary_121_reproduction
202506,2025,6,confirmatory,12.0289855873312,15.0243827019897,-0.199369063879198,-2.99539711465849,8,14,graph_h_1.000,primary_121_reproduction
202507,2025,7,confirmatory,7.17846875971133,9.46831786429369,-0.241843285935477,-2.28984910458237,8,15,graph_h_1.000,primary_121_reproduction
202508,2025,8,confirmatory,8.375831482656,10.9770340209596,-0.236967703055021,-2.60120253830363,8,15,graph_h_1.000,primary_121_reproduction
199106,1991,6,confirmatory,19.1733112369,17.1781772473865,0.116143520979041,1.99513398951352,8,14,graph_h_2.000,primary_121_reproduction
199107,1991,7,confirmatory,12.1559747587069,14.9975169907546,-0.1894675121088,-2.84154223204772,8,15,graph_h_2.000,primary_121_reproduction
199108,1991,8,confirmatory,12.8961824675401,11.8572276705516,0.0876220669667021,1.0389547969885,8,15,graph_h_2.000,primary_121_reproduction
199206,1992,6,confirmatory,16.250332465112,16.176847500753,0.00454260104483417,0.073484964359043,8,14,graph_h_2.000,primary_121_reproduction
199207,1992,7,confirmatory,13.4071875132745,15.7010372440126,-0.146095426377825,-2.29384973073814,8,15,graph_h_2.000,primary_121_reproduction
199208,1992,8,confirmatory,12.2825838630767,12.6984678798365,-0.0327507240003476,-0.415884016759806,8,15,graph_h_2.000,primary_121_reproduction
199306,1993,6,confirmatory,19.5384159479477,21.0787195015707,-0.0730738673906727,-1.54030355362296,8,14,graph_h_2.000,primary_121_reproduction
199307,1993,7,confirmatory,14.5628202624292,14.4072417163495,0.0107986350991258,0.155578546079761,8,15,graph_h_2.000,primary_121_reproduction
199308,1993,8,confirmatory,15.1162446116303,17.4912664446273,-0.135783297368186,-2.375021832997,8,15,graph_h_2.000,primary_121_reproduction
199406,1994,6,confirmatory,16.6733375939721,13.8073648885672,0.207568404871957,2.86597270540496,8,14,graph_h_2.000,primary_121_reproduction
199407,1994,7,confirmatory,10.0485678967813,14.3998362860141,-0.302174851352929,-4.35126838923284,8,15,graph_h_2.000,primary_121_reproduction
199408,1994,8,confirmatory,12.0133769903422,12.9781784675674,-0.074340284319265,-0.964801477225119,8,15,graph_h_2.000,primary_121_reproduction
199506,1995,6,confirmatory,22.3736885601104,20.0951618357485,0.113386831267438,2.27852672436188,8,14,graph_h_2.000,primary_121_reproduction
199507,1995,7,confirmatory,11.9585599342736,15.7247809011103,-0.239508645018438,-3.76622096683674,8,15,graph_h_2.000,primary_121_reproduction
199508,1995,8,confirmatory,11.0319245517722,13.9883347286379,-0.211348257974779,-2.95641017686574,8,15,graph_h_2.000,primary_121_reproduction
199606,1996,6,confirmatory,18.7408450665798,21.1527543015987,-0.114023412773088,-2.41190923501889,8,14,graph_h_2.000,primary_121_reproduction
199607,1996,7,confirmatory,11.1148401281183,13.0113522952394,-0.145758267402769,-1.89651216712113,8,15,graph_h_2.000,primary_121_reproduction
199608,1996,8,confirmatory,11.2608061465864,14.8451843802626,-0.241450570222744,-3.58437823367617,8,15,graph_h_2.000,primary_121_reproduction
199706,1997,6,confirmatory,11.9776985913295,18.2113224981198,-0.342293861823263,-6.23362390679029,8,14,graph_h_2.000,primary_121_reproduction
199707,1997,7,confirmatory,11.0528172811532,12.0742199380197,-0.0845936766192524,-1.02140265686657,8,15,graph_h_2.000,primary_121_reproduction
199708,1997,8,confirmatory,12.5064740140184,14.8207227624467,-0.15614952020371,-2.31424874842825,8,15,graph_h_2.000,primary_121_reproduction
199806,1998,6,confirmatory,13.5181724969706,18.7429974041385,-0.2787614379125,-5.22482490716791,8,14,graph_h_2.000,primary_121_reproduction
199807,1998,7,confirmatory,14.1788142442746,12.9297682493174,0.0966023497770811,1.24904599495716,8,15,graph_h_2.000,primary_121_reproduction
199808,1998,8,confirmatory,16.2315820747189,16.002373939484,0.0143233832743628,0.229208135234906,8,15,graph_h_2.000,primary_121_reproduction
199906,1999,6,confirmatory,13.4453806258793,19.5607457978774,-0.312634560828537,-6.11536517199804,8,14,graph_h_2.000,primary_121_reproduction
199907,1999,7,confirmatory,9.67733857335338,10.1402825513928,-0.0456539525100154,-0.462943978039425,8,15,graph_h_2.000,primary_121_reproduction
199908,1999,8,confirmatory,10.6131217381169,15.8875916630915,-0.331986750215121,-5.27446992497461,8,15,graph_h_2.000,primary_121_reproduction
200006,2000,6,confirmatory,15.3717202368386,16.9826695755359,-0.0948584279716462,-1.61094933869724,8,14,graph_h_2.000,primary_121_reproduction
200007,2000,7,confirmatory,8.6368042500194,14.5299539840945,-0.405586262731882,-5.89314973407512,8,15,graph_h_2.000,primary_121_reproduction
200008,2000,8,confirmatory,12.0370535483096,15.8734839758614,-0.241687989441122,-3.8364304275518,8,15,graph_h_2.000,primary_121_reproduction
200106,2001,6,confirmatory,16.5460229732843,17.5229785316081,-0.055752825158212,-0.976955558323851,8,14,graph_h_2.000,primary_121_reproduction
200107,2001,7,confirmatory,15.2633757199838,16.1964602270515,-0.0576103972094622,-0.933084507067692,8,15,graph_h_2.000,primary_121_reproduction
200108,2001,8,confirmatory,12.1923221957755,18.1736904406677,-0.329122379652046,-5.9813682448922,8,15,graph_h_2.000,primary_121_reproduction
200206,2002,6,confirmatory,15.3639286328728,16.1063939668413,-0.0460975520341199,-0.742465333968502,8,14,graph_h_2.000,primary_121_reproduction
200207,2002,7,confirmatory,16.5947874779296,12.6057811224925,0.316442616024762,3.98900635543709,8,15,graph_h_2.000,primary_121_reproduction
200208,2002,8,confirmatory,12.8675280918964,17.4057899130934,-0.260732885083433,-4.53826182119695,8,15,graph_h_2.000,primary_121_reproduction
200306,2003,6,confirmatory,14.9240146414012,17.4443436375562,-0.144478293280633,-2.520328996155,8,14,graph_h_2.000,primary_121_reproduction
200307,2003,7,confirmatory,12.5301061038664,14.3336613286844,-0.125826554950665,-1.80355522481793,8,15,graph_h_2.000,primary_121_reproduction
200308,2003,8,confirmatory,14.9729700356294,15.8000495286953,-0.0523466392661451,-0.827079493065838,8,15,graph_h_2.000,primary_121_reproduction
200406,2004,6,confirmatory,18.2038480428467,16.0374181089152,0.135085954560678,2.16642993393151,8,14,graph_h_2.000,primary_121_reproduction
200407,2004,7,confirmatory,12.0142045844396,15.9992775869544,-0.249078308745906,-3.9850730025149,8,15,graph_h_2.000,primary_121_reproduction
200408,2004,8,confirmatory,10.9058698638383,15.7570243659891,-0.307872501144428,-4.85115450215076,8,15,graph_h_2.000,primary_121_reproduction
200506,2005,6,confirmatory,18.0681289571284,20.3907197572136,-0.113904306848389,-2.32259080008517,8,14,graph_h_2.000,primary_121_reproduction
200507,2005,7,confirmatory,10.3968586900918,14.0779999005332,-0.261481832394528,-3.68114121044141,8,15,graph_h_2.000,primary_121_reproduction
200508,2005,8,confirmatory,11.9186685462439,14.2640159015513,-0.164424056415435,-2.34534735530732,8,15,graph_h_2.000,primary_121_reproduction
200606,2006,6,confirmatory,18.2283251300431,18.9454610684419,-0.0378526516619536,-0.717135938398837,8,14,graph_h_2.000,primary_121_reproduction
200607,2006,7,confirmatory,12.0804638675488,13.6561072347681,-0.115380125546155,-1.57564336721929,8,15,graph_h_2.000,primary_121_reproduction
200608,2006,8,confirmatory,9.25342274706241,13.8704883552899,-0.332869722389166,-4.61706560822752,8,15,graph_h_2.000,primary_121_reproduction
200706,2007,6,confirmatory,17.521132202098,17.796100096749,-0.0154510197827694,-0.274967894651013,8,14,graph_h_2.000,primary_121_reproduction
200707,2007,7,confirmatory,11.8063675401351,14.4372653125333,-0.182229647751522,-2.63089777239822,8,15,graph_h_2.000,primary_121_reproduction
200708,2007,8,confirmatory,13.5221128817948,16.7358572466847,-0.192027472361866,-3.21374436488987,8,15,graph_h_2.000,primary_121_reproduction
200806,2008,6,confirmatory,16.0631913544986,14.9809764974892,0.0722392734005546,1.0822148570094,8,14,graph_h_2.000,primary_121_reproduction
200807,2008,7,confirmatory,13.2605150342589,14.5884183693846,-0.0910244895301647,-1.32790333512571,8,15,graph_h_2.000,primary_121_reproduction
200808,2008,8,confirmatory,12.6313163669449,16.6757551051544,-0.242534068934569,-4.04443873820951,8,15,graph_h_2.000,primary_121_reproduction
200906,2009,6,confirmatory,23.0324853626941,25.9942567224518,-0.113939451755876,-2.96177135975765,8,14,graph_h_2.000,primary_121_reproduction
200907,2009,7,confirmatory,13.7851880845315,16.5112266689995,-0.165102123489483,-2.72603858446799,8,15,graph_h_2.000,primary_121_reproduction
200908,2009,8,confirmatory,14.4442975964715,18.4340773100309,-0.216435010359231,-3.9897797135594,8,15,graph_h_2.000,primary_121_reproduction
201006,2010,6,confirmatory,16.7319261142104,14.2700928175803,0.172516978557923,2.46183329663008,8,14,graph_h_2.000,primary_121_reproduction
201007,2010,7,confirmatory,9.29152287950461,14.6744438070203,-0.366822824653873,-5.38292092751573,8,15,graph_h_2.000,primary_121_reproduction
201008,2010,8,confirmatory,16.966715501911,21.6114058378279,-0.214918472716242,-4.64469033591684,8,15,graph_h_2.000,primary_121_reproduction
201106,2011,6,confirmatory,14.2315469217143,17.6157190951134,-0.192110929739896,-3.38417217339907,8,14,graph_h_2.000,primary_121_reproduction
201107,2011,7,confirmatory,13.8704468333046,15.7298588820061,-0.11820907375263,-1.85941204870152,8,15,graph_h_2.000,primary_121_reproduction
201108,2011,8,confirmatory,12.6452637947518,14.5730751424012,-0.13228583046555,-1.92781134764941,8,15,graph_h_2.000,primary_121_reproduction
201206,2012,6,confirmatory,12.011975352028,19.6625116686265,-0.389092525183629,-7.65053631659847,8,14,graph_h_2.000,primary_121_reproduction
201207,2012,7,confirmatory,9.88242746046986,14.5598455808035,-0.321254651663382,-4.67741812033368,8,15,graph_h_2.000,primary_121_reproduction
201208,2012,8,confirmatory,9.28668934594709,15.3745827416278,-0.395971292228782,-6.08789339568068,8,15,graph_h_2.000,primary_121_reproduction
201306,2013,6,confirmatory,15.7507971005751,14.2344583089038,0.106525921729167,1.51633879167137,8,14,graph_h_2.000,primary_121_reproduction
201307,2013,7,confirmatory,11.5645817711895,12.9502814203617,-0.107001508630804,-1.38569964917217,8,15,graph_h_2.000,primary_121_reproduction
201308,2013,8,confirmatory,10.5323262784292,15.2393211968329,-0.308871691698571,-4.70699491840365,8,15,graph_h_2.000,primary_121_reproduction
201406,2014,6,confirmatory,16.5772771874889,16.8037587906354,-0.0134780322645856,-0.226481603146496,8,14,graph_h_2.000,primary_121_reproduction
201407,2014,7,confirmatory,12.5883183066617,14.0681841326332,-0.105192383894008,-1.47986582597155,8,15,graph_h_2.000,primary_121_reproduction
201408,2014,8,confirmatory,16.8985653656691,15.7476412433082,0.0730854929051645,1.15092412236088,8,15,graph_h_2.000,primary_121_reproduction
201506,2015,6,discovery,15.3775501878053,22.1257551645869,-0.304993204823235,-6.74820497678159,8,14,graph_h_2.000,primary_121_reproduction
201507,2015,7,discovery,12.4907114831146,16.9342013083227,-0.262397366389186,-4.44348982520819,8,15,graph_h_2.000,primary_121_reproduction
201508,2015,8,discovery,12.973427864407,18.9842571232258,-0.316621778761361,-6.01082925881879,8,15,graph_h_2.000,primary_121_reproduction
201606,2016,6,confirmatory,20.0069635052863,19.6243759052664,0.0194955295325949,0.382587600019868,8,14,graph_h_2.000,primary_121_reproduction
201607,2016,7,confirmatory,12.251870322424,14.4963186363276,-0.154828847944822,-2.24444831390366,8,15,graph_h_2.000,primary_121_reproduction
201608,2016,8,confirmatory,12.1210726402309,10.4223232101369,0.162991436347109,1.69874943009403,8,15,graph_h_2.000,primary_121_reproduction
201706,2017,6,confirmatory,15.4457554850728,19.0257826285389,-0.188167142101999,-3.58002714346601,8,14,graph_h_2.000,primary_121_reproduction
201707,2017,7,confirmatory,10.5876991336288,13.9038062520718,-0.238503547756851,-3.316107118443,8,15,graph_h_2.000,primary_121_reproduction
201708,2017,8,confirmatory,16.0547149925911,15.218725747037,0.0549316190757205,0.835989245554098,8,15,graph_h_2.000,primary_121_reproduction
201806,2018,6,confirmatory,15.4937236464743,16.8673371365501,-0.0814362977958941,-1.37361349007584,8,14,graph_h_2.000,primary_121_reproduction
201807,2018,7,confirmatory,6.55360935968224,9.99068903138182,-0.344028290831929,-3.43707967169959,8,15,graph_h_2.000,primary_121_reproduction
201808,2018,8,confirmatory,7.86647919161897,11.0835034775384,-0.290253374525392,-3.21702428591943,8,15,graph_h_2.000,primary_121_reproduction
201906,2019,6,confirmatory,17.0160194804096,19.3821701709548,-0.122078728526021,-2.36615069054514,8,14,graph_h_2.000,primary_121_reproduction
201907,2019,7,confirmatory,13.7393475041707,15.7366006301734,-0.126917697979396,-1.99725312600271,8,15,graph_h_2.000,primary_121_reproduction
201908,2019,8,confirmatory,13.8393411694062,16.3818299716401,-0.155201757473703,-2.54248880223393,8,15,graph_h_2.000,primary_121_reproduction
202006,2020,6,confirmatory,18.1129479939744,20.3492556866534,-0.109896289432628,-2.23630769267901,8,14,graph_h_2.000,primary_121_reproduction
202007,2020,7,confirmatory,11.1016941345334,13.5013848765533,-0.177736636942127,-2.39969074201988,8,15,graph_h_2.000,primary_121_reproduction
202008,2020,8,confirmatory,14.9545207061172,15.6501029029953,-0.0444458545218249,-0.695582196878119,8,15,graph_h_2.000,primary_121_reproduction
202106,2021,6,confirmatory,14.9429026987234,19.5058577763928,-0.233927424775532,-4.56295507766935,8,14,graph_h_2.000,primary_121_reproduction
202107,2021,7,confirmatory,10.7777917671786,11.2272588355624,-0.0400335536008207,-0.449467068383775,8,15,graph_h_2.000,primary_121_reproduction
202108,2021,8,confirmatory,17.4024300740397,19.2823124206169,-0.0974925779424252,-1.87988234657718,8,15,graph_h_2.000,primary_121_reproduction
202206,2022,6,discovery,14.3757036209698,17.9736240154088,-0.200177793379594,-3.59792039443902,8,14,graph_h_2.000,primary_121_reproduction
202207,2022,7,discovery,14.4577771838063,14.2599512900881,0.0138728309581035,0.197825893718182,8,15,graph_h_2.000,primary_121_reproduction
202208,2022,8,discovery,7.68275559259393,13.7471695952386,-0.441139098534515,-6.06441400264464,8,15,graph_h_2.000,primary_121_reproduction
202306,2023,6,confirmatory,19.0271088846161,18.316351480513,0.0388045296498762,0.71075740410312,8,14,graph_h_2.000,primary_121_reproduction
202307,2023,7,confirmatory,10.9333632434255,17.0364881490577,-0.35823843812375,-6.1031249056322,8,15,graph_h_2.000,primary_121_reproduction
202308,2023,8,confirmatory,8.94154515704811,17.2304430699255,-0.481061217012178,-8.28889791287743,8,15,graph_h_2.000,primary_121_reproduction
202406,2024,6,confirmatory,17.3354209674275,20.4996359266878,-0.154354690521157,-3.16421495926028,8,14,graph_h_2.000,primary_121_reproduction
202407,2024,7,confirmatory,13.685165305494,13.8175116923235,-0.00957816354901897,-0.132346386829557,8,15,graph_h_2.000,primary_121_reproduction
202408,2024,8,confirmatory,12.5011420245355,13.2448996252643,-0.0561542647941351,-0.743757600728833,8,15,graph_h_2.000,primary_121_reproduction
202506,2025,6,confirmatory,14.744876849786,19.4178283988781,-0.240652633914615,-4.67295154909202,8,14,graph_h_2.000,primary_121_reproduction
202507,2025,7,confirmatory,8.42601443833856,11.1023743249186,-0.241061939388327,-2.67635988658005,8,15,graph_h_2.000,primary_121_reproduction
202508,2025,8,confirmatory,9.64385023808318,12.9277006872752,-0.254016590314807,-3.28385044919204,8,15,graph_h_2.000,primary_121_reproduction
199106,1991,6,confirmatory,2.40874832965,2.30063393231581,0.0469933072861193,0.10811439733419,8,14,graph_h_0.125,dense_465_fixed_labels
199107,1991,7,confirmatory,2.25895555160209,2.12970982189179,0.0606870139686426,0.129245729710302,8,15,graph_h_0.125,dense_465_fixed_labels
199108,1991,8,confirmatory,2.23032805973996,2.14010128162388,0.0421600505035984,0.0902267781160782,8,15,graph_h_0.125,dense_465_fixed_labels
199206,1992,6,confirmatory,2.21048007846233,2.19264729821776,0.00813299077287133,0.0178327802445661,8,14,graph_h_0.125,dense_465_fixed_labels
199207,1992,7,confirmatory,2.23875791614154,2.30144264781521,-0.0272371469839489,-0.0626847316736714,8,15,graph_h_0.125,dense_465_fixed_labels
199208,1992,8,confirmatory,2.14866328290884,2.0423518203467,0.0520534520561176,0.106311462562141,8,15,graph_h_0.125,dense_465_fixed_labels
199306,1993,6,confirmatory,2.24109550313529,2.54179191859404,-0.118300956604301,-0.300696415458756,8,14,graph_h_0.125,dense_465_fixed_labels
199307,1993,7,confirmatory,2.22755417802045,2.02522981392702,0.099901928513046,0.202324364093427,8,15,graph_h_0.125,dense_465_fixed_labels
199308,1993,8,confirmatory,2.27817146760783,2.38244011471997,-0.0437654850033438,-0.104268647112141,8,15,graph_h_0.125,dense_465_fixed_labels
199406,1994,6,confirmatory,2.2595786289175,2.13441194748307,0.0586422323872522,0.12516668143443,8,14,graph_h_0.125,dense_465_fixed_labels
199407,1994,7,confirmatory,2.21123432677936,2.33024676940392,-0.0510728924452104,-0.119012442624566,8,15,graph_h_0.125,dense_465_fixed_labels
199408,1994,8,confirmatory,2.27605957997975,2.208868676534,0.0304186953980372,0.067190903445753,8,15,graph_h_0.125,dense_465_fixed_labels
199506,1995,6,confirmatory,2.53524049201791,2.39089902668587,0.060371209206654,0.144341465332038,8,14,graph_h_0.125,dense_465_fixed_labels
199507,1995,7,confirmatory,2.20616897222919,2.19222798163047,0.00635927956194871,0.0139409905987149,8,15,graph_h_0.125,dense_465_fixed_labels
199508,1995,8,confirmatory,2.0948045009407,2.23572524313945,-0.063031332956133,-0.140920742198754,8,15,graph_h_0.125,dense_465_fixed_labels
199606,1996,6,confirmatory,2.23575477140951,2.64737849804744,-0.155483519618189,-0.411623726637929,8,14,graph_h_0.125,dense_465_fixed_labels
199607,1996,7,confirmatory,2.05190367524273,2.0382461423348,0.0067006298328085,0.0136575329079354,8,15,graph_h_0.125,dense_465_fixed_labels
199608,1996,8,confirmatory,2.24986002710968,2.39573900541901,-0.0608910144132397,-0.145878978309329,8,15,graph_h_0.125,dense_465_fixed_labels
199706,1997,6,confirmatory,1.84448096128751,2.1997907295075,-0.16151980434045,-0.355309768219987,8,14,graph_h_0.125,dense_465_fixed_labels
199707,1997,7,confirmatory,2.10260783071881,2.01123845301091,0.0454294107051918,0.091369377707907,8,15,graph_h_0.125,dense_465_fixed_labels
199708,1997,8,confirmatory,2.14905327911495,2.49772232938027,-0.139594800496432,-0.348669050265322,8,15,graph_h_0.125,dense_465_fixed_labels
199806,1998,6,confirmatory,1.98999081247616,2.22669650120022,-0.106303525692195,-0.236705688724059,8,14,graph_h_0.125,dense_465_fixed_labels
199807,1998,7,confirmatory,2.37931897259299,2.16876184998525,0.0970863272097724,0.21055712260774,8,15,graph_h_0.125,dense_465_fixed_labels
199808,1998,8,confirmatory,2.43840743377615,2.30852464556356,0.0562622489052467,0.129882788212593,8,15,graph_h_0.125,dense_465_fixed_labels
199906,1999,6,confirmatory,1.87824445601859,2.27726520700328,-0.17521927167621,-0.399020750984689,8,14,graph_h_0.125,dense_465_fixed_labels
199907,1999,7,confirmatory,1.98721961387812,1.96268577757112,0.0125001345540714,0.0245338363070013,8,15,graph_h_0.125,dense_465_fixed_labels
199908,1999,8,confirmatory,1.89057941657877,2.16174924431583,-0.125440001170387,-0.271169827737062,8,15,graph_h_0.125,dense_465_fixed_labels
200006,2000,6,confirmatory,2.08917876173182,2.05968214323383,0.0143209565587021,0.0294966184979861,8,14,graph_h_0.125,dense_465_fixed_labels
200007,2000,7,confirmatory,1.86349926090166,2.35043259234352,-0.207167537170832,-0.48693333144186,8,15,graph_h_0.125,dense_465_fixed_labels
200008,2000,8,confirmatory,2.03096388635614,2.37709521720499,-0.145611050135312,-0.346131330848845,8,15,graph_h_0.125,dense_465_fixed_labels
200106,2001,6,confirmatory,2.18656002306666,2.23280317068288,-0.020710803452539,-0.0462431476162188,8,14,graph_h_0.125,dense_465_fixed_labels
200107,2001,7,confirmatory,2.25256265655505,2.38157530447601,-0.0541711394464351,-0.129012647920956,8,15,graph_h_0.125,dense_465_fixed_labels
200108,2001,8,confirmatory,2.22524375872858,2.64128641474548,-0.15751516143583,-0.4160426560169,8,15,graph_h_0.125,dense_465_fixed_labels
200206,2002,6,confirmatory,2.02491160714605,2.07201837454324,-0.0227347247379369,-0.0471067673971879,8,14,graph_h_0.125,dense_465_fixed_labels
200207,2002,7,confirmatory,2.63328626432223,2.18539866132187,0.204945491606299,0.447887603000358,8,15,graph_h_0.125,dense_465_fixed_labels
200208,2002,8,confirmatory,2.19087072455333,2.53214593285112,-0.134777069469105,-0.341275208297786,8,15,graph_h_0.125,dense_465_fixed_labels
200306,2003,6,confirmatory,2.05385199356528,2.34087702742429,-0.122614315274318,-0.28702503385901,8,14,graph_h_0.125,dense_465_fixed_labels
200307,2003,7,confirmatory,2.28440611603247,2.22341256647411,0.0274324029998099,0.0609935495583591,8,15,graph_h_0.125,dense_465_fixed_labels
200308,2003,8,confirmatory,2.36366495542865,2.2076115686172,0.0706887882949439,0.15605338681145,8,15,graph_h_0.125,dense_465_fixed_labels
200406,2004,6,confirmatory,2.41560581066435,2.31975575012048,0.0413190313415068,0.095850060543869,8,14,graph_h_0.125,dense_465_fixed_labels
200407,2004,7,confirmatory,2.33540269899271,2.44672040255239,-0.0454966997633073,-0.111317703559684,8,15,graph_h_0.125,dense_465_fixed_labels
200408,2004,8,confirmatory,2.06637358078532,2.13400236420318,-0.0316910536521895,-0.0676287834178622,8,15,graph_h_0.125,dense_465_fixed_labels
200506,2005,6,confirmatory,2.30840067556483,2.46335317164483,-0.0629030777493163,-0.15495249608,8,14,graph_h_0.125,dense_465_fixed_labels
200507,2005,7,confirmatory,2.06492544144347,2.23095570443859,-0.0744211382883128,-0.166030262995125,8,15,graph_h_0.125,dense_465_fixed_labels
200508,2005,8,confirmatory,2.1809665268107,2.2212539397951,-0.0181372387292722,-0.0402874129844002,8,15,graph_h_0.125,dense_465_fixed_labels
200606,2006,6,confirmatory,2.17661107601055,2.25150368226597,-0.0332633727607529,-0.0748926062554207,8,14,graph_h_0.125,dense_465_fixed_labels
200607,2006,7,confirmatory,2.21877084658235,2.07934892955491,0.067050755669603,0.139421917027437,8,15,graph_h_0.125,dense_465_fixed_labels
200608,2006,8,confirmatory,1.93337860876423,2.16419195330994,-0.106651050149549,-0.23081334454571,8,15,graph_h_0.125,dense_465_fixed_labels
200706,2007,6,confirmatory,2.59481611524354,2.1919344520102,0.183801875491245,0.402881663233349,8,14,graph_h_0.125,dense_465_fixed_labels
200707,2007,7,confirmatory,2.15298542252829,2.24551459476892,-0.0412062217080114,-0.0925291722406234,8,15,graph_h_0.125,dense_465_fixed_labels
200708,2007,8,confirmatory,2.4829869495886,2.3647442091013,0.0500023385329425,0.118242740487299,8,15,graph_h_0.125,dense_465_fixed_labels
200806,2008,6,confirmatory,2.28295300504245,2.11979102346042,0.0769707861653663,0.163161981582035,8,14,graph_h_0.125,dense_465_fixed_labels
200807,2008,7,confirmatory,2.31526389458841,2.28013734312498,0.0154054542237718,0.0351265514634247,8,15,graph_h_0.125,dense_465_fixed_labels
200808,2008,8,confirmatory,2.34535880834761,2.38435541984286,-0.016355200726669,-0.0389966114952509,8,15,graph_h_0.125,dense_465_fixed_labels
200906,2009,6,confirmatory,2.59138752554899,2.69472164010503,-0.0383468604022525,-0.103334114556036,8,14,graph_h_0.125,dense_465_fixed_labels
200907,2009,7,confirmatory,2.37808644677308,2.38953573961969,-0.00479142984001968,-0.0114492928466072,8,15,graph_h_0.125,dense_465_fixed_labels
200908,2009,8,confirmatory,2.2193655992283,2.59561416572244,-0.144955506663069,-0.376248566494136,8,15,graph_h_0.125,dense_465_fixed_labels
201006,2010,6,confirmatory,2.16834265786508,2.14698456953916,0.00994794682222988,0.0213580883259237,8,14,graph_h_0.125,dense_465_fixed_labels
201007,2010,7,confirmatory,2.08735614466041,2.16237020914315,-0.0346906668273359,-0.0750140644827417,8,15,graph_h_0.125,dense_465_fixed_labels
201008,2010,8,confirmatory,2.56276794355056,2.678778891206,-0.0433073995156115,-0.116010947655445,8,15,graph_h_0.125,dense_465_fixed_labels
201106,2011,6,confirmatory,2.01248789250773,2.18633122146432,-0.0795137201764676,-0.173843328956588,8,14,graph_h_0.125,dense_465_fixed_labels
201107,2011,7,confirmatory,2.20313388095484,2.23153305652066,-0.0127263073620351,-0.0283991755658235,8,15,graph_h_0.125,dense_465_fixed_labels
201108,2011,8,confirmatory,2.2156432550575,2.18472481170141,0.0141520997017492,0.0309184433560836,8,15,graph_h_0.125,dense_465_fixed_labels
201206,2012,6,confirmatory,1.82822052868021,2.20999746884925,-0.172749944536285,-0.381776940169038,8,14,graph_h_0.125,dense_465_fixed_labels
201207,2012,7,confirmatory,1.96820915111277,2.26875638149349,-0.132472235817083,-0.300547230380719,8,15,graph_h_0.125,dense_465_fixed_labels
201208,2012,8,confirmatory,1.94214900672466,2.26798207835147,-0.143666510744058,-0.325833071626813,8,15,graph_h_0.125,dense_465_fixed_labels
201306,2013,6,confirmatory,2.07894693383879,2.06047638856059,0.00896421108280565,0.0184705452781944,8,14,graph_h_0.125,dense_465_fixed_labels
201307,2013,7,confirmatory,2.18156531874723,2.27788942665575,-0.0422865599977508,-0.0963241079085204,8,15,graph_h_0.125,dense_465_fixed_labels
201308,2013,8,confirmatory,2.3959207295913,2.40517395382124,-0.00384721621287987,-0.00925322422993746,8,15,graph_h_0.125,dense_465_fixed_labels
201406,2014,6,confirmatory,2.15126711677999,2.08238964072664,0.033076171099907,0.0688774760533484,8,14,graph_h_0.125,dense_465_fixed_labels
201407,2014,7,confirmatory,2.06539865940636,2.07037468350319,-0.00240344133671988,-0.00497602409682996,8,15,graph_h_0.125,dense_465_fixed_labels
201408,2014,8,confirmatory,2.19781259623557,2.17617161654846,0.00994451886171932,0.0216409796871044,8,15,graph_h_0.125,dense_465_fixed_labels
201506,2015,6,discovery,1.94479953570442,2.21612612549953,-0.122432828471779,-0.271326589795112,8,14,graph_h_0.125,dense_465_fixed_labels
201507,2015,7,discovery,2.01156125618915,2.43534629196859,-0.174014281737678,-0.423785035779432,8,15,graph_h_0.125,dense_465_fixed_labels
201508,2015,8,discovery,2.35368296135642,2.64771926255813,-0.111052672902196,-0.294036301201713,8,15,graph_h_0.125,dense_465_fixed_labels
201606,2016,6,confirmatory,2.42415425127947,2.28671651150308,0.060102657712497,0.137437739776385,8,14,graph_h_0.125,dense_465_fixed_labels
201607,2016,7,confirmatory,2.27834918129357,2.26780521123736,0.00464941609797798,0.0105439700562053,8,15,graph_h_0.125,dense_465_fixed_labels
201608,2016,8,confirmatory,2.23091560831732,2.01405088084533,0.107675893163615,0.216864727471988,8,15,graph_h_0.125,dense_465_fixed_labels
201706,2017,6,confirmatory,2.07171243418456,2.26445288985567,-0.0851156835872138,-0.192740455671107,8,14,graph_h_0.125,dense_465_fixed_labels
201707,2017,7,confirmatory,2.12776536954403,2.21778770021453,-0.040591049658086,-0.0900223306705006,8,15,graph_h_0.125,dense_465_fixed_labels
201708,2017,8,confirmatory,2.30204037461593,2.25290986634238,0.0218075782824441,0.049130508273552,8,15,graph_h_0.125,dense_465_fixed_labels
201806,2018,6,confirmatory,2.13876888749315,2.30535314325879,-0.0722597560606986,-0.166584255765645,8,14,graph_h_0.125,dense_465_fixed_labels
201807,2018,7,confirmatory,1.82615217121482,1.99655305328164,-0.0853475352366622,-0.17040088206682,8,15,graph_h_0.125,dense_465_fixed_labels
201808,2018,8,confirmatory,1.91797981120111,2.11466738623776,-0.0930111166969785,-0.196687575036655,8,15,graph_h_0.125,dense_465_fixed_labels
201906,2019,6,confirmatory,2.01251110936614,2.3011752246345,-0.125442040301041,-0.288664115268358,8,14,graph_h_0.125,dense_465_fixed_labels
201907,2019,7,confirmatory,2.11035453398508,2.34741630741532,-0.100988381430844,-0.237061773430242,8,15,graph_h_0.125,dense_465_fixed_labels
201908,2019,8,confirmatory,2.22445798323243,2.46335551919828,-0.0969805349264389,-0.238897535965844,8,15,graph_h_0.125,dense_465_fixed_labels
202006,2020,6,confirmatory,2.22056527262098,2.25768670154502,-0.0164422410331073,-0.0371214289240442,8,14,graph_h_0.125,dense_465_fixed_labels
202007,2020,7,confirmatory,1.92864429092654,1.98845551297669,-0.0300792356981695,-0.0598112220501506,8,15,graph_h_0.125,dense_465_fixed_labels
202008,2020,8,confirmatory,2.49033707219771,2.4262923196642,0.026396140322603,0.0640447525335102,8,15,graph_h_0.125,dense_465_fixed_labels
202106,2021,6,confirmatory,1.98184622213218,2.36210420331206,-0.160982729147468,-0.380257981179881,8,14,graph_h_0.125,dense_465_fixed_labels
202107,2021,7,confirmatory,2.04198118585453,2.0784623952777,-0.0175520180235416,-0.0364812094231675,8,15,graph_h_0.125,dense_465_fixed_labels
202108,2021,8,confirmatory,2.33003107143886,2.43902884012007,-0.0446890036264769,-0.108997768681208,8,15,graph_h_0.125,dense_465_fixed_labels
202206,2022,6,discovery,2.26059957271854,2.25715074813851,0.0015279549152285,0.00344882458003015,8,14,graph_h_0.125,dense_465_fixed_labels
202207,2022,7,discovery,2.59735686645796,2.1873067880769,0.18746802260033,0.410050078381057,8,15,graph_h_0.125,dense_465_fixed_labels
202208,2022,8,discovery,1.991814514894,2.16509525270144,-0.0800337710736938,-0.173280737807449,8,15,graph_h_0.125,dense_465_fixed_labels
202306,2023,6,confirmatory,2.35568074136429,2.48206202145762,-0.0509178574107951,-0.126381280093329,8,14,graph_h_0.125,dense_465_fixed_labels
202307,2023,7,confirmatory,2.09026962315293,2.35863432142441,-0.11377969693471,-0.268364698271475,8,15,graph_h_0.125,dense_465_fixed_labels
202308,2023,8,confirmatory,1.89985853509888,2.52917565697042,-0.248823018732263,-0.629317121871534,8,15,graph_h_0.125,dense_465_fixed_labels
202406,2024,6,confirmatory,2.08495992399677,2.34920465940976,-0.11248263720002,-0.264244735412983,8,14,graph_h_0.125,dense_465_fixed_labels
202407,2024,7,confirmatory,2.46787917013632,2.24632556732911,0.0986293376300902,0.221553602807207,8,15,graph_h_0.125,dense_465_fixed_labels
202408,2024,8,confirmatory,2.38368461689427,2.34630925022725,0.0159294290227932,0.037375366667018,8,15,graph_h_0.125,dense_465_fixed_labels
202506,2025,6,confirmatory,1.89383237517802,2.17662905520029,-0.129924150073542,-0.282796680022275,8,14,graph_h_0.125,dense_465_fixed_labels
202507,2025,7,confirmatory,1.92809795188407,2.15591154540687,-0.105669267372383,-0.227813593522806,8,15,graph_h_0.125,dense_465_fixed_labels
202508,2025,8,confirmatory,2.06168789642094,2.28529223960575,-0.097844966744113,-0.223604343184804,8,15,graph_h_0.125,dense_465_fixed_labels
199106,1991,6,confirmatory,4.64735673647946,4.16279943615775,0.116401788688852,0.484557300321709,8,14,graph_h_0.250,dense_465_fixed_labels
199107,1991,7,confirmatory,3.98143040276627,3.94918235579601,0.00816575282297105,0.0322480469702686,8,15,graph_h_0.250,dense_465_fixed_labels
199108,1991,8,confirmatory,4.00719175196135,3.6753636637381,0.0902844231435207,0.331828088223251,8,15,graph_h_0.250,dense_465_fixed_labels
199206,1992,6,confirmatory,3.91692152384039,3.9451406083638,-0.00715287167803136,-0.0282190845234167,8,14,graph_h_0.250,dense_465_fixed_labels
199207,1992,7,confirmatory,4.04774868190447,4.28684611871816,-0.0557746721464278,-0.239097436813692,8,15,graph_h_0.250,dense_465_fixed_labels
199208,1992,8,confirmatory,3.82711527580109,3.45445935219752,0.10787677190832,0.372655923603575,8,15,graph_h_0.250,dense_465_fixed_labels
199306,1993,6,confirmatory,4.31867011016983,4.77511058602372,-0.0955874147061316,-0.456440475853889,8,14,graph_h_0.250,dense_465_fixed_labels
199307,1993,7,confirmatory,4.07539015440429,3.63843154300554,0.120095323007727,0.436958611398752,8,15,graph_h_0.250,dense_465_fixed_labels
199308,1993,8,confirmatory,4.04145767397013,4.40494236846614,-0.0825174688091502,-0.363484694496009,8,15,graph_h_0.250,dense_465_fixed_labels
199406,1994,6,confirmatory,4.25660298885682,3.71994960625119,0.144263616287655,0.536653382605635,8,14,graph_h_0.250,dense_465_fixed_labels
199407,1994,7,confirmatory,3.78590177753685,4.345662445129,-0.128809053777192,-0.559760667592146,8,15,graph_h_0.250,dense_465_fixed_labels
199408,1994,8,confirmatory,4.00575165216469,3.93824587037107,0.0171410785450172,0.0675057817936198,8,15,graph_h_0.250,dense_465_fixed_labels
199506,1995,6,confirmatory,4.84956092282433,4.56063279077109,0.0633526410277783,0.288928132053235,8,14,graph_h_0.250,dense_465_fixed_labels
199507,1995,7,confirmatory,3.95786226784709,4.19311658489527,-0.0561048833928517,-0.235254317048182,8,15,graph_h_0.250,dense_465_fixed_labels
199508,1995,8,confirmatory,3.69177878624359,4.03357642223185,-0.0847381083706201,-0.341797635988261,8,15,graph_h_0.250,dense_465_fixed_labels
199606,1996,6,confirmatory,4.25030168606698,4.91962644266357,-0.136051947113734,-0.669324756596589,8,14,graph_h_0.250,dense_465_fixed_labels
199607,1996,7,confirmatory,3.64877606240358,3.60429491853405,0.0123411498989181,0.0444811438695378,8,15,graph_h_0.250,dense_465_fixed_labels
199608,1996,8,confirmatory,3.9485919524955,4.1868442356383,-0.0569049789611947,-0.238252283142797,8,15,graph_h_0.250,dense_465_fixed_labels
199706,1997,6,confirmatory,3.15065343167412,4.08051444455998,-0.22787837796421,-0.929861012885857,8,14,graph_h_0.250,dense_465_fixed_labels
199707,1997,7,confirmatory,3.69472348656338,3.56653158515803,0.0359430158809817,0.128191901405358,8,15,graph_h_0.250,dense_465_fixed_labels
199708,1997,8,confirmatory,3.85507246032207,4.42139515521079,-0.128086876428878,-0.566322694888723,8,15,graph_h_0.250,dense_465_fixed_labels
199806,1998,6,confirmatory,3.49930702531419,4.11475136867576,-0.149570238446663,-0.615444343361566,8,14,graph_h_0.250,dense_465_fixed_labels
199807,1998,7,confirmatory,4.3565323069298,3.80917100859156,0.14369564850296,0.547361298338239,8,15,graph_h_0.250,dense_465_fixed_labels
199808,1998,8,confirmatory,4.48178391470263,4.34222426011145,0.0321401305485773,0.139559654591181,8,15,graph_h_0.250,dense_465_fixed_labels
199906,1999,6,confirmatory,3.41377067491086,4.33764425652169,-0.212989707540396,-0.923873581610832,8,14,graph_h_0.250,dense_465_fixed_labels
199907,1999,7,confirmatory,3.36162471237145,3.2984919941362,0.0191398731139802,0.0631327182352468,8,15,graph_h_0.250,dense_465_fixed_labels
199908,1999,8,confirmatory,3.25891156202878,3.93509930862906,-0.171834989047799,-0.676187746600276,8,15,graph_h_0.250,dense_465_fixed_labels
200006,2000,6,confirmatory,3.76467675494999,3.82356782750367,-0.0154021257659043,-0.0588910725536769,8,14,graph_h_0.250,dense_465_fixed_labels
200007,2000,7,confirmatory,3.1451650251996,4.28374132987669,-0.265790162617001,-1.13857630467709,8,15,graph_h_0.250,dense_465_fixed_labels
200008,2000,8,confirmatory,3.60112167741034,4.24532637394281,-0.151744445488692,-0.644204696532469,8,15,graph_h_0.250,dense_465_fixed_labels
200106,2001,6,confirmatory,4.14997432817413,4.17888408576003,-0.00691805682871582,-0.0289097575859039,8,14,graph_h_0.250,dense_465_fixed_labels
200107,2001,7,confirmatory,4.13504194033122,4.4116220462705,-0.0626935179483693,-0.276580105939281,8,15,graph_h_0.250,dense_465_fixed_labels
200108,2001,8,confirmatory,3.88593096375285,4.76345210842586,-0.184219579560967,-0.877521144673012,8,15,graph_h_0.250,dense_465_fixed_labels
200206,2002,6,confirmatory,3.61649666453445,3.73765085307246,-0.0324145280821042,-0.121154188538018,8,14,graph_h_0.250,dense_465_fixed_labels
200207,2002,7,confirmatory,4.71708885838731,3.75360079629997,0.256683679052144,0.963488062087334,8,15,graph_h_0.250,dense_465_fixed_labels
200208,2002,8,confirmatory,3.8828349550643,4.62129863553808,-0.159795706513088,-0.738463680473778,8,15,graph_h_0.250,dense_465_fixed_labels
200306,2003,6,confirmatory,3.66491630423828,4.32233980197951,-0.152098985239463,-0.657423497741227,8,14,graph_h_0.250,dense_465_fixed_labels
200307,2003,7,confirmatory,4.17575766219796,4.04141802206743,0.0332407188261623,0.134339640130529,8,15,graph_h_0.250,dense_465_fixed_labels
200308,2003,8,confirmatory,4.39145229921784,4.06460701346354,0.0804125182758544,0.326845285754303,8,15,graph_h_0.250,dense_465_fixed_labels
200406,2004,6,confirmatory,4.5967381407111,4.25122204031293,0.0812745363854819,0.345516100398175,8,14,graph_h_0.250,dense_465_fixed_labels
200407,2004,7,confirmatory,4.11947087806695,4.50683615223376,-0.0859506006169799,-0.38736527416681,8,15,graph_h_0.250,dense_465_fixed_labels
200408,2004,8,confirmatory,3.61979799974312,3.90935407565946,-0.074067498188303,-0.289556075916342,8,15,graph_h_0.250,dense_465_fixed_labels
200506,2005,6,confirmatory,4.39302665802654,4.71466119566628,-0.0682200744213378,-0.321634537639747,8,14,graph_h_0.250,dense_465_fixed_labels
200507,2005,7,confirmatory,3.56109597071264,4.0632975659505,-0.123594589637291,-0.502201595237853,8,15,graph_h_0.250,dense_465_fixed_labels
200508,2005,8,confirmatory,3.93466615451671,3.97275155565432,-0.00958665564762162,-0.0380854011376113,8,15,graph_h_0.250,dense_465_fixed_labels
200606,2006,6,confirmatory,4.22949761556629,4.21624005704819,0.0031444031503709,0.0132575585181023,8,14,graph_h_0.250,dense_465_fixed_labels
200607,2006,7,confirmatory,3.83599225609479,3.77270655005386,0.0167746166316676,0.0632857060409346,8,15,graph_h_0.250,dense_465_fixed_labels
200608,2006,8,confirmatory,3.22837061324794,3.88792456048059,-0.169641652499329,-0.659553947232656,8,15,graph_h_0.250,dense_465_fixed_labels
200706,2007,6,confirmatory,4.64640323848708,3.99109190946189,0.164193494885849,0.655311329025185,8,14,graph_h_0.250,dense_465_fixed_labels
200707,2007,7,confirmatory,3.91349565196992,4.03837725265814,-0.0309237084291765,-0.124881600688219,8,15,graph_h_0.250,dense_465_fixed_labels
200708,2007,8,confirmatory,4.48181794276028,4.46309403843553,0.00419527443596213,0.0187239043247436,8,15,graph_h_0.250,dense_465_fixed_labels
200806,2008,6,confirmatory,4.12752030524289,3.78766153491021,0.0897278616899275,0.339858770332682,8,14,graph_h_0.250,dense_465_fixed_labels
200807,2008,7,confirmatory,4.1329474379894,4.14226239404511,-0.00224876050080813,-0.00931495605571175,8,15,graph_h_0.250,dense_465_fixed_labels
200808,2008,8,confirmatory,4.08318035104282,4.46130252559428,-0.0847560039657006,-0.378122174551459,8,15,graph_h_0.250,dense_465_fixed_labels
200906,2009,6,confirmatory,5.05415094703085,5.3254013253537,-0.0509351993870318,-0.271250378322854,8,14,graph_h_0.250,dense_465_fixed_labels
200907,2009,7,confirmatory,4.27577230935436,4.32483580918058,-0.0113445924865097,-0.0490634998262181,8,15,graph_h_0.250,dense_465_fixed_labels
200908,2009,8,confirmatory,3.92052307050307,4.7692514762064,-0.17795840918383,-0.848728405703323,8,15,graph_h_0.250,dense_465_fixed_labels
201006,2010,6,confirmatory,4.09595834663122,3.79656792747011,0.0788581752995552,0.299390419161107,8,14,graph_h_0.250,dense_465_fixed_labels
201007,2010,7,confirmatory,3.58772190756807,3.88149302096066,-0.0756850809227724,-0.293771113392584,8,15,graph_h_0.250,dense_465_fixed_labels
201008,2010,8,confirmatory,4.77417706872843,5.22436943292229,-0.0861716174504988,-0.450192364193859,8,15,graph_h_0.250,dense_465_fixed_labels
201106,2011,6,confirmatory,3.71699057251737,3.98577722757982,-0.0674364470755058,-0.268786655062443,8,14,graph_h_0.250,dense_465_fixed_labels
201107,2011,7,confirmatory,4.0649930626731,4.10238238770729,-0.0091140516657412,-0.0373893250341908,8,15,graph_h_0.250,dense_465_fixed_labels
201108,2011,8,confirmatory,3.95853471623721,3.99443868093444,-0.00898848813691866,-0.0359039646972281,8,15,graph_h_0.250,dense_465_fixed_labels
201206,2012,6,confirmatory,3.16009606781549,4.16907194543129,-0.242014503664658,-1.00897587761581,8,14,graph_h_0.250,dense_465_fixed_labels
201207,2012,7,confirmatory,3.39308506859892,4.21957391312592,-0.195870213804294,-0.826488844526995,8,15,graph_h_0.250,dense_465_fixed_labels
201208,2012,8,confirmatory,3.23553065609864,4.10031086633203,-0.210906011379323,-0.864780210233386,8,15,graph_h_0.250,dense_465_fixed_labels
201306,2013,6,confirmatory,3.82384715496897,3.58436284489045,0.0668136347914401,0.239484310078518,8,14,graph_h_0.250,dense_465_fixed_labels
201307,2013,7,confirmatory,3.8197284139716,4.02805890704556,-0.0517198228430993,-0.208330493073965,8,15,graph_h_0.250,dense_465_fixed_labels
201308,2013,8,confirmatory,4.04949719427046,4.44159861854858,-0.0882793466840217,-0.392101424278122,8,15,graph_h_0.250,dense_465_fixed_labels
201406,2014,6,confirmatory,3.91750188888979,3.83998077228664,0.0201878918672251,0.0775211166031462,8,14,graph_h_0.250,dense_465_fixed_labels
201407,2014,7,confirmatory,3.76128701836012,3.74084751669881,0.00546386923553488,0.0204395016613175,8,15,graph_h_0.250,dense_465_fixed_labels
201408,2014,8,confirmatory,4.09405050473688,3.89921376412915,0.0499682121560332,0.19483674060773,8,15,graph_h_0.250,dense_465_fixed_labels
201506,2015,6,discovery,3.56551882928326,4.30093624057789,-0.170990075220418,-0.735417411294634,8,14,graph_h_0.250,dense_465_fixed_labels
201507,2015,7,discovery,3.6282947697264,4.44375686450926,-0.183507360921493,-0.815462094782863,8,15,graph_h_0.250,dense_465_fixed_labels
201508,2015,8,discovery,4.13588253405382,4.9102247180852,-0.157699948269037,-0.774342184031383,8,15,graph_h_0.250,dense_465_fixed_labels
201606,2016,6,confirmatory,4.7183103325322,4.26478431526814,0.106342075879528,0.453526017264065,8,14,graph_h_0.250,dense_465_fixed_labels
201607,2016,7,confirmatory,3.97371250531833,4.12281707677951,-0.0361657014328789,-0.149104571461182,8,15,graph_h_0.250,dense_465_fixed_labels
201608,2016,8,confirmatory,3.91492325968453,3.47116204083231,0.127842265394737,0.44376121885222,8,15,graph_h_0.250,dense_465_fixed_labels
201706,2017,6,confirmatory,3.80458777279424,4.22241084657726,-0.0989536757470465,-0.417823073783018,8,14,graph_h_0.250,dense_465_fixed_labels
201707,2017,7,confirmatory,3.77074452272363,4.08703578032402,-0.0773889132860283,-0.31629125760039,8,15,graph_h_0.250,dense_465_fixed_labels
201708,2017,8,confirmatory,4.33386032073247,4.07802667944643,0.0627346659048276,0.255833641286045,8,15,graph_h_0.250,dense_465_fixed_labels
201806,2018,6,confirmatory,3.97933468483882,4.16755379098489,-0.0451629698345379,-0.188219106146065,8,14,graph_h_0.250,dense_465_fixed_labels
201807,2018,7,confirmatory,2.88076167274166,3.37439380431068,-0.14628764755863,-0.493632131569027,8,15,graph_h_0.250,dense_465_fixed_labels
201808,2018,8,confirmatory,3.18060914528315,3.62121501001327,-0.121673489011775,-0.440605864730125,8,15,graph_h_0.250,dense_465_fixed_labels
201906,2019,6,confirmatory,3.69406292909454,4.19413835911433,-0.119231982162216,-0.500075430019783,8,14,graph_h_0.250,dense_465_fixed_labels
201907,2019,7,confirmatory,3.75758102392559,4.25645393400333,-0.11720387858363,-0.49887291007774,8,15,graph_h_0.250,dense_465_fixed_labels
201908,2019,8,confirmatory,3.95251741628033,4.30338449134081,-0.0815328204501568,-0.350867075060479,8,15,graph_h_0.250,dense_465_fixed_labels
202006,2020,6,confirmatory,4.14927084757102,4.24486156507603,-0.0225191601750835,-0.0955907175050026,8,14,graph_h_0.250,dense_465_fixed_labels
202007,2020,7,confirmatory,3.25132336991706,3.45156300875656,-0.0580141919273944,-0.200239638839498,8,15,graph_h_0.250,dense_465_fixed_labels
202008,2020,8,confirmatory,4.59669656874088,4.53535916729171,0.0135242654851944,0.0613374014491637,8,15,graph_h_0.250,dense_465_fixed_labels
202106,2021,6,confirmatory,3.66434756748443,4.37879674700423,-0.163161073874595,-0.714449179519794,8,14,graph_h_0.250,dense_465_fixed_labels
202107,2021,7,confirmatory,3.5838200367792,3.60937690914794,-0.00708068816641549,-0.0255568723687372,8,15,graph_h_0.250,dense_465_fixed_labels
202108,2021,8,confirmatory,4.35318484512507,4.58454935455248,-0.0504661399702596,-0.231364509427409,8,15,graph_h_0.250,dense_465_fixed_labels
202206,2022,6,discovery,4.09336538188649,4.17634160410772,-0.0198681597644238,-0.0829762222212223,8,14,graph_h_0.250,dense_465_fixed_labels
202207,2022,7,discovery,4.47957952489183,3.93760214966639,0.137641476874792,0.541977375225439,8,15,graph_h_0.250,dense_465_fixed_labels
202208,2022,8,discovery,3.35479614627247,3.90963549536762,-0.141915876749267,-0.554839349095152,8,15,graph_h_0.250,dense_465_fixed_labels
202306,2023,6,confirmatory,4.30172587385627,4.46517711425372,-0.0366057686436858,-0.163451240397452,8,14,graph_h_0.250,dense_465_fixed_labels
202307,2023,7,confirmatory,3.66923320739825,4.4831127316608,-0.181543399191089,-0.813879524262547,8,15,graph_h_0.250,dense_465_fixed_labels
202308,2023,8,confirmatory,3.13348474594646,4.47017214799029,-0.29902369702804,-1.33668740204383,8,15,graph_h_0.250,dense_465_fixed_labels
202406,2024,6,confirmatory,3.79897243875095,4.38173327618249,-0.132997788934169,-0.582760837431545,8,14,graph_h_0.250,dense_465_fixed_labels
202407,2024,7,confirmatory,4.49056975193086,4.02724320430794,0.115048067404349,0.463326547622926,8,15,graph_h_0.250,dense_465_fixed_labels
202408,2024,8,confirmatory,4.11296961973049,4.09604724045334,0.00413139260456208,0.0169223792771458,8,15,graph_h_0.250,dense_465_fixed_labels
202506,2025,6,confirmatory,3.525896706004,4.10950129332152,-0.142013481846557,-0.583604587317516,8,14,graph_h_0.250,dense_465_fixed_labels
202507,2025,7,confirmatory,3.07271541532413,3.63857564611859,-0.15551696208325,-0.56586023079446,8,15,graph_h_0.250,dense_465_fixed_labels
202508,2025,8,confirmatory,3.43534432331223,4.02281400302201,-0.146034511978049,-0.58746967970978,8,15,graph_h_0.250,dense_465_fixed_labels
199106,1991,6,confirmatory,9.24252336019938,7.88038114144885,0.172852327102048,1.36214221875053,8,14,graph_h_0.500,dense_465_fixed_labels
199107,1991,7,confirmatory,7.02338286691866,7.60512401135729,-0.0764933147138533,-0.581741144438636,8,15,graph_h_0.500,dense_465_fixed_labels
199108,1991,8,confirmatory,7.19235962507629,6.29465875133414,0.142613112037547,0.897700873742144,8,15,graph_h_0.500,dense_465_fixed_labels
199206,1992,6,confirmatory,7.27630497524088,7.23612952374997,0.00555206362172589,0.0401754514909092,8,14,graph_h_0.500,dense_465_fixed_labels
199207,1992,7,confirmatory,7.4540373206363,8.24839941011216,-0.0963049980947832,-0.794362089475863,8,15,graph_h_0.500,dense_465_fixed_labels
199208,1992,8,confirmatory,6.79019236781094,6.1028686388417,0.112623058047615,0.687323728969235,8,15,graph_h_0.500,dense_465_fixed_labels
199306,1993,6,confirmatory,8.95147878658158,9.5509337990551,-0.0627640213078259,-0.599455012473529,8,14,graph_h_0.500,dense_465_fixed_labels
199307,1993,7,confirmatory,7.64261362538522,6.89317308146042,0.108722142193189,0.7494405439248,8,15,graph_h_0.500,dense_465_fixed_labels
199308,1993,8,confirmatory,7.42117291398685,8.35136985414355,-0.111382558358996,-0.930196940156705,8,15,graph_h_0.500,dense_465_fixed_labels
199406,1994,6,confirmatory,8.30967398069406,6.60655132495773,0.257792995462308,1.70312265573633,8,14,graph_h_0.500,dense_465_fixed_labels
199407,1994,7,confirmatory,6.24417824316299,8.11926940928357,-0.230943336351988,-1.87509116612058,8,15,graph_h_0.500,dense_465_fixed_labels
199408,1994,8,confirmatory,6.82035047868427,7.13282194506813,-0.0438075517362254,-0.312471466383856,8,15,graph_h_0.500,dense_465_fixed_labels
199506,1995,6,confirmatory,9.57156249680791,9.02545823588599,0.060507095224325,0.546104260921922,8,14,graph_h_0.500,dense_465_fixed_labels
199507,1995,7,confirmatory,7.01862553322099,8.2462632382561,-0.148872000512893,-1.22763770503511,8,15,graph_h_0.500,dense_465_fixed_labels
199508,1995,8,confirmatory,6.47704519483787,7.48061126455648,-0.134155623681925,-1.0035660697186,8,15,graph_h_0.500,dense_465_fixed_labels
199606,1996,6,confirmatory,8.54690342831615,9.49979673943387,-0.100306705212148,-0.952893311117716,8,14,graph_h_0.500,dense_465_fixed_labels
199607,1996,7,confirmatory,6.51629816086677,6.58247332522437,-0.0100532369958891,-0.066175164357599,8,15,graph_h_0.500,dense_465_fixed_labels
199608,1996,8,confirmatory,6.7874480699291,7.49446374818778,-0.0943383945822205,-0.707015678258686,8,15,graph_h_0.500,dense_465_fixed_labels
199706,1997,6,confirmatory,5.72095482257251,7.94707429742421,-0.280118115363943,-2.2261194748517,8,14,graph_h_0.500,dense_465_fixed_labels
199707,1997,7,confirmatory,6.48272752303296,6.60799700408403,-0.0189572545165574,-0.12526948105107,8,15,graph_h_0.500,dense_465_fixed_labels
199708,1997,8,confirmatory,6.95543251577105,7.91326606510964,-0.121041494303063,-0.957833549338592,8,15,graph_h_0.500,dense_465_fixed_labels
199806,1998,6,confirmatory,6.42733300089284,8.01108336307645,-0.197694904722026,-1.58375036218361,8,14,graph_h_0.500,dense_465_fixed_labels
199807,1998,7,confirmatory,8.04656611821479,6.92755866541633,0.161529841441077,1.11900745279846,8,15,graph_h_0.500,dense_465_fixed_labels
199808,1998,8,confirmatory,8.49610703304498,8.41253508679246,0.00993421666481087,0.0835719462525191,8,15,graph_h_0.500,dense_465_fixed_labels
199906,1999,6,confirmatory,6.33664214812304,8.48943594540768,-0.253585021564264,-2.15279379728464,8,14,graph_h_0.500,dense_465_fixed_labels
199907,1999,7,confirmatory,5.62222689525014,5.54137482160949,0.0145906162718596,0.0808520736406493,8,15,graph_h_0.500,dense_465_fixed_labels
199908,1999,8,confirmatory,5.76721486847039,7.46347317737711,-0.227274657333576,-1.69625830890672,8,15,graph_h_0.500,dense_465_fixed_labels
200006,2000,6,confirmatory,7.23699903120901,7.60143796529707,-0.0479434201465343,-0.364438934088054,8,14,graph_h_0.500,dense_465_fixed_labels
200007,2000,7,confirmatory,5.1592245524588,7.83157826345699,-0.341227990208268,-2.67235371099819,8,15,graph_h_0.500,dense_465_fixed_labels
200008,2000,8,confirmatory,6.6820338516941,7.97427400406871,-0.162051134901468,-1.29224015237461,8,15,graph_h_0.500,dense_465_fixed_labels
200106,2001,6,confirmatory,8.14640978950091,8.13900948048159,0.00090923951336741,0.0074003090193262,8,14,graph_h_0.500,dense_465_fixed_labels
200107,2001,7,confirmatory,7.92523006024562,8.40200569264943,-0.0567454545788889,-0.476775632403804,8,15,graph_h_0.500,dense_465_fixed_labels
200108,2001,8,confirmatory,6.78495359659073,8.8518559550513,-0.233499321380292,-2.06690235846058,8,15,graph_h_0.500,dense_465_fixed_labels
200206,2002,6,confirmatory,6.81186904772537,7.11473521340905,-0.04256885978172,-0.302866165683676,8,14,graph_h_0.500,dense_465_fixed_labels
200207,2002,7,confirmatory,8.83808392786907,6.63263427290173,0.332514889894941,2.20544965496733,8,15,graph_h_0.500,dense_465_fixed_labels
200208,2002,8,confirmatory,6.96779120974219,8.51543309811436,-0.181745528447036,-1.54764188837217,8,15,graph_h_0.500,dense_465_fixed_labels
200306,2003,6,confirmatory,6.89790635550793,8.07928964814478,-0.146223658772789,-1.18138329263685,8,14,graph_h_0.500,dense_465_fixed_labels
200307,2003,7,confirmatory,7.61254906898585,7.4739917460396,0.0185385972656,0.138557322946246,8,15,graph_h_0.500,dense_465_fixed_labels
200308,2003,8,confirmatory,8.14624292755075,7.77663559194518,0.0475279227418604,0.369607335605571,8,15,graph_h_0.500,dense_465_fixed_labels
200406,2004,6,confirmatory,8.86555518459876,7.87085887531793,0.126377098743325,0.994696309280829,8,14,graph_h_0.500,dense_465_fixed_labels
200407,2004,7,confirmatory,7.24345116818544,8.41380200163958,-0.139098927360791,-1.17035083345414,8,15,graph_h_0.500,dense_465_fixed_labels
200408,2004,8,confirmatory,6.22951959493754,7.36359396676607,-0.154010986611553,-1.13407437182852,8,15,graph_h_0.500,dense_465_fixed_labels
200506,2005,6,confirmatory,8.7459186852674,9.34395058769968,-0.0640020403382194,-0.598031902432284,8,14,graph_h_0.500,dense_465_fixed_labels
200507,2005,7,confirmatory,6.09271198664013,7.52191744175514,-0.190005469507191,-1.42920545511501,8,15,graph_h_0.500,dense_465_fixed_labels
200508,2005,8,confirmatory,6.99232282755078,7.303891097735,-0.0426578471687287,-0.311568270184218,8,15,graph_h_0.500,dense_465_fixed_labels
200606,2006,6,confirmatory,8.68766526022802,8.28418754135142,0.0487045611730301,0.403477718876605,8,14,graph_h_0.500,dense_465_fixed_labels
200607,2006,7,confirmatory,6.49776663068912,7.02812059180598,-0.0754617047600459,-0.530353961116862,8,15,graph_h_0.500,dense_465_fixed_labels
200608,2006,8,confirmatory,5.42618446943742,7.23713976491701,-0.250230803094122,-1.81095529547959,8,15,graph_h_0.500,dense_465_fixed_labels
200706,2007,6,confirmatory,8.721435246743,7.75019726994236,0.125317839400991,0.971237976800633,8,14,graph_h_0.500,dense_465_fixed_labels
200707,2007,7,confirmatory,7.0530054087377,7.40807637191039,-0.0479302514373405,-0.355070963172686,8,15,graph_h_0.500,dense_465_fixed_labels
200708,2007,8,confirmatory,8.04369700842204,8.5518733418377,-0.0594228086762636,-0.50817633341566,8,15,graph_h_0.500,dense_465_fixed_labels
200806,2008,6,confirmatory,7.83760974065614,7.01127417079737,0.11785811676008,0.82633556985877,8,14,graph_h_0.500,dense_465_fixed_labels
200807,2008,7,confirmatory,7.30252394775611,7.77592322925724,-0.0608801382863379,-0.473399281501128,8,15,graph_h_0.500,dense_465_fixed_labels
200808,2008,8,confirmatory,7.16152445511706,8.63691531150362,-0.170823818825856,-1.47539085638655,8,15,graph_h_0.500,dense_465_fixed_labels
200906,2009,6,confirmatory,10.4770279937144,11.3122225160799,-0.073831161045345,-0.835194522365473,8,14,graph_h_0.500,dense_465_fixed_labels
200907,2009,7,confirmatory,7.60302732502889,8.09174647158943,-0.0603972391221664,-0.488719146560533,8,15,graph_h_0.500,dense_465_fixed_labels
200908,2009,8,confirmatory,7.17431917860316,9.03192465538091,-0.20567105546779,-1.85760547677775,8,15,graph_h_0.500,dense_465_fixed_labels
201006,2010,6,confirmatory,8.07462671612197,6.75089568726964,0.196082281547992,1.32373102885233,8,14,graph_h_0.500,dense_465_fixed_labels
201007,2010,7,confirmatory,5.85999351182606,7.22970847863766,-0.189456458840468,-1.3697149668116,8,15,graph_h_0.500,dense_465_fixed_labels
201008,2010,8,confirmatory,8.9024483540071,10.4473574068327,-0.147875581610253,-1.54490905282556,8,15,graph_h_0.500,dense_465_fixed_labels
201106,2011,6,confirmatory,7.15294392161106,7.72169229453585,-0.0736559229804144,-0.568748372924792,8,14,graph_h_0.500,dense_465_fixed_labels
201107,2011,7,confirmatory,7.70331377186322,7.79537726739188,-0.0118100115454017,-0.0920634955286603,8,15,graph_h_0.500,dense_465_fixed_labels
201108,2011,8,confirmatory,7.08289941297513,7.54553430268061,-0.0613124095852454,-0.462634889705472,8,15,graph_h_0.500,dense_465_fixed_labels
201206,2012,6,confirmatory,5.72842177373719,8.46204310311156,-0.323045072692811,-2.73362132937437,8,14,graph_h_0.500,dense_465_fixed_labels
201207,2012,7,confirmatory,5.78692759245604,8.03844226952595,-0.280093406356291,-2.25151467706992,8,15,graph_h_0.500,dense_465_fixed_labels
201208,2012,8,confirmatory,5.33007183208452,7.60233879563432,-0.29889051575216,-2.2722669635498,8,15,graph_h_0.500,dense_465_fixed_labels
201306,2013,6,confirmatory,7.44517653482059,6.56570513699276,0.133949268125471,0.879471397827827,8,14,graph_h_0.500,dense_465_fixed_labels
201307,2013,7,confirmatory,6.62599044259893,7.27111927086653,-0.0887248309696225,-0.645128828267597,8,15,graph_h_0.500,dense_465_fixed_labels
201308,2013,8,confirmatory,6.6291944566189,8.19497312564377,-0.191065747869902,-1.56577866902487,8,15,graph_h_0.500,dense_465_fixed_labels
201406,2014,6,confirmatory,7.3735226597764,7.37952296277602,-0.000813101745178235,-0.00600030299961585,8,14,graph_h_0.500,dense_465_fixed_labels
201407,2014,7,confirmatory,6.93909877502732,6.86629356866588,0.0106032760809545,0.0728052063614459,8,15,graph_h_0.500,dense_465_fixed_labels
201408,2014,8,confirmatory,7.89417650401861,7.28558386840279,0.0835338178255361,0.608592635615822,8,15,graph_h_0.500,dense_465_fixed_labels
201506,2015,6,discovery,6.81730181258334,9.0220075981411,-0.244369754910429,-2.20470578555777,8,14,graph_h_0.500,dense_465_fixed_labels
201507,2015,7,discovery,6.75241620882587,8.3677798209273,-0.193045664043586,-1.61536361210143,8,15,graph_h_0.500,dense_465_fixed_labels
201508,2015,8,discovery,7.0787950558239,9.3320325487269,-0.241451953916555,-2.253237492903,8,15,graph_h_0.500,dense_465_fixed_labels
201606,2016,6,confirmatory,9.4902467726181,8.35088001560191,0.136436729409059,1.13936675701619,8,14,graph_h_0.500,dense_465_fixed_labels
201607,2016,7,confirmatory,6.88264353454572,7.80217297176446,-0.117855556464392,-0.919529437218739,8,15,graph_h_0.500,dense_465_fixed_labels
201608,2016,8,confirmatory,6.62982166634179,5.8988304772066,0.123921375933718,0.730991189135191,8,15,graph_h_0.500,dense_465_fixed_labels
201706,2017,6,confirmatory,7.26563463413128,8.17997281391623,-0.111777655083331,-0.914338179784953,8,14,graph_h_0.500,dense_465_fixed_labels
201707,2017,7,confirmatory,6.54863212096667,7.65553141358575,-0.144588171979118,-1.10689929261908,8,15,graph_h_0.500,dense_465_fixed_labels
201708,2017,8,confirmatory,8.40200953406682,7.64926616334308,0.0984072660892681,0.752743370723738,8,15,graph_h_0.500,dense_465_fixed_labels
201806,2018,6,confirmatory,7.67485189106978,7.71228569164228,-0.00485378810759929,-0.0374338005725017,8,14,graph_h_0.500,dense_465_fixed_labels
201807,2018,7,confirmatory,4.43861495270927,5.758145616421,-0.229158960473093,-1.31953066371173,8,15,graph_h_0.500,dense_465_fixed_labels
201808,2018,8,confirmatory,5.16654996568566,6.12670646340906,-0.156716582303692,-0.960156497723405,8,15,graph_h_0.500,dense_465_fixed_labels
201906,2019,6,confirmatory,7.2957373459186,8.21541353824252,-0.111945209823322,-0.919676192323919,8,14,graph_h_0.500,dense_465_fixed_labels
201907,2019,7,confirmatory,6.91192369943735,8.01073264276661,-0.137167097234413,-1.09880894332926,8,15,graph_h_0.500,dense_465_fixed_labels
201908,2019,8,confirmatory,7.2312512248382,7.79371091207843,-0.072168405216127,-0.562459687240227,8,15,graph_h_0.500,dense_465_fixed_labels
202006,2020,6,confirmatory,8.18158516083718,8.59770400924264,-0.048398833916373,-0.416118848405469,8,14,graph_h_0.500,dense_465_fixed_labels
202007,2020,7,confirmatory,5.69533114604366,6.37246426703133,-0.106259226040842,-0.677133120987672,8,15,graph_h_0.500,dense_465_fixed_labels
202008,2020,8,confirmatory,8.36930945395843,8.5847739040824,-0.0250984420243739,-0.215464450123971,8,15,graph_h_0.500,dense_465_fixed_labels
202106,2021,6,confirmatory,7.10048300560879,8.61460584845999,-0.175762289010806,-1.5141228428512,8,14,graph_h_0.500,dense_465_fixed_labels
202107,2021,7,confirmatory,6.31413411853719,6.33507780102179,-0.00330598662596138,-0.020943682484603,8,15,graph_h_0.500,dense_465_fixed_labels
202108,2021,8,confirmatory,8.41962191737149,8.96417166116616,-0.0607473578572484,-0.544549743794665,8,15,graph_h_0.500,dense_465_fixed_labels
202206,2022,6,discovery,7.62037175995835,8.21673033087976,-0.0725785740685928,-0.596358570921409,8,14,graph_h_0.500,dense_465_fixed_labels
202207,2022,7,discovery,7.83442299712917,7.29333003344579,0.0741901108549918,0.541092963683384,8,15,graph_h_0.500,dense_465_fixed_labels
202208,2022,8,discovery,5.33449190124551,7.16588905464186,-0.255571519379025,-1.83139715339635,8,15,graph_h_0.500,dense_465_fixed_labels
202306,2023,6,confirmatory,8.5124009296513,8.49641365787096,0.00188164941398883,0.0159872717803395,8,14,graph_h_0.500,dense_465_fixed_labels
202307,2023,7,confirmatory,6.5109629803825,8.91689793669651,-0.269817482872901,-2.40593495631402,8,15,graph_h_0.500,dense_465_fixed_labels
202308,2023,8,confirmatory,5.11831514212503,8.29706094548661,-0.383117084983056,-3.17874580336159,8,15,graph_h_0.500,dense_465_fixed_labels
202406,2024,6,confirmatory,7.54714302018001,8.70756893849468,-0.133266348680241,-1.16042591831466,8,14,graph_h_0.500,dense_465_fixed_labels
202407,2024,7,confirmatory,8.09395712871839,7.42800133669936,0.0896547754681674,0.665955792019028,8,15,graph_h_0.500,dense_465_fixed_labels
202408,2024,8,confirmatory,7.18094942666836,7.35264907148137,-0.0233520793857794,-0.17169964481301,8,15,graph_h_0.500,dense_465_fixed_labels
202506,2025,6,confirmatory,7.04327469514051,8.33728249866373,-0.155207383668554,-1.29400780352322,8,14,graph_h_0.500,dense_465_fixed_labels
202507,2025,7,confirmatory,4.88040855447129,6.21863480699974,-0.21519614739591,-1.33822625252845,8,15,graph_h_0.500,dense_465_fixed_labels
202508,2025,8,confirmatory,5.71839342164993,7.15222174361765,-0.200473135952085,-1.43382832196772,8,15,graph_h_0.500,dense_465_fixed_labels
199106,1991,6,confirmatory,14.9876643954578,13.0757348951574,0.146219659210778,1.9119295003004,8,14,graph_h_1.000,dense_465_fixed_labels
199107,1991,7,confirmatory,9.9578247835925,11.9955343642296,-0.169872347389003,-2.03770958063715,8,15,graph_h_1.000,dense_465_fixed_labels
199108,1991,8,confirmatory,10.7777582882481,9.46747795987613,0.138398033132476,1.31028032837193,8,15,graph_h_1.000,dense_465_fixed_labels
199206,1992,6,confirmatory,12.2924511438255,12.1803623265852,0.00920242060416188,0.112088817240325,8,14,graph_h_1.000,dense_465_fixed_labels
199207,1992,7,confirmatory,10.9914740501473,12.775230562149,-0.139626169823241,-1.78375651200166,8,15,graph_h_1.000,dense_465_fixed_labels
199208,1992,8,confirmatory,9.79745111028659,9.73527384518661,0.00638680185978835,0.0621772650999866,8,15,graph_h_1.000,dense_465_fixed_labels
199306,1993,6,confirmatory,15.197194811518,16.1372327328101,-0.0582527337156656,-0.940037921292108,8,14,graph_h_1.000,dense_465_fixed_labels
199307,1993,7,confirmatory,11.8100007752651,11.2836484499146,0.0466473523778044,0.526352325350436,8,15,graph_h_1.000,dense_465_fixed_labels
199308,1993,8,confirmatory,11.6350412028002,13.7260114774185,-0.152336334415739,-2.0909702746183,8,15,graph_h_1.000,dense_465_fixed_labels
199406,1994,6,confirmatory,13.2862304006284,10.718514379912,0.239558947229535,2.56771602071635,8,14,graph_h_1.000,dense_465_fixed_labels
199407,1994,7,confirmatory,8.44105173194128,12.0234547034773,-0.297951217839239,-3.58240297153598,8,15,graph_h_1.000,dense_465_fixed_labels
199408,1994,8,confirmatory,9.60606325191476,10.7946250622295,-0.110106817370947,-1.18856181031475,8,15,graph_h_1.000,dense_465_fixed_labels
199506,1995,6,confirmatory,16.535688766936,15.3639261342649,0.0762671352641946,1.17176263267108,8,14,graph_h_1.000,dense_465_fixed_labels
199507,1995,7,confirmatory,9.91997362305531,12.900859700079,-0.231061041382026,-2.98088607702366,8,15,graph_h_1.000,dense_465_fixed_labels
199508,1995,8,confirmatory,9.29278056458121,11.4438718732245,-0.187968838909867,-2.15109130864329,8,15,graph_h_1.000,dense_465_fixed_labels
199606,1996,6,confirmatory,14.2960394432161,15.9339004604564,-0.102790965796794,-1.63786101724029,8,14,graph_h_1.000,dense_465_fixed_labels
199607,1996,7,confirmatory,9.28525839386387,10.2982959298021,-0.0983694334328251,-1.0130375359382,8,15,graph_h_1.000,dense_465_fixed_labels
199608,1996,8,confirmatory,9.49180513851859,11.6385103595289,-0.184448452138267,-2.14670522101029,8,15,graph_h_1.000,dense_465_fixed_labels
199706,1997,6,confirmatory,9.31677893327528,13.5909956348734,-0.314488858390246,-4.27421670159817,8,14,graph_h_1.000,dense_465_fixed_labels
199707,1997,7,confirmatory,9.26387301189299,10.0077769299935,-0.0743325838799407,-0.743903918100475,8,15,graph_h_1.000,dense_465_fixed_labels
199708,1997,8,confirmatory,10.3380337530867,12.0396715289034,-0.141335897057625,-1.70163777581671,8,15,graph_h_1.000,dense_465_fixed_labels
199806,1998,6,confirmatory,10.3259379783712,13.8897677484802,-0.256579507637843,-3.56382977010904,8,14,graph_h_1.000,dense_465_fixed_labels
199807,1998,7,confirmatory,11.8251689264272,10.5196894334927,0.1240986724169,1.30547949293454,8,15,graph_h_1.000,dense_465_fixed_labels
199808,1998,8,confirmatory,13.1910304211366,13.2075799153176,-0.0012530300242074,-0.016549494181012,8,15,graph_h_1.000,dense_465_fixed_labels
199906,1999,6,confirmatory,10.4824814595616,14.5883198729691,-0.281446969161629,-4.10583841340751,8,14,graph_h_1.000,dense_465_fixed_labels
199907,1999,7,confirmatory,8.04647123756204,8.27706640850767,-0.0278595289157784,-0.230595170945637,8,15,graph_h_1.000,dense_465_fixed_labels
199908,1999,8,confirmatory,8.75214627020184,12.2279918117898,-0.284253178697474,-3.47584554158793,8,15,graph_h_1.000,dense_465_fixed_labels
200006,2000,6,confirmatory,11.9545419794981,13.1492990110654,-0.0908608915625,-1.1947570315673,8,14,graph_h_1.000,dense_465_fixed_labels
200007,2000,7,confirmatory,7.0161118376034,11.7478880928576,-0.402776755945691,-4.73177625525419,8,15,graph_h_1.000,dense_465_fixed_labels
200008,2000,8,confirmatory,10.0275319068931,12.6210080535064,-0.205488827486547,-2.5934761466133,8,15,graph_h_1.000,dense_465_fixed_labels
200106,2001,6,confirmatory,13.0841585874841,13.5559316637922,-0.0348019662542429,-0.471773076308121,8,14,graph_h_1.000,dense_465_fixed_labels
200107,2001,7,confirmatory,12.2784653647134,13.1525759772391,-0.0664592710993198,-0.874110612525735,8,15,graph_h_1.000,dense_465_fixed_labels
200108,2001,8,confirmatory,9.96406519012139,14.1507444163105,-0.295862825517746,-4.1866792261891,8,15,graph_h_1.000,dense_465_fixed_labels
200206,2002,6,confirmatory,11.568175293142,12.0663302632042,-0.0412847120206308,-0.498154970062206,8,14,graph_h_1.000,dense_465_fixed_labels
200207,2002,7,confirmatory,13.5838188116343,10.0351367814109,0.3536256762137,3.54868203022341,8,15,graph_h_1.000,dense_465_fixed_labels
200208,2002,8,confirmatory,10.2570297685199,13.4025529747606,-0.234695823412477,-3.14552320624079,8,15,graph_h_1.000,dense_465_fixed_labels
200306,2003,6,confirmatory,11.4018937713396,13.1854304683265,-0.135265716297334,-1.78353669698687,8,14,graph_h_1.000,dense_465_fixed_labels
200307,2003,7,confirmatory,10.6756023424814,11.7361153247366,-0.0903632039146641,-1.06051298225519,8,15,graph_h_1.000,dense_465_fixed_labels
200308,2003,8,confirmatory,12.1811091592027,12.5274069819363,-0.0276432164479763,-0.346297822733554,8,15,graph_h_1.000,dense_465_fixed_labels
200406,2004,6,confirmatory,14.170156928916,12.5320107962875,0.130716942337286,1.63814613262855,8,14,graph_h_1.000,dense_465_fixed_labels
200407,2004,7,confirmatory,10.1924647349947,12.8689406043764,-0.207979502871548,-2.67647586938169,8,15,graph_h_1.000,dense_465_fixed_labels
200408,2004,8,confirmatory,8.85181413148479,12.1907035908429,-0.273888166870545,-3.33888945935814,8,15,graph_h_1.000,dense_465_fixed_labels
200506,2005,6,confirmatory,14.2266570815364,15.5371530927698,-0.0843459547195413,-1.31049601123334,8,14,graph_h_1.000,dense_465_fixed_labels
200507,2005,7,confirmatory,8.62594378928721,11.4162279667016,-0.244413845409622,-2.79028417741441,8,15,graph_h_1.000,dense_465_fixed_labels
200508,2005,8,confirmatory,9.95909959991495,11.4580739723584,-0.130822542781588,-1.49897437244346,8,15,graph_h_1.000,dense_465_fixed_labels
200606,2006,6,confirmatory,14.3024423206372,14.1790546315731,0.00870210971535945,0.123387689064025,8,14,graph_h_1.000,dense_465_fixed_labels
200607,2006,7,confirmatory,9.40789359364826,10.8382694710118,-0.131974563023112,-1.43037587736351,8,15,graph_h_1.000,dense_465_fixed_labels
200608,2006,8,confirmatory,7.67506490275131,11.1429603513868,-0.31121850381563,-3.46789544863548,8,15,graph_h_1.000,dense_465_fixed_labels
200706,2007,6,confirmatory,13.8039092100427,13.3886822605061,0.0310132798327298,0.415226949536581,8,14,graph_h_1.000,dense_465_fixed_labels
200707,2007,7,confirmatory,10.1489503832491,11.5582887997576,-0.121933137415465,-1.40933841650848,8,15,graph_h_1.000,dense_465_fixed_labels
200708,2007,8,confirmatory,11.5214826541333,13.4169298372768,-0.141272795351237,-1.8954471831435,8,15,graph_h_1.000,dense_465_fixed_labels
200806,2008,6,confirmatory,12.612051718318,11.4827034943402,0.0983521193013861,1.12934822397779,8,14,graph_h_1.000,dense_465_fixed_labels
200807,2008,7,confirmatory,10.6982321305603,12.0965257030907,-0.115594643193554,-1.39829357253042,8,15,graph_h_1.000,dense_465_fixed_labels
200808,2008,8,confirmatory,10.3842542778202,13.5901212846968,-0.235896865062315,-3.20586700687661,8,15,graph_h_1.000,dense_465_fixed_labels
200906,2009,6,confirmatory,17.7293826786961,19.8531150551558,-0.106972249471159,-2.12373237645976,8,14,graph_h_1.000,dense_465_fixed_labels
200907,2009,7,confirmatory,11.1584840232359,12.9666690535182,-0.139448691319202,-1.80818503028231,8,15,graph_h_1.000,dense_465_fixed_labels
200908,2009,8,confirmatory,11.2921348704221,14.6006898259777,-0.226602646518046,-3.30855495555566,8,15,graph_h_1.000,dense_465_fixed_labels
201006,2010,6,confirmatory,13.2226575637413,10.8083765916372,0.223371285376206,2.4142809721041,8,14,graph_h_1.000,dense_465_fixed_labels
201007,2010,7,confirmatory,7.89892396695393,11.4553863435648,-0.310462019345923,-3.55646237661083,8,15,graph_h_1.000,dense_465_fixed_labels
201008,2010,8,confirmatory,13.3740159186369,16.924318325987,-0.209775208606107,-3.55030240735009,8,15,graph_h_1.000,dense_465_fixed_labels
201106,2011,6,confirmatory,11.4967507721092,13.3832092789526,-0.140957110325565,-1.88645850684345,8,14,graph_h_1.000,dense_465_fixed_labels
201107,2011,7,confirmatory,11.6275693819367,12.3918426298018,-0.0616755127302088,-0.764273247865084,8,15,graph_h_1.000,dense_465_fixed_labels
201108,2011,8,confirmatory,10.2927735449581,11.8652520481,-0.132528032001962,-1.57247850314195,8,15,graph_h_1.000,dense_465_fixed_labels
201206,2012,6,confirmatory,9.37156608588704,14.8117822765192,-0.367289775738633,-5.44021619063221,8,14,graph_h_1.000,dense_465_fixed_labels
201207,2012,7,confirmatory,8.21035295767324,12.1530533924008,-0.324420563904781,-3.9427004347276,8,15,graph_h_1.000,dense_465_fixed_labels
201208,2012,8,confirmatory,7.72955963149914,12.1181064380112,-0.36214790066098,-4.38854680651207,8,15,graph_h_1.000,dense_465_fixed_labels
201306,2013,6,confirmatory,12.3112072552791,10.952762321903,0.124027609971917,1.35844493337609,8,14,graph_h_1.000,dense_465_fixed_labels
201307,2013,7,confirmatory,9.39123629739449,10.6758770358871,-0.120331166626803,-1.28464073849258,8,15,graph_h_1.000,dense_465_fixed_labels
201308,2013,8,confirmatory,8.96815287217271,12.3353878339717,-0.272973578708696,-3.36723496179896,8,15,graph_h_1.000,dense_465_fixed_labels
201406,2014,6,confirmatory,12.5181150841211,12.6309696309934,-0.00893474928443416,-0.112854546872228,8,14,graph_h_1.000,dense_465_fixed_labels
201407,2014,7,confirmatory,10.4359862556237,11.0334394921859,-0.0541493191661021,-0.597453236562252,8,15,graph_h_1.000,dense_465_fixed_labels
201408,2014,8,confirmatory,13.1054540528644,12.1368510454455,0.0798067805060867,0.968603007418935,8,15,graph_h_1.000,dense_465_fixed_labels
201506,2015,6,discovery,11.785310172591,16.4710906723046,-0.284485137805262,-4.68578049971353,8,14,graph_h_1.000,dense_465_fixed_labels
201507,2015,7,discovery,10.142123994181,13.3060204308329,-0.237779315994472,-3.16389643665191,8,15,graph_h_1.000,dense_465_fixed_labels
201508,2015,8,discovery,10.376051916701,14.9339645029171,-0.305204460967196,-4.55791258621603,8,15,graph_h_1.000,dense_465_fixed_labels
201606,2016,6,confirmatory,15.6305529901774,14.5174032784751,0.0766769159986591,1.1131497117023,8,14,graph_h_1.000,dense_465_fixed_labels
201607,2016,7,confirmatory,9.94844360535438,11.9898182709262,-0.170259016395763,-2.04137466557185,8,15,graph_h_1.000,dense_465_fixed_labels
201608,2016,8,confirmatory,9.54041060547462,8.56603442499692,0.113748805122045,0.974376180477702,8,15,graph_h_1.000,dense_465_fixed_labels
201706,2017,6,confirmatory,11.9273193463987,14.2151843487769,-0.160945151764778,-2.2878650023782,8,14,graph_h_1.000,dense_465_fixed_labels
201707,2017,7,confirmatory,9.07904903902982,11.5401165488458,-0.213261928456182,-2.46106750981595,8,15,graph_h_1.000,dense_465_fixed_labels
201708,2017,8,confirmatory,13.0819573619651,12.0761392155307,0.0832897110974671,1.00581814643435,8,15,graph_h_1.000,dense_465_fixed_labels
201806,2018,6,confirmatory,12.2574904400036,12.7374467922736,-0.0376807346163833,-0.479956352269964,8,14,graph_h_1.000,dense_465_fixed_labels
201807,2018,7,confirmatory,5.82750898231064,8.33202844019771,-0.300589403392345,-2.50451945788708,8,15,graph_h_1.000,dense_465_fixed_labels
201808,2018,8,confirmatory,6.92700309596725,9.00188016894618,-0.23049374508857,-2.07487707297893,8,15,graph_h_1.000,dense_465_fixed_labels
201906,2019,6,confirmatory,12.7426317209707,14.4041973177107,-0.115352876671371,-1.66156559673998,8,14,graph_h_1.000,dense_465_fixed_labels
201907,2019,7,confirmatory,10.7227064094584,12.5847202326467,-0.147958300920982,-1.86201382318831,8,15,graph_h_1.000,dense_465_fixed_labels
201908,2019,8,confirmatory,10.9873462595467,12.5750838226326,-0.126260594798445,-1.5877375630859,8,15,graph_h_1.000,dense_465_fixed_labels
202006,2020,6,confirmatory,13.9181238883241,15.2858437815673,-0.0894762443465782,-1.36771989324314,8,14,graph_h_1.000,dense_465_fixed_labels
202007,2020,7,confirmatory,8.92478532308609,10.4945237481122,-0.149576909129246,-1.56973842502608,8,15,graph_h_1.000,dense_465_fixed_labels
202008,2020,8,confirmatory,12.2793473185918,13.0028106786015,-0.0556389982052366,-0.723463360009742,8,15,graph_h_1.000,dense_465_fixed_labels
202106,2021,6,confirmatory,11.6381081504552,14.7254869825493,-0.209662256722164,-3.08737883209413,8,14,graph_h_1.000,dense_465_fixed_labels
202107,2021,7,confirmatory,9.04234283269783,9.33423070304477,-0.0312706938185834,-0.291887870346933,8,15,graph_h_1.000,dense_465_fixed_labels
202108,2021,8,confirmatory,13.5148981958944,14.8241650621382,-0.0883197711814333,-1.30926686624385,8,15,graph_h_1.000,dense_465_fixed_labels
202206,2022,6,discovery,11.6808811481588,13.7997564306303,-0.153544397187217,-2.11887528247156,8,14,graph_h_1.000,dense_465_fixed_labels
202207,2022,7,discovery,11.6443597928115,11.3389737464561,0.0269324237963668,0.305386046355434,8,15,graph_h_1.000,dense_465_fixed_labels
202208,2022,8,discovery,6.89899752453527,10.8783196864617,-0.365803017066944,-3.97932216192641,8,15,graph_h_1.000,dense_465_fixed_labels
202306,2023,6,confirmatory,14.5999840447894,14.1969484192338,0.0283888913063599,0.403035625555624,8,14,graph_h_1.000,dense_465_fixed_labels
202307,2023,7,confirmatory,9.35750922378859,14.0369980932168,-0.333368205819555,-4.6794888694282,8,15,graph_h_1.000,dense_465_fixed_labels
202308,2023,8,confirmatory,7.31177656434017,13.3172392682532,-0.450954029055357,-6.00546270391298,8,15,graph_h_1.000,dense_465_fixed_labels
202406,2024,6,confirmatory,13.0396765187879,15.3780788826252,-0.152060760104398,-2.33840236383738,8,14,graph_h_1.000,dense_465_fixed_labels
202407,2024,7,confirmatory,11.5132107872694,11.2998565167081,0.0188811486451954,0.213354270561345,8,15,graph_h_1.000,dense_465_fixed_labels
202408,2024,8,confirmatory,10.4090656175128,10.9799275931017,-0.0519914153120273,-0.570861975588942,8,15,graph_h_1.000,dense_465_fixed_labels
202506,2025,6,confirmatory,11.5843772765455,14.6412759107845,-0.208786355292119,-3.05689863423899,8,14,graph_h_1.000,dense_465_fixed_labels
202507,2025,7,confirmatory,6.9502262870599,9.14008489094461,-0.239588431618866,-2.18985860388471,8,15,graph_h_1.000,dense_465_fixed_labels
202508,2025,8,confirmatory,8.0468094450017,10.6300657112919,-0.243014138995033,-2.58325626629022,8,15,graph_h_1.000,dense_465_fixed_labels
199106,1991,6,confirmatory,18.2667031689517,16.446247154822,0.110691271813699,1.82045601412968,8,14,graph_h_2.000,dense_465_fixed_labels
199107,1991,7,confirmatory,11.2753521811626,14.2964983633426,-0.21132070982685,-3.02114618217995,8,15,graph_h_2.000,dense_465_fixed_labels
199108,1991,8,confirmatory,12.5497874147727,11.2991572249079,0.110683493022634,1.25063018986475,8,15,graph_h_2.000,dense_465_fixed_labels
199206,1992,6,confirmatory,15.5826320712488,15.6847837081244,-0.00651278581691028,-0.102151636875577,8,14,graph_h_2.000,dense_465_fixed_labels
199207,1992,7,confirmatory,12.6192410890266,15.0478673112787,-0.161393383661207,-2.42862622225214,8,15,graph_h_2.000,dense_465_fixed_labels
199208,1992,8,confirmatory,11.2696682213744,11.9789405378781,-0.0592099371610459,-0.709272316503668,8,15,graph_h_2.000,dense_465_fixed_labels
199306,1993,6,confirmatory,18.7185076383417,20.1528045286849,-0.0711710813401536,-1.43429689034325,8,14,graph_h_2.000,dense_465_fixed_labels
199307,1993,7,confirmatory,13.9765573238139,13.9066376269445,0.00502779311182655,0.0699196968694196,8,15,graph_h_2.000,dense_465_fixed_labels
199308,1993,8,confirmatory,14.0173133446913,16.9125691844209,-0.171189593263961,-2.89525583972962,8,15,graph_h_2.000,dense_465_fixed_labels
199406,1994,6,confirmatory,15.9673012134196,13.4081889699902,0.190861886654273,2.55911224342934,8,14,graph_h_2.000,dense_465_fixed_labels
199407,1994,7,confirmatory,9.33977960161528,13.8128286307273,-0.323832948970459,-4.47304902911199,8,15,graph_h_2.000,dense_465_fixed_labels
199408,1994,8,confirmatory,10.9331098757979,12.6631802733204,-0.13662210915274,-1.7300703975224,8,15,graph_h_2.000,dense_465_fixed_labels
199506,1995,6,confirmatory,21.0777323531876,19.3961171339082,0.0866985493885029,1.68161521927933,8,14,graph_h_2.000,dense_465_fixed_labels
199507,1995,7,confirmatory,11.2631757595375,15.2719461115938,-0.262492436966696,-4.0087703520563,8,15,graph_h_2.000,dense_465_fixed_labels
199508,1995,8,confirmatory,10.6486005974579,13.4673002195606,-0.209299531171708,-2.81869962210267,8,15,graph_h_2.000,dense_465_fixed_labels
199606,1996,6,confirmatory,17.6748110284091,19.9732651864095,-0.115076535386126,-2.29845415800033,8,14,graph_h_2.000,dense_465_fixed_labels
199607,1996,7,confirmatory,10.5032319109309,12.4039366242796,-0.15323399102413,-1.90070471334874,8,15,graph_h_2.000,dense_465_fixed_labels
199608,1996,8,confirmatory,10.7853036173639,14.011478760279,-0.230252295143958,-3.22617514291504,8,15,graph_h_2.000,dense_465_fixed_labels
199706,1997,6,confirmatory,11.6009953594609,17.2854178938285,-0.32885652920183,-5.68442253436766,8,14,graph_h_2.000,dense_465_fixed_labels
199707,1997,7,confirmatory,10.4796039010637,11.6760366292969,-0.102469079724461,-1.19643272823314,8,15,graph_h_2.000,dense_465_fixed_labels
199708,1997,8,confirmatory,12.0702460691657,14.2136498274748,-0.150798970308522,-2.1434037583091,8,15,graph_h_2.000,dense_465_fixed_labels
199806,1998,6,confirmatory,12.6993609275652,17.8514411314015,-0.288608643185316,-5.15208020383633,8,14,graph_h_2.000,dense_465_fixed_labels
199807,1998,7,confirmatory,13.6704582431903,12.3879563570155,0.103528124350269,1.28250188617481,8,15,graph_h_2.000,dense_465_fixed_labels
199808,1998,8,confirmatory,15.5583494180014,15.6983408308296,-0.00891759290594962,-0.139991412828186,8,15,graph_h_2.000,dense_465_fixed_labels
199906,1999,6,confirmatory,13.0857395559975,18.6051887552269,-0.296661822239175,-5.51944919922942,8,14,graph_h_2.000,dense_465_fixed_labels
199907,1999,7,confirmatory,9.30023351297103,9.87648662396763,-0.0583459617712822,-0.576253110996595,8,15,graph_h_2.000,dense_465_fixed_labels
199908,1999,8,confirmatory,10.3572322556327,15.0697742972983,-0.312714838901767,-4.71254204166564,8,15,graph_h_2.000,dense_465_fixed_labels
200006,2000,6,confirmatory,14.7294161565167,16.6117012199419,-0.113310794511857,-1.88228506342521,8,14,graph_h_2.000,dense_465_fixed_labels
200007,2000,7,confirmatory,7.8696677287736,13.7836653220548,-0.429058414804833,-5.91399759328117,8,15,graph_h_2.000,dense_465_fixed_labels
200008,2000,8,confirmatory,11.6387270830362,15.1558334269417,-0.232062879343433,-3.51710634390553,8,15,graph_h_2.000,dense_465_fixed_labels
200106,2001,6,confirmatory,15.7622839171872,16.859019091455,-0.065053320618381,-1.09673517426783,8,14,graph_h_2.000,dense_465_fixed_labels
200107,2001,7,confirmatory,14.4862348592864,15.6234064329273,-0.0727864040740973,-1.1371715736409,8,15,graph_h_2.000,dense_465_fixed_labels
200108,2001,8,confirmatory,11.5914399611743,17.3278761767238,-0.331052470426535,-5.73643621554952,8,15,graph_h_2.000,dense_465_fixed_labels
200206,2002,6,confirmatory,14.6846220862871,15.3708087741294,-0.0446421979432338,-0.686186687842277,8,14,graph_h_2.000,dense_465_fixed_labels
200207,2002,7,confirmatory,15.9046407407458,11.8794900802227,0.338831939194451,4.02515066052309,8,15,graph_h_2.000,dense_465_fixed_labels
200208,2002,8,confirmatory,11.9139854790215,16.2551566750555,-0.267064248153066,-4.34117119603398,8,15,graph_h_2.000,dense_465_fixed_labels
200306,2003,6,confirmatory,14.1462309413854,16.4670205865088,-0.140935613272065,-2.32078964512332,8,14,graph_h_2.000,dense_465_fixed_labels
200307,2003,7,confirmatory,11.9188196514265,14.003334144195,-0.148858441232915,-2.08451449276852,8,15,graph_h_2.000,dense_465_fixed_labels
200308,2003,8,confirmatory,14.2805201823368,15.2090870039253,-0.0610534229535824,-0.928566821588483,8,15,graph_h_2.000,dense_465_fixed_labels
200406,2004,6,confirmatory,17.1806303386967,15.3793539694978,0.117123019131452,1.80127636919887,8,14,graph_h_2.000,dense_465_fixed_labels
200407,2004,7,confirmatory,11.4641608011115,15.2327357934224,-0.247399747715586,-3.76857499231088,8,15,graph_h_2.000,dense_465_fixed_labels
200408,2004,8,confirmatory,10.1217177407866,15.2171837913535,-0.334849478092144,-5.09546605056696,8,15,graph_h_2.000,dense_465_fixed_labels
200506,2005,6,confirmatory,17.2441647361072,19.3225243645949,-0.10756149606911,-2.07835962848765,8,14,graph_h_2.000,dense_465_fixed_labels
200507,2005,7,confirmatory,9.7955895756274,13.4073694316753,-0.269387658366076,-3.61177985604791,8,15,graph_h_2.000,dense_465_fixed_labels
200508,2005,8,confirmatory,11.2673041208373,13.7805569706951,-0.182376725062884,-2.51325284985787,8,15,graph_h_2.000,dense_465_fixed_labels
200606,2006,6,confirmatory,17.4225992110878,17.9633553107646,-0.0301032902997112,-0.540756099676806,8,14,graph_h_2.000,dense_465_fixed_labels
200607,2006,7,confirmatory,11.0161892925001,12.8970873443606,-0.145838979115156,-1.88089805186055,8,15,graph_h_2.000,dense_465_fixed_labels
200608,2006,8,confirmatory,8.77406531975766,13.1357281424323,-0.332045759122035,-4.3616628226746,8,15,graph_h_2.000,dense_465_fixed_labels
200706,2007,6,confirmatory,16.5997560101842,17.0686834715375,-0.0274729718982291,-0.468927461353317,8,14,graph_h_2.000,dense_465_fixed_labels
200707,2007,7,confirmatory,11.5880749679653,13.8406410745862,-0.162750128009386,-2.25256610662087,8,15,graph_h_2.000,dense_465_fixed_labels
200708,2007,8,confirmatory,13.1026778159254,16.1105858614993,-0.186703827621945,-3.00790804557391,8,15,graph_h_2.000,dense_465_fixed_labels
200806,2008,6,confirmatory,15.3506613131322,14.3393891666013,0.0705240742671454,1.01127214653089,8,14,graph_h_2.000,dense_465_fixed_labels
200807,2008,7,confirmatory,12.4400139256107,14.2908038093908,-0.129509152071906,-1.85078988378017,8,15,graph_h_2.000,dense_465_fixed_labels
200808,2008,8,confirmatory,11.9057415087862,16.1718556713589,-0.263798678968441,-4.26611416257278,8,15,graph_h_2.000,dense_465_fixed_labels
200906,2009,6,confirmatory,21.9112117156637,24.9919933431197,-0.123270744560442,-3.08078162745597,8,14,graph_h_2.000,dense_465_fixed_labels
200907,2009,7,confirmatory,13.004682752183,15.7664602209762,-0.175167883601342,-2.76177746879314,8,15,graph_h_2.000,dense_465_fixed_labels
200908,2009,8,confirmatory,13.5614140479745,17.763221713236,-0.236545359456422,-4.20180766526155,8,15,graph_h_2.000,dense_465_fixed_labels
201006,2010,6,confirmatory,16.1676583634188,13.5598142567836,0.192321521316607,2.60784410663524,8,14,graph_h_2.000,dense_465_fixed_labels
201007,2010,7,confirmatory,8.81487542361439,13.7782710415139,-0.360233559272044,-4.96339561789947,8,15,graph_h_2.000,dense_465_fixed_labels
201008,2010,8,confirmatory,15.7170422958035,20.5085864642726,-0.233636002989101,-4.79154416846902,8,15,graph_h_2.000,dense_465_fixed_labels
201106,2011,6,confirmatory,13.8668305201638,17.0463438972112,-0.1865217196262,-3.17951337704742,8,14,graph_h_2.000,dense_465_fixed_labels
201107,2011,7,confirmatory,13.4433658469066,14.8791390918311,-0.0964957203547303,-1.43577324492447,8,15,graph_h_2.000,dense_465_fixed_labels
201108,2011,8,confirmatory,11.8289300653027,14.1323418986922,-0.162988685803212,-2.30341183338952,8,15,graph_h_2.000,dense_465_fixed_labels
201206,2012,6,confirmatory,11.5884187992148,18.8020826094567,-0.383663020745034,-7.21366381024181,8,14,graph_h_2.000,dense_465_fixed_labels
201207,2012,7,confirmatory,9.37139594374801,14.1795357819383,-0.339090074042822,-4.8081398381903,8,15,graph_h_2.000,dense_465_fixed_labels
201208,2012,8,confirmatory,9.05928798248049,14.6921797707377,-0.383393878658916,-5.63289178825717,8,15,graph_h_2.000,dense_465_fixed_labels
201306,2013,6,confirmatory,15.1357795163973,13.7570666593912,0.100218519771799,1.37871285700615,8,14,graph_h_2.000,dense_465_fixed_labels
201307,2013,7,confirmatory,10.7345181182223,12.3322271054942,-0.129555592319585,-1.59770898727194,8,15,graph_h_2.000,dense_465_fixed_labels
201308,2013,8,confirmatory,10.0394454717976,14.5225531534169,-0.308699691731858,-4.48310768161933,8,15,graph_h_2.000,dense_465_fixed_labels
201406,2014,6,confirmatory,15.9833441191214,16.1605154863853,-0.0109632249919985,-0.177171367263918,8,14,graph_h_2.000,dense_465_fixed_labels
201407,2014,7,confirmatory,12.1698973762743,13.5054113571136,-0.0988873234235753,-1.33551398083932,8,15,graph_h_2.000,dense_465_fixed_labels
201408,2014,8,confirmatory,16.1835905561084,15.1306064604281,0.0695929868002463,1.05298409568029,8,15,graph_h_2.000,dense_465_fixed_labels
201506,2015,6,discovery,14.8915108893577,21.3927998752159,-0.303900799511058,-6.50128898585817,8,14,graph_h_2.000,dense_465_fixed_labels
201507,2015,7,discovery,11.7735843255228,16.1198702525668,-0.269622885230853,-4.34628592704407,8,15,graph_h_2.000,dense_465_fixed_labels
201508,2015,8,discovery,12.2519801156253,18.1453267175162,-0.324785918360008,-5.89334660189087,8,15,graph_h_2.000,dense_465_fixed_labels
201606,2016,6,confirmatory,19.1557050040583,18.6319603908941,0.0281100110871932,0.52374461316418,8,14,graph_h_2.000,dense_465_fixed_labels
201607,2016,7,confirmatory,11.4507030574105,14.0776423616883,-0.186603639784663,-2.62693930427779,8,15,graph_h_2.000,dense_465_fixed_labels
201608,2016,8,confirmatory,11.0650640769947,10.0117778009782,0.10520471957674,1.05328627601653,8,15,graph_h_2.000,dense_465_fixed_labels
201706,2017,6,confirmatory,14.7994056688973,18.4387784867063,-0.197376025772687,-3.63937281780902,8,14,graph_h_2.000,dense_465_fixed_labels
201707,2017,7,confirmatory,10.1798876377023,13.4386949992279,-0.242494331608304,-3.25880736152562,8,15,graph_h_2.000,dense_465_fixed_labels
201708,2017,8,confirmatory,15.4282772722077,14.5065716304039,0.0635371103033082,0.921705641803813,8,15,graph_h_2.000,dense_465_fixed_labels
201806,2018,6,confirmatory,14.8253701674752,16.0492043689833,-0.0762551322402822,-1.22383420150814,8,14,graph_h_2.000,dense_465_fixed_labels
201807,2018,7,confirmatory,6.39163039319834,9.58633965683153,-0.333256422993164,-3.19470926363319,8,15,graph_h_2.000,dense_465_fixed_labels
201808,2018,8,confirmatory,7.67778793239284,10.6474664384539,-0.27890940283558,-2.96967850606106,8,15,graph_h_2.000,dense_465_fixed_labels
201906,2019,6,confirmatory,16.257425785352,18.5625041972605,-0.124179280306839,-2.30507841190849,8,14,graph_h_2.000,dense_465_fixed_labels
201907,2019,7,confirmatory,12.7142378172579,15.0565421296581,-0.155567214054174,-2.34230431240021,8,15,graph_h_2.000,dense_465_fixed_labels
201908,2019,8,confirmatory,12.9231509345818,15.5218999600479,-0.167424673020386,-2.59874902546617,8,15,graph_h_2.000,dense_465_fixed_labels
202006,2020,6,confirmatory,17.5070139568431,19.5289441546803,-0.103535049402688,-2.02193019783715,8,14,graph_h_2.000,dense_465_fixed_labels
202007,2020,7,confirmatory,10.746946233134,12.995017529662,-0.172994864485302,-2.24807129652801,8,15,graph_h_2.000,dense_465_fixed_labels
202008,2020,8,confirmatory,14.1969864442997,15.1586301944104,-0.0634386971499157,-0.96164375011077,8,15,graph_h_2.000,dense_465_fixed_labels
202106,2021,6,confirmatory,14.2736456992268,18.630591076897,-0.233859750326067,-4.35694537767018,8,14,graph_h_2.000,dense_465_fixed_labels
202107,2021,7,confirmatory,10.2905707245273,10.8467064098534,-0.0512723092441186,-0.556135685326169,8,15,graph_h_2.000,dense_465_fixed_labels
202108,2021,8,confirmatory,16.4151462433531,18.2377642427919,-0.0999364820805345,-1.82261799943879,8,15,graph_h_2.000,dense_465_fixed_labels
202206,2022,6,discovery,13.7763019438892,17.21871313551,-0.199922675087813,-3.44241119162081,8,14,graph_h_2.000,dense_465_fixed_labels
202207,2022,7,discovery,13.6188571129904,13.5035891214621,0.00853610032795471,0.115267991528279,8,15,graph_h_2.000,dense_465_fixed_labels
202208,2022,8,discovery,7.50372510293646,12.9726135327135,-0.421571830224183,-5.46888842977704,8,15,graph_h_2.000,dense_465_fixed_labels
202306,2023,6,confirmatory,18.2675891564638,17.8418444026745,0.0238621492364062,0.425744753789356,8,14,graph_h_2.000,dense_465_fixed_labels
202307,2023,7,confirmatory,10.6763454122034,16.5845022138241,-0.356245651840901,-5.90815680162061,8,15,graph_h_2.000,dense_465_fixed_labels
202308,2023,8,confirmatory,8.46631556266324,16.2058323490926,-0.477576012123977,-7.7395167864294,8,15,graph_h_2.000,dense_465_fixed_labels
202406,2024,6,confirmatory,16.4615591197744,19.809046399786,-0.168987805493139,-3.34748728001159,8,14,graph_h_2.000,dense_465_fixed_labels
202407,2024,7,confirmatory,13.0232803788702,13.2847103953128,-0.0196790150980575,-0.261430016442683,8,15,graph_h_2.000,dense_465_fixed_labels
202408,2024,8,confirmatory,11.9994321552809,12.8277904036248,-0.0645752871133442,-0.828358248343873,8,15,graph_h_2.000,dense_465_fixed_labels
202506,2025,6,confirmatory,14.0662276231348,18.667386689597,-0.246481156841647,-4.60115906646223,8,14,graph_h_2.000,dense_465_fixed_labels
202507,2025,7,confirmatory,8.08230695612512,10.6584363222041,-0.241698621467794,-2.576129366079,8,15,graph_h_2.000,dense_465_fixed_labels
202508,2025,8,confirmatory,9.18255518180462,12.4027864954205,-0.259637728570504,-3.22023131361591,8,15,graph_h_2.000,dense_465_fixed_labels
199106,1991,6,confirmatory,2.41084529141895,2.31149735994396,0.0429799026365323,0.099347931474993,8,14,graph_h_0.125,dense_465_recomputed
199107,1991,7,confirmatory,2.11914594986451,2.18260486047532,-0.0290748507711982,-0.0634589106108119,8,15,graph_h_0.125,dense_465_recomputed
199108,1991,8,confirmatory,2.25624350358441,2.12356409506557,0.0624795874196296,0.132679408518836,8,15,graph_h_0.125,dense_465_recomputed
199206,1992,6,confirmatory,2.28568131325676,2.15558395804169,0.0603536478965356,0.130097355215069,8,14,graph_h_0.125,dense_465_recomputed
199207,1992,7,confirmatory,2.23272606925332,2.32861072701673,-0.0411767654640399,-0.0958846577634156,8,15,graph_h_0.125,dense_465_recomputed
199208,1992,8,confirmatory,2.11851845626172,2.01301240470758,0.0524120225525726,0.105506051554142,8,15,graph_h_0.125,dense_465_recomputed
199306,1993,6,confirmatory,2.2380971072562,2.53201249124198,-0.116079752766785,-0.293915383985779,8,14,graph_h_0.125,dense_465_recomputed
199307,1993,7,confirmatory,2.23404216988021,2.02522981392702,0.103105511541078,0.208812355953187,8,15,graph_h_0.125,dense_465_recomputed
199308,1993,8,confirmatory,2.22334213447902,2.38894238718866,-0.0693194836333053,-0.165600252709634,8,15,graph_h_0.125,dense_465_recomputed
199406,1994,6,confirmatory,2.27255480401255,2.12036242948524,0.0717765851775862,0.152192374527301,8,14,graph_h_0.125,dense_465_recomputed
199407,1994,7,confirmatory,2.2353331605699,2.33378837211705,-0.0421868635234651,-0.0984552115471518,8,15,graph_h_0.125,dense_465_recomputed
199408,1994,8,confirmatory,2.26651641748337,2.20572224679391,0.02756202453769,0.0607941706894626,8,15,graph_h_0.125,dense_465_recomputed
199506,1995,6,confirmatory,2.52612300357824,2.40516914044233,0.0502891298171506,0.120953863135909,8,14,graph_h_0.125,dense_465_recomputed
199507,1995,7,confirmatory,2.12282807555926,2.18325252273976,-0.027676343689588,-0.0604244471805058,8,15,graph_h_0.125,dense_465_recomputed
199508,1995,8,confirmatory,2.0877424836526,2.23423365417373,-0.0655666296349416,-0.146491170521131,8,15,graph_h_0.125,dense_465_recomputed
199606,1996,6,confirmatory,2.23904920717004,2.6715722422737,-0.161898311510959,-0.432523035103657,8,14,graph_h_0.125,dense_465_recomputed
199607,1996,7,confirmatory,2.06999352845686,2.0701112645403,-5.68742779468723e-05,-0.000117736083440345,8,15,graph_h_0.125,dense_465_recomputed
199608,1996,8,confirmatory,2.24006641257334,2.38947124858516,-0.0625263166904755,-0.149404836011822,8,15,graph_h_0.125,dense_465_recomputed
199706,1997,6,confirmatory,1.84448096128751,2.19767907086664,-0.160714143507699,-0.353198109579127,8,14,graph_h_0.125,dense_465_recomputed
199707,1997,7,confirmatory,2.12330990108755,1.99723288235856,0.06312584768788,0.126077018728992,8,15,graph_h_0.125,dense_465_recomputed
199708,1997,8,confirmatory,2.14898952412755,2.42762545876856,-0.114777151324801,-0.278635934641019,8,15,graph_h_0.125,dense_465_recomputed
199806,1998,6,confirmatory,2.00112633599646,2.21157020251344,-0.095155860880118,-0.210443866516983,8,14,graph_h_0.125,dense_465_recomputed
199807,1998,7,confirmatory,2.34197706834517,2.18411940497911,0.0722751984191863,0.15785766336606,8,15,graph_h_0.125,dense_465_recomputed
199808,1998,8,confirmatory,2.53553421556844,2.24990036293722,0.126954000868877,0.285633852631219,8,15,graph_h_0.125,dense_465_recomputed
199906,1999,6,confirmatory,1.907218163114,2.25108342007768,-0.152755448286239,-0.343865256963686,8,14,graph_h_0.125,dense_465_recomputed
199907,1999,7,confirmatory,1.98721961387812,1.97052575242158,0.00847178040481111,0.0166938614565408,8,15,graph_h_0.125,dense_465_recomputed
199908,1999,8,confirmatory,1.9682277162933,2.11594104726637,-0.0698097573010826,-0.147713330973064,8,15,graph_h_0.125,dense_465_recomputed
200006,2000,6,confirmatory,2.07991170650433,2.06304191510431,0.00817714428219163,0.0168697914000169,8,14,graph_h_0.125,dense_465_recomputed
200007,2000,7,confirmatory,1.86349926090166,2.33335115760439,-0.201363560376023,-0.469851896702736,8,15,graph_h_0.125,dense_465_recomputed
200008,2000,8,confirmatory,2.0312700588622,2.36780744737586,-0.142130386863439,-0.336537388513663,8,15,graph_h_0.125,dense_465_recomputed
200106,2001,6,confirmatory,2.18656002306666,2.25241698439271,-0.0292383523043812,-0.065856961326046,8,14,graph_h_0.125,dense_465_recomputed
200107,2001,7,confirmatory,2.33403755780348,2.38195422784925,-0.0201165368694107,-0.0479166700457783,8,15,graph_h_0.125,dense_465_recomputed
200108,2001,8,confirmatory,2.37570196483997,2.56609764489601,-0.0741965842316006,-0.190395680056039,8,15,graph_h_0.125,dense_465_recomputed
200206,2002,6,confirmatory,2.03456986100496,2.06468070841847,-0.014583779124171,-0.0301108474135119,8,14,graph_h_0.125,dense_465_recomputed
200207,2002,7,confirmatory,2.64587717123298,2.17962338419365,0.213914839793213,0.466253787039326,8,15,graph_h_0.125,dense_465_recomputed
200208,2002,8,confirmatory,2.19087072455333,2.54866925715567,-0.140386412084573,-0.357798532602337,8,15,graph_h_0.125,dense_465_recomputed
200306,2003,6,confirmatory,2.08461869222627,2.37142003766453,-0.120940761604053,-0.286801345438259,8,14,graph_h_0.125,dense_465_recomputed
200307,2003,7,confirmatory,2.28440611603247,2.23633819499833,0.021494030349094,0.0480679210341322,8,15,graph_h_0.125,dense_465_recomputed
200308,2003,8,confirmatory,2.35801679356848,2.20132464846205,0.0711808434143961,0.156692145106428,8,15,graph_h_0.125,dense_465_recomputed
200406,2004,6,confirmatory,2.41560581066435,2.33144342142824,0.0360988340795996,0.0841623892361119,8,14,graph_h_0.125,dense_465_recomputed
200407,2004,7,confirmatory,2.48432700337762,2.37671350221151,0.0452782807292416,0.107613501166111,8,15,graph_h_0.125,dense_465_recomputed
200408,2004,8,confirmatory,2.07724537526085,2.16148083432195,-0.038971180185146,-0.0842354590611003,8,15,graph_h_0.125,dense_465_recomputed
200506,2005,6,confirmatory,2.31652427773787,2.51300526415465,-0.0781856644788478,-0.196480986416773,8,14,graph_h_0.125,dense_465_recomputed
200507,2005,7,confirmatory,2.06120121866405,2.21594800880889,-0.0698332224085083,-0.154746790144842,8,15,graph_h_0.125,dense_465_recomputed
200508,2005,8,confirmatory,2.1809665268107,2.21430690306816,-0.015056800035834,-0.0333403762574642,8,15,graph_h_0.125,dense_465_recomputed
200606,2006,6,confirmatory,2.17189907368712,2.2556294404544,-0.0371206215283355,-0.0837303667672789,8,14,graph_h_0.125,dense_465_recomputed
200607,2006,7,confirmatory,2.21877084658235,2.07934892955491,0.067050755669603,0.139421917027437,8,15,graph_h_0.125,dense_465_recomputed
200608,2006,8,confirmatory,1.93587189884358,2.17165980433083,-0.108574973399163,-0.235787905487251,8,15,graph_h_0.125,dense_465_recomputed
200706,2007,6,confirmatory,2.6020093635972,2.17070624841923,0.198692529443844,0.431303115177973,8,14,graph_h_0.125,dense_465_recomputed
200707,2007,7,confirmatory,2.15298542252829,2.23750158030243,-0.0377725578020438,-0.084516157774138,8,15,graph_h_0.125,dense_465_recomputed
200708,2007,8,confirmatory,2.49453555810868,2.36064800397367,0.0567164413795047,0.133887554135017,8,15,graph_h_0.125,dense_465_recomputed
200806,2008,6,confirmatory,2.28295300504245,2.11873582253751,0.077507153444111,0.164217182504949,8,14,graph_h_0.125,dense_465_recomputed
200807,2008,7,confirmatory,2.33646757542698,2.29829302900491,0.0166099561458402,0.038174546422062,8,15,graph_h_0.125,dense_465_recomputed
200808,2008,8,confirmatory,2.34736493890529,2.3695377870862,-0.00935745709638058,-0.0221728481809116,8,15,graph_h_0.125,dense_465_recomputed
200906,2009,6,confirmatory,2.54275441609138,2.71772416403713,-0.0643809810653613,-0.174969747945749,8,14,graph_h_0.125,dense_465_recomputed
200907,2009,7,confirmatory,2.36487810435369,2.40448723475659,-0.0164730050675095,-0.0396091304029071,8,15,graph_h_0.125,dense_465_recomputed
200908,2009,8,confirmatory,2.2146740396489,2.61268289376071,-0.152337222041865,-0.398008854111808,8,15,graph_h_0.125,dense_465_recomputed
201006,2010,6,confirmatory,2.16535233108111,2.14785113294893,0.00814823609686366,0.0175011981321838,8,14,graph_h_0.125,dense_465_recomputed
201007,2010,7,confirmatory,2.11822568415252,2.14742551039734,-0.0135975967983225,-0.029199826244815,8,15,graph_h_0.125,dense_465_recomputed
201008,2010,8,confirmatory,2.60479276171811,2.68055763142529,-0.0282645927171843,-0.075764869707176,8,15,graph_h_0.125,dense_465_recomputed
201106,2011,6,confirmatory,2.0123690017922,2.1868340136741,-0.0797797230109768,-0.174465011881902,8,14,graph_h_0.125,dense_465_recomputed
201107,2011,7,confirmatory,2.20313388095484,2.23175503329869,-0.0128245044446256,-0.0286211523438547,8,15,graph_h_0.125,dense_465_recomputed
201108,2011,8,confirmatory,2.22231821986057,2.19870161317707,0.0107411603930088,0.0236166066835022,8,15,graph_h_0.125,dense_465_recomputed
201206,2012,6,confirmatory,1.83006967967217,2.19853052302775,-0.167594145042002,-0.368460843355581,8,14,graph_h_0.125,dense_465_recomputed
201207,2012,7,confirmatory,1.96820915111277,2.27057775954083,-0.133168136240884,-0.302368608428055,8,15,graph_h_0.125,dense_465_recomputed
201208,2012,8,confirmatory,1.94214900672466,2.27443747506959,-0.146096989689622,-0.332288468344932,8,15,graph_h_0.125,dense_465_recomputed
201306,2013,6,confirmatory,2.08754571017286,2.04839753778748,0.0191116087884307,0.0391481723853788,8,14,graph_h_0.125,dense_465_recomputed
201307,2013,7,confirmatory,2.26090587083536,2.22741246508361,0.0150369122364107,0.0334934057517495,8,15,graph_h_0.125,dense_465_recomputed
201308,2013,8,confirmatory,2.37891562241476,2.4069475480686,-0.0116462553063655,-0.0280319256538375,8,15,graph_h_0.125,dense_465_recomputed
201406,2014,6,confirmatory,2.12667632952189,2.08707645000468,0.0189738519243594,0.0395998795172066,8,14,graph_h_0.125,dense_465_recomputed
201407,2014,7,confirmatory,2.06539865940636,2.10785478333594,-0.0201418637874031,-0.0424561239295787,8,15,graph_h_0.125,dense_465_recomputed
201408,2014,8,confirmatory,2.12558062698061,2.20356039212618,-0.0353880771428877,-0.0779797651455731,8,15,graph_h_0.125,dense_465_recomputed
201506,2015,6,discovery,1.94479953570442,2.2176896476764,-0.123051533499244,-0.27289011197198,8,14,graph_h_0.125,dense_465_recomputed
201507,2015,7,discovery,2.06162903439402,2.41064330339322,-0.144780552356265,-0.349014268999201,8,15,graph_h_0.125,dense_465_recomputed
201508,2015,8,discovery,2.47797616509038,2.65103743532214,-0.0652805833391531,-0.173061270231762,8,15,graph_h_0.125,dense_465_recomputed
201606,2016,6,confirmatory,2.41165771282791,2.28671651150308,0.0546378183287357,0.124941201324825,8,14,graph_h_0.125,dense_465_recomputed
201607,2016,7,confirmatory,2.27834918129357,2.24394001101086,0.0153342647815276,0.0344091702827045,8,15,graph_h_0.125,dense_465_recomputed
201608,2016,8,confirmatory,2.29465660992648,1.98019689215291,0.158802247907623,0.314459717773571,8,15,graph_h_0.125,dense_465_recomputed
201706,2017,6,confirmatory,2.07171243418456,2.24606632557492,-0.0776263324929784,-0.174353891390361,8,14,graph_h_0.125,dense_465_recomputed
201707,2017,7,confirmatory,2.05467959337758,2.22705181104002,-0.0773992849236608,-0.172372217662442,8,15,graph_h_0.125,dense_465_recomputed
201708,2017,8,confirmatory,2.2909450168942,2.25099959203702,0.0177456384259185,0.0399454248571791,8,15,graph_h_0.125,dense_465_recomputed
201806,2018,6,confirmatory,2.14174775213087,2.31773610087953,-0.0759311418939707,-0.175988348748662,8,14,graph_h_0.125,dense_465_recomputed
201807,2018,7,confirmatory,1.82615217121482,2.00074095063078,-0.087262061268309,-0.174588779415958,8,15,graph_h_0.125,dense_465_recomputed
201808,2018,8,confirmatory,1.96625194009989,2.08826241507852,-0.0584267925801086,-0.12201047497863,8,15,graph_h_0.125,dense_465_recomputed
201906,2019,6,confirmatory,2.02483236777165,2.24226492929917,-0.0969700585717468,-0.217432561527514,8,14,graph_h_0.125,dense_465_recomputed
201907,2019,7,confirmatory,2.40742097786715,2.18993876247685,0.0993097245990204,0.217482215390296,8,15,graph_h_0.125,dense_465_recomputed
201908,2019,8,confirmatory,2.22445798323243,2.45657884038788,-0.0944894799789131,-0.232120857155453,8,15,graph_h_0.125,dense_465_recomputed
202006,2020,6,confirmatory,2.25073776496356,2.24162056943512,0.00406723405948317,0.00911719552844481,8,14,graph_h_0.125,dense_465_recomputed
202007,2020,7,confirmatory,1.92864429092654,1.97728502694057,-0.024599759443528,-0.0486407360140277,8,15,graph_h_0.125,dense_465_recomputed
202008,2020,8,confirmatory,2.33809422584536,2.50278094176416,-0.0658014903224883,-0.164686715918803,8,15,graph_h_0.125,dense_465_recomputed
202106,2021,6,confirmatory,1.97134602266696,2.35321096017932,-0.162273992418965,-0.381864937512365,8,14,graph_h_0.125,dense_465_recomputed
202107,2021,7,confirmatory,2.04446597619677,2.07103181315581,-0.0128273437376896,-0.02656583695904,8,15,graph_h_0.125,dense_465_recomputed
202108,2021,8,confirmatory,2.47889500095368,2.36030610152439,0.0502430169344141,0.118588899429291,8,15,graph_h_0.125,dense_465_recomputed
202206,2022,6,discovery,2.26811019701846,2.26618750347263,0.000848426506138145,0.00192269354582519,8,14,graph_h_0.125,dense_465_recomputed
202207,2022,7,discovery,2.53876071264738,2.20737852807729,0.150124765804777,0.331382184570096,8,15,graph_h_0.125,dense_465_recomputed
202208,2022,8,discovery,1.97969669704935,2.17623518051346,-0.0903112334659212,-0.196538483464102,8,15,graph_h_0.125,dense_465_recomputed
202306,2023,6,confirmatory,2.35974892445319,2.44868482997082,-0.0363198662519134,-0.0889359055176295,8,14,graph_h_0.125,dense_465_recomputed
202307,2023,7,confirmatory,2.05576012513101,2.38255041567301,-0.137159863813285,-0.326790290541996,8,15,graph_h_0.125,dense_465_recomputed
202308,2023,8,confirmatory,1.88755628146409,2.56026904751737,-0.262750810000066,-0.672712766053287,8,15,graph_h_0.125,dense_465_recomputed
202406,2024,6,confirmatory,2.07879782228714,2.35130992660086,-0.11589799423323,-0.272512104313722,8,14,graph_h_0.125,dense_465_recomputed
202407,2024,7,confirmatory,2.44654206724081,2.24159121696216,0.091430965970863,0.204950850278653,8,15,graph_h_0.125,dense_465_recomputed
202408,2024,8,confirmatory,2.33932063072723,2.34189555515659,-0.00109950438382778,-0.00257492442936158,8,15,graph_h_0.125,dense_465_recomputed
202506,2025,6,confirmatory,1.91617708457848,2.14985622841571,-0.108695242383459,-0.233679143837234,8,14,graph_h_0.125,dense_465_recomputed
202507,2025,7,confirmatory,1.85735221046884,2.13163699155236,-0.128673307026717,-0.274284781083524,8,15,graph_h_0.125,dense_465_recomputed
202508,2025,8,confirmatory,2.05810281646416,2.26310090602581,-0.0905828321732402,-0.204998089561644,8,15,graph_h_0.125,dense_465_recomputed
199106,1991,6,confirmatory,4.65039401495134,4.18781153156247,0.110459241038547,0.462582483388865,8,14,graph_h_0.250,dense_465_recomputed
199107,1991,7,confirmatory,3.75390396171724,4.03980029092752,-0.0707699164863009,-0.285896329210274,8,15,graph_h_0.250,dense_465_recomputed
199108,1991,8,confirmatory,4.03978954090769,3.64804989576779,0.107383302403394,0.391739645139901,8,15,graph_h_0.250,dense_465_recomputed
199206,1992,6,confirmatory,3.98890167684182,3.90913167501417,0.0204060667328014,0.0797700018276473,8,14,graph_h_0.250,dense_465_recomputed
199207,1992,7,confirmatory,4.03602699286718,4.32153529751138,-0.066066405799952,-0.285508304644203,8,15,graph_h_0.250,dense_465_recomputed
199208,1992,8,confirmatory,3.77988982205264,3.43220516575963,0.101300662256903,0.347684656293014,8,15,graph_h_0.250,dense_465_recomputed
199306,1993,6,confirmatory,4.30193503258005,4.73502589418744,-0.0914653628693014,-0.433090861607393,8,14,graph_h_0.250,dense_465_recomputed
199307,1993,7,confirmatory,4.04262746637845,3.63843154300554,0.11109070449599,0.404195923372917,8,15,graph_h_0.250,dense_465_recomputed
199308,1993,8,confirmatory,3.94387841735861,4.41623193124549,-0.106958493403598,-0.472353513886878,8,15,graph_h_0.250,dense_465_recomputed
199406,1994,6,confirmatory,4.25361592428687,3.73094177839756,0.14009174544498,0.522674145889313,8,14,graph_h_0.250,dense_465_recomputed
199407,1994,7,confirmatory,3.82570169166944,4.35421019345705,-0.121378729621686,-0.528508501787611,8,15,graph_h_0.250,dense_465_recomputed
199408,1994,8,confirmatory,4.00790978896097,3.93236187217825,0.0192118424596752,0.0755479167827216,8,15,graph_h_0.250,dense_465_recomputed
199506,1995,6,confirmatory,4.8154808856262,4.58955554304065,0.0492259741639096,0.225925342585548,8,14,graph_h_0.250,dense_465_recomputed
199507,1995,7,confirmatory,3.8464926633258,4.19086597014446,-0.0821723503619448,-0.344373306818662,8,15,graph_h_0.250,dense_465_recomputed
199508,1995,8,confirmatory,3.67983318114005,4.0306018207183,-0.0870263685624357,-0.350768639578256,8,15,graph_h_0.250,dense_465_recomputed
199606,1996,6,confirmatory,4.26709286049619,5.00703970475996,-0.147781301506424,-0.73994684426377,8,14,graph_h_0.250,dense_465_recomputed
199607,1996,7,confirmatory,3.67553497196297,3.68950400744133,-0.00378615538841542,-0.0139690354783544,8,15,graph_h_0.250,dense_465_recomputed
199608,1996,8,confirmatory,3.98407097692925,4.20496636859504,-0.0525320233987007,-0.220895391665784,8,15,graph_h_0.250,dense_465_recomputed
199706,1997,6,confirmatory,3.15065343167412,4.0160839973553,-0.21549115164202,-0.86543056568118,8,14,graph_h_0.250,dense_465_recomputed
199707,1997,7,confirmatory,3.73372601765105,3.54815468644231,0.0523008007282837,0.185571331208745,8,15,graph_h_0.250,dense_465_recomputed
199708,1997,8,confirmatory,3.84590470497491,4.34683702580686,-0.115240649202615,-0.500932320831948,8,15,graph_h_0.250,dense_465_recomputed
199806,1998,6,confirmatory,3.5157341038226,4.08441416982415,-0.139231733697083,-0.56868006600155,8,14,graph_h_0.250,dense_465_recomputed
199807,1998,7,confirmatory,4.32120594321933,3.85269179935502,0.121606961642439,0.468514143864307,8,15,graph_h_0.250,dense_465_recomputed
199808,1998,8,confirmatory,4.71703465125817,4.20482615082947,0.121814429908753,0.512208500428709,8,15,graph_h_0.250,dense_465_recomputed
199906,1999,6,confirmatory,3.49693588080995,4.27729952986106,-0.182443068015967,-0.780363649051105,8,14,graph_h_0.250,dense_465_recomputed
199907,1999,7,confirmatory,3.36162471237145,3.31345399957836,0.0145379150575855,0.0481707127930875,8,15,graph_h_0.250,dense_465_recomputed
199908,1999,8,confirmatory,3.36950839785394,3.86696852569712,-0.128643438532642,-0.497460127843179,8,15,graph_h_0.250,dense_465_recomputed
200006,2000,6,confirmatory,3.75871173170601,3.82074166003775,-0.0162350490692753,-0.0620299283317372,8,14,graph_h_0.250,dense_465_recomputed
200007,2000,7,confirmatory,3.1451650251996,4.26095822919776,-0.261864384483356,-1.11579320399816,8,15,graph_h_0.250,dense_465_recomputed
200008,2000,8,confirmatory,3.60801777008794,4.25334738969499,-0.151722763386447,-0.645329619607057,8,15,graph_h_0.250,dense_465_recomputed
200106,2001,6,confirmatory,4.14997432817413,4.21071598421217,-0.0144254934946424,-0.0607416560380392,8,14,graph_h_0.250,dense_465_recomputed
200107,2001,7,confirmatory,4.41607279894732,4.45713415419203,-0.00921250153668585,-0.0410613552447092,8,15,graph_h_0.250,dense_465_recomputed
200108,2001,8,confirmatory,4.2995614401505,4.55751552580615,-0.0565997162697585,-0.257954085655647,8,15,graph_h_0.250,dense_465_recomputed
200206,2002,6,confirmatory,3.63549973823782,3.72928823677595,-0.0251491685767921,-0.0937884985381259,8,14,graph_h_0.250,dense_465_recomputed
200207,2002,7,confirmatory,4.74352652687568,3.78581875875566,0.252972429254588,0.957707768120011,8,15,graph_h_0.250,dense_465_recomputed
200208,2002,8,confirmatory,3.8828349550643,4.64353389856156,-0.163818970662172,-0.760698943497255,8,15,graph_h_0.250,dense_465_recomputed
200306,2003,6,confirmatory,3.70356635561874,4.3665374512973,-0.151829934604497,-0.662971095678557,8,14,graph_h_0.250,dense_465_recomputed
200307,2003,7,confirmatory,4.17575766219796,4.07437504824768,0.0248829851817101,0.101382613950276,8,15,graph_h_0.250,dense_465_recomputed
200308,2003,8,confirmatory,4.38259437938935,4.05728641294362,0.0801787040244231,0.32530796644572,8,15,graph_h_0.250,dense_465_recomputed
200406,2004,6,confirmatory,4.5967381407111,4.26774307291173,0.0770887708511734,0.328995067799375,8,14,graph_h_0.250,dense_465_recomputed
200407,2004,7,confirmatory,4.48744274898851,4.33493708654038,0.0351805941824734,0.152505662448131,8,15,graph_h_0.250,dense_465_recomputed
200408,2004,8,confirmatory,3.63879653143698,3.95310471129437,-0.0795091966472273,-0.314308179857385,8,15,graph_h_0.250,dense_465_recomputed
200506,2005,6,confirmatory,4.39930105685272,4.82531198800084,-0.0882867122804673,-0.426010931148119,8,14,graph_h_0.250,dense_465_recomputed
200507,2005,7,confirmatory,3.56901950352289,4.04361766165303,-0.117369691657773,-0.474598158130139,8,15,graph_h_0.250,dense_465_recomputed
200508,2005,8,confirmatory,3.93466615451671,3.96233054122809,-0.00698184727991069,-0.0276643867113804,8,15,graph_h_0.250,dense_465_recomputed
200606,2006,6,confirmatory,4.223991462604,4.24610010067164,-0.00520681037739801,-0.0221086380676478,8,14,graph_h_0.250,dense_465_recomputed
200607,2006,7,confirmatory,3.83599225609479,3.77270655005386,0.0167746166316676,0.0632857060409346,8,15,graph_h_0.250,dense_465_recomputed
200608,2006,8,confirmatory,3.2497924987595,3.89378380865016,-0.165389590572546,-0.643991309890658,8,15,graph_h_0.250,dense_465_recomputed
200706,2007,6,confirmatory,4.65296518639416,3.96091647724102,0.17471933910487,0.69204870915314,8,14,graph_h_0.250,dense_465_recomputed
200707,2007,7,confirmatory,3.91349565196992,4.02147715868468,-0.0268512047821961,-0.107981506714766,8,15,graph_h_0.250,dense_465_recomputed
200708,2007,8,confirmatory,4.50087589740455,4.46121428277854,0.00889031822100961,0.0396616146260147,8,15,graph_h_0.250,dense_465_recomputed
200806,2008,6,confirmatory,4.12752030524289,3.77911390157588,0.0921926178307892,0.348406403667008,8,14,graph_h_0.250,dense_465_recomputed
200807,2008,7,confirmatory,4.18777343371867,4.19784818023166,-0.00239997877017939,-0.0100747465129922,8,15,graph_h_0.250,dense_465_recomputed
200808,2008,8,confirmatory,4.09150607485371,4.42935894547003,-0.0762757940315152,-0.337852870616321,8,15,graph_h_0.250,dense_465_recomputed
200906,2009,6,confirmatory,4.99080390711299,5.37683019497926,-0.0717943981617154,-0.386026287866275,8,14,graph_h_0.250,dense_465_recomputed
200907,2009,7,confirmatory,4.24023535654291,4.35068055644756,-0.0253857295362615,-0.11044519990465,8,15,graph_h_0.250,dense_465_recomputed
200908,2009,8,confirmatory,3.93738435781929,4.8057031964865,-0.180685074205592,-0.868318838667213,8,15,graph_h_0.250,dense_465_recomputed
201006,2010,6,confirmatory,4.09320305173501,3.81254069457945,0.0736155702035113,0.280662357155558,8,14,graph_h_0.250,dense_465_recomputed
201007,2010,7,confirmatory,3.69071604046738,3.8305228341208,-0.036498096919845,-0.13980679365342,8,15,graph_h_0.250,dense_465_recomputed
201008,2010,8,confirmatory,4.8581428831566,5.21076678516155,-0.0676721712069522,-0.352623902004953,8,15,graph_h_0.250,dense_465_recomputed
201106,2011,6,confirmatory,3.71504991432483,3.97892884303893,-0.0663190871522482,-0.263878928714093,8,14,graph_h_0.250,dense_465_recomputed
201107,2011,7,confirmatory,4.0649930626731,4.10883785963401,-0.0106708510918984,-0.0438447969609088,8,15,graph_h_0.250,dense_465_recomputed
201108,2011,8,confirmatory,3.94967618900794,4.00857939322475,-0.0146942840439606,-0.0589032042168114,8,15,graph_h_0.250,dense_465_recomputed
201206,2012,6,confirmatory,3.16577671637254,4.15986898677145,-0.238972014157214,-0.994092270398901,8,14,graph_h_0.250,dense_465_recomputed
201207,2012,7,confirmatory,3.39308506859892,4.22957373228885,-0.197771387055892,-0.836488663689934,8,15,graph_h_0.250,dense_465_recomputed
201208,2012,8,confirmatory,3.23553065609864,4.10708481321158,-0.212207489436144,-0.871554157112943,8,15,graph_h_0.250,dense_465_recomputed
201306,2013,6,confirmatory,3.84285832809284,3.56718757700782,0.0772795781365272,0.275670751085024,8,14,graph_h_0.250,dense_465_recomputed
201307,2013,7,confirmatory,4.00466431974323,3.9242040467638,0.0205035905423392,0.0804602729794355,8,15,graph_h_0.250,dense_465_recomputed
201308,2013,8,confirmatory,4.0340412858793,4.45343931236903,-0.0941739624305398,-0.41939802648973,8,15,graph_h_0.250,dense_465_recomputed
201406,2014,6,confirmatory,3.88831688318764,3.83396489233551,0.0141764445889385,0.0543519908521297,8,14,graph_h_0.250,dense_465_recomputed
201407,2014,7,confirmatory,3.76128701836012,3.81907158426774,-0.0151305270489434,-0.0577845659076139,8,15,graph_h_0.250,dense_465_recomputed
201408,2014,8,confirmatory,3.90322487938539,3.98097818623805,-0.0195312064561022,-0.0777533068526544,8,15,graph_h_0.250,dense_465_recomputed
201506,2015,6,discovery,3.56551882928326,4.30609304496605,-0.171982864269164,-0.740574215682789,8,14,graph_h_0.250,dense_465_recomputed
201507,2015,7,discovery,3.65198096687264,4.4324759354368,-0.176085551265885,-0.780494968564158,8,15,graph_h_0.250,dense_465_recomputed
201508,2015,8,discovery,4.44831994125941,4.92460365193884,-0.0967151357433438,-0.476283710679431,8,15,graph_h_0.250,dense_465_recomputed
201606,2016,6,confirmatory,4.70235526244677,4.26478431526814,0.102600955835471,0.437570947178637,8,14,graph_h_0.250,dense_465_recomputed
201607,2016,7,confirmatory,3.97371250531833,4.08391825826419,-0.0269852984258064,-0.110205752945859,8,15,graph_h_0.250,dense_465_recomputed
201608,2016,8,confirmatory,4.10444731152732,3.39701729049698,0.208250344503501,0.707430021030346,8,15,graph_h_0.250,dense_465_recomputed
201706,2017,6,confirmatory,3.80458777279424,4.18359159022271,-0.0905929293658169,-0.379003817428472,8,14,graph_h_0.250,dense_465_recomputed
201707,2017,7,confirmatory,3.66253946140771,4.10306158917305,-0.107364249400441,-0.440522127765347,8,15,graph_h_0.250,dense_465_recomputed
201708,2017,8,confirmatory,4.31785054937278,4.07769297562458,0.0588954526944054,0.240157573748206,8,15,graph_h_0.250,dense_465_recomputed
201806,2018,6,confirmatory,3.98773912612334,4.18935467902268,-0.0481256824371752,-0.20161555289934,8,14,graph_h_0.250,dense_465_recomputed
201807,2018,7,confirmatory,2.88076167274166,3.40237697298516,-0.153309084908911,-0.521615300243506,8,15,graph_h_0.250,dense_465_recomputed
201808,2018,8,confirmatory,3.28161577804004,3.56098578895451,-0.0784529979819142,-0.279370010914473,8,15,graph_h_0.250,dense_465_recomputed
201906,2019,6,confirmatory,3.72506079912631,4.11769162308943,-0.0953521681326252,-0.392630823963126,8,14,graph_h_0.250,dense_465_recomputed
201907,2019,7,confirmatory,4.41188807522749,3.90686189572022,0.12926645297099,0.50502617950727,8,15,graph_h_0.250,dense_465_recomputed
201908,2019,8,confirmatory,3.95251741628033,4.29926707131744,-0.0806532018795604,-0.346749655037112,8,15,graph_h_0.250,dense_465_recomputed
202006,2020,6,confirmatory,4.20721061568133,4.3204889736198,-0.0262188744445664,-0.113278357938471,8,14,graph_h_0.250,dense_465_recomputed
202007,2020,7,confirmatory,3.25132336991706,3.42999937098698,-0.0520921381447684,-0.178676001069923,8,15,graph_h_0.250,dense_465_recomputed
202008,2020,8,confirmatory,4.29080776515891,4.694683533482,-0.086028326604486,-0.403875768323092,8,15,graph_h_0.250,dense_465_recomputed
202106,2021,6,confirmatory,3.64181961149184,4.36800758492997,-0.166251536728906,-0.726187973438127,8,14,graph_h_0.250,dense_465_recomputed
202107,2021,7,confirmatory,3.64831383291968,3.57196356650163,0.0213748726706162,0.0763502664180522,8,15,graph_h_0.250,dense_465_recomputed
202108,2021,8,confirmatory,4.71813688469239,4.39226859678109,0.074191338878983,0.325868287911301,8,15,graph_h_0.250,dense_465_recomputed
202206,2022,6,discovery,4.10945744522243,4.1918475775539,-0.019654849277593,-0.0823901323314651,8,14,graph_h_0.250,dense_465_recomputed
202207,2022,7,discovery,4.39354708351963,3.96542735867487,0.107963073364133,0.428119724844755,8,15,graph_h_0.250,dense_465_recomputed
202208,2022,8,discovery,3.33271360539158,3.9232377668026,-0.150519595423933,-0.590524161411022,8,15,graph_h_0.250,dense_465_recomputed
202306,2023,6,confirmatory,4.28929195441344,4.4388954481196,-0.0337028649254478,-0.14960349370616,8,14,graph_h_0.250,dense_465_recomputed
202307,2023,7,confirmatory,3.61701833690785,4.53306301790106,-0.202080729382263,-0.916044680993207,8,15,graph_h_0.250,dense_465_recomputed
202308,2023,8,confirmatory,3.13466233245724,4.49431202451984,-0.302526768200493,-1.3596496920626,8,15,graph_h_0.250,dense_465_recomputed
202406,2024,6,confirmatory,3.78810822026785,4.39001870179646,-0.137108864999209,-0.601910481528614,8,14,graph_h_0.250,dense_465_recomputed
202407,2024,7,confirmatory,4.4584462570855,4.05328944636604,0.0999575322908899,0.405156810719457,8,15,graph_h_0.250,dense_465_recomputed
202408,2024,8,confirmatory,4.08306691566095,4.09107718903722,-0.00195798637036926,-0.00801027337626348,8,15,graph_h_0.250,dense_465_recomputed
202506,2025,6,confirmatory,3.55269971959475,4.06868620415086,-0.126818943183601,-0.515986484556109,8,14,graph_h_0.250,dense_465_recomputed
202507,2025,7,confirmatory,2.95909442729567,3.62400727130654,-0.183474478452455,-0.664912844010872,8,15,graph_h_0.250,dense_465_recomputed
202508,2025,8,confirmatory,3.47059165337167,3.98855883279763,-0.1298632416217,-0.517967179425964,8,15,graph_h_0.250,dense_465_recomputed
199106,1991,6,confirmatory,9.22848229369776,7.92310844596389,0.164755267031443,1.30537384773387,8,14,graph_h_0.500,dense_465_recomputed
199107,1991,7,confirmatory,6.69634409191819,7.74517287894169,-0.13541709183473,-1.04882878702351,8,15,graph_h_0.500,dense_465_recomputed
199108,1991,8,confirmatory,7.2327048657469,6.2882241964627,0.150198313510435,0.944480669284207,8,15,graph_h_0.500,dense_465_recomputed
199206,1992,6,confirmatory,7.36320751361051,7.18903219792218,0.0242279226039175,0.17417531568833,8,14,graph_h_0.500,dense_465_recomputed
199207,1992,7,confirmatory,7.42548868915363,8.29826990719315,-0.105176287081596,-0.872781218039517,8,15,graph_h_0.500,dense_465_recomputed
199208,1992,8,confirmatory,6.70888310130239,6.13273903522593,0.0939456355092148,0.576144066076468,8,15,graph_h_0.500,dense_465_recomputed
199306,1993,6,confirmatory,8.89671350481707,9.44426044372543,-0.0579766877640638,-0.547546938908369,8,14,graph_h_0.500,dense_465_recomputed
199307,1993,7,confirmatory,7.5012409640709,6.89317308146042,0.0882130588372883,0.608067882610479,8,15,graph_h_0.500,dense_465_recomputed
199308,1993,8,confirmatory,7.2647608729118,8.37038477384365,-0.132087583881063,-1.10562390093185,8,15,graph_h_0.500,dense_465_recomputed
199406,1994,6,confirmatory,8.34725929220646,6.62140883314715,0.260647016752629,1.72585045905931,8,14,graph_h_0.500,dense_465_recomputed
199407,1994,7,confirmatory,6.31761855301555,8.13952508194004,-0.22383450024215,-1.82190652892449,8,15,graph_h_0.500,dense_465_recomputed
199408,1994,8,confirmatory,6.83838579413634,7.11281990328422,-0.0385830251404457,-0.274434109147877,8,15,graph_h_0.500,dense_465_recomputed
199506,1995,6,confirmatory,9.47121715004913,9.07118054663085,0.0440997289561014,0.400036603418281,8,14,graph_h_0.500,dense_465_recomputed
199507,1995,7,confirmatory,6.88109120402792,8.26509137686816,-0.167451285138081,-1.38400017284024,8,15,graph_h_0.500,dense_465_recomputed
199508,1995,8,confirmatory,6.44683524239962,7.47779174956212,-0.137869111856835,-1.0309565071625,8,15,graph_h_0.500,dense_465_recomputed
199606,1996,6,confirmatory,8.592322485397,9.79088974582266,-0.122416582306734,-1.19856726042566,8,14,graph_h_0.500,dense_465_recomputed
199607,1996,7,confirmatory,6.55593776995468,6.79854655425225,-0.0356853898640768,-0.242608784297567,8,15,graph_h_0.500,dense_465_recomputed
199608,1996,8,confirmatory,6.98046300331016,7.5460091649163,-0.0749463920923309,-0.56554616160614,8,15,graph_h_0.500,dense_465_recomputed
199706,1997,6,confirmatory,5.72095482257251,7.63975781150324,-0.251160185476243,-1.91880298893073,8,14,graph_h_0.500,dense_465_recomputed
199707,1997,7,confirmatory,6.53811558509493,6.5810940072469,-0.00653058930698103,-0.0429784221519638,8,15,graph_h_0.500,dense_465_recomputed
199708,1997,8,confirmatory,6.93532769391598,7.87053815458621,-0.118824207735436,-0.935210460670228,8,15,graph_h_0.500,dense_465_recomputed
199806,1998,6,confirmatory,6.4569249874417,7.97128669827869,-0.189977072479905,-1.51436171083699,8,14,graph_h_0.500,dense_465_recomputed
199807,1998,7,confirmatory,8.04383905116857,7.04449084459481,0.141862375666305,0.999348206573757,8,15,graph_h_0.500,dense_465_recomputed
199808,1998,8,confirmatory,9.0140072283821,8.10726308250823,0.111843434294146,0.906744145873867,8,15,graph_h_0.500,dense_465_recomputed
199906,1999,6,confirmatory,6.63851009961143,8.31508009697694,-0.201630047794133,-1.67656999736551,8,14,graph_h_0.500,dense_465_recomputed
199907,1999,7,confirmatory,5.62222689525014,5.54971229686682,0.0130663707421836,0.072514598383318,8,15,graph_h_0.500,dense_465_recomputed
199908,1999,8,confirmatory,5.91385825600345,7.36964954904311,-0.197538740933573,-1.45579129303965,8,15,graph_h_0.500,dense_465_recomputed
200006,2000,6,confirmatory,7.24309975964419,7.58159318990787,-0.0446467413622588,-0.338493430263679,8,14,graph_h_0.500,dense_465_recomputed
200007,2000,7,confirmatory,5.1592245524588,7.81135914033061,-0.339522807776005,-2.65213458787181,8,15,graph_h_0.500,dense_465_recomputed
200008,2000,8,confirmatory,6.684031283895,7.97504578554708,-0.161881766746937,-1.29101450165208,8,15,graph_h_0.500,dense_465_recomputed
200106,2001,6,confirmatory,8.14640978950091,8.16902954424228,-0.00276896473673671,-0.0226197547413669,8,14,graph_h_0.500,dense_465_recomputed
200107,2001,7,confirmatory,8.60314931526755,8.65316159214317,-0.00577965363792943,-0.0500122768756217,8,15,graph_h_0.500,dense_465_recomputed
200108,2001,8,confirmatory,7.83597235919377,8.31936607923102,-0.0581046338667578,-0.483393720037243,8,15,graph_h_0.500,dense_465_recomputed
200206,2002,6,confirmatory,6.845239920109,7.10807213664471,-0.0369765826067967,-0.262832216535713,8,14,graph_h_0.500,dense_465_recomputed
200207,2002,7,confirmatory,8.88440321958453,6.79008780162463,0.308437162986141,2.0943154179599,8,15,graph_h_0.500,dense_465_recomputed
200208,2002,8,confirmatory,6.96779120974219,8.53020337598536,-0.183162358196729,-1.56241216624318,8,15,graph_h_0.500,dense_465_recomputed
200306,2003,6,confirmatory,6.9325371947913,8.15358249310254,-0.149755680934629,-1.22104529831124,8,14,graph_h_0.500,dense_465_recomputed
200307,2003,7,confirmatory,7.61254906898585,7.59530155114814,0.00227081409757912,0.0172475178377116,8,15,graph_h_0.500,dense_465_recomputed
200308,2003,8,confirmatory,8.12856633252,7.77296993654181,0.0457478156845148,0.35559639597819,8,15,graph_h_0.500,dense_465_recomputed
200406,2004,6,confirmatory,8.86555518459876,7.89954013233956,0.12228750485164,0.9660150522592,8,14,graph_h_0.500,dense_465_recomputed
200407,2004,7,confirmatory,8.00017853519446,8.06484275104043,-0.00801803802530765,-0.0646642158459692,8,15,graph_h_0.500,dense_465_recomputed
200408,2004,8,confirmatory,6.25456801845959,7.4175151323217,-0.156783921989533,-1.1629471138621,8,15,graph_h_0.500,dense_465_recomputed
200506,2005,6,confirmatory,8.74444996408034,9.55784460523203,-0.0851023086006679,-0.813394641151685,8,14,graph_h_0.500,dense_465_recomputed
200507,2005,7,confirmatory,6.1205321196072,7.49917144964898,-0.183838886642111,-1.37863933004178,8,15,graph_h_0.500,dense_465_recomputed
200508,2005,8,confirmatory,6.99232282755078,7.28547932536994,-0.0402384640360326,-0.293156497819157,8,15,graph_h_0.500,dense_465_recomputed
200606,2006,6,confirmatory,8.69014900701331,8.36788954858821,0.0385114378666089,0.322259458425101,8,14,graph_h_0.500,dense_465_recomputed
200607,2006,7,confirmatory,6.49776663068912,7.02812059180598,-0.0754617047600459,-0.530353961116862,8,15,graph_h_0.500,dense_465_recomputed
200608,2006,8,confirmatory,5.52680869787245,7.21224547325063,-0.233690988698217,-1.68543677537818,8,15,graph_h_0.500,dense_465_recomputed
200706,2007,6,confirmatory,8.72164041282859,7.71998724907568,0.129748033440449,1.00165316375291,8,14,graph_h_0.500,dense_465_recomputed
200707,2007,7,confirmatory,7.0530054087377,7.37086387459748,-0.043123638052146,-0.31785846585978,8,15,graph_h_0.500,dense_465_recomputed
200708,2007,8,confirmatory,8.0710680592085,8.56119033618398,-0.0572493143744237,-0.490122276975475,8,15,graph_h_0.500,dense_465_recomputed
200806,2008,6,confirmatory,7.83760974065614,6.987315402117,0.121691134520924,0.850294338539143,8,14,graph_h_0.500,dense_465_recomputed
200807,2008,7,confirmatory,7.40633897706674,7.9482370325657,-0.0681783964517769,-0.541898055498959,8,15,graph_h_0.500,dense_465_recomputed
200808,2008,8,confirmatory,7.18414530295777,8.57703365986835,-0.162397445567675,-1.39288835691059,8,15,graph_h_0.500,dense_465_recomputed
200906,2009,6,confirmatory,10.383278335514,11.4111949033956,-0.0900796609455615,-1.0279165678816,8,14,graph_h_0.500,dense_465_recomputed
200907,2009,7,confirmatory,7.52489939079856,8.10554588735919,-0.0716357053096413,-0.580646496560638,8,15,graph_h_0.500,dense_465_recomputed
200908,2009,8,confirmatory,7.24073735473808,9.09011058701503,-0.203448925573989,-1.84937323227695,8,15,graph_h_0.500,dense_465_recomputed
201006,2010,6,confirmatory,8.06996587481044,6.77187728148213,0.191688144863162,1.2980885933283,8,14,graph_h_0.500,dense_465_recomputed
201007,2010,7,confirmatory,6.16319293613764,7.07310363918672,-0.128643767922183,-0.909910703049081,8,15,graph_h_0.500,dense_465_recomputed
201008,2010,8,confirmatory,9.10684051083797,10.3515462321651,-0.120243458649638,-1.24470572132716,8,15,graph_h_0.500,dense_465_recomputed
201106,2011,6,confirmatory,7.15109749340963,7.7015212497265,-0.071469484854881,-0.550423756316873,8,14,graph_h_0.500,dense_465_recomputed
201107,2011,7,confirmatory,7.70331377186322,7.81405667992829,-0.0141722683365644,-0.110742908065067,8,15,graph_h_0.500,dense_465_recomputed
201108,2011,8,confirmatory,7.04273297663124,7.55136372381362,-0.067356144636284,-0.508630747182379,8,15,graph_h_0.500,dense_465_recomputed
201206,2012,6,confirmatory,5.7469711377615,8.45855316776717,-0.320572794924153,-2.71158203000567,8,14,graph_h_0.500,dense_465_recomputed
201207,2012,7,confirmatory,5.78692759245604,8.0807897044037,-0.283866081887715,-2.29386211194767,8,15,graph_h_0.500,dense_465_recomputed
201208,2012,8,confirmatory,5.33007183208452,7.60110277543506,-0.298776507889087,-2.27103094335053,8,15,graph_h_0.500,dense_465_recomputed
201306,2013,6,confirmatory,7.48909652909311,6.54535022698998,0.144185760788103,0.943746302103129,8,14,graph_h_0.500,dense_465_recomputed
201307,2013,7,confirmatory,7.03870540327777,7.04781450130168,-0.00129247130755661,-0.00910909802391391,8,15,graph_h_0.500,dense_465_recomputed
201308,2013,8,confirmatory,6.60484163397796,8.22415546693428,-0.196897278932392,-1.61931383295632,8,15,graph_h_0.500,dense_465_recomputed
201406,2014,6,confirmatory,7.35913918300301,7.34237815173307,0.00228277962855716,0.0167610312699393,8,14,graph_h_0.500,dense_465_recomputed
201407,2014,7,confirmatory,6.93909877502732,7.08788769932605,-0.0209919979845163,-0.148788924298731,8,15,graph_h_0.500,dense_465_recomputed
201408,2014,8,confirmatory,7.52935717108663,7.45519404682901,0.00994784626553913,0.074163124257618,8,15,graph_h_0.500,dense_465_recomputed
201506,2015,6,discovery,6.81730181258334,9.03469289526924,-0.245430708978163,-2.21739108268591,8,14,graph_h_0.500,dense_465_recomputed
201507,2015,7,discovery,6.59052865785927,8.46143007453629,-0.221109363334136,-1.87090141667703,8,15,graph_h_0.500,dense_465_recomputed
201508,2015,8,discovery,7.78499795642876,9.38670749597473,-0.170635927478599,-1.60170953954597,8,15,graph_h_0.500,dense_465_recomputed
201606,2016,6,confirmatory,9.46252659871514,8.35088001560191,0.133117297941816,1.11164658311324,8,14,graph_h_0.500,dense_465_recomputed
201607,2016,7,confirmatory,6.88264353454572,7.72363183413726,-0.108885083811802,-0.840988299591538,8,15,graph_h_0.500,dense_465_recomputed
201608,2016,8,confirmatory,7.04477068063667,5.7584459240108,0.223380539402537,1.28632475662587,8,15,graph_h_0.500,dense_465_recomputed
201706,2017,6,confirmatory,7.26563463413128,8.10005517673674,-0.10301418007644,-0.834420542605456,8,14,graph_h_0.500,dense_465_recomputed
201707,2017,7,confirmatory,6.37046474727592,7.67127565770153,-0.169569048026539,-1.30081091042561,8,15,graph_h_0.500,dense_465_recomputed
201708,2017,8,confirmatory,8.38319803899326,7.65215448172621,0.0955343438260199,0.73104355726705,8,15,graph_h_0.500,dense_465_recomputed
201806,2018,6,confirmatory,7.68696700427434,7.75345629096985,-0.00857543838519437,-0.0664892866955098,8,14,graph_h_0.500,dense_465_recomputed
201807,2018,7,confirmatory,4.43861495270927,5.84839574751206,-0.241054274653443,-1.4097807948028,8,15,graph_h_0.500,dense_465_recomputed
201808,2018,8,confirmatory,5.33134487600304,6.01992737667657,-0.114383855084591,-0.688582500673535,8,15,graph_h_0.500,dense_465_recomputed
201906,2019,6,confirmatory,7.36982365839126,8.10290860985508,-0.090471827680768,-0.733084951463821,8,14,graph_h_0.500,dense_465_recomputed
201907,2019,7,confirmatory,8.23081373988918,7.30168373055023,0.127248733802517,0.929130009338956,8,15,graph_h_0.500,dense_465_recomputed
201908,2019,8,confirmatory,7.2312512248382,7.78508290817197,-0.0711401137105958,-0.55383168333377,8,15,graph_h_0.500,dense_465_recomputed
202006,2020,6,confirmatory,8.30356671041658,9.04070670219269,-0.0815356604365145,-0.737139991776104,8,14,graph_h_0.500,dense_465_recomputed
202007,2020,7,confirmatory,5.69533114604366,6.31867242613336,-0.0986506718581613,-0.623341280089694,8,15,graph_h_0.500,dense_465_recomputed
202008,2020,8,confirmatory,7.82969713449366,8.870635302907,-0.117346518357283,-1.04093816841334,8,15,graph_h_0.500,dense_465_recomputed
202106,2021,6,confirmatory,7.07589636685536,8.59640476473668,-0.176877245720048,-1.52050839788132,8,14,graph_h_0.500,dense_465_recomputed
202107,2021,7,confirmatory,6.53325360698156,6.22071280829687,0.0502419591317329,0.312540798684698,8,15,graph_h_0.500,dense_465_recomputed
202108,2021,8,confirmatory,9.25084499545846,8.52995231664627,0.0845130959765581,0.72089267881219,8,15,graph_h_0.500,dense_465_recomputed
202206,2022,6,discovery,7.65410910988584,8.25317934087584,-0.072586600417486,-0.599070230990005,8,14,graph_h_0.500,dense_465_recomputed
202207,2022,7,discovery,7.66590601532617,7.31487564618337,0.0479885627756302,0.351030369142799,8,15,graph_h_0.500,dense_465_recomputed
202208,2022,8,discovery,5.3162430298701,7.18274113480203,-0.259858746111331,-1.86649810493194,8,15,graph_h_0.500,dense_465_recomputed
202306,2023,6,confirmatory,8.47306980291768,8.58646505359213,-0.0132062787150125,-0.113395250674452,8,14,graph_h_0.500,dense_465_recomputed
202307,2023,7,confirmatory,6.45400913015913,9.01242071895208,-0.283876182501434,-2.55841158879294,8,15,graph_h_0.500,dense_465_recomputed
202308,2023,8,confirmatory,5.23615517404038,8.25390699177414,-0.36561495310539,-3.01775181773376,8,15,graph_h_0.500,dense_465_recomputed
202406,2024,6,confirmatory,7.53672419837631,8.75323170807445,-0.138978099777248,-1.21650750969814,8,14,graph_h_0.500,dense_465_recomputed
202407,2024,7,confirmatory,8.04412515138708,7.53774621427768,0.0671790907672436,0.506378937109407,8,15,graph_h_0.500,dense_465_recomputed
202408,2024,8,confirmatory,7.21196485287726,7.34735719207525,-0.0184273522653867,-0.135392339197994,8,15,graph_h_0.500,dense_465_recomputed
202506,2025,6,confirmatory,7.04649303702682,8.30446556041904,-0.151481454675182,-1.25797252339222,8,14,graph_h_0.500,dense_465_recomputed
202507,2025,7,confirmatory,4.69421988693191,6.22758827125769,-0.246221862707715,-1.53336838432579,8,15,graph_h_0.500,dense_465_recomputed
202508,2025,8,confirmatory,5.79397349601522,7.11968400138058,-0.18620355975185,-1.32571050536536,8,15,graph_h_0.500,dense_465_recomputed
199106,1991,6,confirmatory,14.9656627873198,13.1373228521714,0.139171424476809,1.82833993514843,8,14,graph_h_1.000,dense_465_recomputed
199107,1991,7,confirmatory,9.62328775000809,12.1552210991583,-0.208300065337808,-2.53193334915017,8,15,graph_h_1.000,dense_465_recomputed
199108,1991,8,confirmatory,10.8606633301935,9.50569304145889,0.14254303003736,1.3549702887346,8,15,graph_h_1.000,dense_465_recomputed
199206,1992,6,confirmatory,12.6186775816973,11.9959050308597,0.0519154285762999,0.62277255083767,8,14,graph_h_1.000,dense_465_recomputed
199207,1992,7,confirmatory,10.9790600693911,12.8250124752659,-0.143933770780721,-1.84595240587482,8,15,graph_h_1.000,dense_465_recomputed
199208,1992,8,confirmatory,9.65211367130348,9.80014415538567,-0.0151049292474779,-0.148030484082184,8,15,graph_h_1.000,dense_465_recomputed
199306,1993,6,confirmatory,15.0933607706538,15.9812974514122,-0.0555609883026073,-0.887936680758397,8,14,graph_h_1.000,dense_465_recomputed
199307,1993,7,confirmatory,11.5493232523952,11.2836484499146,0.0235451151867978,0.265674802480573,8,15,graph_h_1.000,dense_465_recomputed
199308,1993,8,confirmatory,11.4273406430909,13.760473376955,-0.169553231923793,-2.33313273386403,8,15,graph_h_1.000,dense_465_recomputed
199406,1994,6,confirmatory,13.4731124817557,10.7064480352466,0.258411047006526,2.76666444650904,8,14,graph_h_1.000,dense_465_recomputed
199407,1994,7,confirmatory,8.54886849084909,12.0673426042297,-0.29156991963975,-3.51847411338057,8,15,graph_h_1.000,dense_465_recomputed
199408,1994,8,confirmatory,9.6616601658998,10.7452546513917,-0.100844002366343,-1.0835944854919,8,15,graph_h_1.000,dense_465_recomputed
199506,1995,6,confirmatory,16.3659610611145,15.4018428843426,0.062597585497512,0.964118176771882,8,14,graph_h_1.000,dense_465_recomputed
199507,1995,7,confirmatory,9.78586318099034,12.9529370989883,-0.244506237758643,-3.16707391799799,8,15,graph_h_1.000,dense_465_recomputed
199508,1995,8,confirmatory,9.23943489144387,11.4410286342441,-0.192429703061019,-2.20159374280021,8,15,graph_h_1.000,dense_465_recomputed
199606,1996,6,confirmatory,14.3682040750982,16.5319869879415,-0.130884624723059,-2.16378291284321,8,14,graph_h_1.000,dense_465_recomputed
199607,1996,7,confirmatory,9.32290450408359,10.6586158976015,-0.125317527749404,-1.33571139351791,8,15,graph_h_1.000,dense_465_recomputed
199608,1996,8,confirmatory,9.92267072413233,11.6835690988286,-0.150715792391972,-1.76089837469631,8,15,graph_h_1.000,dense_465_recomputed
199706,1997,6,confirmatory,9.31677893327528,12.8105285219946,-0.272724859299978,-3.49374958871934,8,14,graph_h_1.000,dense_465_recomputed
199707,1997,7,confirmatory,9.32053429711054,9.98127019286157,-0.0661975763589265,-0.660735895751031,8,15,graph_h_1.000,dense_465_recomputed
199708,1997,8,confirmatory,10.3206978835243,12.0449270029198,-0.143149818921906,-1.72422911939555,8,15,graph_h_1.000,dense_465_recomputed
199806,1998,6,confirmatory,10.3759904757793,13.867425405701,-0.251772396661774,-3.49143492992172,8,14,graph_h_1.000,dense_465_recomputed
199807,1998,7,confirmatory,11.8851214925849,10.7417233076821,0.106444576177557,1.1433981849028,8,15,graph_h_1.000,dense_465_recomputed
199808,1998,8,confirmatory,13.8533256384258,12.8137064175735,0.0811333728878472,1.03961922085239,8,15,graph_h_1.000,dense_465_recomputed
199906,1999,6,confirmatory,11.2290321190099,14.1870908615332,-0.208503545328224,-2.95805874252333,8,14,graph_h_1.000,dense_465_recomputed
199907,1999,7,confirmatory,8.04647123756204,8.26351368358588,-0.0262651523715582,-0.217042446023839,8,15,graph_h_1.000,dense_465_recomputed
199908,1999,8,confirmatory,8.99406537066647,12.0711316221211,-0.254911167219461,-3.07706625145464,8,15,graph_h_1.000,dense_465_recomputed
200006,2000,6,confirmatory,11.9802513973587,13.1144476952654,-0.0864844882728944,-1.13419629790666,8,14,graph_h_1.000,dense_465_recomputed
200007,2000,7,confirmatory,7.0161118376034,11.7419594369647,-0.402475210779892,-4.72584759936132,8,15,graph_h_1.000,dense_465_recomputed
200008,2000,8,confirmatory,10.0136108613301,12.5210137708028,-0.200255582764359,-2.50740290947268,8,15,graph_h_1.000,dense_465_recomputed
200106,2001,6,confirmatory,13.0841585874841,13.5756175803327,-0.0362015937721019,-0.49145899284861,8,14,graph_h_1.000,dense_465_recomputed
200107,2001,7,confirmatory,13.2920778431876,13.8432382816008,-0.0398144153269178,-0.55116043841314,8,15,graph_h_1.000,dense_465_recomputed
200108,2001,8,confirmatory,11.9250372768491,13.153021768924,-0.0933613973768547,-1.22798449207494,8,15,graph_h_1.000,dense_465_recomputed
200206,2002,6,confirmatory,11.6118103965853,12.0537309448716,-0.0366625528898452,-0.441920548286319,8,14,graph_h_1.000,dense_465_recomputed
200207,2002,7,confirmatory,13.6410955230937,10.3771535015246,0.314531535173842,3.26394202156913,8,15,graph_h_1.000,dense_465_recomputed
200208,2002,8,confirmatory,10.2570297685199,13.4046175692449,-0.234813696434486,-3.14758780072505,8,15,graph_h_1.000,dense_465_recomputed
200306,2003,6,confirmatory,11.4105470211232,13.2997533128465,-0.142048220540942,-1.88920629172334,8,14,graph_h_1.000,dense_465_recomputed
200307,2003,7,confirmatory,10.6756023424814,11.9963339802,-0.110094603893026,-1.32073163771857,8,15,graph_h_1.000,dense_465_recomputed
200308,2003,8,confirmatory,12.1541551544492,12.5244720710962,-0.0295674671590828,-0.370316916646985,8,15,graph_h_1.000,dense_465_recomputed
200406,2004,6,confirmatory,14.170156928916,12.5735388722268,0.126982393176192,1.59661805668923,8,14,graph_h_1.000,dense_465_recomputed
200407,2004,7,confirmatory,11.317631398269,12.3494296264091,-0.0835502739279227,-1.03179822814008,8,15,graph_h_1.000,dense_465_recomputed
200408,2004,8,confirmatory,8.88597717569095,12.2522849847233,-0.274749388642983,-3.36630780903232,8,15,graph_h_1.000,dense_465_recomputed
200506,2005,6,confirmatory,14.2203067438756,15.9247725784382,-0.107032350142972,-1.70446583456259,8,14,graph_h_1.000,dense_465_recomputed
200507,2005,7,confirmatory,8.66759443834818,11.4046718110439,-0.239996154036208,-2.73707737269569,8,15,graph_h_1.000,dense_465_recomputed
200508,2005,8,confirmatory,9.95909959991495,11.4366745762066,-0.129196207030818,-1.47757497629168,8,15,graph_h_1.000,dense_465_recomputed
200606,2006,6,confirmatory,14.309032505654,14.3750742341986,-0.00459418347819618,-0.0660417285445991,8,14,graph_h_1.000,dense_465_recomputed
200607,2006,7,confirmatory,9.40789359364826,10.8382694710118,-0.131974563023112,-1.43037587736351,8,15,graph_h_1.000,dense_465_recomputed
200608,2006,8,confirmatory,7.96939154576871,11.0201396474456,-0.276833887707045,-3.05074810167692,8,15,graph_h_1.000,dense_465_recomputed
200706,2007,6,confirmatory,13.7946168766193,13.3696552218756,0.0317855358041184,0.424961654743646,8,14,graph_h_1.000,dense_465_recomputed
200707,2007,7,confirmatory,10.1489503832491,11.5104551631667,-0.118284182564249,-1.36150477991762,8,15,graph_h_1.000,dense_465_recomputed
200708,2007,8,confirmatory,11.5526653401303,13.4360834805383,-0.140176126706568,-1.88341814040797,8,15,graph_h_1.000,dense_465_recomputed
200806,2008,6,confirmatory,12.612051718318,11.4540702298283,0.101097816344283,1.1579814884897,8,14,graph_h_1.000,dense_465_recomputed
200807,2008,7,confirmatory,10.8118203389547,12.3803534129433,-0.126695339112756,-1.56853307398861,8,15,graph_h_1.000,dense_465_recomputed
200808,2008,8,confirmatory,10.419099388175,13.5150431787,-0.229073910426289,-3.09594379052495,8,15,graph_h_1.000,dense_465_recomputed
200906,2009,6,confirmatory,17.6376285191037,19.9590091845542,-0.116307410051544,-2.32138066545048,8,14,graph_h_1.000,dense_465_recomputed
200907,2009,7,confirmatory,11.0502198860509,12.9434122520152,-0.146266867585057,-1.8931923659643,8,15,graph_h_1.000,dense_465_recomputed
200908,2009,8,confirmatory,11.4171747088226,14.6506751582993,-0.220706582771031,-3.23350044947667,8,15,graph_h_1.000,dense_465_recomputed
201006,2010,6,confirmatory,13.2119599052457,10.8562282682916,0.216993561551641,2.35573163695418,8,14,graph_h_1.000,dense_465_recomputed
201007,2010,7,confirmatory,8.48373869608113,11.1449465929516,-0.238781574651373,-2.66120789687042,8,15,graph_h_1.000,dense_465_recomputed
201008,2010,8,confirmatory,13.6907134577892,16.671116084469,-0.178776430538828,-2.98040262667981,8,15,graph_h_1.000,dense_465_recomputed
201106,2011,6,confirmatory,11.5043591545704,13.3605756562419,-0.138932374579556,-1.85621650167149,8,14,graph_h_1.000,dense_465_recomputed
201107,2011,7,confirmatory,11.6275693819367,12.4287255920283,-0.0644600449305458,-0.801156210091566,8,15,graph_h_1.000,dense_465_recomputed
201108,2011,8,confirmatory,10.2406710778639,11.8486700595043,-0.135711347650415,-1.60799898164046,8,15,graph_h_1.000,dense_465_recomputed
201206,2012,6,confirmatory,9.40341545940296,14.8057911031013,-0.364882606142316,-5.40237564369831,8,14,graph_h_1.000,dense_465_recomputed
201207,2012,7,confirmatory,8.21035295767324,12.2351039004789,-0.328951104587521,-4.02475094280561,8,15,graph_h_1.000,dense_465_recomputed
201208,2012,8,confirmatory,7.72955963149914,12.1226489591976,-0.362386912504414,-4.39308932769846,8,15,graph_h_1.000,dense_465_recomputed
201306,2013,6,confirmatory,12.3859900669666,10.9393936284811,0.13223735132075,1.44659643848543,8,14,graph_h_1.000,dense_465_recomputed
201307,2013,7,confirmatory,9.95277299919052,10.3519502535776,-0.038560584682984,-0.399177254387118,8,15,graph_h_1.000,dense_465_recomputed
201308,2013,8,confirmatory,8.92701794144609,12.3753522393725,-0.278645345298171,-3.44833429792645,8,15,graph_h_1.000,dense_465_recomputed
201406,2014,6,confirmatory,12.5571634105419,12.5490318718629,0.000647981355215155,0.00813153867896865,8,14,graph_h_1.000,dense_465_recomputed
201407,2014,7,confirmatory,10.4359862556237,11.5387834163591,-0.0955730878154708,-1.10279716073538,8,15,graph_h_1.000,dense_465_recomputed
201408,2014,8,confirmatory,12.4328742808989,12.4660762278836,-0.0026633839211091,-0.0332019469846649,8,15,graph_h_1.000,dense_465_recomputed
201506,2015,6,discovery,11.785310172591,16.5001377334577,-0.285744739651858,-4.71482756086667,8,14,graph_h_1.000,dense_465_recomputed
201507,2015,7,discovery,9.66415904382416,13.5906139394953,-0.288909309995228,-3.9264548956711,8,15,graph_h_1.000,dense_465_recomputed
201508,2015,8,discovery,11.3640167207627,15.1900264793704,-0.251876437727334,-3.82600975860769,8,15,graph_h_1.000,dense_465_recomputed
201606,2016,6,confirmatory,15.57759804866,14.5174032784751,0.0730292291154355,1.06019477018493,8,14,graph_h_1.000,dense_465_recomputed
201607,2016,7,confirmatory,9.94844360535438,11.878783868867,-0.162503189284541,-1.93034026351265,8,15,graph_h_1.000,dense_465_recomputed
201608,2016,8,confirmatory,10.1406651503609,8.37855230628955,0.21031232838978,1.76211284407131,8,15,graph_h_1.000,dense_465_recomputed
201706,2017,6,confirmatory,11.9273193463987,14.0901471716927,-0.153499306922725,-2.16282782529403,8,14,graph_h_1.000,dense_465_recomputed
201707,2017,7,confirmatory,8.83921686384205,11.5556035109855,-0.235070945845546,-2.71638664714349,8,15,graph_h_1.000,dense_465_recomputed
201708,2017,8,confirmatory,13.0657950244534,12.0802353448711,0.0815844767462077,0.98555967958235,8,15,graph_h_1.000,dense_465_recomputed
201806,2018,6,confirmatory,12.2710210877187,12.8121133391709,-0.0422328648777929,-0.541092251452172,8,14,graph_h_1.000,dense_465_recomputed
201807,2018,7,confirmatory,5.82750898231064,8.48287102742661,-0.313026337018531,-2.65536204511597,8,15,graph_h_1.000,dense_465_recomputed
201808,2018,8,confirmatory,7.07258447730771,8.89325190398892,-0.204724598643673,-1.82066742668121,8,15,graph_h_1.000,dense_465_recomputed
201906,2019,6,confirmatory,12.8748980971311,14.2645125107937,-0.097417588761702,-1.38961441366266,8,14,graph_h_1.000,dense_465_recomputed
201907,2019,7,confirmatory,12.5578102546065,11.5907857922909,0.0834304489484021,0.967024462315591,8,15,graph_h_1.000,dense_465_recomputed
201908,2019,8,confirmatory,10.9873462595467,12.542979574419,-0.124024224518789,-1.55563331487232,8,15,graph_h_1.000,dense_465_recomputed
202006,2020,6,confirmatory,14.1210216982212,16.2479138005097,-0.130902473289941,-2.12689210228848,8,14,graph_h_1.000,dense_465_recomputed
202007,2020,7,confirmatory,8.92478532308609,10.3993030663098,-0.141790053989351,-1.47451774322369,8,15,graph_h_1.000,dense_465_recomputed
202008,2020,8,confirmatory,11.4868188336542,13.4297084246819,-0.144671018132969,-1.94288959102763,8,15,graph_h_1.000,dense_465_recomputed
202106,2021,6,confirmatory,11.6278774697866,14.698563288103,-0.208910609705764,-3.07068581831635,8,14,graph_h_1.000,dense_465_recomputed
202107,2021,7,confirmatory,9.42953189752945,9.13730217010554,0.0319820579404713,0.29222972742391,8,15,graph_h_1.000,dense_465_recomputed
202108,2021,8,confirmatory,14.9617950368027,14.063509727702,0.0638734801264622,0.898285309100682,8,15,graph_h_1.000,dense_465_recomputed
202206,2022,6,discovery,11.7466837328773,13.8613242259713,-0.152556888405497,-2.11464049309391,8,14,graph_h_1.000,dense_465_recomputed
202207,2022,7,discovery,11.3740064566287,11.3555474940352,0.00162554580510377,0.018458962593586,8,15,graph_h_1.000,dense_465_recomputed
202208,2022,8,discovery,6.89320304109126,10.8857307686663,-0.366767083663985,-3.99252772757505,8,15,graph_h_1.000,dense_465_recomputed
202306,2023,6,confirmatory,14.5603772875411,14.5777189685087,-0.00118960181665317,-0.017341680967597,8,14,graph_h_1.000,dense_465_recomputed
202307,2023,7,confirmatory,9.30303581865524,14.1638802835009,-0.343185932636546,-4.86084446484563,8,15,graph_h_1.000,dense_465_recomputed
202308,2023,8,confirmatory,7.61321553324895,13.1732963979899,-0.422072099249916,-5.56008086474095,8,15,graph_h_1.000,dense_465_recomputed
202406,2024,6,confirmatory,13.0263866664088,15.4701780858797,-0.15796789189528,-2.44379141947099,8,14,graph_h_1.000,dense_465_recomputed
202407,2024,7,confirmatory,11.4432261233872,11.4782951476122,-0.00305524677436986,-0.0350690242250078,8,15,graph_h_1.000,dense_465_recomputed
202408,2024,8,confirmatory,10.4884877107403,10.9746846728348,-0.0443016794184494,-0.486196962094496,8,15,graph_h_1.000,dense_465_recomputed
202506,2025,6,confirmatory,11.5977381895356,14.5866545158328,-0.204907597081494,-2.98891632629723,8,14,graph_h_1.000,dense_465_recomputed
202507,2025,7,confirmatory,6.71737345685851,9.1699563837225,-0.267458516075119,-2.45258292686399,8,15,graph_h_1.000,dense_465_recomputed
202508,2025,8,confirmatory,8.08689048433827,10.6352763933809,-0.239616331046055,-2.54838590904265,8,15,graph_h_1.000,dense_465_recomputed
199106,1991,6,confirmatory,18.2514330541642,16.5183380332947,0.10491945481296,1.73309502086947,8,14,graph_h_2.000,dense_465_recomputed
199107,1991,7,confirmatory,10.9783614554822,14.4543705430015,-0.24048152613621,-3.47600908751928,8,15,graph_h_2.000,dense_465_recomputed
199108,1991,8,confirmatory,12.6823093860595,11.3392379086635,0.118444598147981,1.343071477396,8,15,graph_h_2.000,dense_465_recomputed
199206,1992,6,confirmatory,16.1528452980699,15.3620659466532,0.0514761070654695,0.790779351416722,8,14,graph_h_2.000,dense_465_recomputed
199207,1992,7,confirmatory,12.643526625517,15.0848157272654,-0.161837515677166,-2.44128910174847,8,15,graph_h_2.000,dense_465_recomputed
199208,1992,8,confirmatory,11.0794719798174,12.0418087794646,-0.0799162997246985,-0.962336799647201,8,15,graph_h_2.000,dense_465_recomputed
199306,1993,6,confirmatory,18.5863154783745,19.9865785292905,-0.0700601680704862,-1.40026305091606,8,14,graph_h_2.000,dense_465_recomputed
199307,1993,7,confirmatory,13.6657317482171,13.9066376269445,-0.0173230859385124,-0.240905878727309,8,15,graph_h_2.000,dense_465_recomputed
199308,1993,8,confirmatory,13.7846400989544,16.9585952138878,-0.187159082158778,-3.17395511493349,8,15,graph_h_2.000,dense_465_recomputed
199406,1994,6,confirmatory,16.2582754615511,13.3929043921588,0.213946951720938,2.86537106939233,8,14,graph_h_2.000,dense_465_recomputed
199407,1994,7,confirmatory,9.46785251895958,13.8708018274289,-0.317425723707097,-4.40294930846935,8,15,graph_h_2.000,dense_465_recomputed
199408,1994,8,confirmatory,11.0226631380781,12.5941454862815,-0.124778798999523,-1.57148234820347,8,15,graph_h_2.000,dense_465_recomputed
199506,1995,6,confirmatory,20.878658936875,19.429930324586,0.0745616987857012,1.44872861228895,8,14,graph_h_2.000,dense_465_recomputed
199507,1995,7,confirmatory,11.1507389223995,15.3522069150454,-0.273671923254791,-4.20146799264599,8,15,graph_h_2.000,dense_465_recomputed
199508,1995,8,confirmatory,10.5855986266951,13.4645082055692,-0.213814684867831,-2.8789095788741,8,15,graph_h_2.000,dense_465_recomputed
199606,1996,6,confirmatory,17.7590203657802,20.7500120021559,-0.144144091871606,-2.99099163637568,8,14,graph_h_2.000,dense_465_recomputed
199607,1996,7,confirmatory,10.5342620852812,12.8329106428839,-0.179121371726946,-2.29864855760269,8,15,graph_h_2.000,dense_465_recomputed
199608,1996,8,confirmatory,11.3655859469253,14.024656186597,-0.189599673909499,-2.65907023967162,8,15,graph_h_2.000,dense_465_recomputed
199706,1997,6,confirmatory,11.6009953594609,16.1416360700971,-0.281299906088694,-4.54064071063617,8,14,graph_h_2.000,dense_465_recomputed
199707,1997,7,confirmatory,10.5336403490475,11.6487771621357,-0.0957299463769468,-1.11513681308825,8,15,graph_h_2.000,dense_465_recomputed
199708,1997,8,confirmatory,12.0576983665333,14.2286949838867,-0.152578758615033,-2.17099661735337,8,15,graph_h_2.000,dense_465_recomputed
199806,1998,6,confirmatory,12.7659418364917,17.8414366993306,-0.284477923407889,-5.07549486283886,8,14,graph_h_2.000,dense_465_recomputed
199807,1998,7,confirmatory,13.7702943950692,12.678607399946,0.0861046454619139,1.09168699512315,8,15,graph_h_2.000,dense_465_recomputed
199808,1998,8,confirmatory,16.1885917426468,15.3169717099574,0.056905506466582,0.871620032689432,8,15,graph_h_2.000,dense_465_recomputed
199906,1999,6,confirmatory,14.1635042258312,18.0369969517809,-0.214752640714243,-3.8734927259497,8,14,graph_h_2.000,dense_465_recomputed
199907,1999,7,confirmatory,9.30023351297103,9.85300444957193,-0.0561017646373754,-0.552770936600897,8,15,graph_h_2.000,dense_465_recomputed
199908,1999,8,confirmatory,10.6953307672629,14.8519024252525,-0.279867961623702,-4.15657165798951,8,15,graph_h_2.000,dense_465_recomputed
200006,2000,6,confirmatory,14.7681903699397,16.5710422310013,-0.108795321134888,-1.80285186106157,8,14,graph_h_2.000,dense_465_recomputed
200007,2000,7,confirmatory,7.8696677287736,13.7910561393616,-0.429364390279546,-5.92138841058798,8,15,graph_h_2.000,dense_465_recomputed
200008,2000,8,confirmatory,11.6170496522095,14.9713221869868,-0.224046513252708,-3.35427253477729,8,15,graph_h_2.000,dense_465_recomputed
200106,2001,6,confirmatory,15.7622839171872,16.8743563729597,-0.0659031035728581,-1.11207245577248,8,14,graph_h_2.000,dense_465_recomputed
200107,2001,7,confirmatory,15.6216801749255,16.5988266997636,-0.0588684093467875,-0.977146524838069,8,15,graph_h_2.000,dense_465_recomputed
200108,2001,8,confirmatory,14.1270912760572,16.0399739803414,-0.119257219907501,-1.91288270428417,8,15,graph_h_2.000,dense_465_recomputed
200206,2002,6,confirmatory,14.7321385052921,15.3510509579615,-0.0403172691149503,-0.61891245266945,8,14,graph_h_2.000,dense_465_recomputed
200207,2002,7,confirmatory,15.9639071616249,12.3157158057049,0.296222437532218,3.64819135591998,8,15,graph_h_2.000,dense_465_recomputed
200208,2002,8,confirmatory,11.9139854790215,16.2532533043953,-0.26697841620424,-4.33926782537378,8,15,graph_h_2.000,dense_465_recomputed
200306,2003,6,confirmatory,14.1344913281015,16.5977819462811,-0.148410831408202,-2.46329061817962,8,14,graph_h_2.000,dense_465_recomputed
200307,2003,7,confirmatory,11.9188196514265,14.3795076031934,-0.171124632335844,-2.46068795176695,8,15,graph_h_2.000,dense_465_recomputed
200308,2003,8,confirmatory,14.2535931734946,15.2045830501372,-0.0625462647352274,-0.950989876642632,8,15,graph_h_2.000,dense_465_recomputed
200406,2004,6,confirmatory,17.1806303386967,15.4269782592953,0.113674372902212,1.75365207940144,8,14,graph_h_2.000,dense_465_recomputed
200407,2004,7,confirmatory,12.7585225410421,14.6328275341812,-0.128089051057345,-1.87430499313906,8,15,graph_h_2.000,dense_465_recomputed
200408,2004,8,confirmatory,10.1629927785619,15.274344460252,-0.334636402563212,-5.11135168169004,8,15,graph_h_2.000,dense_465_recomputed
200506,2005,6,confirmatory,17.2473898865829,19.8239013532556,-0.129969949948808,-2.57651146667275,8,14,graph_h_2.000,dense_465_recomputed
200507,2005,7,confirmatory,9.83955766926024,13.4075528261981,-0.266118299378693,-3.56799515693782,8,15,graph_h_2.000,dense_465_recomputed
200508,2005,8,confirmatory,11.2673041208373,13.7578849954,-0.181029342474915,-2.49058087456276,8,15,graph_h_2.000,dense_465_recomputed
200606,2006,6,confirmatory,17.425764800998,18.2627423588787,-0.0458297851129573,-0.836977557880715,8,14,graph_h_2.000,dense_465_recomputed
200607,2006,7,confirmatory,11.0161892925001,12.8970873443606,-0.145838979115156,-1.88089805186055,8,15,graph_h_2.000,dense_465_recomputed
200608,2006,8,confirmatory,9.2071060332791,12.9383683011063,-0.288387390201915,-3.73126226782724,8,15,graph_h_2.000,dense_465_recomputed
200706,2007,6,confirmatory,16.5807347080692,17.0500973307052,-0.0275284424207186,-0.469362622635966,8,14,graph_h_2.000,dense_465_recomputed
200707,2007,7,confirmatory,11.5880749679653,13.7962692574452,-0.16005734943802,-2.20819428947993,8,15,graph_h_2.000,dense_465_recomputed
200708,2007,8,confirmatory,13.1360901673889,16.1312711497676,-0.185675447059969,-2.99518098237867,8,15,graph_h_2.000,dense_465_recomputed
200806,2008,6,confirmatory,15.3506613131322,14.3095709337561,0.072754828512728,1.04109037937614,8,14,graph_h_2.000,dense_465_recomputed
200807,2008,7,confirmatory,12.5430882191164,14.6163590308094,-0.141845914384207,-2.07327081169302,8,15,graph_h_2.000,dense_465_recomputed
200808,2008,8,confirmatory,11.9465059490042,16.097687198803,-0.257874388943739,-4.15118124979877,8,15,graph_h_2.000,dense_465_recomputed
200906,2009,6,confirmatory,21.8203645812808,25.0831816515934,-0.130079872467268,-3.26281707031258,8,14,graph_h_2.000,dense_465_recomputed
200907,2009,7,confirmatory,12.8950962229679,15.7235991715313,-0.179889026533095,-2.82850294856334,8,15,graph_h_2.000,dense_465_recomputed
200908,2009,8,confirmatory,13.7167491675288,17.7969956863143,-0.229266028418669,-4.08024651878547,8,15,graph_h_2.000,dense_465_recomputed
201006,2010,6,confirmatory,16.1524384184037,13.6553819384755,0.182862441429964,2.49705647992825,8,14,graph_h_2.000,dense_465_recomputed
201007,2010,7,confirmatory,9.5793169238702,13.3693113856513,-0.283484642735506,-3.78999446178108,8,15,graph_h_2.000,dense_465_recomputed
201008,2010,8,confirmatory,16.0601932156784,20.181705675606,-0.204220224304893,-4.12151245992759,8,15,graph_h_2.000,dense_465_recomputed
201106,2011,6,confirmatory,13.8821233253979,17.02784906584,-0.184740053090606,-3.1457257404421,8,14,graph_h_2.000,dense_465_recomputed
201107,2011,7,confirmatory,13.4433658469066,14.9265608077475,-0.0993661554020571,-1.48319496084089,8,15,graph_h_2.000,dense_465_recomputed
201108,2011,8,confirmatory,11.7828429076103,14.0991140156913,-0.164284869638126,-2.31627110808091,8,15,graph_h_2.000,dense_465_recomputed
201206,2012,6,confirmatory,11.6235580474584,18.7809519345249,-0.38109856795433,-7.15739388706655,8,14,graph_h_2.000,dense_465_recomputed
201207,2012,7,confirmatory,9.37139594374801,14.2813004121511,-0.343799536926311,-4.90990446840309,8,15,graph_h_2.000,dense_465_recomputed
201208,2012,8,confirmatory,9.05928798248049,14.7099660062637,-0.384139434542342,-5.65067802378321,8,15,graph_h_2.000,dense_465_recomputed
201306,2013,6,confirmatory,15.2252958554747,13.7467642285076,0.10755488363589,1.47853162696714,8,14,graph_h_2.000,dense_465_recomputed
201307,2013,7,confirmatory,11.2773509864987,11.9951665321109,-0.0598420658596619,-0.717815545612192,8,15,graph_h_2.000,dense_465_recomputed
201308,2013,8,confirmatory,9.98974690337772,14.5652933228912,-0.314140355300806,-4.5755464195135,8,15,graph_h_2.000,dense_465_recomputed
201406,2014,6,confirmatory,16.0593051595259,16.0599880449502,-4.25209173512409e-05,-0.000682885424321711,8,14,graph_h_2.000,dense_465_recomputed
201407,2014,7,confirmatory,12.1698973762743,14.2044683711839,-0.143234575328218,-2.03457099490963,8,15,graph_h_2.000,dense_465_recomputed
201408,2014,8,confirmatory,15.2894899653285,15.5737708179639,-0.0182538227869308,-0.284280852635387,8,15,graph_h_2.000,dense_465_recomputed
201506,2015,6,discovery,14.8915108893577,21.4363169354735,-0.305313924300364,-6.54480604611577,8,14,graph_h_2.000,dense_465_recomputed
201507,2015,7,discovery,11.0795075915155,16.5332559516425,-0.329865355987862,-5.45374836012699,8,15,graph_h_2.000,dense_465_recomputed
201508,2015,8,discovery,13.2950177345345,18.5559136458019,-0.283515865167738,-5.26089591126735,8,15,graph_h_2.000,dense_465_recomputed
201606,2016,6,confirmatory,19.0928693075072,18.6319603908941,0.0247375427460821,0.46090891661305,8,14,graph_h_2.000,dense_465_recomputed
201607,2016,7,confirmatory,11.4507030574105,13.9607842474717,-0.179795142276181,-2.51008119006124,8,15,graph_h_2.000,dense_465_recomputed
201608,2016,8,confirmatory,11.7555413933313,9.79584851633519,0.200053407699007,1.95969287699611,8,15,graph_h_2.000,dense_465_recomputed
201706,2017,6,confirmatory,14.7994056688973,18.2915694419958,-0.190916574117517,-3.49216377309851,8,14,graph_h_2.000,dense_465_recomputed
201707,2017,7,confirmatory,9.91913551836657,13.4641669913529,-0.263293783808759,-3.54503147298629,8,15,graph_h_2.000,dense_465_recomputed
201708,2017,8,confirmatory,15.4147100078803,14.5107375047024,0.0622967993794257,0.903972503177952,8,15,graph_h_2.000,dense_465_recomputed
201806,2018,6,confirmatory,14.8405004954542,16.1456340941092,-0.0808350784520234,-1.30513359865498,8,14,graph_h_2.000,dense_465_recomputed
201807,2018,7,confirmatory,6.39163039319834,9.74885730933809,-0.344371325747478,-3.35722691613975,8,15,graph_h_2.000,dense_465_recomputed
201808,2018,8,confirmatory,7.7863494350614,10.5527369609284,-0.262148818463831,-2.76638752586697,8,15,graph_h_2.000,dense_465_recomputed
201906,2019,6,confirmatory,16.4216836234344,18.4266467670765,-0.108807813433771,-2.00496314364206,8,14,graph_h_2.000,dense_465_recomputed
201907,2019,7,confirmatory,14.6973340972181,13.9779263526794,0.0514674155799104,0.719407744538732,8,15,graph_h_2.000,dense_465_recomputed
201908,2019,8,confirmatory,12.9231509345818,15.472136304294,-0.16474682743099,-2.54898536971229,8,15,graph_h_2.000,dense_465_recomputed
202006,2020,6,confirmatory,17.6875043047596,20.7829400085971,-0.14894118457528,-3.09543570383743,8,14,graph_h_2.000,dense_465_recomputed
202007,2020,7,confirmatory,10.746946233134,12.8795250447129,-0.165578994891145,-2.13257881157889,8,15,graph_h_2.000,dense_465_recomputed
202008,2020,8,confirmatory,13.2502539080557,15.675688703501,-0.154725884222463,-2.42543479544527,8,15,graph_h_2.000,dense_465_recomputed
202106,2021,6,confirmatory,14.2736805442199,18.6031733864408,-0.232728726023513,-4.32949284222089,8,14,graph_h_2.000,dense_465_recomputed
202107,2021,7,confirmatory,10.7559377056897,10.6131447772384,0.0134543466096511,0.142792928451373,8,15,graph_h_2.000,dense_465_recomputed
202108,2021,8,confirmatory,18.2048409817056,17.2923702583565,0.0527672441496594,0.91247072334901,8,15,graph_h_2.000,dense_465_recomputed
202206,2022,6,discovery,13.8607205534244,17.2926514963802,-0.198461811577832,-3.43193094295571,8,14,graph_h_2.000,dense_465_recomputed
202207,2022,7,discovery,13.2965548715889,13.5182479372681,-0.0163995413242832,-0.221693065679135,8,15,graph_h_2.000,dense_465_recomputed
202208,2022,8,discovery,7.50244671183121,12.9641314837038,-0.421291991579848,-5.46168477187258,8,15,graph_h_2.000,dense_465_recomputed
202306,2023,6,confirmatory,18.2425774115268,18.4443227489571,-0.0109380723909557,-0.201745337430243,8,14,graph_h_2.000,dense_465_recomputed
202307,2023,7,confirmatory,10.6248457950846,16.7248461904507,-0.364726845670421,-6.10000039536603,8,15,graph_h_2.000,dense_465_recomputed
202308,2023,8,confirmatory,8.8759617004613,16.0033973592802,-0.445370161023076,-7.12743565881888,8,15,graph_h_2.000,dense_465_recomputed
202406,2024,6,confirmatory,16.4470206425237,19.9183889325711,-0.174279571595821,-3.47136829004744,8,14,graph_h_2.000,dense_465_recomputed
202407,2024,7,confirmatory,12.9458380439882,13.4790923701344,-0.0395615900168217,-0.533254326146125,8,15,graph_h_2.000,dense_465_recomputed
202408,2024,8,confirmatory,12.0974457643425,12.8260428884691,-0.0568060726493944,-0.728597124126624,8,15,graph_h_2.000,dense_465_recomputed
202506,2025,6,confirmatory,14.1409645937748,18.5544841843901,-0.237868083356823,-4.41351959061537,8,14,graph_h_2.000,dense_465_recomputed
202507,2025,7,confirmatory,7.84583292943667,10.6955558972604,-0.266439911604193,-2.84972296782377,8,15,graph_h_2.000,dense_465_recomputed
202508,2025,8,confirmatory,9.16862970392064,12.4487721063741,-0.263491240294612,-3.28014240245349,8,15,graph_h_2.000,dense_465_recomputed
