file,mean_extreme,mean_moderate,relative_effect,absolute_effect,n_extreme,n_moderate,metric,year,month,day_definition,analysis_role
199106,20.6014335704662,18.7523607131204,0.0986048042501684,1.84907285734579,8,14,spatial_variance,1991,6,utc,confirmatory
199107,12.6419663242048,15.9130695941147,-0.205560797089685,-3.27110326990984,8,15,spatial_variance,1991,7,utc,confirmatory
199108,13.5429586146049,12.6411477191075,0.0713393210439475,0.901810895497373,8,15,spatial_variance,1991,8,utc,confirmatory
199206,17.828057556611,17.9101589237412,-0.0045840669242414,-0.0821013671302282,8,14,spatial_variance,1992,6,utc,confirmatory
199207,13.9931668654199,16.5842183173456,-0.156235970990308,-2.59105145192575,8,15,spatial_variance,1992,7,utc,confirmatory
199208,12.8734000410753,13.7303880647937,-0.062415426255569,-0.856988023718477,8,15,spatial_variance,1992,8,utc,confirmatory
199306,21.0335396846034,22.8930451742401,-0.0812257816941287,-1.85950548963665,8,14,spatial_variance,1993,6,utc,confirmatory
199307,15.4024966138198,15.5238012956338,-0.00781410941198202,-0.12130468181395,8,15,spatial_variance,1993,7,utc,confirmatory
199308,16.1483600788238,18.8795158759002,-0.144662385149544,-2.7311557970764,8,15,spatial_variance,1993,8,utc,confirmatory
199406,17.7410648954224,15.0684585348422,0.177364284103803,2.67260636058014,8,14,spatial_variance,1994,6,utc,confirmatory
199407,10.3509465924577,15.0392262610317,-0.311736760070022,-4.68827966857402,8,15,spatial_variance,1994,7,utc,confirmatory
199408,12.5344038215086,13.7135940633915,-0.0859869583737211,-1.17919024188295,8,15,spatial_variance,1994,8,utc,confirmatory
199506,24.478859983929,21.9365679630633,0.115892879193611,2.54229202086574,8,14,spatial_variance,1995,6,utc,confirmatory
199507,12.4749892998725,16.6619231591396,-0.251287550619293,-4.18693385926707,8,15,spatial_variance,1995,7,utc,confirmatory
199508,11.5346484428143,14.7875194494652,-0.219974081370932,-3.25287100665089,8,15,spatial_variance,1995,8,utc,confirmatory
199606,20.2086376658624,23.0273684865049,-0.122407856646512,-2.81873082064249,8,14,spatial_variance,1996,6,utc,confirmatory
199607,11.5543256490692,13.9239405089872,-0.170182776807223,-2.36961485991801,8,15,spatial_variance,1996,7,utc,confirmatory
199608,11.7661704649046,15.8988901152134,-0.259937619567183,-4.13271965030878,8,15,spatial_variance,1996,8,utc,confirmatory
199706,13.0481004654754,19.9756634499843,-0.346800145179373,-6.92756298450884,8,14,spatial_variance,1997,6,utc,confirmatory
199707,11.4733875620875,12.7052764529972,-0.0969588419006102,-1.2318888909097,8,15,spatial_variance,1997,7,utc,confirmatory
199708,13.1840137961315,15.7246040976379,-0.161567838893191,-2.54059030150636,8,15,spatial_variance,1997,8,utc,confirmatory
199806,14.5821360687976,20.6226465885252,-0.292906659375554,-6.04051051972758,8,14,spatial_variance,1998,6,utc,confirmatory
199807,14.881285892804,13.648397428655,0.0903321046000971,1.23288846414896,8,15,spatial_variance,1998,7,utc,confirmatory
199808,17.1378741973301,16.9805387429003,0.00926563384189283,0.157335454429791,8,15,spatial_variance,1998,8,utc,confirmatory
199906,14.6102055142602,21.4766273291804,-0.319716020102967,-6.86642181492019,8,14,spatial_variance,1999,6,utc,confirmatory
199907,10.1922615199351,10.8229464008057,-0.058272937656207,-0.630684880870621,8,15,spatial_variance,1999,7,utc,confirmatory
199908,11.2503728413881,17.1715426315064,-0.344824569183095,-5.92116979011836,8,15,spatial_variance,1999,8,utc,confirmatory
200006,16.5709903534278,18.5007180123822,-0.104305554933751,-1.92972765895437,8,14,spatial_variance,2000,6,utc,confirmatory
200007,8.94791503995718,15.3617888559951,-0.417521284543294,-6.41387381603794,8,15,spatial_variance,2000,7,utc,confirmatory
200008,12.6096819747598,16.9281691312546,-0.255106569588884,-4.31848715649481,8,15,spatial_variance,2000,8,utc,confirmatory
200106,17.6301573267797,18.9823047595938,-0.0712319947413555,-1.3521474328142,8,14,spatial_variance,2001,6,utc,confirmatory
200107,16.1450739002092,17.1702631890274,-0.0597072553595675,-1.02518928881824,8,15,spatial_variance,2001,7,utc,confirmatory
200108,12.8182226734052,19.5868480465882,-0.345569912886621,-6.76862537318296,8,15,spatial_variance,2001,8,utc,confirmatory
200206,16.7995429071341,17.6730156581124,-0.0494240919532761,-0.873472750978234,8,14,spatial_variance,2002,6,utc,confirmatory
200207,17.4552636223743,13.3607094409506,0.306462332671784,4.09455418142366,8,15,spatial_variance,2002,7,utc,confirmatory
200208,13.5464311651537,18.6570990300274,-0.273926179876542,-5.11066786487374,8,15,spatial_variance,2002,8,utc,confirmatory
200306,16.1338678916355,19.0063222033014,-0.15113151723625,-2.87245431166596,8,14,spatial_variance,2003,6,utc,confirmatory
200307,12.9420460934232,15.2404753946594,-0.150810866571896,-2.29842930123624,8,15,spatial_variance,2003,7,utc,confirmatory
200308,15.8477301859762,16.9674161095549,-0.065990361546456,-1.11968592357869,8,15,spatial_variance,2003,8,utc,confirmatory
200406,19.4688993359736,17.3115351465337,0.124620039250064,2.15736418943989,8,14,spatial_variance,2004,6,utc,confirmatory
200407,12.4500247753463,16.9847665205679,-0.2669887595882,-4.53474174522162,8,15,spatial_variance,2004,7,utc,confirmatory
200408,11.4099217401952,17.1531993118678,-0.334822528861945,-5.74327757167253,8,15,spatial_variance,2004,8,utc,confirmatory
200506,19.3158973542074,22.0799970842503,-0.125185692710735,-2.76409973004288,8,14,spatial_variance,2005,6,utc,confirmatory
200507,10.8190082573769,14.8657813461219,-0.272220678787308,-4.046773088745,8,15,spatial_variance,2005,7,utc,confirmatory
200508,12.3722342560009,15.2415546693521,-0.188256413180793,-2.86932041335119,8,15,spatial_variance,2005,8,utc,confirmatory
200606,19.5130690141172,20.7163643668869,-0.058084291792679,-1.20329535276972,8,14,spatial_variance,2006,6,utc,confirmatory
200607,12.8089017905422,14.490568346446,-0.116052491227249,-1.68166655590377,8,15,spatial_variance,2006,7,utc,confirmatory
200608,9.68361182634517,14.6660394659983,-0.339725503344264,-4.98242763965309,8,15,spatial_variance,2006,8,utc,confirmatory
200706,18.7027930616852,19.5259756362223,-0.0421583325654693,-0.82318257453711,8,14,spatial_variance,2007,6,utc,confirmatory
200707,12.3202279278622,15.3950702394599,-0.199729021288677,-3.07484231159777,8,15,spatial_variance,2007,7,utc,confirmatory
200708,14.0958075538755,17.8980691203993,-0.212439763247433,-3.80226156652381,8,15,spatial_variance,2007,8,utc,confirmatory
200806,17.2481232981322,16.2929470740411,0.0586251351428546,0.955176224091041,8,14,spatial_variance,2008,6,utc,confirmatory
200807,13.9615489347553,15.4274139091255,-0.0950168954437112,-1.46586497437024,8,15,spatial_variance,2008,7,utc,confirmatory
200808,13.20078213477,17.7033740128294,-0.254335239982864,-4.50259187805936,8,15,spatial_variance,2008,8,utc,confirmatory
200906,24.8987934354325,28.2584504342659,-0.118890347743891,-3.35965699883339,8,14,spatial_variance,2009,6,utc,confirmatory
200907,14.5355463363163,17.7193136747938,-0.179677802250688,-3.18376733847751,8,15,spatial_variance,2009,7,utc,confirmatory
200908,15.42164824054,19.7902934103934,-0.220746862073256,-4.36864516985339,8,15,spatial_variance,2009,8,utc,confirmatory
201006,17.9716372079238,15.6207779427769,0.150495658651495,2.35085926514695,8,14,spatial_variance,2010,6,utc,confirmatory
201007,9.61736906859575,15.6555930790014,-0.38569116991835,-6.03822401040569,8,15,spatial_variance,2010,7,utc,confirmatory
201008,17.9528675819586,23.1642414158947,-0.224974940485647,-5.21137383393606,8,15,spatial_variance,2010,8,utc,confirmatory
201106,15.2009420337229,19.2735253539378,-0.211304535388636,-4.07258332021492,8,14,spatial_variance,2011,6,utc,confirmatory
201107,14.5137256568882,16.7450593696888,-0.133253257784181,-2.23133371280056,8,15,spatial_variance,2011,7,utc,confirmatory
201108,13.228762392382,15.4787183161546,-0.145358024987402,-2.24995592377256,8,15,spatial_variance,2011,8,utc,confirmatory
201206,12.9928925064535,21.489380892702,-0.395380789640803,-8.4964883862485,8,14,spatial_variance,2012,6,utc,confirmatory
201207,10.3241024867526,15.3421037794775,-0.327073872322339,-5.01800129272488,8,15,spatial_variance,2012,7,utc,confirmatory
201208,9.86039355395032,16.4960319772749,-0.402256641625448,-6.63563842332461,8,15,spatial_variance,2012,8,utc,confirmatory
201306,16.9576241629032,15.4932364041664,0.0945178735117611,1.46438775873681,8,14,spatial_variance,2013,6,utc,confirmatory
201307,12.0965733168498,13.5872762897119,-0.109713156711979,-1.49070297286212,8,15,spatial_variance,2013,7,utc,confirmatory
201308,10.9141591840763,16.1463184875561,-0.324046581114586,-5.2321593034798,8,15,spatial_variance,2013,8,utc,confirmatory
201406,18.1865319171836,18.4438804904419,-0.0139530601161555,-0.257348573258323,8,14,spatial_variance,2014,6,utc,confirmatory
201407,13.2679022863712,15.1338764535685,-0.123297832708112,-1.86597416719732,8,15,spatial_variance,2014,7,utc,confirmatory
201408,18.2659008614119,17.0778296558411,0.06956804403799,1.18807120557084,8,15,spatial_variance,2014,8,utc,confirmatory
201506,16.7592493181671,24.3906584676225,-0.312882457010567,-7.63140914945531,8,14,spatial_variance,2015,6,utc,discovery
201507,13.1081764620566,18.1241989229549,-0.276758298792744,-5.01602246089828,8,15,spatial_variance,2015,7,utc,discovery
201508,13.8137189925593,20.3710498502528,-0.321894595806121,-6.55733085769346,8,15,spatial_variance,2015,8,utc,discovery
201606,21.5458012536667,21.5579949145726,-0.000565621290581131,-0.0121936609059219,8,14,spatial_variance,2016,6,utc,confirmatory
201607,12.8274771230138,15.2999105241098,-0.161597899360249,-2.47243340109591,8,15,spatial_variance,2016,7,utc,confirmatory
201608,12.7789525586822,11.0314058480575,0.158415594049818,1.74754671062467,8,15,spatial_variance,2016,8,utc,confirmatory
201706,16.7216769428149,21.0640972080795,-0.206152688262329,-4.34242026526462,8,14,spatial_variance,2017,6,utc,confirmatory
201707,10.9526127853836,14.6175825422132,-0.250723383722704,-3.66496975682962,8,15,spatial_variance,2017,7,utc,confirmatory
201708,16.9529782238394,16.2265481927556,0.0447679951678324,0.726430031083879,8,15,spatial_variance,2017,8,utc,confirmatory
201806,16.5825321558595,18.4549335834812,-0.101458042054278,-1.87240142762175,8,14,spatial_variance,2018,6,utc,confirmatory
201807,6.70709199994304,10.4532768128783,-0.358374209350317,-3.74618481293526,8,15,spatial_variance,2018,7,utc,confirmatory
201808,8.10058437976079,11.8205424247073,-0.314702820842727,-3.71995804494651,8,15,spatial_variance,2018,8,utc,confirmatory
201906,18.6364693733421,21.3730969713206,-0.128040760852332,-2.73662759797855,8,14,spatial_variance,2019,6,utc,confirmatory
201907,14.5409594474378,16.760454891992,-0.132424534945924,-2.21949544455418,8,15,spatial_variance,2019,7,utc,confirmatory
201908,14.6158398197811,17.6904284529561,-0.173799557277608,-3.07458863317497,8,15,spatial_variance,2019,8,utc,confirmatory
202006,19.6987623412153,22.2797807258504,-0.115845771392194,-2.58101838463508,8,14,spatial_variance,2020,6,utc,confirmatory
202007,11.8446197049601,14.5875366493494,-0.188031537491397,-2.74291694438928,8,15,spatial_variance,2020,7,utc,confirmatory
202008,15.7178294562575,16.4536038298525,-0.0447181286971337,-0.735774373594996,8,15,spatial_variance,2020,8,utc,confirmatory
202106,16.0624312823202,21.3176711084583,-0.246520353907374,-5.25523982613814,8,14,spatial_variance,2021,6,utc,confirmatory
202107,11.2114424201073,11.7876475771775,-0.0488821160708821,-0.576205157070243,8,15,spatial_variance,2021,7,utc,confirmatory
202108,18.636341809103,20.7746990918868,-0.102930842623798,-2.13835728278376,8,15,spatial_variance,2021,8,utc,confirmatory
202206,15.2231386959255,19.5083700379193,-0.219661167676463,-4.28523134199388,8,14,spatial_variance,2022,6,utc,discovery
202207,15.2660676403704,15.1587596810398,0.00707894059860648,0.107307959330631,8,15,spatial_variance,2022,7,utc,discovery
202208,7.85328996441056,14.691593027509,-0.465456880700014,-6.83830306309839,8,15,spatial_variance,2022,8,utc,discovery
202306,20.6347458663695,19.9543521379645,0.0340975103426446,0.680393728405015,8,14,spatial_variance,2023,6,utc,confirmatory
202307,11.4058221308688,18.0068381294398,-0.366583847265161,-6.60101599857104,8,15,spatial_variance,2023,7,utc,confirmatory
202308,9.39690723241613,18.4734761788454,-0.49132977781535,-9.07656894642926,8,15,spatial_variance,2023,8,utc,confirmatory
202406,18.872398027783,22.5644514969622,-0.16362256665872,-3.69205346917915,8,14,spatial_variance,2024,6,utc,confirmatory
202407,14.1970311250843,14.5862831477768,-0.0266861693790623,-0.389252022692535,8,15,spatial_variance,2024,7,utc,confirmatory
202408,13.0981088628008,13.9697042009839,-0.0623918248835722,-0.871595338183088,8,15,spatial_variance,2024,8,utc,confirmatory
202506,15.7795792373667,21.2855194947658,-0.258670701401156,-5.50594025739903,8,14,spatial_variance,2025,6,utc,confirmatory
202507,8.8906633995221,11.689600304423,-0.239438204216606,-2.79893690490094,8,15,spatial_variance,2025,7,utc,confirmatory
202508,10.0959616365359,13.6403295980989,-0.259844744664891,-3.54436796156296,8,15,spatial_variance,2025,8,utc,confirmatory
199106,2.79609876103842,2.58011268631604,0.0837118765656608,0.215986074722384,8,14,graph_h_0.125,1991,6,utc,confirmatory
199107,2.77493092612687,2.53096730739902,0.096391453976767,0.243963618727854,8,15,graph_h_0.125,1991,7,utc,confirmatory
199108,2.64686844787847,2.54916433113301,0.0383279004622004,0.0977041167454575,8,15,graph_h_0.125,1991,8,utc,confirmatory
199206,2.53108842089323,2.45854617284674,0.0295061564625756,0.0725422480464824,8,14,graph_h_0.125,1992,6,utc,confirmatory
199207,2.75175653200124,2.69985807919441,0.0192226595933971,0.0518984528068369,8,15,graph_h_0.125,1992,7,utc,confirmatory
199208,2.59369422226595,2.37483465050714,0.0921578147396831,0.218859571758817,8,15,graph_h_0.125,1992,8,utc,confirmatory
199306,2.63263675954097,2.88246530371646,-0.0866718304825298,-0.249828544175487,8,14,graph_h_0.125,1993,6,utc,confirmatory
199307,2.61647711283009,2.42462300143244,0.0791273988922427,0.191854111397652,8,15,graph_h_0.125,1993,7,utc,confirmatory
199308,2.73016882926537,2.85313181195823,-0.0430975471155912,-0.122962982692862,8,15,graph_h_0.125,1993,8,utc,confirmatory
199406,2.64677702995719,2.42211584153279,0.0927541055518766,0.224661188424404,8,14,graph_h_0.125,1994,6,utc,confirmatory
199407,2.66474247614955,2.75828154184058,-0.0339120805008964,-0.0935390656910347,8,15,graph_h_0.125,1994,7,utc,confirmatory
199408,2.80633856430165,2.65757957083552,0.0559753676234656,0.14875899346613,8,15,graph_h_0.125,1994,8,utc,confirmatory
199506,3.04838380117533,2.78533275592827,0.0944415149993054,0.263051045247057,8,14,graph_h_0.125,1995,6,utc,confirmatory
199507,2.58005484601048,2.53175853225648,0.0190761927485081,0.0482963137540047,8,15,graph_h_0.125,1995,7,utc,confirmatory
199508,2.4302626386701,2.67636226646218,-0.0919530329940707,-0.246099627792082,8,15,graph_h_0.125,1995,8,utc,confirmatory
199606,2.69463766430154,3.09675749834195,-0.129851896461287,-0.402119834040412,8,14,graph_h_0.125,1996,6,utc,confirmatory
199607,2.4407375406157,2.40296496561053,0.0157191534399153,0.0377725750051727,8,15,graph_h_0.125,1996,7,utc,confirmatory
199608,2.55322616510271,2.81684530068135,-0.0935866572136103,-0.263619135578634,8,15,graph_h_0.125,1996,8,utc,confirmatory
199706,2.11361176123467,2.55421427811863,-0.172500216860621,-0.440602516883957,8,14,graph_h_0.125,1997,6,utc,confirmatory
199707,2.49547446734203,2.33263307139851,0.0698101205629793,0.162841395943523,8,15,graph_h_0.125,1997,7,utc,confirmatory
199708,2.57112164996332,2.92268424696056,-0.120287573781823,-0.35156259699724,8,15,graph_h_0.125,1997,8,utc,confirmatory
199806,2.30397108868984,2.64792643298827,-0.12989611041054,-0.343955344298431,8,14,graph_h_0.125,1998,6,utc,confirmatory
199807,2.69019686889784,2.57616390623127,0.0442646379722738,0.114032962666566,8,15,graph_h_0.125,1998,7,utc,confirmatory
199808,2.89564716662222,2.67577082626634,0.0821730838072892,0.219876340355883,8,15,graph_h_0.125,1998,8,utc,confirmatory
199906,2.22450829125276,2.67935092117702,-0.169758513649436,-0.454842629924258,8,14,graph_h_0.125,1999,6,utc,confirmatory
199907,2.25132171700094,2.25210987733005,-0.00034996530899678,-0.00078816032911444,8,15,graph_h_0.125,1999,7,utc,confirmatory
199908,2.20581342188513,2.59947440570208,-0.15143868427919,-0.393660983816954,8,15,graph_h_0.125,1999,8,utc,confirmatory
200006,2.40957936123501,2.40265541232843,0.00288179023552759,0.00692394890658576,8,14,graph_h_0.125,2000,6,utc,confirmatory
200007,2.35276398351101,2.77944528665027,-0.153513114717032,-0.426681303139257,8,15,graph_h_0.125,2000,7,utc,confirmatory
200008,2.31839155743947,2.82885597557468,-0.180449065821213,-0.510464418135209,8,15,graph_h_0.125,2000,8,utc,confirmatory
200106,2.66397469807695,2.6807138101779,-0.00624427420689311,-0.0167391121009559,8,14,graph_h_0.125,2001,6,utc,confirmatory
200107,2.76729396444967,2.86211913709865,-0.0331311060465177,-0.0948251726489833,8,15,graph_h_0.125,2001,7,utc,confirmatory
200108,2.65961723333599,3.1810820080143,-0.163926856762745,-0.521464774678305,8,15,graph_h_0.125,2001,8,utc,confirmatory
200206,2.42226383083052,2.38868208099477,0.0140586937470391,0.0335817498357454,8,14,graph_h_0.125,2002,6,utc,confirmatory
200207,3.17315245395833,2.63837042016326,0.202694068167266,0.534782033795071,8,15,graph_h_0.125,2002,7,utc,confirmatory
200208,2.63947498792757,3.07234746556822,-0.140893073616133,-0.432872477640643,8,15,graph_h_0.125,2002,8,utc,confirmatory
200306,2.44593122698877,2.68433149897927,-0.0888117850128217,-0.238400271990492,8,14,graph_h_0.125,2003,6,utc,confirmatory
200307,2.62767530435523,2.55557757871289,0.0282119103888241,0.0720977256423363,8,15,graph_h_0.125,2003,7,utc,confirmatory
200308,2.81655678451069,2.5854345085885,0.0893939781318906,0.231122275922196,8,15,graph_h_0.125,2003,8,utc,confirmatory
200406,2.94950198781475,2.79267531368262,0.0561564294151078,0.156826674132132,8,14,graph_h_0.125,2004,6,utc,confirmatory
200407,2.76024097457002,2.84926280363051,-0.0312438111876023,-0.0890218290604903,8,15,graph_h_0.125,2004,7,utc,confirmatory
200408,2.46918183074216,2.53295422408189,-0.0251770808700016,-0.0637723933397218,8,15,graph_h_0.125,2004,8,utc,confirmatory
200506,2.63873685784985,2.92221249745661,-0.0970071956962345,-0.283475639606755,8,14,graph_h_0.125,2005,6,utc,confirmatory
200507,2.48648778116828,2.62769024922265,-0.0537363443412496,-0.141202468054372,8,15,graph_h_0.125,2005,7,utc,confirmatory
200508,2.61454755764316,2.6164386124758,-0.000722759106070225,-0.00189105483264074,8,15,graph_h_0.125,2005,8,utc,confirmatory
200606,2.48438226182877,2.64712926784401,-0.0614805661333595,-0.162747006015235,8,14,graph_h_0.125,2006,6,utc,confirmatory
200607,2.70814288972762,2.50478770945164,0.0811865929829623,0.203355180275977,8,15,graph_h_0.125,2006,7,utc,confirmatory
200608,2.25862031425186,2.62590624422438,-0.139870161313014,-0.367285929972514,8,15,graph_h_0.125,2006,8,utc,confirmatory
200706,3.02872730683944,2.65015755163481,0.142848018590859,0.378569755204633,8,14,graph_h_0.125,2007,6,utc,confirmatory
200707,2.52218626822177,2.70064939905519,-0.0660815620479467,-0.178463130833415,8,15,graph_h_0.125,2007,7,utc,confirmatory
200708,2.9022818660801,2.72791794994165,0.0639183140175355,0.174363916138442,8,15,graph_h_0.125,2007,8,utc,confirmatory
200806,2.62902042973949,2.42277583928606,0.0851273927654037,0.206244590453434,8,14,graph_h_0.125,2008,6,utc,confirmatory
200807,2.80051242969247,2.74033556705321,0.0219596692327593,0.0601768626392545,8,15,graph_h_0.125,2008,7,utc,confirmatory
200808,2.86810060076377,2.89922406162359,-0.0107351002193291,-0.0311234608598197,8,15,graph_h_0.125,2008,8,utc,confirmatory
200906,2.95284898931786,3.1967819309063,-0.0763057808948775,-0.24393294158844,8,14,graph_h_0.125,2009,6,utc,confirmatory
200907,2.75981899572477,2.77182590627343,-0.00433176936599455,-0.0120069105486653,8,15,graph_h_0.125,2009,7,utc,confirmatory
200908,2.60478508436068,3.1450690897399,-0.171787642803072,-0.540284005379223,8,15,graph_h_0.125,2009,8,utc,confirmatory
201006,2.5761302295926,2.50582772312836,0.0280556024723346,0.0703025064642446,8,14,graph_h_0.125,2010,6,utc,confirmatory
201007,2.53605140664572,2.6175794939736,-0.0311463653789993,-0.0815280873278779,8,15,graph_h_0.125,2010,7,utc,confirmatory
201008,3.08002674574982,3.149928956017,-0.0221916783658418,-0.0699022102671809,8,15,graph_h_0.125,2010,8,utc,confirmatory
201106,2.38937833372305,2.51060566036582,-0.0482860883158797,-0.121227326642771,8,14,graph_h_0.125,2011,6,utc,confirmatory
201107,2.68248953772396,2.74099630432738,-0.0213450731440457,-0.0585067666034269,8,15,graph_h_0.125,2011,7,utc,confirmatory
201108,2.64248438542441,2.58537976880537,0.0220875158489493,0.0571046166190414,8,15,graph_h_0.125,2011,8,utc,confirmatory
201206,2.10652712625424,2.55011775757718,-0.173949077451384,-0.443590631322941,8,14,graph_h_0.125,2012,6,utc,confirmatory
201207,2.25881801142902,2.5795743154281,-0.124344664963006,-0.320756303999082,8,15,graph_h_0.125,2012,7,utc,confirmatory
201208,2.23267631245171,2.70070458244963,-0.1732985803184,-0.468028269997918,8,15,graph_h_0.125,2012,8,utc,confirmatory
201306,2.47158384768488,2.37405348293356,0.0410817892067037,0.0975303647513175,8,14,graph_h_0.125,2013,6,utc,confirmatory
201307,2.5797564705499,2.6219239490924,-0.0160826474608844,-0.042167478542503,8,15,graph_h_0.125,2013,7,utc,confirmatory
201308,2.80535691062671,2.80667854748584,-0.000470889999251489,-0.0013216368591249,8,15,graph_h_0.125,2013,8,utc,confirmatory
201406,2.4460550422402,2.47175651574119,-0.0103980603822901,-0.0257014735009959,8,14,graph_h_0.125,2014,6,utc,confirmatory
201407,2.39120953092559,2.41657915681798,-0.0104981563797792,-0.0253696258923903,8,15,graph_h_0.125,2014,7,utc,confirmatory
201408,2.60606476144849,2.60079389890823,0.00202663599851904,0.00527086254025599,8,15,graph_h_0.125,2014,8,utc,confirmatory
201506,2.30780179688876,2.56435345268379,-0.100045356667402,-0.256551655795033,8,14,graph_h_0.125,2015,6,utc,discovery
201507,2.4009017111392,2.85283017078755,-0.158414077457542,-0.451928459648352,8,15,graph_h_0.125,2015,7,utc,discovery
201508,2.82803464437721,3.18035017021115,-0.110778847289808,-0.352315525833935,8,15,graph_h_0.125,2015,8,utc,discovery
201606,2.80232808299036,2.71151060754994,0.0334933137224493,0.0908174754404194,8,14,graph_h_0.125,2016,6,utc,confirmatory
201607,2.75197959218637,2.60542597026115,0.0562493901565444,0.146553621925213,8,15,graph_h_0.125,2016,7,utc,confirmatory
201608,2.70459594823275,2.35668341374996,0.147628032027088,0.347912534482786,8,15,graph_h_0.125,2016,8,utc,confirmatory
201706,2.4177071558913,2.5334696526049,-0.0456932636215244,-0.115762496713608,8,14,graph_h_0.125,2017,6,utc,confirmatory
201707,2.47157562947762,2.65630547370346,-0.0695439007503453,-0.184729844225832,8,15,graph_h_0.125,2017,7,utc,confirmatory
201708,2.73408428886799,2.67638872777596,0.0215572425983024,0.0576955610920282,8,15,graph_h_0.125,2017,8,utc,confirmatory
201806,2.46888291093089,2.68914697927333,-0.0819085271426711,-0.220264068342442,8,14,graph_h_0.125,2018,6,utc,confirmatory
201807,2.10611375810567,2.33824034526989,-0.099274049236981,-0.232126587164219,8,15,graph_h_0.125,2018,7,utc,confirmatory
201808,2.23475162868403,2.48391033358898,-0.10030905767236,-0.249158704904946,8,15,graph_h_0.125,2018,8,utc,confirmatory
201906,2.44735188988431,2.6453488763984,-0.0748472113756356,-0.197996986514091,8,14,graph_h_0.125,2019,6,utc,confirmatory
201907,2.68539187500881,2.80917120925198,-0.0440625811041718,-0.12377933424317,8,15,graph_h_0.125,2019,7,utc,confirmatory
201908,2.6947388987077,2.93716014061855,-0.0825359293687676,-0.242421241910852,8,15,graph_h_0.125,2019,8,utc,confirmatory
202006,2.49067919418415,2.67469291967887,-0.0687980755251771,-0.184013725494724,8,14,graph_h_0.125,2020,6,utc,confirmatory
202007,2.30419756054721,2.3127621858288,-0.00370320188304063,-0.0085646252815863,8,15,graph_h_0.125,2020,7,utc,confirmatory
202008,2.84916927966572,2.8245820888791,0.00870471808322626,0.0245871907866229,8,15,graph_h_0.125,2020,8,utc,confirmatory
202106,2.31882899516999,2.78735825295862,-0.16809079252418,-0.468529257788628,8,14,graph_h_0.125,2021,6,utc,confirmatory
202107,2.32499473482833,2.38751079565932,-0.0261846191207364,-0.0625160608309856,8,15,graph_h_0.125,2021,7,utc,confirmatory
202108,2.872544893401,2.91992245942932,-0.0162256247166159,-0.0473775660283184,8,15,graph_h_0.125,2021,8,utc,confirmatory
202206,2.61661404690248,2.65008920398957,-0.0126317095427174,-0.0334751570870875,8,14,graph_h_0.125,2022,6,utc,discovery
202207,3.09646218831124,2.56863467834306,0.205489521113473,0.527827509968176,8,15,graph_h_0.125,2022,7,utc,discovery
202208,2.31810913635824,2.55381402647653,-0.0922952445536853,-0.235704890118283,8,15,graph_h_0.125,2022,8,utc,discovery
202306,2.70903755253491,2.82337958308858,-0.0404982848351532,-0.114342030553678,8,14,graph_h_0.125,2023,6,utc,confirmatory
202307,2.42173279948117,2.70000911175176,-0.103064953025305,-0.27827631227059,8,15,graph_h_0.125,2023,7,utc,confirmatory
202308,2.2262574970046,3.02874252573868,-0.264956503207006,-0.802485028734077,8,15,graph_h_0.125,2023,8,utc,confirmatory
202406,2.49037969786887,2.67780339564579,-0.0699915826836581,-0.187423697776923,8,14,graph_h_0.125,2024,6,utc,confirmatory
202407,2.96790399740666,2.61492767443089,0.134985118872394,0.352976322975767,8,15,graph_h_0.125,2024,7,utc,confirmatory
202408,2.78694315574365,2.63993261752336,0.0556872312741887,0.147010538220298,8,15,graph_h_0.125,2024,8,utc,confirmatory
202506,2.21399636087655,2.44678656770792,-0.0951411986250335,-0.232790206831363,8,14,graph_h_0.125,2025,6,utc,confirmatory
202507,2.14550899039764,2.4993098717471,-0.141559430204686,-0.353800881349465,8,15,graph_h_0.125,2025,7,utc,confirmatory
202508,2.37162869329964,2.70409058571504,-0.122947764461627,-0.332461892415396,8,15,graph_h_0.125,2025,8,utc,confirmatory
199106,4.86850825469598,4.29663968628515,0.133096701181677,0.571868568410831,8,14,graph_h_0.250,1991,6,utc,confirmatory
199107,4.37383622882454,4.23960791626653,0.0316605486188952,0.13422831255801,8,15,graph_h_0.250,1991,7,utc,confirmatory
199108,4.19376907918378,3.93079620539093,0.0669006633903313,0.262972873792851,8,15,graph_h_0.250,1991,8,utc,confirmatory
199206,4.04783843534426,4.02478381653582,0.00572816326524706,0.0230546188084411,8,14,graph_h_0.250,1992,6,utc,confirmatory
199207,4.43665011758446,4.54647229497034,-0.024155470496844,-0.109822177385874,8,15,graph_h_0.250,1992,7,utc,confirmatory
199208,4.15271258398229,3.68895998975436,0.125713641653999,0.463752594227922,8,15,graph_h_0.250,1992,8,utc,confirmatory
199306,4.55922001691475,4.97873648650127,-0.0842616335939732,-0.419516469586515,8,14,graph_h_0.250,1993,6,utc,confirmatory
199307,4.32727663200779,3.89869975080585,0.109928157743709,0.428576881201943,8,15,graph_h_0.250,1993,7,utc,confirmatory
199308,4.39805537136879,4.62446816366414,-0.0489597472146848,-0.226412792295354,8,15,graph_h_0.250,1993,8,utc,confirmatory
199406,4.52766821265331,3.83491478222226,0.180643761275346,0.692753430431052,8,14,graph_h_0.250,1994,6,utc,confirmatory
199407,4.09214432168418,4.60098044775573,-0.110592977268517,-0.508836126071542,8,15,graph_h_0.250,1994,7,utc,confirmatory
199408,4.40861101614423,4.14120377610139,0.0645723452649256,0.267407240042833,8,15,graph_h_0.250,1994,8,utc,confirmatory
199506,5.18354644925531,4.76125232444336,0.0886939183298425,0.422294124811953,8,14,graph_h_0.250,1995,6,utc,confirmatory
199507,4.20847455310888,4.32373460703176,-0.0266575228126705,-0.115260053922882,8,15,graph_h_0.250,1995,7,utc,confirmatory
199508,3.87771625570831,4.30672869764989,-0.0996144572969477,-0.429012441941584,8,15,graph_h_0.250,1995,8,utc,confirmatory
199606,4.59104626869693,5.21213253707183,-0.119161641412101,-0.621086268374896,8,14,graph_h_0.250,1996,6,utc,confirmatory
199607,3.90202094191387,3.8139724136592,0.0230857800489945,0.088048528254669,8,15,graph_h_0.250,1996,7,utc,confirmatory
199608,4.06301597299595,4.46270858645431,-0.089562785854213,-0.399692613458365,8,15,graph_h_0.250,1996,8,utc,confirmatory
199706,3.2718266605206,4.29969411166113,-0.239055947806349,-1.02786745114053,8,14,graph_h_0.250,1997,6,utc,confirmatory
199707,3.9248748640029,3.75192352934595,0.0460967110081554,0.172951334656958,8,15,graph_h_0.250,1997,7,utc,confirmatory
199708,4.07902915813828,4.59179276202908,-0.111669587558696,-0.512763603890794,8,15,graph_h_0.250,1997,8,utc,confirmatory
199806,3.75774970983784,4.40855926011209,-0.147624090292414,-0.650809550274244,8,14,graph_h_0.250,1998,6,utc,confirmatory
199807,4.47671102324112,4.09749751208044,0.0925475878978985,0.379213511160684,8,15,graph_h_0.250,1998,7,utc,confirmatory
199808,4.73176424499394,4.46157312226479,0.0605596087579075,0.270191122729151,8,15,graph_h_0.250,1998,8,utc,confirmatory
199906,3.57515252612066,4.55636606332984,-0.215350023148075,-0.981213537209181,8,14,graph_h_0.250,1999,6,utc,confirmatory
199907,3.42999790910588,3.44033721168697,-0.00300531661430559,-0.0103393025810967,8,15,graph_h_0.250,1999,7,utc,confirmatory
199908,3.38348353737897,4.20233986815515,-0.194857235841722,-0.818856330776179,8,15,graph_h_0.250,1999,8,utc,confirmatory
200006,3.94539590718309,3.99803014837079,-0.0131650435925671,-0.052634241187699,8,14,graph_h_0.250,2000,6,utc,confirmatory
200007,3.58010192921438,4.55501245508762,-0.214030265665759,-0.974910525873243,8,15,graph_h_0.250,2000,7,utc,confirmatory
200008,3.76915416141983,4.54300638453746,-0.170339233013519,-0.773852223117634,8,15,graph_h_0.250,2000,8,utc,confirmatory
200106,4.50077675447748,4.47297622568311,0.00621521944041348,0.0278005287943728,8,14,graph_h_0.250,2001,6,utc,confirmatory
200107,4.48678301772892,4.68974649788707,-0.0432781345963144,-0.20296348015815,8,15,graph_h_0.250,2001,7,utc,confirmatory
200108,4.17628691639471,5.08932567017482,-0.179402697518618,-0.913038753780111,8,15,graph_h_0.250,2001,8,utc,confirmatory
200206,3.88612982260821,3.9094937751381,-0.00597620916510178,-0.0233639525298885,8,14,graph_h_0.250,2002,6,utc,confirmatory
200207,5.09493065172383,4.11018955065471,0.239585325429155,0.984741101069122,8,15,graph_h_0.250,2002,7,utc,confirmatory
200208,4.21163017989905,5.04219189135423,-0.164722352768709,-0.830561711455178,8,15,graph_h_0.250,2002,8,utc,confirmatory
200306,3.92903033213588,4.52740463014589,-0.13216717896733,-0.598374298010009,8,14,graph_h_0.250,2003,6,utc,confirmatory
200307,4.3974588579339,4.15122182203825,0.0593167617756325,0.24623703589565,8,15,graph_h_0.250,2003,7,utc,confirmatory
200308,4.64654492537683,4.24523592332411,0.0945316136254886,0.401309002052718,8,15,graph_h_0.250,2003,8,utc,confirmatory
200406,5.00539657141032,4.59299249537091,0.0897898432133426,0.412404076039413,8,14,graph_h_0.250,2004,6,utc,confirmatory
200407,4.38954277631355,4.74541387228673,-0.0749926361642488,-0.355871095973177,8,15,graph_h_0.250,2004,7,utc,confirmatory
200408,3.90334517667057,4.08647632646093,-0.0448139509837728,-0.183131149790368,8,15,graph_h_0.250,2004,8,utc,confirmatory
200506,4.56175226411134,5.0540413419995,-0.0974050358071267,-0.49228907788816,8,14,graph_h_0.250,2005,6,utc,confirmatory
200507,3.8325083530669,4.30304568194098,-0.109349833502544,-0.470537328874088,8,15,graph_h_0.250,2005,7,utc,confirmatory
200508,4.22945352957273,4.18120924448091,0.0115383570328369,0.048244285091819,8,15,graph_h_0.250,2005,8,utc,confirmatory
200606,4.42181341589607,4.45193543208296,-0.00676604965332939,-0.0301220161868896,8,14,graph_h_0.250,2006,6,utc,confirmatory
200607,4.23582609001349,4.08725807695502,0.0363490658679304,0.148568013058468,8,15,graph_h_0.250,2006,7,utc,confirmatory
200608,3.42244578800152,4.2186498262602,-0.188734327580942,-0.796204038258675,8,15,graph_h_0.250,2006,8,utc,confirmatory
200706,4.95369373589289,4.25793129456483,0.163403867557984,0.695762441328065,8,14,graph_h_0.250,2007,6,utc,confirmatory
200707,4.07955824600925,4.31064251151064,-0.0536078472952314,-0.231084265501395,8,15,graph_h_0.250,2007,7,utc,confirmatory
200708,4.71131892891429,4.60551528723661,0.0229732473086979,0.105803641677675,8,15,graph_h_0.250,2007,8,utc,confirmatory
200806,4.31246976167746,3.99438861055885,0.079631999319693,0.318081151118612,8,14,graph_h_0.250,2008,6,utc,confirmatory
200807,4.49110836930728,4.3667365889919,0.0284816310259957,0.124371780315382,8,15,graph_h_0.250,2008,7,utc,confirmatory
200808,4.43057524759098,4.76329133933676,-0.0698500402438333,-0.332716091745775,8,15,graph_h_0.250,2008,8,utc,confirmatory
200906,5.20307754956853,5.65146599094811,-0.0793401998875613,-0.448388441379578,8,14,graph_h_0.250,2009,6,utc,confirmatory
200907,4.52816482119758,4.52216273684089,0.00132725969983172,0.00600208435668925,8,15,graph_h_0.250,2009,7,utc,confirmatory
200908,4.15600628977721,5.07811796332166,-0.181585319640997,-0.922111673544451,8,15,graph_h_0.250,2009,8,utc,confirmatory
201006,4.35377678599193,4.03825854691004,0.0781322531523681,0.315518239081889,8,14,graph_h_0.250,2010,6,utc,confirmatory
201007,3.86969331386494,4.21280193499522,-0.0814442801785005,-0.34310862113028,8,15,graph_h_0.250,2010,7,utc,confirmatory
201008,5.15681960654382,5.44585194999029,-0.053073852557998,-0.28903234344647,8,15,graph_h_0.250,2010,8,utc,confirmatory
201106,3.90530736498129,4.17154024064362,-0.0638212411493507,-0.266232875662337,8,14,graph_h_0.250,2011,6,utc,confirmatory
201107,4.34317702595562,4.48374931823291,-0.0313515056931621,-0.140572292277291,8,15,graph_h_0.250,2011,7,utc,confirmatory
201108,4.28995095624477,4.21795799671126,0.0170682020991293,0.0719929595335067,8,15,graph_h_0.250,2011,8,utc,confirmatory
201206,3.26714113184999,4.35983005663788,-0.25062649474703,-1.0926889247879,8,14,graph_h_0.250,2012,6,utc,confirmatory
201207,3.55537601938083,4.34590880033259,-0.181902754353994,-0.790532780951761,8,15,graph_h_0.250,2012,7,utc,confirmatory
201208,3.32813732334637,4.31807136768437,-0.229253747806597,-0.989934044337997,8,15,graph_h_0.250,2012,8,utc,confirmatory
201306,4.0262015185896,3.75091188931552,0.0733927208629575,0.275289629274083,8,14,graph_h_0.250,2013,6,utc,confirmatory
201307,4.13773946367989,4.24032848379171,-0.0241936492665487,-0.102589020111813,8,15,graph_h_0.250,2013,7,utc,confirmatory
201308,4.29279218237302,4.66403538244588,-0.0795969947977049,-0.371243200072856,8,15,graph_h_0.250,2013,8,utc,confirmatory
201406,4.05968384856307,4.12029612218246,-0.0147106595793123,-0.0606122736193866,8,14,graph_h_0.250,2014,6,utc,confirmatory
201407,3.85221041093035,3.91479691142547,-0.0159871640627021,-0.0625865004951183,8,15,graph_h_0.250,2014,7,utc,confirmatory
201408,4.26707460381991,4.14184932161005,0.0302341472338199,0.125225282209855,8,15,graph_h_0.250,2014,8,utc,confirmatory
201506,3.72132634469912,4.48086252254448,-0.169506690737313,-0.759536177845362,8,14,graph_h_0.250,2015,6,utc,discovery
201507,3.91734902099692,4.77675550063283,-0.179914270161421,-0.859406479635906,8,15,graph_h_0.250,2015,7,utc,discovery
201508,4.44027927176958,5.22649528145948,-0.150428914090659,-0.786216009689901,8,15,graph_h_0.250,2015,8,utc,discovery
201606,4.870574948923,4.58290228521752,0.0627708482097429,0.287672663705473,8,14,graph_h_0.250,2016,6,utc,confirmatory
201607,4.34677517254249,4.28671357355431,0.01401110616737,0.0600615989881757,8,15,graph_h_0.250,2016,7,utc,confirmatory
201608,4.2562166881999,3.63532171461042,0.170795055385083,0.620894973589481,8,15,graph_h_0.250,2016,8,utc,confirmatory
201706,4.04809672537582,4.33480024282472,-0.0661399606414324,-0.286703517448898,8,14,graph_h_0.250,2017,6,utc,confirmatory
201707,3.98193579579877,4.33404317239036,-0.0812422402330122,-0.352107376591584,8,15,graph_h_0.250,2017,7,utc,confirmatory
201708,4.55425903750378,4.3302083974704,0.0517413065302519,0.224050640033386,8,15,graph_h_0.250,2017,8,utc,confirmatory
201806,4.12428468872561,4.40061051918479,-0.0627926123556074,-0.276325830459179,8,14,graph_h_0.250,2018,6,utc,confirmatory
201807,3.02778982840696,3.59985306903463,-0.158912941627664,-0.572063240627667,8,15,graph_h_0.250,2018,7,utc,confirmatory
201808,3.34952033648993,3.79155610595447,-0.116584261741595,-0.44203576946454,8,15,graph_h_0.250,2018,8,utc,confirmatory
201906,4.00944397584581,4.39061779674585,-0.0868155322429912,-0.381173820900041,8,14,graph_h_0.250,2019,6,utc,confirmatory
201907,4.2141481194105,4.54749019983796,-0.0733024296433535,-0.333342080427462,8,15,graph_h_0.250,2019,7,utc,confirmatory
201908,4.3235252987436,4.63819498123195,-0.0678431337538927,-0.314669682488353,8,15,graph_h_0.250,2019,8,utc,confirmatory
202006,4.29454128698371,4.49356462056758,-0.0442907469657647,-0.199023333583871,8,14,graph_h_0.250,2020,6,utc,confirmatory
202007,3.47244178724922,3.64508709302633,-0.0473638355877449,-0.17264530577711,8,15,graph_h_0.250,2020,7,utc,confirmatory
202008,4.79938789241421,4.78827873909858,0.00232007239363807,0.0111091533156271,8,15,graph_h_0.250,2020,8,utc,confirmatory
202106,3.87625536386276,4.64367474450392,-0.16526122583186,-0.767419380641166,8,14,graph_h_0.250,2021,6,utc,confirmatory
202107,3.77049550599643,3.8052698902211,-0.00913848037797138,-0.0347743842246708,8,15,graph_h_0.250,2021,7,utc,confirmatory
202108,4.76043931176059,4.90710226109276,-0.0298878934101343,-0.146662949332169,8,15,graph_h_0.250,2021,8,utc,confirmatory
202206,4.31205471472695,4.42890407381186,-0.0263833574034359,-0.116849359084911,8,14,graph_h_0.250,2022,6,utc,discovery
202207,4.78989488701541,4.16035990578658,0.151317432982953,0.629534981228825,8,15,graph_h_0.250,2022,7,utc,discovery
202208,3.53555175241857,4.13259279451557,-0.144471297266292,-0.597041042096995,8,15,graph_h_0.250,2022,8,utc,discovery
202306,4.50380978452006,4.66959735687406,-0.0355036119141948,-0.165787572354007,8,14,graph_h_0.250,2023,6,utc,confirmatory
202307,3.83623763712791,4.6595803162109,-0.176698892005047,-0.82334267908299,8,15,graph_h_0.250,2023,7,utc,confirmatory
202308,3.33054379126999,4.83719921068737,-0.311472683632413,-1.50665541941739,8,15,graph_h_0.250,2023,8,utc,confirmatory
202406,4.11796128296501,4.53693677487197,-0.0923476593783444,-0.418975491906961,8,14,graph_h_0.250,2024,6,utc,confirmatory
202407,4.8651255965877,4.26394001289758,0.140992974073663,0.601185583690121,8,15,graph_h_0.250,2024,7,utc,confirmatory
202408,4.37265240251227,4.23974518250513,0.0313479264167957,0.132907220007135,8,15,graph_h_0.250,2024,8,utc,confirmatory
202506,3.75196708070937,4.24538048839735,-0.116223600931996,-0.493413407687976,8,14,graph_h_0.250,2025,6,utc,confirmatory
202507,3.16674711254202,3.83382792979485,-0.173998632559529,-0.667080817252835,8,15,graph_h_0.250,2025,7,utc,confirmatory
202508,3.62961021399602,4.29341579927725,-0.154610132424856,-0.663805585281222,8,15,graph_h_0.250,2025,8,utc,confirmatory
199106,9.50371905945008,8.01897716601657,0.185153525530122,1.48474189343351,8,14,graph_h_0.500,1991,6,utc,confirmatory
199107,7.48340202560278,7.87439567205376,-0.0496537972861362,-0.390993646450985,8,15,graph_h_0.500,1991,7,utc,confirmatory
199108,7.27168763460555,6.50955471776029,0.117079116758308,0.762132916845252,8,15,graph_h_0.500,1991,8,utc,confirmatory
199206,7.31516079584334,7.21924712541723,0.0132858272836263,0.0959136704261088,8,14,graph_h_0.500,1992,6,utc,confirmatory
199207,7.86885703019866,8.47103906039721,-0.0710871506913231,-0.602182030198541,8,15,graph_h_0.500,1992,7,utc,confirmatory
199208,7.24504798278567,6.32807285107131,0.144905906315399,0.916975131714358,8,15,graph_h_0.500,1992,8,utc,confirmatory
199306,9.14039947841554,9.73792009878826,-0.0613601892715341,-0.597520620372723,8,14,graph_h_0.500,1993,6,utc,confirmatory
199307,7.8962998506306,7.09146501127685,0.113493451363561,0.804834839353747,8,15,graph_h_0.500,1993,7,utc,confirmatory
199308,7.87856897368618,8.43289188495056,-0.0657334303376556,-0.554322911264379,8,15,graph_h_0.500,1993,8,utc,confirmatory
199406,8.59628591841892,6.62249819962778,0.298042771669169,1.97378771879115,8,14,graph_h_0.500,1994,6,utc,confirmatory
199407,6.59979932310638,8.34643716742256,-0.209267476562764,-1.74663784431618,8,15,graph_h_0.500,1994,7,utc,confirmatory
199408,7.34105024379058,7.16345505326012,0.0247918342769018,0.17759519053046,8,15,graph_h_0.500,1994,8,utc,confirmatory
199506,9.9504103688003,9.14730850110642,0.0877965215228875,0.803101867693883,8,14,graph_h_0.500,1995,6,utc,confirmatory
199507,7.32741317943394,8.28876586768452,-0.11598260870157,-0.961352688250583,8,15,graph_h_0.500,1995,7,utc,confirmatory
199508,6.62837547195477,7.66307576363295,-0.135024150040198,-1.03470029167818,8,15,graph_h_0.500,1995,8,utc,confirmatory
199606,8.95717593004807,9.80785599069928,-0.0867345586495053,-0.850680060651209,8,14,graph_h_0.500,1996,6,utc,confirmatory
199607,6.7816837976477,6.7450573162331,0.00543012159829326,0.0366264814146033,8,15,graph_h_0.500,1996,7,utc,confirmatory
199608,6.9038249393738,7.73970038250968,-0.107998423947367,-0.835875443135876,8,15,graph_h_0.500,1996,8,utc,confirmatory
199706,5.72866623544778,8.16146095028302,-0.298083238975846,-2.43279471483524,8,14,graph_h_0.500,1997,6,utc,confirmatory
199707,6.6984098513147,6.72505889957736,-0.00396264905045396,-0.0266490482626569,8,15,graph_h_0.500,1997,7,utc,confirmatory
199708,7.10686529598422,7.98072963804174,-0.109496798123829,-0.873864342057519,8,15,graph_h_0.500,1997,8,utc,confirmatory
199806,6.74016418084857,8.27785480849687,-0.18575955524974,-1.5376906276483,8,14,graph_h_0.500,1998,6,utc,confirmatory
199807,8.18781251093568,7.18901761068657,0.138933433514529,0.998794900249103,8,15,graph_h_0.500,1998,7,utc,confirmatory
199808,8.71771320647342,8.38887889188407,0.0391988391807026,0.328834314589354,8,15,graph_h_0.500,1998,8,utc,confirmatory
199906,6.3761334346821,8.67695721281298,-0.265164817769682,-2.30082377813088,8,14,graph_h_0.500,1999,6,utc,confirmatory
199907,5.64693331946069,5.58434837427576,0.0112072064617652,0.0625849451849314,8,15,graph_h_0.500,1999,7,utc,confirmatory
199908,5.7836761184066,7.66055767711798,-0.245005864823341,-1.87688155871138,8,15,graph_h_0.500,1999,8,utc,confirmatory
200006,7.38062061618276,7.63944507436927,-0.0338800077318291,-0.258824458186514,8,14,graph_h_0.500,2000,6,utc,confirmatory
200007,5.6578131306986,8.10644360879031,-0.302059768285628,-2.44863047809171,8,15,graph_h_0.500,2000,7,utc,confirmatory
200008,6.84012616606345,8.20608218727535,-0.166456536753921,-1.3659560212119,8,15,graph_h_0.500,2000,8,utc,confirmatory
200106,8.47372463913538,8.34852221875941,0.0149969559995464,0.12520242037597,8,14,graph_h_0.500,2001,6,utc,confirmatory
200107,8.22900343301258,8.57710525963837,-0.0405850011266477,-0.348101826625799,8,15,graph_h_0.500,2001,7,utc,confirmatory
200108,7.06451961477989,9.11127253538369,-0.224639633229631,-2.0467529206038,8,15,graph_h_0.500,2001,8,utc,confirmatory
200206,7.06731812293561,7.28878552565674,-0.0303846782075776,-0.22146740272113,8,14,graph_h_0.500,2002,6,utc,confirmatory
200207,9.1518593513667,6.99093048302085,0.309104613984388,2.16092886834585,8,15,graph_h_0.500,2002,7,utc,confirmatory
200208,7.36457560882625,8.9943649148963,-0.181201154444026,-1.62978930607006,8,15,graph_h_0.500,2002,8,utc,confirmatory
200306,7.18314011552947,8.32981927611923,-0.137659548494309,-1.14667916058976,8,14,graph_h_0.500,2003,6,utc,confirmatory
200307,7.90228305367546,7.47159367886905,0.0576435755633331,0.43068937480641,8,15,graph_h_0.500,2003,7,utc,confirmatory
200308,8.37169395245882,7.85218185874939,0.0661614953722136,0.519512093709428,8,15,graph_h_0.500,2003,8,utc,confirmatory
200406,9.33002356357286,8.13038365755469,0.147550221065333,1.19963990601817,8,14,graph_h_0.500,2004,6,utc,confirmatory
200407,7.50552063243813,8.64350670916373,-0.131657915591032,-1.1379860767256,8,15,graph_h_0.500,2004,7,utc,confirmatory
200408,6.58013305804554,7.39949327620913,-0.110731936306773,-0.819360218163588,8,15,graph_h_0.500,2004,8,utc,confirmatory
200506,8.95023954435706,9.74306131223932,-0.0813729630220337,-0.792821767882257,8,14,graph_h_0.500,2005,6,utc,confirmatory
200507,6.39347176408689,7.76256027930158,-0.176370741862744,-1.36908851521469,8,15,graph_h_0.500,2005,7,utc,confirmatory
200508,7.32901922706845,7.41709685069229,-0.0118749458712571,-0.0880776236238425,8,15,graph_h_0.500,2005,8,utc,confirmatory
200606,8.95445016420862,8.51875384294408,0.05114554655496,0.43569632126454,8,14,graph_h_0.500,2006,6,utc,confirmatory
200607,6.96389642811988,7.37670305238533,-0.0559608569484115,-0.412806624265445,8,15,graph_h_0.500,2006,7,utc,confirmatory
200608,5.59963773193036,7.53141639189926,-0.256496063880722,-1.93177865996891,8,15,graph_h_0.500,2006,8,utc,confirmatory
200706,9.0319213735514,7.8977306219203,0.143609703334668,1.1341907516311,8,14,graph_h_0.500,2007,6,utc,confirmatory
200707,7.12230477399984,7.59632074082098,-0.062400730958328,-0.474015966821137,8,15,graph_h_0.500,2007,7,utc,confirmatory
200708,8.20391565375888,8.62629398501115,-0.048964054782528,-0.422378331252277,8,15,graph_h_0.500,2007,8,utc,confirmatory
200806,7.99765492586363,7.21441743048371,0.108565591460016,0.783237495379911,8,14,graph_h_0.500,2008,6,utc,confirmatory
200807,7.68640176430664,7.81333158784968,-0.01624528821232,-0.126929823543041,8,15,graph_h_0.500,2008,7,utc,confirmatory
200808,7.48089503860143,8.77656441372416,-0.14762831035532,-1.29566937512273,8,15,graph_h_0.500,2008,8,utc,confirmatory
200906,10.5996549449152,11.5478119743259,-0.0821070720166542,-0.94815702941076,8,14,graph_h_0.500,2009,6,utc,confirmatory
200907,7.93208658850177,8.26966870982441,-0.0408217225100673,-0.337582121322638,8,15,graph_h_0.500,2009,7,utc,confirmatory
200908,7.41100935171013,9.17877728925455,-0.192592965471982,-1.76776793754441,8,15,graph_h_0.500,2009,8,utc,confirmatory
201006,8.255423393598,6.96916670431216,0.184563914720246,1.28625668928585,8,14,graph_h_0.500,2010,6,utc,confirmatory
201007,6.11655775183484,7.56717916305266,-0.191699096844514,-1.45062141121782,8,15,graph_h_0.500,2010,7,utc,confirmatory
201008,9.42896643588965,10.671349812707,-0.116422326942928,-1.24238337681733,8,15,graph_h_0.500,2010,8,utc,confirmatory
201106,7.20709850129223,7.83973897644771,-0.080696624856525,-0.632640475155478,8,14,graph_h_0.500,2011,6,utc,confirmatory
201107,7.86638130969233,8.16293779466782,-0.036329626959697,-0.296556484975493,8,15,graph_h_0.500,2011,7,utc,confirmatory
201108,7.49656360321772,7.63809322819459,-0.0185294445548839,-0.141529624976866,8,15,graph_h_0.500,2011,8,utc,confirmatory
201206,5.77915153540527,8.59323655116883,-0.327476731148614,-2.81408501576356,8,14,graph_h_0.500,2012,6,utc,confirmatory
201207,5.97043175833405,8.08106190027603,-0.261182276288453,-2.11063014194198,8,15,graph_h_0.500,2012,7,utc,confirmatory
201208,5.30873854645403,7.73306337822419,-0.313501223667311,-2.42432483177015,8,15,graph_h_0.500,2012,8,utc,confirmatory
201306,7.57836061130802,6.66584137158728,0.136894832752891,0.91251923972074,8,14,graph_h_0.500,2013,6,utc,confirmatory
201307,7.04972053552057,7.4947944614072,-0.0593844071613231,-0.445073925886635,8,15,graph_h_0.500,2013,7,utc,confirmatory
201308,6.9181393869237,8.44168600338523,-0.180478948855781,-1.52354661646153,8,15,graph_h_0.500,2013,8,utc,confirmatory
201406,7.47848908661938,7.60897521007052,-0.0171489747106071,-0.130486123451135,8,14,graph_h_0.500,2014,6,utc,confirmatory
201407,6.9581257845313,6.98679624323036,-0.00410352008287651,-0.0286704586990618,8,15,graph_h_0.500,2014,7,utc,confirmatory
201408,7.97209032584827,7.40793170535736,0.0761560234259338,0.564158620490913,8,15,graph_h_0.500,2014,8,utc,confirmatory
201506,6.86245201461134,9.12499418743888,-0.247949985101588,-2.26254217282755,8,14,graph_h_0.500,2015,6,utc,discovery
201507,7.07681430365458,8.71672506994393,-0.188133817819254,-1.63991076628935,8,15,graph_h_0.500,2015,7,utc,discovery
201508,7.35620056732875,9.5809086659016,-0.232202202959159,-2.22470809857285,8,15,graph_h_0.500,2015,8,utc,discovery
201606,9.61347177788423,8.68154876868315,0.107345248414982,0.931923009201075,8,14,graph_h_0.500,2016,6,utc,confirmatory
201607,7.31255506918064,7.87241544299501,-0.0711167211471975,-0.559860373814367,8,15,graph_h_0.500,2016,7,utc,confirmatory
201608,7.07751346258019,5.99811862534396,0.179955566846484,1.07939483723623,8,15,graph_h_0.500,2016,8,utc,confirmatory
201706,7.48651639959756,8.24873306012645,-0.09240408860039,-0.762216660528891,8,14,graph_h_0.500,2017,6,utc,confirmatory
201707,6.76583666341435,7.81961608625266,-0.134761017831927,-1.05377942283832,8,15,graph_h_0.500,2017,7,utc,confirmatory
201708,8.58336603776842,7.8799608424548,0.0892650622733915,0.703405195313614,8,15,graph_h_0.500,2017,8,utc,confirmatory
201806,7.81357611399755,7.91989426753852,-0.0134241884991744,-0.106318153540967,8,14,graph_h_0.500,2018,6,utc,confirmatory
201807,4.52736741585932,5.94896504063727,-0.238965536873565,-1.42159762477795,8,15,graph_h_0.500,2018,7,utc,confirmatory
201808,5.2712106179407,6.18821867302288,-0.148186110338961,-0.917008055082188,8,15,graph_h_0.500,2018,8,utc,confirmatory
201906,7.5254987803491,8.35046877081103,-0.0987932549781631,-0.824969990461922,8,14,graph_h_0.500,2019,6,utc,confirmatory
201907,7.40794376563661,8.2179715027528,-0.0985678444911677,-0.810027737116186,8,15,graph_h_0.500,2019,7,utc,confirmatory
201908,7.64480435119439,8.12731812087122,-0.0593693716058342,-0.482513769676833,8,15,graph_h_0.500,2019,8,utc,confirmatory
202006,8.32866528066076,8.77205741148779,-0.05054596772775,-0.443392130827032,8,14,graph_h_0.500,2020,6,utc,confirmatory
202007,5.83482069120388,6.51755326371266,-0.104752894972103,-0.682732572508782,8,15,graph_h_0.500,2020,7,utc,confirmatory
202008,8.61946252129573,8.79622134693032,-0.020094858765267,-0.176758825634591,8,15,graph_h_0.500,2020,8,utc,confirmatory
202106,7.31213359614208,8.8224659717092,-0.171191635129029,-1.51033237556712,8,14,graph_h_0.500,2021,6,utc,confirmatory
202107,6.53973578391228,6.50714026884803,0.0050091920133164,0.0325955150642425,8,15,graph_h_0.500,2021,7,utc,confirmatory
202108,8.86315240651249,9.28903122623067,-0.0458474957555938,-0.425878819718189,8,15,graph_h_0.500,2021,8,utc,confirmatory
202206,7.77816240153686,8.42942080419209,-0.0772601603103442,-0.651258402655231,8,14,graph_h_0.500,2022,6,utc,discovery
202207,8.12338635420247,7.51808867704808,0.0805121757877492,0.605297677154382,8,15,graph_h_0.500,2022,7,utc,discovery
202208,5.46617379333366,7.4020468220185,-0.261532124185745,-1.93587302868484,8,15,graph_h_0.500,2022,8,utc,discovery
202306,8.66958738946114,8.61795193738499,0.00599161522961778,0.05163545207615,8,14,graph_h_0.500,2023,6,utc,confirmatory
202307,6.58610397543839,8.99883769549163,-0.268116150295944,-2.41273372005324,8,15,graph_h_0.500,2023,7,utc,confirmatory
202308,5.33169991227049,8.69705320479633,-0.38695328328794,-3.36535329252584,8,15,graph_h_0.500,2023,8,utc,confirmatory
202406,7.8497585958034,8.78966056503783,-0.1069326809926,-0.939901969234429,8,14,graph_h_0.500,2024,6,utc,confirmatory
202407,8.51179991116371,7.64857007688261,0.112861597083377,0.863229834281097,8,15,graph_h_0.500,2024,7,utc,confirmatory
202408,7.42206420433216,7.44512600320031,-0.00309756998850508,-0.0230617988681523,8,15,graph_h_0.500,2024,8,utc,confirmatory
202506,7.25121615831283,8.43295411568342,-0.140133331826485,-1.18173795737059,8,14,graph_h_0.500,2025,6,utc,confirmatory
202507,4.96858826169763,6.39946115407691,-0.223592714750322,-1.43087289237928,8,15,graph_h_0.500,2025,7,utc,confirmatory
202508,5.89170776430328,7.34213682026488,-0.197548628072184,-1.4504290559616,8,15,graph_h_0.500,2025,8,utc,confirmatory
199106,15.5845028035134,13.5065029371306,0.15385180576018,2.07799986638272,8,14,graph_h_1.000,1991,6,utc,confirmatory
199107,10.6771342312611,12.4914798046409,-0.145246648255857,-1.81434557337982,8,15,graph_h_1.000,1991,7,utc,confirmatory
199108,10.9928234565452,9.84552427400499,0.11653002426386,1.14729918254023,8,15,graph_h_1.000,1991,8,utc,confirmatory
199206,12.6146395623035,12.3615651597142,0.0204726828131816,0.253074402589306,8,14,graph_h_1.000,1992,6,utc,confirmatory
199207,11.6274926943763,13.2213801024993,-0.120553784534316,-1.59388740812299,8,15,graph_h_1.000,1992,7,utc,confirmatory
199208,10.604746992569,10.2058758758563,0.039082497334332,0.398871116712678,8,15,graph_h_1.000,1992,8,utc,confirmatory
199306,15.7055462484407,16.6740598032586,-0.0580850474476885,-0.96851355481787,8,14,graph_h_1.000,1993,6,utc,confirmatory
199307,12.2465503941298,11.6192750108683,0.053985759238393,0.627275383261415,8,15,graph_h_1.000,1993,7,utc,confirmatory
199308,12.4493020073835,14.0198902383798,-0.112025715201167,-1.57058823099637,8,15,graph_h_1.000,1993,8,utc,confirmatory
199406,13.8001700493256,10.8774148797122,0.268699429224187,2.92275516961335,8,14,graph_h_1.000,1994,6,utc,confirmatory
199407,9.01366180946159,12.4482414222748,-0.275908820877089,-3.43457961281317,8,15,graph_h_1.000,1994,7,utc,confirmatory
199408,10.4676149716705,10.9463999038982,-0.0437390316844859,-0.478784932227654,8,15,graph_h_1.000,1994,8,utc,confirmatory
199506,17.3841415820689,15.7451273845851,0.104096598106179,1.63901419748376,8,14,graph_h_1.000,1995,6,utc,confirmatory
199507,10.461193504466,13.1582897230011,-0.20497315953003,-2.69709621853506,8,15,graph_h_1.000,1995,7,utc,confirmatory
199508,9.57647267785612,11.7898700626482,-0.187737216189038,-2.21339738479205,8,15,graph_h_1.000,1995,8,utc,confirmatory
199606,15.0631857948447,16.6654660251683,-0.0961437398692448,-1.60228023032352,8,14,graph_h_1.000,1996,6,utc,confirmatory
199607,9.75275831389932,10.6858758293498,-0.0873225115425305,-0.933117515450443,8,15,graph_h_1.000,1996,7,utc,confirmatory
199608,9.82163112719057,12.1855719224741,-0.193995063204517,-2.36394079528356,8,15,graph_h_1.000,1996,8,utc,confirmatory
199706,9.4814581817979,14.1340019747636,-0.329173846251956,-4.65254379296566,8,14,graph_h_1.000,1997,6,utc,confirmatory
199707,9.69133570872714,10.2677793089967,-0.0561410196812967,-0.576443600269597,8,15,graph_h_1.000,1997,7,utc,confirmatory
199708,10.6377969462848,12.3796854950275,-0.140705395903822,-1.74188854874264,8,15,graph_h_1.000,1997,8,utc,confirmatory
199806,10.9001853755265,14.4309517629965,-0.244666217825185,-3.53076638747004,8,14,graph_h_1.000,1998,6,utc,confirmatory
199807,12.1884595882057,10.937438413987,0.114379722826039,1.2510211742187,8,15,graph_h_1.000,1998,7,utc,confirmatory
199808,13.6605570774458,13.3392538545185,0.0240870461295315,0.32130322292732,8,15,graph_h_1.000,1998,8,utc,confirmatory
199906,10.6520790858429,15.1267790641981,-0.295813137705298,-4.47469997835525,8,14,graph_h_1.000,1999,6,utc,confirmatory
199907,8.26239718131857,8.41093560492049,-0.0176601546580659,-0.148538423601929,8,15,graph_h_1.000,1999,7,utc,confirmatory
199908,8.8859918602158,12.716793481209,-0.301239587373483,-3.83080162099321,8,15,graph_h_1.000,1999,8,utc,confirmatory
200006,12.3557913206498,13.3153080915739,-0.0720611768293493,-0.959516770924175,8,14,graph_h_1.000,2000,6,utc,confirmatory
200007,7.68580117221134,12.2799770773991,-0.37411925740832,-4.59417590518774,8,15,graph_h_1.000,2000,7,utc,confirmatory
200008,10.3284982349751,13.0888655662921,-0.210894314510021,-2.76036733131698,8,15,graph_h_1.000,2000,8,utc,confirmatory
200106,13.6457166421688,13.9579438452227,-0.0223691402198023,-0.312227203053913,8,14,graph_h_1.000,2001,6,utc,confirmatory
200107,12.8327322766557,13.5224624061689,-0.0510062523226932,-0.689730129513183,8,15,graph_h_1.000,2001,7,utc,confirmatory
200108,10.4249927949286,14.6850596983286,-0.290095307129381,-4.26006690339992,8,15,graph_h_1.000,2001,8,utc,confirmatory
200206,12.0301643874023,12.5210728899461,-0.0392065845202469,-0.490908502543846,8,14,graph_h_1.000,2002,6,utc,confirmatory
200207,14.1027750744459,10.5963192468061,0.33091262597592,3.50645582763978,8,15,graph_h_1.000,2002,7,utc,confirmatory
200208,10.9847628995047,14.2355813149921,-0.228358669980257,-3.2508184154874,8,15,graph_h_1.000,2002,8,utc,confirmatory
200306,11.9453388920042,13.7985068359989,-0.134302063695758,-1.85316794399468,8,14,graph_h_1.000,2003,6,utc,confirmatory
200307,11.1687871288156,11.8946244912407,-0.0610223015413082,-0.72583736242512,8,15,graph_h_1.000,2003,7,utc,confirmatory
200308,12.6588291944561,12.8467968058327,-0.0146314769523939,-0.187967611376628,8,15,graph_h_1.000,2003,8,utc,confirmatory
200406,14.9409666051842,12.9538786319413,0.15339714302581,1.98708797324288,8,14,graph_h_1.000,2004,6,utc,confirmatory
200407,10.6226299460593,13.3837326822717,-0.206302890364048,-2.76110273621242,8,15,graph_h_1.000,2004,7,utc,confirmatory
200408,9.46146043130621,12.4435854282699,-0.239651587089103,-2.98212499696372,8,15,graph_h_1.000,2004,8,utc,confirmatory
200506,14.769273202968,16.2753148066234,-0.0925353285972965,-1.50604160365534,8,14,graph_h_1.000,2005,6,utc,confirmatory
200507,9.11180129850889,11.8955723725585,-0.234017413106692,-2.78377107404957,8,15,graph_h_1.000,2005,7,utc,confirmatory
200508,10.4812991542394,11.7367280797553,-0.106965835536512,-1.25542892551586,8,15,graph_h_1.000,2005,8,utc,confirmatory
200606,14.8784031149575,14.7690818359776,0.00740203623989366,0.109321278979863,8,14,graph_h_1.000,2006,6,utc,confirmatory
200607,10.2143245211596,11.4249353833455,-0.105962162722658,-1.21061086218591,8,15,graph_h_1.000,2006,7,utc,confirmatory
200608,8.01886974187612,11.6703396261149,-0.312884629001529,-3.65146988423882,8,15,graph_h_1.000,2006,8,utc,confirmatory
200706,14.4379528655051,13.7834380727656,0.0474855975181419,0.65451479273958,8,14,graph_h_1.000,2007,6,utc,confirmatory
200707,10.2877326070747,11.9439998932097,-0.138669398940344,-1.65626728613492,8,15,graph_h_1.000,2007,7,utc,confirmatory
200708,11.8137320165723,13.7702293528892,-0.142081681152714,-1.95649733631695,8,15,graph_h_1.000,2007,8,utc,confirmatory
200806,13.0499437120507,11.886190679158,0.0979079895574348,1.16375303289268,8,14,graph_h_1.000,2008,6,utc,confirmatory
200807,11.3252688246275,12.2389439277047,-0.0746530998486673,-0.913675103077177,8,15,graph_h_1.000,2008,7,utc,confirmatory
200808,10.9341023491889,13.8916262319813,-0.212899759423671,-2.95752388279237,8,15,graph_h_1.000,2008,8,utc,confirmatory
200906,18.3605628423784,20.4353867380812,-0.101530933683599,-2.07482389570282,8,14,graph_h_1.000,2009,6,utc,confirmatory
200907,11.7568329969634,13.4382799178878,-0.125123671422134,-1.68144692092446,8,15,graph_h_1.000,2009,7,utc,confirmatory
200908,11.8764252802628,14.9754618849982,-0.206940969736627,-3.09903660473543,8,15,graph_h_1.000,2009,8,utc,confirmatory
201006,13.5838662035468,11.2394973819261,0.208583065768638,2.34436882162073,8,14,graph_h_1.000,2010,6,utc,confirmatory
201007,8.28427250770231,12.091199340528,-0.314851052042901,-3.80692683282566,8,15,graph_h_1.000,2010,7,utc,confirmatory
201008,14.3279782540631,17.6100037797092,-0.18637278939302,-3.28202552564602,8,15,graph_h_1.000,2010,8,utc,confirmatory
201106,11.6898623150672,13.6968356586039,-0.146528248827748,-2.00697334353668,8,14,graph_h_1.000,2011,6,utc,confirmatory
201107,11.9186113058592,13.0131290737602,-0.0841087306286712,-1.09451776790103,8,15,graph_h_1.000,2011,7,utc,confirmatory
201108,10.9438178786662,12.1115353274495,-0.0964136599706611,-1.16771744878337,8,15,graph_h_1.000,2011,8,utc,confirmatory
201206,9.60262616617811,15.2807692755111,-0.371587516764145,-5.67814310933302,8,14,graph_h_1.000,2012,6,utc,confirmatory
201207,8.58989838003415,12.3712619248801,-0.305657059708772,-3.78136354484593,8,15,graph_h_1.000,2012,7,utc,confirmatory
201208,7.81866654506644,12.5222546843533,-0.375618309789215,-4.70358813928686,8,15,graph_h_1.000,2012,8,utc,confirmatory
201306,12.6943823039203,11.2247551511854,0.130927323842758,1.46962715273491,8,14,graph_h_1.000,2013,6,utc,confirmatory
201307,10.0602864810496,11.131566421516,-0.0962380225657828,-1.07127994046636,8,15,graph_h_1.000,2013,7,utc,confirmatory
201308,9.37728001627501,12.8346485603733,-0.269377733861204,-3.45736854409833,8,15,graph_h_1.000,2013,8,utc,confirmatory
201406,12.8389055117691,13.024135874543,-0.0142220846402528,-0.185230362773904,8,14,graph_h_1.000,2014,6,utc,confirmatory
201407,10.6702711239046,11.3747729702584,-0.0619354643996766,-0.704501846353843,8,15,graph_h_1.000,2014,7,utc,confirmatory
201408,13.4918509822064,12.4749539666973,0.0815150916166754,1.01689701550914,8,15,graph_h_1.000,2014,8,utc,confirmatory
201506,12.0305754746903,16.8409578454781,-0.285635913047514,-4.81038237078784,8,14,graph_h_1.000,2015,6,utc,discovery
201507,10.6881475002238,13.8875697600221,-0.230380283597807,-3.19942225979821,8,15,graph_h_1.000,2015,7,utc,discovery
201508,10.8687354827633,15.4589626465445,-0.296929830851698,-4.59022716378118,8,15,graph_h_1.000,2015,8,utc,discovery
201606,16.1266417446976,15.1572626963685,0.0639547567227519,0.969379048329087,8,14,graph_h_1.000,2016,6,utc,confirmatory
201607,10.5949289448728,12.23923888746,-0.134347401640462,-1.64430994258715,8,15,graph_h_1.000,2016,7,utc,confirmatory
201608,10.3419787345122,8.82728926032317,0.171591689081403,1.51468947418898,8,15,graph_h_1.000,2016,8,utc,confirmatory
201706,12.3503904819002,14.5036075291721,-0.148460791078428,-2.15321704727193,8,14,graph_h_1.000,2017,6,utc,confirmatory
201707,9.42030425879814,11.8610300178986,-0.205776880710808,-2.44072575910043,8,15,graph_h_1.000,2017,7,utc,confirmatory
201708,13.5038050626067,12.5552966013389,0.0755464798152741,0.948508461267826,8,15,graph_h_1.000,2017,8,utc,confirmatory
201806,12.6867031701841,13.2196228965665,-0.0403127782503415,-0.532919726382422,8,14,graph_h_1.000,2018,6,utc,confirmatory
201807,5.96380232291512,8.63601386556386,-0.309426499800353,-2.67221154264874,8,15,graph_h_1.000,2018,7,utc,confirmatory
201808,7.08100424258045,9.24062871566874,-0.233709690058898,-2.15962447308829,8,15,graph_h_1.000,2018,8,utc,confirmatory
201906,13.2036352748702,14.8365623486064,-0.110061012475012,-1.63292707373627,8,14,graph_h_1.000,2019,6,utc,confirmatory
201907,11.5173244657742,13.0177442405373,-0.115259583153498,-1.50041977476319,8,15,graph_h_1.000,2019,7,utc,confirmatory
201908,11.6823083042032,13.1733462862701,-0.113185970342325,-1.49103798206694,8,15,graph_h_1.000,2019,8,utc,confirmatory
202006,14.2833918952735,15.7428575602601,-0.0927065279857927,-1.4594656649866,8,14,graph_h_1.000,2020,6,utc,confirmatory
202007,9.1554810255437,10.8134617418103,-0.153325619108262,-1.65798071626657,8,15,graph_h_1.000,2020,7,utc,confirmatory
202008,12.8151773840968,13.3518120525282,-0.0401918980225499,-0.536634668431466,8,15,graph_h_1.000,2020,8,utc,confirmatory
202106,12.0922442451337,15.231874471867,-0.206122380573194,-3.13963022673328,8,14,graph_h_1.000,2021,6,utc,confirmatory
202107,9.42679352311432,9.61752809144147,-0.0198319741324051,-0.190734568327146,8,15,graph_h_1.000,2021,7,utc,confirmatory
202108,14.2397747428106,15.512019486767,-0.0820167061446561,-1.27224474395635,8,15,graph_h_1.000,2021,8,utc,confirmatory
202206,12.0679512993064,14.2650033784078,-0.154016933667672,-2.19705207910135,8,14,graph_h_1.000,2022,6,utc,discovery
202207,12.243930275471,11.8494077070078,0.0332947079059336,0.394522568463144,8,15,graph_h_1.000,2022,7,utc,discovery
202208,7.05485264903674,11.4027761199395,-0.381303940827158,-4.34792347090272,8,15,graph_h_1.000,2022,8,utc,discovery
202306,15.0424320914559,14.4465688438329,0.0412460047824723,0.595863247623049,8,14,graph_h_1.000,2023,6,utc,confirmatory
202307,9.52123780188492,14.2984713919044,-0.334107993720524,-4.77723359001949,8,15,graph_h_1.000,2023,7,utc,confirmatory
202308,7.67817490086538,14.0400638642526,-0.453123933402128,-6.3618889633872,8,15,graph_h_1.000,2023,8,utc,confirmatory
202406,13.6135064657084,15.7115419547114,-0.133534664837521,-2.09803548900305,8,14,graph_h_1.000,2024,6,utc,confirmatory
202407,12.0712556300329,11.6834493572161,0.0331927893004713,0.3878062728168,8,15,graph_h_1.000,2024,7,utc,confirmatory
202408,10.7880306480574,11.2357903061606,-0.0398511938993547,-0.447759658103298,8,15,graph_h_1.000,2024,8,utc,confirmatory
202506,12.0289855873311,15.0243827019896,-0.199369063879199,-2.99539711465849,8,14,graph_h_1.000,2025,6,utc,confirmatory
202507,7.17846875971124,9.46831786429361,-0.241843285935479,-2.28984910458237,8,15,graph_h_1.000,2025,7,utc,confirmatory
202508,8.37583148265592,10.9770340209595,-0.236967703055023,-2.60120253830363,8,15,graph_h_1.000,2025,8,utc,confirmatory
199106,19.1733112369001,17.1781772473865,0.116143520979041,1.99513398951353,8,14,graph_h_2.000,1991,6,utc,confirmatory
199107,12.1559747587069,14.9975169907547,-0.189467512108799,-2.84154223204772,8,15,graph_h_2.000,1991,7,utc,confirmatory
199108,12.8961824675401,11.8572276705516,0.0876220669667018,1.0389547969885,8,15,graph_h_2.000,1991,8,utc,confirmatory
199206,16.2503324651121,16.176847500753,0.00454260104483484,0.0734849643590536,8,14,graph_h_2.000,1992,6,utc,confirmatory
199207,13.4071875132746,15.7010372440127,-0.146095426377824,-2.29384973073814,8,15,graph_h_2.000,1992,7,utc,confirmatory
199208,12.2825838630768,12.6984678798366,-0.032750724000347,-0.415884016759799,8,15,graph_h_2.000,1992,8,utc,confirmatory
199306,19.5384159479478,21.0787195015707,-0.0730738673906725,-1.54030355362296,8,14,graph_h_2.000,1993,6,utc,confirmatory
199307,14.5628202624293,14.4072417163495,0.0107986350991263,0.155578546079767,8,15,graph_h_2.000,1993,7,utc,confirmatory
199308,15.1162446116304,17.4912664446274,-0.135783297368185,-2.375021832997,8,15,graph_h_2.000,1993,8,utc,confirmatory
199406,16.6733375939722,13.8073648885672,0.207568404871958,2.86597270540497,8,14,graph_h_2.000,1994,6,utc,confirmatory
199407,10.0485678967814,14.3998362860142,-0.302174851352928,-4.35126838923284,8,15,graph_h_2.000,1994,7,utc,confirmatory
199408,12.0133769903423,12.9781784675674,-0.0743402843192638,-0.964801477225109,8,15,graph_h_2.000,1994,8,utc,confirmatory
199506,22.3736885601105,20.0951618357486,0.113386831267438,2.27852672436188,8,14,graph_h_2.000,1995,6,utc,confirmatory
199507,11.9585599342736,15.7247809011104,-0.239508645018437,-3.76622096683675,8,15,graph_h_2.000,1995,7,utc,confirmatory
199508,11.0319245517723,13.988334728638,-0.211348257974778,-2.95641017686573,8,15,graph_h_2.000,1995,8,utc,confirmatory
199606,18.7408450665798,21.1527543015987,-0.114023412773087,-2.41190923501888,8,14,graph_h_2.000,1996,6,utc,confirmatory
199607,11.1148401281183,13.0113522952395,-0.145758267402768,-1.89651216712113,8,15,graph_h_2.000,1996,7,utc,confirmatory
199608,11.2608061465865,14.8451843802626,-0.241450570222742,-3.58437823367616,8,15,graph_h_2.000,1996,8,utc,confirmatory
199706,11.9776985913296,18.2113224981198,-0.342293861823262,-6.23362390679029,8,14,graph_h_2.000,1997,6,utc,confirmatory
199707,11.0528172811532,12.0742199380198,-0.0845936766192514,-1.02140265686656,8,15,graph_h_2.000,1997,7,utc,confirmatory
199708,12.5064740140185,14.8207227624467,-0.156149520203709,-2.31424874842825,8,15,graph_h_2.000,1997,8,utc,confirmatory
199806,13.5181724969707,18.7429974041386,-0.278761437912499,-5.22482490716791,8,14,graph_h_2.000,1998,6,utc,confirmatory
199807,14.1788142442747,12.9297682493175,0.0966023497770809,1.24904599495716,8,15,graph_h_2.000,1998,7,utc,confirmatory
199808,16.231582074719,16.0023739394841,0.014323383274363,0.229208135234909,8,15,graph_h_2.000,1998,8,utc,confirmatory
199906,13.4453806258794,19.5607457978774,-0.312634560828536,-6.11536517199804,8,14,graph_h_2.000,1999,6,utc,confirmatory
199907,9.67733857335346,10.1402825513929,-0.0456539525100137,-0.462943978039411,8,15,graph_h_2.000,1999,7,utc,confirmatory
199908,10.613121738117,15.8875916630916,-0.331986750215119,-5.2744699249746,8,15,graph_h_2.000,1999,8,utc,confirmatory
200006,15.3717202368387,16.9826695755359,-0.0948584279716451,-1.61094933869722,8,14,graph_h_2.000,2000,6,utc,confirmatory
200007,8.63680425001947,14.5299539840946,-0.40558626273188,-5.89314973407512,8,15,graph_h_2.000,2000,7,utc,confirmatory
200008,12.0370535483096,15.8734839758614,-0.241687989441121,-3.8364304275518,8,15,graph_h_2.000,2000,8,utc,confirmatory
200106,16.5460229732843,17.5229785316082,-0.0557528251582112,-0.976955558323841,8,14,graph_h_2.000,2001,6,utc,confirmatory
200107,15.2633757199839,16.1964602270516,-0.0576103972094618,-0.93308450706769,8,15,graph_h_2.000,2001,7,utc,confirmatory
200108,12.1923221957756,18.1736904406678,-0.329122379652045,-5.98136824489219,8,15,graph_h_2.000,2001,8,utc,confirmatory
200206,15.3639286328728,16.1063939668413,-0.0460975520341201,-0.742465333968507,8,14,graph_h_2.000,2002,6,utc,confirmatory
200207,16.5947874779297,12.6057811224926,0.31644261602476,3.98900635543709,8,15,graph_h_2.000,2002,7,utc,confirmatory
200208,12.8675280918965,17.4057899130934,-0.260732885083431,-4.53826182119694,8,15,graph_h_2.000,2002,8,utc,confirmatory
200306,14.9240146414013,17.4443436375563,-0.144478293280632,-2.52032899615498,8,14,graph_h_2.000,2003,6,utc,confirmatory
200307,12.5301061038665,14.3336613286844,-0.125826554950664,-1.80355522481792,8,15,graph_h_2.000,2003,7,utc,confirmatory
200308,14.9729700356295,15.8000495286953,-0.0523466392661447,-0.827079493065833,8,15,graph_h_2.000,2003,8,utc,confirmatory
200406,18.2038480428468,16.0374181089153,0.135085954560679,2.16642993393153,8,14,graph_h_2.000,2004,6,utc,confirmatory
200407,12.0142045844396,15.9992775869545,-0.249078308745905,-3.9850730025149,8,15,graph_h_2.000,2004,7,utc,confirmatory
200408,10.9058698638384,15.7570243659892,-0.307872501144427,-4.85115450215076,8,15,graph_h_2.000,2004,8,utc,confirmatory
200506,18.0681289571284,20.3907197572136,-0.113904306848389,-2.32259080008518,8,14,graph_h_2.000,2005,6,utc,confirmatory
200507,10.3968586900919,14.0779999005333,-0.261481832394527,-3.68114121044142,8,15,graph_h_2.000,2005,7,utc,confirmatory
200508,11.918668546244,14.2640159015513,-0.164424056415434,-2.34534735530731,8,15,graph_h_2.000,2005,8,utc,confirmatory
200606,18.2283251300431,18.945461068442,-0.0378526516619534,-0.717135938398833,8,14,graph_h_2.000,2006,6,utc,confirmatory
200607,12.0804638675489,13.6561072347681,-0.115380125546153,-1.57564336721928,8,15,graph_h_2.000,2006,7,utc,confirmatory
200608,9.25342274706247,13.87048835529,-0.332869722389165,-4.61706560822752,8,15,graph_h_2.000,2006,8,utc,confirmatory
200706,17.521132202098,17.796100096749,-0.0154510197827693,-0.274967894651013,8,14,graph_h_2.000,2007,6,utc,confirmatory
200707,11.8063675401352,14.4372653125334,-0.182229647751521,-2.63089777239822,8,15,graph_h_2.000,2007,7,utc,confirmatory
200708,13.5221128817949,16.7358572466847,-0.192027472361865,-3.21374436488987,8,15,graph_h_2.000,2007,8,utc,confirmatory
200806,16.0631913544986,14.9809764974892,0.0722392734005548,1.08221485700941,8,14,graph_h_2.000,2008,6,utc,confirmatory
200807,13.260515034259,14.5884183693847,-0.0910244895301644,-1.32790333512571,8,15,graph_h_2.000,2008,7,utc,confirmatory
200808,12.631316366945,16.6757551051545,-0.242534068934568,-4.04443873820951,8,15,graph_h_2.000,2008,8,utc,confirmatory
200906,23.0324853626942,25.9942567224518,-0.113939451755876,-2.96177135975766,8,14,graph_h_2.000,2009,6,utc,confirmatory
200907,13.7851880845315,16.5112266689995,-0.165102123489483,-2.726038584468,8,15,graph_h_2.000,2009,7,utc,confirmatory
200908,14.4442975964716,18.434077310031,-0.21643501035923,-3.9897797135594,8,15,graph_h_2.000,2009,8,utc,confirmatory
201006,16.7319261142104,14.2700928175804,0.172516978557923,2.46183329663008,8,14,graph_h_2.000,2010,6,utc,confirmatory
201007,9.29152287950467,14.6744438070204,-0.366822824653871,-5.38292092751573,8,15,graph_h_2.000,2010,7,utc,confirmatory
201008,16.9667155019111,21.6114058378279,-0.214918472716241,-4.64469033591683,8,15,graph_h_2.000,2010,8,utc,confirmatory
201106,14.2315469217144,17.6157190951134,-0.192110929739895,-3.38417217339907,8,14,graph_h_2.000,2011,6,utc,confirmatory
201107,13.8704468333047,15.7298588820062,-0.118209073752629,-1.85941204870151,8,15,graph_h_2.000,2011,7,utc,confirmatory
201108,12.6452637947518,14.5730751424012,-0.132285830465549,-1.9278113476494,8,15,graph_h_2.000,2011,8,utc,confirmatory
201206,12.0119753520281,19.6625116686266,-0.389092525183628,-7.65053631659847,8,14,graph_h_2.000,2012,6,utc,confirmatory
201207,9.88242746046992,14.5598455808036,-0.321254651663381,-4.67741812033367,8,15,graph_h_2.000,2012,7,utc,confirmatory
201208,9.28668934594715,15.3745827416278,-0.39597129222878,-6.08789339568068,8,15,graph_h_2.000,2012,8,utc,confirmatory
201306,15.7507971005752,14.2344583089038,0.106525921729167,1.51633879167138,8,14,graph_h_2.000,2013,6,utc,confirmatory
201307,11.5645817711896,12.9502814203617,-0.107001508630803,-1.38569964917217,8,15,graph_h_2.000,2013,7,utc,confirmatory
201308,10.5323262784293,15.2393211968329,-0.308871691698569,-4.70699491840364,8,15,graph_h_2.000,2013,8,utc,confirmatory
201406,16.5772771874889,16.8037587906354,-0.0134780322645852,-0.226481603146492,8,14,graph_h_2.000,2014,6,utc,confirmatory
201407,12.5883183066617,14.0681841326333,-0.105192383894007,-1.47986582597154,8,15,graph_h_2.000,2014,7,utc,confirmatory
201408,16.8985653656691,15.7476412433083,0.0730854929051645,1.15092412236088,8,15,graph_h_2.000,2014,8,utc,confirmatory
201506,15.3775501878054,22.125755164587,-0.304993204823234,-6.7482049767816,8,14,graph_h_2.000,2015,6,utc,discovery
201507,12.4907114831146,16.9342013083228,-0.262397366389185,-4.44348982520819,8,15,graph_h_2.000,2015,7,utc,discovery
201508,12.9734278644071,18.9842571232259,-0.31662177876136,-6.0108292588188,8,15,graph_h_2.000,2015,8,utc,discovery
201606,20.0069635052863,19.6243759052665,0.0194955295325954,0.382587600019875,8,14,graph_h_2.000,2016,6,utc,confirmatory
201607,12.251870322424,14.4963186363277,-0.154828847944822,-2.24444831390366,8,15,graph_h_2.000,2016,7,utc,confirmatory
201608,12.121072640231,10.4223232101369,0.16299143634711,1.69874943009404,8,15,graph_h_2.000,2016,8,utc,confirmatory
201706,15.4457554850729,19.0257826285389,-0.188167142101998,-3.580027143466,8,14,graph_h_2.000,2017,6,utc,confirmatory
201707,10.5876991336288,13.9038062520718,-0.23850354775685,-3.316107118443,8,15,graph_h_2.000,2017,7,utc,confirmatory
201708,16.0547149925912,15.2187257470371,0.0549316190757212,0.835989245554108,8,15,graph_h_2.000,2017,8,utc,confirmatory
201806,15.4937236464744,16.8673371365502,-0.0814362977958936,-1.37361349007584,8,14,graph_h_2.000,2018,6,utc,confirmatory
201807,6.5536093596823,9.99068903138189,-0.344028290831926,-3.43707967169959,8,15,graph_h_2.000,2018,7,utc,confirmatory
201808,7.86647919161903,11.0835034775385,-0.290253374525389,-3.21702428591942,8,15,graph_h_2.000,2018,8,utc,confirmatory
201906,17.0160194804097,19.3821701709548,-0.122078728526021,-2.36615069054513,8,14,graph_h_2.000,2019,6,utc,confirmatory
201907,13.7393475041707,15.7366006301735,-0.126917697979395,-1.99725312600272,8,15,graph_h_2.000,2019,7,utc,confirmatory
201908,13.8393411694062,16.3818299716402,-0.155201757473702,-2.54248880223393,8,15,graph_h_2.000,2019,8,utc,confirmatory
202006,18.1129479939744,20.3492556866534,-0.109896289432627,-2.23630769267901,8,14,graph_h_2.000,2020,6,utc,confirmatory
202007,11.1016941345335,13.5013848765533,-0.177736636942127,-2.39969074201988,8,15,graph_h_2.000,2020,7,utc,confirmatory
202008,14.9545207061173,15.6501029029954,-0.0444458545218246,-0.695582196878117,8,15,graph_h_2.000,2020,8,utc,confirmatory
202106,14.9429026987235,19.5058577763928,-0.233927424775531,-4.56295507766935,8,14,graph_h_2.000,2021,6,utc,confirmatory
202107,10.7777917671787,11.2272588355625,-0.0400335536008205,-0.449467068383775,8,15,graph_h_2.000,2021,7,utc,confirmatory
202108,17.4024300740397,19.2823124206169,-0.0974925779424245,-1.87988234657718,8,15,graph_h_2.000,2021,8,utc,confirmatory
202206,14.3757036209699,17.9736240154089,-0.200177793379593,-3.59792039443901,8,14,graph_h_2.000,2022,6,utc,discovery
202207,14.4577771838063,14.2599512900881,0.0138728309581033,0.19782589371818,8,15,graph_h_2.000,2022,7,utc,discovery
202208,7.68275559259399,13.7471695952386,-0.441139098534513,-6.06441400264464,8,15,graph_h_2.000,2022,8,utc,discovery
202306,19.0271088846162,18.316351480513,0.0388045296498765,0.710757404103127,8,14,graph_h_2.000,2023,6,utc,confirmatory
202307,10.9333632434255,17.0364881490577,-0.358238438123749,-6.10312490563219,8,15,graph_h_2.000,2023,7,utc,confirmatory
202308,8.94154515704818,17.2304430699256,-0.481061217012176,-8.28889791287743,8,15,graph_h_2.000,2023,8,utc,confirmatory
202406,17.3354209674276,20.4996359266878,-0.154354690521156,-3.16421495926028,8,14,graph_h_2.000,2024,6,utc,confirmatory
202407,13.685165305494,13.8175116923236,-0.00957816354901886,-0.132346386829555,8,15,graph_h_2.000,2024,7,utc,confirmatory
202408,12.5011420245355,13.2448996252644,-0.0561542647941348,-0.743757600728831,8,15,graph_h_2.000,2024,8,utc,confirmatory
202506,14.7448768497861,19.4178283988781,-0.240652633914614,-4.67295154909201,8,14,graph_h_2.000,2025,6,utc,confirmatory
202507,8.42601443833863,11.1023743249187,-0.241061939388325,-2.67635988658004,8,15,graph_h_2.000,2025,7,utc,confirmatory
202508,9.64385023808324,12.9277006872753,-0.254016590314805,-3.28385044919203,8,15,graph_h_2.000,2025,8,utc,confirmatory
199106,20.6014335704662,18.7523607131204,0.0986048042501684,1.84907285734579,8,14,spatial_variance,1991,6,utc_plus_8,confirmatory
199107,12.6419663242048,15.9130695941147,-0.205560797089685,-3.27110326990984,8,15,spatial_variance,1991,7,utc_plus_8,confirmatory
199108,13.5429586146049,12.6411477191075,0.0713393210439475,0.901810895497373,8,15,spatial_variance,1991,8,utc_plus_8,confirmatory
199206,17.828057556611,17.9101589237412,-0.0045840669242414,-0.0821013671302282,8,14,spatial_variance,1992,6,utc_plus_8,confirmatory
199207,13.9931668654199,16.5842183173456,-0.156235970990308,-2.59105145192575,8,15,spatial_variance,1992,7,utc_plus_8,confirmatory
199208,12.8734000410753,13.7303880647937,-0.062415426255569,-0.856988023718477,8,15,spatial_variance,1992,8,utc_plus_8,confirmatory
199306,21.0335396846034,22.8930451742401,-0.0812257816941287,-1.85950548963665,8,14,spatial_variance,1993,6,utc_plus_8,confirmatory
199307,15.4024966138198,15.5238012956338,-0.00781410941198202,-0.12130468181395,8,15,spatial_variance,1993,7,utc_plus_8,confirmatory
199308,16.1483600788238,18.8795158759002,-0.144662385149544,-2.7311557970764,8,15,spatial_variance,1993,8,utc_plus_8,confirmatory
199406,17.7410648954224,15.0684585348422,0.177364284103803,2.67260636058014,8,14,spatial_variance,1994,6,utc_plus_8,confirmatory
199407,10.3509465924577,15.0392262610317,-0.311736760070022,-4.68827966857402,8,15,spatial_variance,1994,7,utc_plus_8,confirmatory
199408,12.5344038215086,13.7135940633915,-0.0859869583737211,-1.17919024188295,8,15,spatial_variance,1994,8,utc_plus_8,confirmatory
199506,24.478859983929,21.9365679630633,0.115892879193611,2.54229202086574,8,14,spatial_variance,1995,6,utc_plus_8,confirmatory
199507,12.4749892998725,16.6619231591396,-0.251287550619293,-4.18693385926707,8,15,spatial_variance,1995,7,utc_plus_8,confirmatory
199508,11.5346484428143,14.7875194494652,-0.219974081370932,-3.25287100665089,8,15,spatial_variance,1995,8,utc_plus_8,confirmatory
199606,20.2086376658624,23.0273684865049,-0.122407856646512,-2.81873082064249,8,14,spatial_variance,1996,6,utc_plus_8,confirmatory
199607,11.5543256490692,13.9239405089872,-0.170182776807223,-2.36961485991801,8,15,spatial_variance,1996,7,utc_plus_8,confirmatory
199608,11.7661704649046,15.8988901152134,-0.259937619567183,-4.13271965030878,8,15,spatial_variance,1996,8,utc_plus_8,confirmatory
199706,13.0481004654754,19.9756634499843,-0.346800145179373,-6.92756298450884,8,14,spatial_variance,1997,6,utc_plus_8,confirmatory
199707,11.4733875620875,12.7052764529972,-0.0969588419006102,-1.2318888909097,8,15,spatial_variance,1997,7,utc_plus_8,confirmatory
199708,13.1840137961315,15.7246040976379,-0.161567838893191,-2.54059030150636,8,15,spatial_variance,1997,8,utc_plus_8,confirmatory
199806,14.5821360687976,20.6226465885252,-0.292906659375554,-6.04051051972758,8,14,spatial_variance,1998,6,utc_plus_8,confirmatory
199807,14.881285892804,13.648397428655,0.0903321046000971,1.23288846414896,8,15,spatial_variance,1998,7,utc_plus_8,confirmatory
199808,17.1378741973301,16.9805387429003,0.00926563384189283,0.157335454429791,8,15,spatial_variance,1998,8,utc_plus_8,confirmatory
199906,14.6102055142602,21.4766273291804,-0.319716020102967,-6.86642181492019,8,14,spatial_variance,1999,6,utc_plus_8,confirmatory
199907,10.1922615199351,10.8229464008057,-0.058272937656207,-0.630684880870621,8,15,spatial_variance,1999,7,utc_plus_8,confirmatory
199908,11.2503728413881,17.1715426315064,-0.344824569183095,-5.92116979011836,8,15,spatial_variance,1999,8,utc_plus_8,confirmatory
200006,16.5709903534278,18.5007180123822,-0.104305554933751,-1.92972765895437,8,14,spatial_variance,2000,6,utc_plus_8,confirmatory
200007,8.94791503995718,15.3617888559951,-0.417521284543294,-6.41387381603794,8,15,spatial_variance,2000,7,utc_plus_8,confirmatory
200008,12.6096819747598,16.9281691312546,-0.255106569588884,-4.31848715649481,8,15,spatial_variance,2000,8,utc_plus_8,confirmatory
200106,17.6301573267797,18.9823047595938,-0.0712319947413555,-1.3521474328142,8,14,spatial_variance,2001,6,utc_plus_8,confirmatory
200107,16.1450739002092,17.1702631890274,-0.0597072553595675,-1.02518928881824,8,15,spatial_variance,2001,7,utc_plus_8,confirmatory
200108,12.8182226734052,19.5868480465882,-0.345569912886621,-6.76862537318296,8,15,spatial_variance,2001,8,utc_plus_8,confirmatory
200206,16.7995429071341,17.6730156581124,-0.0494240919532761,-0.873472750978234,8,14,spatial_variance,2002,6,utc_plus_8,confirmatory
200207,17.4552636223743,13.3607094409506,0.306462332671784,4.09455418142366,8,15,spatial_variance,2002,7,utc_plus_8,confirmatory
200208,13.5464311651537,18.6570990300274,-0.273926179876542,-5.11066786487374,8,15,spatial_variance,2002,8,utc_plus_8,confirmatory
200306,16.1338678916355,19.0063222033014,-0.15113151723625,-2.87245431166596,8,14,spatial_variance,2003,6,utc_plus_8,confirmatory
200307,12.9420460934232,15.2404753946594,-0.150810866571896,-2.29842930123624,8,15,spatial_variance,2003,7,utc_plus_8,confirmatory
200308,15.8477301859762,16.9674161095549,-0.065990361546456,-1.11968592357869,8,15,spatial_variance,2003,8,utc_plus_8,confirmatory
200406,19.4688993359736,17.3115351465337,0.124620039250064,2.15736418943989,8,14,spatial_variance,2004,6,utc_plus_8,confirmatory
200407,12.4500247753463,16.9847665205679,-0.2669887595882,-4.53474174522162,8,15,spatial_variance,2004,7,utc_plus_8,confirmatory
200408,11.4099217401952,17.1531993118678,-0.334822528861945,-5.74327757167253,8,15,spatial_variance,2004,8,utc_plus_8,confirmatory
200506,19.3158973542074,22.0799970842503,-0.125185692710735,-2.76409973004288,8,14,spatial_variance,2005,6,utc_plus_8,confirmatory
200507,10.8190082573769,14.8657813461219,-0.272220678787308,-4.046773088745,8,15,spatial_variance,2005,7,utc_plus_8,confirmatory
200508,12.3722342560009,15.2415546693521,-0.188256413180793,-2.86932041335119,8,15,spatial_variance,2005,8,utc_plus_8,confirmatory
200606,19.5130690141172,20.7163643668869,-0.058084291792679,-1.20329535276972,8,14,spatial_variance,2006,6,utc_plus_8,confirmatory
200607,12.8089017905422,14.490568346446,-0.116052491227249,-1.68166655590377,8,15,spatial_variance,2006,7,utc_plus_8,confirmatory
200608,9.68361182634517,14.6660394659983,-0.339725503344264,-4.98242763965309,8,15,spatial_variance,2006,8,utc_plus_8,confirmatory
200706,18.7027930616852,19.5259756362223,-0.0421583325654693,-0.82318257453711,8,14,spatial_variance,2007,6,utc_plus_8,confirmatory
200707,12.3202279278622,15.3950702394599,-0.199729021288677,-3.07484231159777,8,15,spatial_variance,2007,7,utc_plus_8,confirmatory
200708,14.0958075538755,17.8980691203993,-0.212439763247433,-3.80226156652381,8,15,spatial_variance,2007,8,utc_plus_8,confirmatory
200806,17.2481232981322,16.2929470740411,0.0586251351428546,0.955176224091041,8,14,spatial_variance,2008,6,utc_plus_8,confirmatory
200807,13.9615489347553,15.4274139091255,-0.0950168954437112,-1.46586497437024,8,15,spatial_variance,2008,7,utc_plus_8,confirmatory
200808,13.20078213477,17.7033740128294,-0.254335239982864,-4.50259187805936,8,15,spatial_variance,2008,8,utc_plus_8,confirmatory
200906,22.4286824740222,27.3315026679741,-0.179383484820133,-4.90282019395196,8,14,spatial_variance,2009,6,utc_plus_8,confirmatory
200907,14.5355463363163,17.7193136747938,-0.179677802250688,-3.18376733847751,8,15,spatial_variance,2009,7,utc_plus_8,confirmatory
200908,15.42164824054,19.7902934103934,-0.220746862073256,-4.36864516985339,8,15,spatial_variance,2009,8,utc_plus_8,confirmatory
201006,17.9716372079238,15.6207779427769,0.150495658651495,2.35085926514695,8,14,spatial_variance,2010,6,utc_plus_8,confirmatory
201007,9.61736906859575,15.6555930790014,-0.38569116991835,-6.03822401040569,8,15,spatial_variance,2010,7,utc_plus_8,confirmatory
201008,17.9528675819586,23.1642414158947,-0.224974940485647,-5.21137383393606,8,15,spatial_variance,2010,8,utc_plus_8,confirmatory
201106,15.2009420337229,19.2735253539378,-0.211304535388636,-4.07258332021492,8,14,spatial_variance,2011,6,utc_plus_8,confirmatory
201107,14.5137256568882,16.7450593696888,-0.133253257784181,-2.23133371280056,8,15,spatial_variance,2011,7,utc_plus_8,confirmatory
201108,13.228762392382,15.4787183161546,-0.145358024987402,-2.24995592377256,8,15,spatial_variance,2011,8,utc_plus_8,confirmatory
201206,12.9928925064535,21.489380892702,-0.395380789640803,-8.4964883862485,8,14,spatial_variance,2012,6,utc_plus_8,confirmatory
201207,10.3241024867526,15.3421037794775,-0.327073872322339,-5.01800129272488,8,15,spatial_variance,2012,7,utc_plus_8,confirmatory
201208,9.86039355395032,16.4960319772749,-0.402256641625448,-6.63563842332461,8,15,spatial_variance,2012,8,utc_plus_8,confirmatory
201306,16.9576241629032,15.4932364041664,0.0945178735117611,1.46438775873681,8,14,spatial_variance,2013,6,utc_plus_8,confirmatory
201307,12.0965733168498,13.5872762897119,-0.109713156711979,-1.49070297286212,8,15,spatial_variance,2013,7,utc_plus_8,confirmatory
201308,10.9141591840763,16.1463184875561,-0.324046581114586,-5.2321593034798,8,15,spatial_variance,2013,8,utc_plus_8,confirmatory
201406,18.1865319171836,18.4438804904419,-0.0139530601161555,-0.257348573258323,8,14,spatial_variance,2014,6,utc_plus_8,confirmatory
201407,13.2679022863712,15.1338764535685,-0.123297832708112,-1.86597416719732,8,15,spatial_variance,2014,7,utc_plus_8,confirmatory
201408,18.2659008614119,17.0778296558411,0.06956804403799,1.18807120557084,8,15,spatial_variance,2014,8,utc_plus_8,confirmatory
201506,16.7592493181671,24.3906584676225,-0.312882457010567,-7.63140914945531,8,14,spatial_variance,2015,6,utc_plus_8,discovery
201507,13.1081764620566,18.1241989229549,-0.276758298792744,-5.01602246089828,8,15,spatial_variance,2015,7,utc_plus_8,discovery
201508,13.8137189925593,20.3710498502528,-0.321894595806121,-6.55733085769346,8,15,spatial_variance,2015,8,utc_plus_8,discovery
201606,21.5458012536667,21.5579949145726,-0.000565621290581131,-0.0121936609059219,8,14,spatial_variance,2016,6,utc_plus_8,confirmatory
201607,12.8274771230138,15.2999105241098,-0.161597899360249,-2.47243340109591,8,15,spatial_variance,2016,7,utc_plus_8,confirmatory
201608,12.7789525586822,11.0314058480575,0.158415594049818,1.74754671062467,8,15,spatial_variance,2016,8,utc_plus_8,confirmatory
201706,16.7216769428149,21.0640972080795,-0.206152688262329,-4.34242026526462,8,14,spatial_variance,2017,6,utc_plus_8,confirmatory
201707,10.9526127853836,14.6175825422132,-0.250723383722704,-3.66496975682962,8,15,spatial_variance,2017,7,utc_plus_8,confirmatory
201708,16.9529782238394,16.2265481927556,0.0447679951678324,0.726430031083879,8,15,spatial_variance,2017,8,utc_plus_8,confirmatory
201806,16.5825321558595,18.4549335834812,-0.101458042054278,-1.87240142762175,8,14,spatial_variance,2018,6,utc_plus_8,confirmatory
201807,6.70709199994304,10.4532768128783,-0.358374209350317,-3.74618481293526,8,15,spatial_variance,2018,7,utc_plus_8,confirmatory
201808,8.10058437976079,11.8205424247073,-0.314702820842727,-3.71995804494651,8,15,spatial_variance,2018,8,utc_plus_8,confirmatory
201906,18.6364693733421,21.3730969713206,-0.128040760852332,-2.73662759797855,8,14,spatial_variance,2019,6,utc_plus_8,confirmatory
201907,14.5409594474378,16.760454891992,-0.132424534945924,-2.21949544455418,8,15,spatial_variance,2019,7,utc_plus_8,confirmatory
201908,14.6158398197811,17.6904284529561,-0.173799557277608,-3.07458863317497,8,15,spatial_variance,2019,8,utc_plus_8,confirmatory
202006,19.6987623412153,22.2797807258504,-0.115845771392194,-2.58101838463508,8,14,spatial_variance,2020,6,utc_plus_8,confirmatory
202007,11.8446197049601,14.5875366493494,-0.188031537491397,-2.74291694438928,8,15,spatial_variance,2020,7,utc_plus_8,confirmatory
202008,15.7178294562575,16.4536038298525,-0.0447181286971337,-0.735774373594996,8,15,spatial_variance,2020,8,utc_plus_8,confirmatory
202106,16.0624312823202,21.3176711084583,-0.246520353907374,-5.25523982613814,8,14,spatial_variance,2021,6,utc_plus_8,confirmatory
202107,11.2114424201073,11.7876475771775,-0.0488821160708821,-0.576205157070243,8,15,spatial_variance,2021,7,utc_plus_8,confirmatory
202108,18.636341809103,20.7746990918868,-0.102930842623798,-2.13835728278376,8,15,spatial_variance,2021,8,utc_plus_8,confirmatory
202206,15.2231386959255,19.5083700379193,-0.219661167676463,-4.28523134199388,8,14,spatial_variance,2022,6,utc_plus_8,discovery
202207,15.2660676403704,15.1587596810398,0.00707894059860648,0.107307959330631,8,15,spatial_variance,2022,7,utc_plus_8,discovery
202208,7.85328996441056,14.691593027509,-0.465456880700014,-6.83830306309839,8,15,spatial_variance,2022,8,utc_plus_8,discovery
202306,20.6347458663695,19.9543521379645,0.0340975103426446,0.680393728405015,8,14,spatial_variance,2023,6,utc_plus_8,confirmatory
202307,11.4058221308688,18.0068381294398,-0.366583847265161,-6.60101599857104,8,15,spatial_variance,2023,7,utc_plus_8,confirmatory
202308,9.39690723241613,18.4734761788454,-0.49132977781535,-9.07656894642926,8,15,spatial_variance,2023,8,utc_plus_8,confirmatory
202406,18.872398027783,22.5644514969622,-0.16362256665872,-3.69205346917915,8,14,spatial_variance,2024,6,utc_plus_8,confirmatory
202407,14.1970311250843,14.5862831477768,-0.0266861693790623,-0.389252022692535,8,15,spatial_variance,2024,7,utc_plus_8,confirmatory
202408,13.0981088628008,13.9697042009839,-0.0623918248835722,-0.871595338183088,8,15,spatial_variance,2024,8,utc_plus_8,confirmatory
202506,15.7795792373667,21.2855194947658,-0.258670701401156,-5.50594025739903,8,14,spatial_variance,2025,6,utc_plus_8,confirmatory
202507,8.8906633995221,11.689600304423,-0.239438204216606,-2.79893690490094,8,15,spatial_variance,2025,7,utc_plus_8,confirmatory
202508,10.0959616365359,13.6403295980989,-0.259844744664891,-3.54436796156296,8,15,spatial_variance,2025,8,utc_plus_8,confirmatory
199106,2.79609876103842,2.58011268631604,0.0837118765656608,0.215986074722384,8,14,graph_h_0.125,1991,6,utc_plus_8,confirmatory
199107,2.77493092612687,2.53096730739902,0.096391453976767,0.243963618727854,8,15,graph_h_0.125,1991,7,utc_plus_8,confirmatory
199108,2.64686844787847,2.54916433113301,0.0383279004622004,0.0977041167454575,8,15,graph_h_0.125,1991,8,utc_plus_8,confirmatory
199206,2.53108842089323,2.45854617284674,0.0295061564625756,0.0725422480464824,8,14,graph_h_0.125,1992,6,utc_plus_8,confirmatory
199207,2.75175653200124,2.69985807919441,0.0192226595933971,0.0518984528068369,8,15,graph_h_0.125,1992,7,utc_plus_8,confirmatory
199208,2.59369422226595,2.37483465050714,0.0921578147396831,0.218859571758817,8,15,graph_h_0.125,1992,8,utc_plus_8,confirmatory
199306,2.63263675954097,2.88246530371646,-0.0866718304825298,-0.249828544175487,8,14,graph_h_0.125,1993,6,utc_plus_8,confirmatory
199307,2.61647711283009,2.42462300143244,0.0791273988922427,0.191854111397652,8,15,graph_h_0.125,1993,7,utc_plus_8,confirmatory
199308,2.73016882926537,2.85313181195823,-0.0430975471155912,-0.122962982692862,8,15,graph_h_0.125,1993,8,utc_plus_8,confirmatory
199406,2.64677702995719,2.42211584153279,0.0927541055518766,0.224661188424404,8,14,graph_h_0.125,1994,6,utc_plus_8,confirmatory
199407,2.66474247614955,2.75828154184058,-0.0339120805008964,-0.0935390656910347,8,15,graph_h_0.125,1994,7,utc_plus_8,confirmatory
199408,2.80633856430165,2.65757957083552,0.0559753676234656,0.14875899346613,8,15,graph_h_0.125,1994,8,utc_plus_8,confirmatory
199506,3.04838380117533,2.78533275592827,0.0944415149993054,0.263051045247057,8,14,graph_h_0.125,1995,6,utc_plus_8,confirmatory
199507,2.58005484601048,2.53175853225648,0.0190761927485081,0.0482963137540047,8,15,graph_h_0.125,1995,7,utc_plus_8,confirmatory
199508,2.4302626386701,2.67636226646218,-0.0919530329940707,-0.246099627792082,8,15,graph_h_0.125,1995,8,utc_plus_8,confirmatory
199606,2.69463766430154,3.09675749834195,-0.129851896461287,-0.402119834040412,8,14,graph_h_0.125,1996,6,utc_plus_8,confirmatory
199607,2.4407375406157,2.40296496561053,0.0157191534399153,0.0377725750051727,8,15,graph_h_0.125,1996,7,utc_plus_8,confirmatory
199608,2.55322616510271,2.81684530068135,-0.0935866572136103,-0.263619135578634,8,15,graph_h_0.125,1996,8,utc_plus_8,confirmatory
199706,2.11361176123467,2.55421427811863,-0.172500216860621,-0.440602516883957,8,14,graph_h_0.125,1997,6,utc_plus_8,confirmatory
199707,2.49547446734203,2.33263307139851,0.0698101205629793,0.162841395943523,8,15,graph_h_0.125,1997,7,utc_plus_8,confirmatory
199708,2.57112164996332,2.92268424696056,-0.120287573781823,-0.35156259699724,8,15,graph_h_0.125,1997,8,utc_plus_8,confirmatory
199806,2.30397108868984,2.64792643298827,-0.12989611041054,-0.343955344298431,8,14,graph_h_0.125,1998,6,utc_plus_8,confirmatory
199807,2.69019686889784,2.57616390623127,0.0442646379722738,0.114032962666566,8,15,graph_h_0.125,1998,7,utc_plus_8,confirmatory
199808,2.89564716662222,2.67577082626634,0.0821730838072892,0.219876340355883,8,15,graph_h_0.125,1998,8,utc_plus_8,confirmatory
199906,2.22450829125276,2.67935092117702,-0.169758513649436,-0.454842629924258,8,14,graph_h_0.125,1999,6,utc_plus_8,confirmatory
199907,2.25132171700094,2.25210987733005,-0.00034996530899678,-0.00078816032911444,8,15,graph_h_0.125,1999,7,utc_plus_8,confirmatory
199908,2.20581342188513,2.59947440570208,-0.15143868427919,-0.393660983816954,8,15,graph_h_0.125,1999,8,utc_plus_8,confirmatory
200006,2.40957936123501,2.40265541232843,0.00288179023552759,0.00692394890658576,8,14,graph_h_0.125,2000,6,utc_plus_8,confirmatory
200007,2.35276398351101,2.77944528665027,-0.153513114717032,-0.426681303139257,8,15,graph_h_0.125,2000,7,utc_plus_8,confirmatory
200008,2.31839155743947,2.82885597557468,-0.180449065821213,-0.510464418135209,8,15,graph_h_0.125,2000,8,utc_plus_8,confirmatory
200106,2.66397469807695,2.6807138101779,-0.00624427420689311,-0.0167391121009559,8,14,graph_h_0.125,2001,6,utc_plus_8,confirmatory
200107,2.76729396444967,2.86211913709865,-0.0331311060465177,-0.0948251726489833,8,15,graph_h_0.125,2001,7,utc_plus_8,confirmatory
200108,2.65961723333599,3.1810820080143,-0.163926856762745,-0.521464774678305,8,15,graph_h_0.125,2001,8,utc_plus_8,confirmatory
200206,2.42226383083052,2.38868208099477,0.0140586937470391,0.0335817498357454,8,14,graph_h_0.125,2002,6,utc_plus_8,confirmatory
200207,3.17315245395833,2.63837042016326,0.202694068167266,0.534782033795071,8,15,graph_h_0.125,2002,7,utc_plus_8,confirmatory
200208,2.63947498792757,3.07234746556822,-0.140893073616133,-0.432872477640643,8,15,graph_h_0.125,2002,8,utc_plus_8,confirmatory
200306,2.44593122698877,2.68433149897927,-0.0888117850128217,-0.238400271990492,8,14,graph_h_0.125,2003,6,utc_plus_8,confirmatory
200307,2.62767530435523,2.55557757871289,0.0282119103888241,0.0720977256423363,8,15,graph_h_0.125,2003,7,utc_plus_8,confirmatory
200308,2.81655678451069,2.5854345085885,0.0893939781318906,0.231122275922196,8,15,graph_h_0.125,2003,8,utc_plus_8,confirmatory
200406,2.94950198781475,2.79267531368262,0.0561564294151078,0.156826674132132,8,14,graph_h_0.125,2004,6,utc_plus_8,confirmatory
200407,2.76024097457002,2.84926280363051,-0.0312438111876023,-0.0890218290604903,8,15,graph_h_0.125,2004,7,utc_plus_8,confirmatory
200408,2.46918183074216,2.53295422408189,-0.0251770808700016,-0.0637723933397218,8,15,graph_h_0.125,2004,8,utc_plus_8,confirmatory
200506,2.63873685784985,2.92221249745661,-0.0970071956962345,-0.283475639606755,8,14,graph_h_0.125,2005,6,utc_plus_8,confirmatory
200507,2.48648778116828,2.62769024922265,-0.0537363443412496,-0.141202468054372,8,15,graph_h_0.125,2005,7,utc_plus_8,confirmatory
200508,2.61454755764316,2.6164386124758,-0.000722759106070225,-0.00189105483264074,8,15,graph_h_0.125,2005,8,utc_plus_8,confirmatory
200606,2.48438226182877,2.64712926784401,-0.0614805661333595,-0.162747006015235,8,14,graph_h_0.125,2006,6,utc_plus_8,confirmatory
200607,2.70814288972762,2.50478770945164,0.0811865929829623,0.203355180275977,8,15,graph_h_0.125,2006,7,utc_plus_8,confirmatory
200608,2.25862031425186,2.62590624422438,-0.139870161313014,-0.367285929972514,8,15,graph_h_0.125,2006,8,utc_plus_8,confirmatory
200706,3.02872730683944,2.65015755163481,0.142848018590859,0.378569755204633,8,14,graph_h_0.125,2007,6,utc_plus_8,confirmatory
200707,2.52218626822177,2.70064939905519,-0.0660815620479467,-0.178463130833415,8,15,graph_h_0.125,2007,7,utc_plus_8,confirmatory
200708,2.9022818660801,2.72791794994165,0.0639183140175355,0.174363916138442,8,15,graph_h_0.125,2007,8,utc_plus_8,confirmatory
200806,2.62902042973949,2.42277583928606,0.0851273927654037,0.206244590453434,8,14,graph_h_0.125,2008,6,utc_plus_8,confirmatory
200807,2.80051242969247,2.74033556705321,0.0219596692327593,0.0601768626392545,8,15,graph_h_0.125,2008,7,utc_plus_8,confirmatory
200808,2.86810060076377,2.89922406162359,-0.0107351002193291,-0.0311234608598197,8,15,graph_h_0.125,2008,8,utc_plus_8,confirmatory
200906,2.86220601940933,3.05239639875003,-0.0623085453182219,-0.190190379340693,8,14,graph_h_0.125,2009,6,utc_plus_8,confirmatory
200907,2.75981899572477,2.77182590627343,-0.00433176936599455,-0.0120069105486653,8,15,graph_h_0.125,2009,7,utc_plus_8,confirmatory
200908,2.60478508436068,3.1450690897399,-0.171787642803072,-0.540284005379223,8,15,graph_h_0.125,2009,8,utc_plus_8,confirmatory
201006,2.5761302295926,2.50582772312836,0.0280556024723346,0.0703025064642446,8,14,graph_h_0.125,2010,6,utc_plus_8,confirmatory
201007,2.53605140664572,2.6175794939736,-0.0311463653789993,-0.0815280873278779,8,15,graph_h_0.125,2010,7,utc_plus_8,confirmatory
201008,3.08002674574982,3.149928956017,-0.0221916783658418,-0.0699022102671809,8,15,graph_h_0.125,2010,8,utc_plus_8,confirmatory
201106,2.38937833372305,2.51060566036582,-0.0482860883158797,-0.121227326642771,8,14,graph_h_0.125,2011,6,utc_plus_8,confirmatory
201107,2.68248953772396,2.74099630432738,-0.0213450731440457,-0.0585067666034269,8,15,graph_h_0.125,2011,7,utc_plus_8,confirmatory
201108,2.64248438542441,2.58537976880537,0.0220875158489493,0.0571046166190414,8,15,graph_h_0.125,2011,8,utc_plus_8,confirmatory
201206,2.10652712625424,2.55011775757718,-0.173949077451384,-0.443590631322941,8,14,graph_h_0.125,2012,6,utc_plus_8,confirmatory
201207,2.25881801142902,2.5795743154281,-0.124344664963006,-0.320756303999082,8,15,graph_h_0.125,2012,7,utc_plus_8,confirmatory
201208,2.23267631245171,2.70070458244963,-0.1732985803184,-0.468028269997918,8,15,graph_h_0.125,2012,8,utc_plus_8,confirmatory
201306,2.47158384768488,2.37405348293356,0.0410817892067037,0.0975303647513175,8,14,graph_h_0.125,2013,6,utc_plus_8,confirmatory
201307,2.5797564705499,2.6219239490924,-0.0160826474608844,-0.042167478542503,8,15,graph_h_0.125,2013,7,utc_plus_8,confirmatory
201308,2.80535691062671,2.80667854748584,-0.000470889999251489,-0.0013216368591249,8,15,graph_h_0.125,2013,8,utc_plus_8,confirmatory
201406,2.4460550422402,2.47175651574119,-0.0103980603822901,-0.0257014735009959,8,14,graph_h_0.125,2014,6,utc_plus_8,confirmatory
201407,2.39120953092559,2.41657915681798,-0.0104981563797792,-0.0253696258923903,8,15,graph_h_0.125,2014,7,utc_plus_8,confirmatory
201408,2.60606476144849,2.60079389890823,0.00202663599851904,0.00527086254025599,8,15,graph_h_0.125,2014,8,utc_plus_8,confirmatory
201506,2.30780179688876,2.56435345268379,-0.100045356667402,-0.256551655795033,8,14,graph_h_0.125,2015,6,utc_plus_8,discovery
201507,2.4009017111392,2.85283017078755,-0.158414077457542,-0.451928459648352,8,15,graph_h_0.125,2015,7,utc_plus_8,discovery
201508,2.82803464437721,3.18035017021115,-0.110778847289808,-0.352315525833935,8,15,graph_h_0.125,2015,8,utc_plus_8,discovery
201606,2.80232808299036,2.71151060754994,0.0334933137224493,0.0908174754404194,8,14,graph_h_0.125,2016,6,utc_plus_8,confirmatory
201607,2.75197959218637,2.60542597026115,0.0562493901565444,0.146553621925213,8,15,graph_h_0.125,2016,7,utc_plus_8,confirmatory
201608,2.70459594823275,2.35668341374996,0.147628032027088,0.347912534482786,8,15,graph_h_0.125,2016,8,utc_plus_8,confirmatory
201706,2.4177071558913,2.5334696526049,-0.0456932636215244,-0.115762496713608,8,14,graph_h_0.125,2017,6,utc_plus_8,confirmatory
201707,2.47157562947762,2.65630547370346,-0.0695439007503453,-0.184729844225832,8,15,graph_h_0.125,2017,7,utc_plus_8,confirmatory
201708,2.73408428886799,2.67638872777596,0.0215572425983024,0.0576955610920282,8,15,graph_h_0.125,2017,8,utc_plus_8,confirmatory
201806,2.46888291093089,2.68914697927333,-0.0819085271426711,-0.220264068342442,8,14,graph_h_0.125,2018,6,utc_plus_8,confirmatory
201807,2.10611375810567,2.33824034526989,-0.099274049236981,-0.232126587164219,8,15,graph_h_0.125,2018,7,utc_plus_8,confirmatory
201808,2.23475162868403,2.48391033358898,-0.10030905767236,-0.249158704904946,8,15,graph_h_0.125,2018,8,utc_plus_8,confirmatory
201906,2.44735188988431,2.6453488763984,-0.0748472113756356,-0.197996986514091,8,14,graph_h_0.125,2019,6,utc_plus_8,confirmatory
201907,2.68539187500881,2.80917120925198,-0.0440625811041718,-0.12377933424317,8,15,graph_h_0.125,2019,7,utc_plus_8,confirmatory
201908,2.6947388987077,2.93716014061855,-0.0825359293687676,-0.242421241910852,8,15,graph_h_0.125,2019,8,utc_plus_8,confirmatory
202006,2.49067919418415,2.67469291967887,-0.0687980755251771,-0.184013725494724,8,14,graph_h_0.125,2020,6,utc_plus_8,confirmatory
202007,2.30419756054721,2.3127621858288,-0.00370320188304063,-0.0085646252815863,8,15,graph_h_0.125,2020,7,utc_plus_8,confirmatory
202008,2.84916927966572,2.8245820888791,0.00870471808322626,0.0245871907866229,8,15,graph_h_0.125,2020,8,utc_plus_8,confirmatory
202106,2.31882899516999,2.78735825295862,-0.16809079252418,-0.468529257788628,8,14,graph_h_0.125,2021,6,utc_plus_8,confirmatory
202107,2.32499473482833,2.38751079565932,-0.0261846191207364,-0.0625160608309856,8,15,graph_h_0.125,2021,7,utc_plus_8,confirmatory
202108,2.872544893401,2.91992245942932,-0.0162256247166159,-0.0473775660283184,8,15,graph_h_0.125,2021,8,utc_plus_8,confirmatory
202206,2.61661404690248,2.65008920398957,-0.0126317095427174,-0.0334751570870875,8,14,graph_h_0.125,2022,6,utc_plus_8,discovery
202207,3.09646218831124,2.56863467834306,0.205489521113473,0.527827509968176,8,15,graph_h_0.125,2022,7,utc_plus_8,discovery
202208,2.31810913635824,2.55381402647653,-0.0922952445536853,-0.235704890118283,8,15,graph_h_0.125,2022,8,utc_plus_8,discovery
202306,2.70903755253491,2.82337958308858,-0.0404982848351532,-0.114342030553678,8,14,graph_h_0.125,2023,6,utc_plus_8,confirmatory
202307,2.42173279948117,2.70000911175176,-0.103064953025305,-0.27827631227059,8,15,graph_h_0.125,2023,7,utc_plus_8,confirmatory
202308,2.2262574970046,3.02874252573868,-0.264956503207006,-0.802485028734077,8,15,graph_h_0.125,2023,8,utc_plus_8,confirmatory
202406,2.49037969786887,2.67780339564579,-0.0699915826836581,-0.187423697776923,8,14,graph_h_0.125,2024,6,utc_plus_8,confirmatory
202407,2.96790399740666,2.61492767443089,0.134985118872394,0.352976322975767,8,15,graph_h_0.125,2024,7,utc_plus_8,confirmatory
202408,2.78694315574365,2.63993261752336,0.0556872312741887,0.147010538220298,8,15,graph_h_0.125,2024,8,utc_plus_8,confirmatory
202506,2.21399636087655,2.44678656770792,-0.0951411986250335,-0.232790206831363,8,14,graph_h_0.125,2025,6,utc_plus_8,confirmatory
202507,2.14550899039764,2.4993098717471,-0.141559430204686,-0.353800881349465,8,15,graph_h_0.125,2025,7,utc_plus_8,confirmatory
202508,2.37162869329964,2.70409058571504,-0.122947764461627,-0.332461892415396,8,15,graph_h_0.125,2025,8,utc_plus_8,confirmatory
199106,4.86850825469598,4.29663968628515,0.133096701181677,0.571868568410831,8,14,graph_h_0.250,1991,6,utc_plus_8,confirmatory
199107,4.37383622882454,4.23960791626653,0.0316605486188952,0.13422831255801,8,15,graph_h_0.250,1991,7,utc_plus_8,confirmatory
199108,4.19376907918378,3.93079620539093,0.0669006633903313,0.262972873792851,8,15,graph_h_0.250,1991,8,utc_plus_8,confirmatory
199206,4.04783843534426,4.02478381653582,0.00572816326524706,0.0230546188084411,8,14,graph_h_0.250,1992,6,utc_plus_8,confirmatory
199207,4.43665011758446,4.54647229497034,-0.024155470496844,-0.109822177385874,8,15,graph_h_0.250,1992,7,utc_plus_8,confirmatory
199208,4.15271258398229,3.68895998975436,0.125713641653999,0.463752594227922,8,15,graph_h_0.250,1992,8,utc_plus_8,confirmatory
199306,4.55922001691475,4.97873648650127,-0.0842616335939732,-0.419516469586515,8,14,graph_h_0.250,1993,6,utc_plus_8,confirmatory
199307,4.32727663200779,3.89869975080585,0.109928157743709,0.428576881201943,8,15,graph_h_0.250,1993,7,utc_plus_8,confirmatory
199308,4.39805537136879,4.62446816366414,-0.0489597472146848,-0.226412792295354,8,15,graph_h_0.250,1993,8,utc_plus_8,confirmatory
199406,4.52766821265331,3.83491478222226,0.180643761275346,0.692753430431052,8,14,graph_h_0.250,1994,6,utc_plus_8,confirmatory
199407,4.09214432168418,4.60098044775573,-0.110592977268517,-0.508836126071542,8,15,graph_h_0.250,1994,7,utc_plus_8,confirmatory
199408,4.40861101614423,4.14120377610139,0.0645723452649256,0.267407240042833,8,15,graph_h_0.250,1994,8,utc_plus_8,confirmatory
199506,5.18354644925531,4.76125232444336,0.0886939183298425,0.422294124811953,8,14,graph_h_0.250,1995,6,utc_plus_8,confirmatory
199507,4.20847455310888,4.32373460703176,-0.0266575228126705,-0.115260053922882,8,15,graph_h_0.250,1995,7,utc_plus_8,confirmatory
199508,3.87771625570831,4.30672869764989,-0.0996144572969477,-0.429012441941584,8,15,graph_h_0.250,1995,8,utc_plus_8,confirmatory
199606,4.59104626869693,5.21213253707183,-0.119161641412101,-0.621086268374896,8,14,graph_h_0.250,1996,6,utc_plus_8,confirmatory
199607,3.90202094191387,3.8139724136592,0.0230857800489945,0.088048528254669,8,15,graph_h_0.250,1996,7,utc_plus_8,confirmatory
199608,4.06301597299595,4.46270858645431,-0.089562785854213,-0.399692613458365,8,15,graph_h_0.250,1996,8,utc_plus_8,confirmatory
199706,3.2718266605206,4.29969411166113,-0.239055947806349,-1.02786745114053,8,14,graph_h_0.250,1997,6,utc_plus_8,confirmatory
199707,3.9248748640029,3.75192352934595,0.0460967110081554,0.172951334656958,8,15,graph_h_0.250,1997,7,utc_plus_8,confirmatory
199708,4.07902915813828,4.59179276202908,-0.111669587558696,-0.512763603890794,8,15,graph_h_0.250,1997,8,utc_plus_8,confirmatory
199806,3.75774970983784,4.40855926011209,-0.147624090292414,-0.650809550274244,8,14,graph_h_0.250,1998,6,utc_plus_8,confirmatory
199807,4.47671102324112,4.09749751208044,0.0925475878978985,0.379213511160684,8,15,graph_h_0.250,1998,7,utc_plus_8,confirmatory
199808,4.73176424499394,4.46157312226479,0.0605596087579075,0.270191122729151,8,15,graph_h_0.250,1998,8,utc_plus_8,confirmatory
199906,3.57515252612066,4.55636606332984,-0.215350023148075,-0.981213537209181,8,14,graph_h_0.250,1999,6,utc_plus_8,confirmatory
199907,3.42999790910588,3.44033721168697,-0.00300531661430559,-0.0103393025810967,8,15,graph_h_0.250,1999,7,utc_plus_8,confirmatory
199908,3.38348353737897,4.20233986815515,-0.194857235841722,-0.818856330776179,8,15,graph_h_0.250,1999,8,utc_plus_8,confirmatory
200006,3.94539590718309,3.99803014837079,-0.0131650435925671,-0.052634241187699,8,14,graph_h_0.250,2000,6,utc_plus_8,confirmatory
200007,3.58010192921438,4.55501245508762,-0.214030265665759,-0.974910525873243,8,15,graph_h_0.250,2000,7,utc_plus_8,confirmatory
200008,3.76915416141983,4.54300638453746,-0.170339233013519,-0.773852223117634,8,15,graph_h_0.250,2000,8,utc_plus_8,confirmatory
200106,4.50077675447748,4.47297622568311,0.00621521944041348,0.0278005287943728,8,14,graph_h_0.250,2001,6,utc_plus_8,confirmatory
200107,4.48678301772892,4.68974649788707,-0.0432781345963144,-0.20296348015815,8,15,graph_h_0.250,2001,7,utc_plus_8,confirmatory
200108,4.17628691639471,5.08932567017482,-0.179402697518618,-0.913038753780111,8,15,graph_h_0.250,2001,8,utc_plus_8,confirmatory
200206,3.88612982260821,3.9094937751381,-0.00597620916510178,-0.0233639525298885,8,14,graph_h_0.250,2002,6,utc_plus_8,confirmatory
200207,5.09493065172383,4.11018955065471,0.239585325429155,0.984741101069122,8,15,graph_h_0.250,2002,7,utc_plus_8,confirmatory
200208,4.21163017989905,5.04219189135423,-0.164722352768709,-0.830561711455178,8,15,graph_h_0.250,2002,8,utc_plus_8,confirmatory
200306,3.92903033213588,4.52740463014589,-0.13216717896733,-0.598374298010009,8,14,graph_h_0.250,2003,6,utc_plus_8,confirmatory
200307,4.3974588579339,4.15122182203825,0.0593167617756325,0.24623703589565,8,15,graph_h_0.250,2003,7,utc_plus_8,confirmatory
200308,4.64654492537683,4.24523592332411,0.0945316136254886,0.401309002052718,8,15,graph_h_0.250,2003,8,utc_plus_8,confirmatory
200406,5.00539657141032,4.59299249537091,0.0897898432133426,0.412404076039413,8,14,graph_h_0.250,2004,6,utc_plus_8,confirmatory
200407,4.38954277631355,4.74541387228673,-0.0749926361642488,-0.355871095973177,8,15,graph_h_0.250,2004,7,utc_plus_8,confirmatory
200408,3.90334517667057,4.08647632646093,-0.0448139509837728,-0.183131149790368,8,15,graph_h_0.250,2004,8,utc_plus_8,confirmatory
200506,4.56175226411134,5.0540413419995,-0.0974050358071267,-0.49228907788816,8,14,graph_h_0.250,2005,6,utc_plus_8,confirmatory
200507,3.8325083530669,4.30304568194098,-0.109349833502544,-0.470537328874088,8,15,graph_h_0.250,2005,7,utc_plus_8,confirmatory
200508,4.22945352957273,4.18120924448091,0.0115383570328369,0.048244285091819,8,15,graph_h_0.250,2005,8,utc_plus_8,confirmatory
200606,4.42181341589607,4.45193543208296,-0.00676604965332939,-0.0301220161868896,8,14,graph_h_0.250,2006,6,utc_plus_8,confirmatory
200607,4.23582609001349,4.08725807695502,0.0363490658679304,0.148568013058468,8,15,graph_h_0.250,2006,7,utc_plus_8,confirmatory
200608,3.42244578800152,4.2186498262602,-0.188734327580942,-0.796204038258675,8,15,graph_h_0.250,2006,8,utc_plus_8,confirmatory
200706,4.95369373589289,4.25793129456483,0.163403867557984,0.695762441328065,8,14,graph_h_0.250,2007,6,utc_plus_8,confirmatory
200707,4.07955824600925,4.31064251151064,-0.0536078472952314,-0.231084265501395,8,15,graph_h_0.250,2007,7,utc_plus_8,confirmatory
200708,4.71131892891429,4.60551528723661,0.0229732473086979,0.105803641677675,8,15,graph_h_0.250,2007,8,utc_plus_8,confirmatory
200806,4.31246976167746,3.99438861055885,0.079631999319693,0.318081151118612,8,14,graph_h_0.250,2008,6,utc_plus_8,confirmatory
200807,4.49110836930728,4.3667365889919,0.0284816310259957,0.124371780315382,8,15,graph_h_0.250,2008,7,utc_plus_8,confirmatory
200808,4.43057524759098,4.76329133933676,-0.0698500402438333,-0.332716091745775,8,15,graph_h_0.250,2008,8,utc_plus_8,confirmatory
200906,4.85279837399523,5.37856631233894,-0.0977524321188629,-0.525767938343715,8,14,graph_h_0.250,2009,6,utc_plus_8,confirmatory
200907,4.52816482119758,4.52216273684089,0.00132725969983172,0.00600208435668925,8,15,graph_h_0.250,2009,7,utc_plus_8,confirmatory
200908,4.15600628977721,5.07811796332166,-0.181585319640997,-0.922111673544451,8,15,graph_h_0.250,2009,8,utc_plus_8,confirmatory
201006,4.35377678599193,4.03825854691004,0.0781322531523681,0.315518239081889,8,14,graph_h_0.250,2010,6,utc_plus_8,confirmatory
201007,3.86969331386494,4.21280193499522,-0.0814442801785005,-0.34310862113028,8,15,graph_h_0.250,2010,7,utc_plus_8,confirmatory
201008,5.15681960654382,5.44585194999029,-0.053073852557998,-0.28903234344647,8,15,graph_h_0.250,2010,8,utc_plus_8,confirmatory
201106,3.90530736498129,4.17154024064362,-0.0638212411493507,-0.266232875662337,8,14,graph_h_0.250,2011,6,utc_plus_8,confirmatory
201107,4.34317702595562,4.48374931823291,-0.0313515056931621,-0.140572292277291,8,15,graph_h_0.250,2011,7,utc_plus_8,confirmatory
201108,4.28995095624477,4.21795799671126,0.0170682020991293,0.0719929595335067,8,15,graph_h_0.250,2011,8,utc_plus_8,confirmatory
201206,3.26714113184999,4.35983005663788,-0.25062649474703,-1.0926889247879,8,14,graph_h_0.250,2012,6,utc_plus_8,confirmatory
201207,3.55537601938083,4.34590880033259,-0.181902754353994,-0.790532780951761,8,15,graph_h_0.250,2012,7,utc_plus_8,confirmatory
201208,3.32813732334637,4.31807136768437,-0.229253747806597,-0.989934044337997,8,15,graph_h_0.250,2012,8,utc_plus_8,confirmatory
201306,4.0262015185896,3.75091188931552,0.0733927208629575,0.275289629274083,8,14,graph_h_0.250,2013,6,utc_plus_8,confirmatory
201307,4.13773946367989,4.24032848379171,-0.0241936492665487,-0.102589020111813,8,15,graph_h_0.250,2013,7,utc_plus_8,confirmatory
201308,4.29279218237302,4.66403538244588,-0.0795969947977049,-0.371243200072856,8,15,graph_h_0.250,2013,8,utc_plus_8,confirmatory
201406,4.05968384856307,4.12029612218246,-0.0147106595793123,-0.0606122736193866,8,14,graph_h_0.250,2014,6,utc_plus_8,confirmatory
201407,3.85221041093035,3.91479691142547,-0.0159871640627021,-0.0625865004951183,8,15,graph_h_0.250,2014,7,utc_plus_8,confirmatory
201408,4.26707460381991,4.14184932161005,0.0302341472338199,0.125225282209855,8,15,graph_h_0.250,2014,8,utc_plus_8,confirmatory
201506,3.72132634469912,4.48086252254448,-0.169506690737313,-0.759536177845362,8,14,graph_h_0.250,2015,6,utc_plus_8,discovery
201507,3.91734902099692,4.77675550063283,-0.179914270161421,-0.859406479635906,8,15,graph_h_0.250,2015,7,utc_plus_8,discovery
201508,4.44027927176958,5.22649528145948,-0.150428914090659,-0.786216009689901,8,15,graph_h_0.250,2015,8,utc_plus_8,discovery
201606,4.870574948923,4.58290228521752,0.0627708482097429,0.287672663705473,8,14,graph_h_0.250,2016,6,utc_plus_8,confirmatory
201607,4.34677517254249,4.28671357355431,0.01401110616737,0.0600615989881757,8,15,graph_h_0.250,2016,7,utc_plus_8,confirmatory
201608,4.2562166881999,3.63532171461042,0.170795055385083,0.620894973589481,8,15,graph_h_0.250,2016,8,utc_plus_8,confirmatory
201706,4.04809672537582,4.33480024282472,-0.0661399606414324,-0.286703517448898,8,14,graph_h_0.250,2017,6,utc_plus_8,confirmatory
201707,3.98193579579877,4.33404317239036,-0.0812422402330122,-0.352107376591584,8,15,graph_h_0.250,2017,7,utc_plus_8,confirmatory
201708,4.55425903750378,4.3302083974704,0.0517413065302519,0.224050640033386,8,15,graph_h_0.250,2017,8,utc_plus_8,confirmatory
201806,4.12428468872561,4.40061051918479,-0.0627926123556074,-0.276325830459179,8,14,graph_h_0.250,2018,6,utc_plus_8,confirmatory
201807,3.02778982840696,3.59985306903463,-0.158912941627664,-0.572063240627667,8,15,graph_h_0.250,2018,7,utc_plus_8,confirmatory
201808,3.34952033648993,3.79155610595447,-0.116584261741595,-0.44203576946454,8,15,graph_h_0.250,2018,8,utc_plus_8,confirmatory
201906,4.00944397584581,4.39061779674585,-0.0868155322429912,-0.381173820900041,8,14,graph_h_0.250,2019,6,utc_plus_8,confirmatory
201907,4.2141481194105,4.54749019983796,-0.0733024296433535,-0.333342080427462,8,15,graph_h_0.250,2019,7,utc_plus_8,confirmatory
201908,4.3235252987436,4.63819498123195,-0.0678431337538927,-0.314669682488353,8,15,graph_h_0.250,2019,8,utc_plus_8,confirmatory
202006,4.29454128698371,4.49356462056758,-0.0442907469657647,-0.199023333583871,8,14,graph_h_0.250,2020,6,utc_plus_8,confirmatory
202007,3.47244178724922,3.64508709302633,-0.0473638355877449,-0.17264530577711,8,15,graph_h_0.250,2020,7,utc_plus_8,confirmatory
202008,4.79938789241421,4.78827873909858,0.00232007239363807,0.0111091533156271,8,15,graph_h_0.250,2020,8,utc_plus_8,confirmatory
202106,3.87625536386276,4.64367474450392,-0.16526122583186,-0.767419380641166,8,14,graph_h_0.250,2021,6,utc_plus_8,confirmatory
202107,3.77049550599643,3.8052698902211,-0.00913848037797138,-0.0347743842246708,8,15,graph_h_0.250,2021,7,utc_plus_8,confirmatory
202108,4.76043931176059,4.90710226109276,-0.0298878934101343,-0.146662949332169,8,15,graph_h_0.250,2021,8,utc_plus_8,confirmatory
202206,4.31205471472695,4.42890407381186,-0.0263833574034359,-0.116849359084911,8,14,graph_h_0.250,2022,6,utc_plus_8,discovery
202207,4.78989488701541,4.16035990578658,0.151317432982953,0.629534981228825,8,15,graph_h_0.250,2022,7,utc_plus_8,discovery
202208,3.53555175241857,4.13259279451557,-0.144471297266292,-0.597041042096995,8,15,graph_h_0.250,2022,8,utc_plus_8,discovery
202306,4.50380978452006,4.66959735687406,-0.0355036119141948,-0.165787572354007,8,14,graph_h_0.250,2023,6,utc_plus_8,confirmatory
202307,3.83623763712791,4.6595803162109,-0.176698892005047,-0.82334267908299,8,15,graph_h_0.250,2023,7,utc_plus_8,confirmatory
202308,3.33054379126999,4.83719921068737,-0.311472683632413,-1.50665541941739,8,15,graph_h_0.250,2023,8,utc_plus_8,confirmatory
202406,4.11796128296501,4.53693677487197,-0.0923476593783444,-0.418975491906961,8,14,graph_h_0.250,2024,6,utc_plus_8,confirmatory
202407,4.8651255965877,4.26394001289758,0.140992974073663,0.601185583690121,8,15,graph_h_0.250,2024,7,utc_plus_8,confirmatory
202408,4.37265240251227,4.23974518250513,0.0313479264167957,0.132907220007135,8,15,graph_h_0.250,2024,8,utc_plus_8,confirmatory
202506,3.75196708070937,4.24538048839735,-0.116223600931996,-0.493413407687976,8,14,graph_h_0.250,2025,6,utc_plus_8,confirmatory
202507,3.16674711254202,3.83382792979485,-0.173998632559529,-0.667080817252835,8,15,graph_h_0.250,2025,7,utc_plus_8,confirmatory
202508,3.62961021399602,4.29341579927725,-0.154610132424856,-0.663805585281222,8,15,graph_h_0.250,2025,8,utc_plus_8,confirmatory
199106,9.50371905945008,8.01897716601657,0.185153525530122,1.48474189343351,8,14,graph_h_0.500,1991,6,utc_plus_8,confirmatory
199107,7.48340202560278,7.87439567205376,-0.0496537972861362,-0.390993646450985,8,15,graph_h_0.500,1991,7,utc_plus_8,confirmatory
199108,7.27168763460555,6.50955471776029,0.117079116758308,0.762132916845252,8,15,graph_h_0.500,1991,8,utc_plus_8,confirmatory
199206,7.31516079584334,7.21924712541723,0.0132858272836263,0.0959136704261088,8,14,graph_h_0.500,1992,6,utc_plus_8,confirmatory
199207,7.86885703019866,8.47103906039721,-0.0710871506913231,-0.602182030198541,8,15,graph_h_0.500,1992,7,utc_plus_8,confirmatory
199208,7.24504798278567,6.32807285107131,0.144905906315399,0.916975131714358,8,15,graph_h_0.500,1992,8,utc_plus_8,confirmatory
199306,9.14039947841554,9.73792009878826,-0.0613601892715341,-0.597520620372723,8,14,graph_h_0.500,1993,6,utc_plus_8,confirmatory
199307,7.8962998506306,7.09146501127685,0.113493451363561,0.804834839353747,8,15,graph_h_0.500,1993,7,utc_plus_8,confirmatory
199308,7.87856897368618,8.43289188495056,-0.0657334303376556,-0.554322911264379,8,15,graph_h_0.500,1993,8,utc_plus_8,confirmatory
199406,8.59628591841892,6.62249819962778,0.298042771669169,1.97378771879115,8,14,graph_h_0.500,1994,6,utc_plus_8,confirmatory
199407,6.59979932310638,8.34643716742256,-0.209267476562764,-1.74663784431618,8,15,graph_h_0.500,1994,7,utc_plus_8,confirmatory
199408,7.34105024379058,7.16345505326012,0.0247918342769018,0.17759519053046,8,15,graph_h_0.500,1994,8,utc_plus_8,confirmatory
199506,9.9504103688003,9.14730850110642,0.0877965215228875,0.803101867693883,8,14,graph_h_0.500,1995,6,utc_plus_8,confirmatory
199507,7.32741317943394,8.28876586768452,-0.11598260870157,-0.961352688250583,8,15,graph_h_0.500,1995,7,utc_plus_8,confirmatory
199508,6.62837547195477,7.66307576363295,-0.135024150040198,-1.03470029167818,8,15,graph_h_0.500,1995,8,utc_plus_8,confirmatory
199606,8.95717593004807,9.80785599069928,-0.0867345586495053,-0.850680060651209,8,14,graph_h_0.500,1996,6,utc_plus_8,confirmatory
199607,6.7816837976477,6.7450573162331,0.00543012159829326,0.0366264814146033,8,15,graph_h_0.500,1996,7,utc_plus_8,confirmatory
199608,6.9038249393738,7.73970038250968,-0.107998423947367,-0.835875443135876,8,15,graph_h_0.500,1996,8,utc_plus_8,confirmatory
199706,5.72866623544778,8.16146095028302,-0.298083238975846,-2.43279471483524,8,14,graph_h_0.500,1997,6,utc_plus_8,confirmatory
199707,6.6984098513147,6.72505889957736,-0.00396264905045396,-0.0266490482626569,8,15,graph_h_0.500,1997,7,utc_plus_8,confirmatory
199708,7.10686529598422,7.98072963804174,-0.109496798123829,-0.873864342057519,8,15,graph_h_0.500,1997,8,utc_plus_8,confirmatory
199806,6.74016418084857,8.27785480849687,-0.18575955524974,-1.5376906276483,8,14,graph_h_0.500,1998,6,utc_plus_8,confirmatory
199807,8.18781251093568,7.18901761068657,0.138933433514529,0.998794900249103,8,15,graph_h_0.500,1998,7,utc_plus_8,confirmatory
199808,8.71771320647342,8.38887889188407,0.0391988391807026,0.328834314589354,8,15,graph_h_0.500,1998,8,utc_plus_8,confirmatory
199906,6.3761334346821,8.67695721281298,-0.265164817769682,-2.30082377813088,8,14,graph_h_0.500,1999,6,utc_plus_8,confirmatory
199907,5.64693331946069,5.58434837427576,0.0112072064617652,0.0625849451849314,8,15,graph_h_0.500,1999,7,utc_plus_8,confirmatory
199908,5.7836761184066,7.66055767711798,-0.245005864823341,-1.87688155871138,8,15,graph_h_0.500,1999,8,utc_plus_8,confirmatory
200006,7.38062061618276,7.63944507436927,-0.0338800077318291,-0.258824458186514,8,14,graph_h_0.500,2000,6,utc_plus_8,confirmatory
200007,5.6578131306986,8.10644360879031,-0.302059768285628,-2.44863047809171,8,15,graph_h_0.500,2000,7,utc_plus_8,confirmatory
200008,6.84012616606345,8.20608218727535,-0.166456536753921,-1.3659560212119,8,15,graph_h_0.500,2000,8,utc_plus_8,confirmatory
200106,8.47372463913538,8.34852221875941,0.0149969559995464,0.12520242037597,8,14,graph_h_0.500,2001,6,utc_plus_8,confirmatory
200107,8.22900343301258,8.57710525963837,-0.0405850011266477,-0.348101826625799,8,15,graph_h_0.500,2001,7,utc_plus_8,confirmatory
200108,7.06451961477989,9.11127253538369,-0.224639633229631,-2.0467529206038,8,15,graph_h_0.500,2001,8,utc_plus_8,confirmatory
200206,7.06731812293561,7.28878552565674,-0.0303846782075776,-0.22146740272113,8,14,graph_h_0.500,2002,6,utc_plus_8,confirmatory
200207,9.1518593513667,6.99093048302085,0.309104613984388,2.16092886834585,8,15,graph_h_0.500,2002,7,utc_plus_8,confirmatory
200208,7.36457560882625,8.9943649148963,-0.181201154444026,-1.62978930607006,8,15,graph_h_0.500,2002,8,utc_plus_8,confirmatory
200306,7.18314011552947,8.32981927611923,-0.137659548494309,-1.14667916058976,8,14,graph_h_0.500,2003,6,utc_plus_8,confirmatory
200307,7.90228305367546,7.47159367886905,0.0576435755633331,0.43068937480641,8,15,graph_h_0.500,2003,7,utc_plus_8,confirmatory
200308,8.37169395245882,7.85218185874939,0.0661614953722136,0.519512093709428,8,15,graph_h_0.500,2003,8,utc_plus_8,confirmatory
200406,9.33002356357286,8.13038365755469,0.147550221065333,1.19963990601817,8,14,graph_h_0.500,2004,6,utc_plus_8,confirmatory
200407,7.50552063243813,8.64350670916373,-0.131657915591032,-1.1379860767256,8,15,graph_h_0.500,2004,7,utc_plus_8,confirmatory
200408,6.58013305804554,7.39949327620913,-0.110731936306773,-0.819360218163588,8,15,graph_h_0.500,2004,8,utc_plus_8,confirmatory
200506,8.95023954435706,9.74306131223932,-0.0813729630220337,-0.792821767882257,8,14,graph_h_0.500,2005,6,utc_plus_8,confirmatory
200507,6.39347176408689,7.76256027930158,-0.176370741862744,-1.36908851521469,8,15,graph_h_0.500,2005,7,utc_plus_8,confirmatory
200508,7.32901922706845,7.41709685069229,-0.0118749458712571,-0.0880776236238425,8,15,graph_h_0.500,2005,8,utc_plus_8,confirmatory
200606,8.95445016420862,8.51875384294408,0.05114554655496,0.43569632126454,8,14,graph_h_0.500,2006,6,utc_plus_8,confirmatory
200607,6.96389642811988,7.37670305238533,-0.0559608569484115,-0.412806624265445,8,15,graph_h_0.500,2006,7,utc_plus_8,confirmatory
200608,5.59963773193036,7.53141639189926,-0.256496063880722,-1.93177865996891,8,15,graph_h_0.500,2006,8,utc_plus_8,confirmatory
200706,9.0319213735514,7.8977306219203,0.143609703334668,1.1341907516311,8,14,graph_h_0.500,2007,6,utc_plus_8,confirmatory
200707,7.12230477399984,7.59632074082098,-0.062400730958328,-0.474015966821137,8,15,graph_h_0.500,2007,7,utc_plus_8,confirmatory
200708,8.20391565375888,8.62629398501115,-0.048964054782528,-0.422378331252277,8,15,graph_h_0.500,2007,8,utc_plus_8,confirmatory
200806,7.99765492586363,7.21441743048371,0.108565591460016,0.783237495379911,8,14,graph_h_0.500,2008,6,utc_plus_8,confirmatory
200807,7.68640176430664,7.81333158784968,-0.01624528821232,-0.126929823543041,8,15,graph_h_0.500,2008,7,utc_plus_8,confirmatory
200808,7.48089503860143,8.77656441372416,-0.14762831035532,-1.29566937512273,8,15,graph_h_0.500,2008,8,utc_plus_8,confirmatory
200906,9.5325679392818,11.0401294570052,-0.136552884057605,-1.50756151772338,8,14,graph_h_0.500,2009,6,utc_plus_8,confirmatory
200907,7.93208658850177,8.26966870982441,-0.0408217225100673,-0.337582121322638,8,15,graph_h_0.500,2009,7,utc_plus_8,confirmatory
200908,7.41100935171013,9.17877728925455,-0.192592965471982,-1.76776793754441,8,15,graph_h_0.500,2009,8,utc_plus_8,confirmatory
201006,8.255423393598,6.96916670431216,0.184563914720246,1.28625668928585,8,14,graph_h_0.500,2010,6,utc_plus_8,confirmatory
201007,6.11655775183484,7.56717916305266,-0.191699096844514,-1.45062141121782,8,15,graph_h_0.500,2010,7,utc_plus_8,confirmatory
201008,9.42896643588965,10.671349812707,-0.116422326942928,-1.24238337681733,8,15,graph_h_0.500,2010,8,utc_plus_8,confirmatory
201106,7.20709850129223,7.83973897644771,-0.080696624856525,-0.632640475155478,8,14,graph_h_0.500,2011,6,utc_plus_8,confirmatory
201107,7.86638130969233,8.16293779466782,-0.036329626959697,-0.296556484975493,8,15,graph_h_0.500,2011,7,utc_plus_8,confirmatory
201108,7.49656360321772,7.63809322819459,-0.0185294445548839,-0.141529624976866,8,15,graph_h_0.500,2011,8,utc_plus_8,confirmatory
201206,5.77915153540527,8.59323655116883,-0.327476731148614,-2.81408501576356,8,14,graph_h_0.500,2012,6,utc_plus_8,confirmatory
201207,5.97043175833405,8.08106190027603,-0.261182276288453,-2.11063014194198,8,15,graph_h_0.500,2012,7,utc_plus_8,confirmatory
201208,5.30873854645403,7.73306337822419,-0.313501223667311,-2.42432483177015,8,15,graph_h_0.500,2012,8,utc_plus_8,confirmatory
201306,7.57836061130802,6.66584137158728,0.136894832752891,0.91251923972074,8,14,graph_h_0.500,2013,6,utc_plus_8,confirmatory
201307,7.04972053552057,7.4947944614072,-0.0593844071613231,-0.445073925886635,8,15,graph_h_0.500,2013,7,utc_plus_8,confirmatory
201308,6.9181393869237,8.44168600338523,-0.180478948855781,-1.52354661646153,8,15,graph_h_0.500,2013,8,utc_plus_8,confirmatory
201406,7.47848908661938,7.60897521007052,-0.0171489747106071,-0.130486123451135,8,14,graph_h_0.500,2014,6,utc_plus_8,confirmatory
201407,6.9581257845313,6.98679624323036,-0.00410352008287651,-0.0286704586990618,8,15,graph_h_0.500,2014,7,utc_plus_8,confirmatory
201408,7.97209032584827,7.40793170535736,0.0761560234259338,0.564158620490913,8,15,graph_h_0.500,2014,8,utc_plus_8,confirmatory
201506,6.86245201461134,9.12499418743888,-0.247949985101588,-2.26254217282755,8,14,graph_h_0.500,2015,6,utc_plus_8,discovery
201507,7.07681430365458,8.71672506994393,-0.188133817819254,-1.63991076628935,8,15,graph_h_0.500,2015,7,utc_plus_8,discovery
201508,7.35620056732875,9.5809086659016,-0.232202202959159,-2.22470809857285,8,15,graph_h_0.500,2015,8,utc_plus_8,discovery
201606,9.61347177788423,8.68154876868315,0.107345248414982,0.931923009201075,8,14,graph_h_0.500,2016,6,utc_plus_8,confirmatory
201607,7.31255506918064,7.87241544299501,-0.0711167211471975,-0.559860373814367,8,15,graph_h_0.500,2016,7,utc_plus_8,confirmatory
201608,7.07751346258019,5.99811862534396,0.179955566846484,1.07939483723623,8,15,graph_h_0.500,2016,8,utc_plus_8,confirmatory
201706,7.48651639959756,8.24873306012645,-0.09240408860039,-0.762216660528891,8,14,graph_h_0.500,2017,6,utc_plus_8,confirmatory
201707,6.76583666341435,7.81961608625266,-0.134761017831927,-1.05377942283832,8,15,graph_h_0.500,2017,7,utc_plus_8,confirmatory
201708,8.58336603776842,7.8799608424548,0.0892650622733915,0.703405195313614,8,15,graph_h_0.500,2017,8,utc_plus_8,confirmatory
201806,7.81357611399755,7.91989426753852,-0.0134241884991744,-0.106318153540967,8,14,graph_h_0.500,2018,6,utc_plus_8,confirmatory
201807,4.52736741585932,5.94896504063727,-0.238965536873565,-1.42159762477795,8,15,graph_h_0.500,2018,7,utc_plus_8,confirmatory
201808,5.2712106179407,6.18821867302288,-0.148186110338961,-0.917008055082188,8,15,graph_h_0.500,2018,8,utc_plus_8,confirmatory
201906,7.5254987803491,8.35046877081103,-0.0987932549781631,-0.824969990461922,8,14,graph_h_0.500,2019,6,utc_plus_8,confirmatory
201907,7.40794376563661,8.2179715027528,-0.0985678444911677,-0.810027737116186,8,15,graph_h_0.500,2019,7,utc_plus_8,confirmatory
201908,7.64480435119439,8.12731812087122,-0.0593693716058342,-0.482513769676833,8,15,graph_h_0.500,2019,8,utc_plus_8,confirmatory
202006,8.32866528066076,8.77205741148779,-0.05054596772775,-0.443392130827032,8,14,graph_h_0.500,2020,6,utc_plus_8,confirmatory
202007,5.83482069120388,6.51755326371266,-0.104752894972103,-0.682732572508782,8,15,graph_h_0.500,2020,7,utc_plus_8,confirmatory
202008,8.61946252129573,8.79622134693032,-0.020094858765267,-0.176758825634591,8,15,graph_h_0.500,2020,8,utc_plus_8,confirmatory
202106,7.31213359614208,8.8224659717092,-0.171191635129029,-1.51033237556712,8,14,graph_h_0.500,2021,6,utc_plus_8,confirmatory
202107,6.53973578391228,6.50714026884803,0.0050091920133164,0.0325955150642425,8,15,graph_h_0.500,2021,7,utc_plus_8,confirmatory
202108,8.86315240651249,9.28903122623067,-0.0458474957555938,-0.425878819718189,8,15,graph_h_0.500,2021,8,utc_plus_8,confirmatory
202206,7.77816240153686,8.42942080419209,-0.0772601603103442,-0.651258402655231,8,14,graph_h_0.500,2022,6,utc_plus_8,discovery
202207,8.12338635420247,7.51808867704808,0.0805121757877492,0.605297677154382,8,15,graph_h_0.500,2022,7,utc_plus_8,discovery
202208,5.46617379333366,7.4020468220185,-0.261532124185745,-1.93587302868484,8,15,graph_h_0.500,2022,8,utc_plus_8,discovery
202306,8.66958738946114,8.61795193738499,0.00599161522961778,0.05163545207615,8,14,graph_h_0.500,2023,6,utc_plus_8,confirmatory
202307,6.58610397543839,8.99883769549163,-0.268116150295944,-2.41273372005324,8,15,graph_h_0.500,2023,7,utc_plus_8,confirmatory
202308,5.33169991227049,8.69705320479633,-0.38695328328794,-3.36535329252584,8,15,graph_h_0.500,2023,8,utc_plus_8,confirmatory
202406,7.8497585958034,8.78966056503783,-0.1069326809926,-0.939901969234429,8,14,graph_h_0.500,2024,6,utc_plus_8,confirmatory
202407,8.51179991116371,7.64857007688261,0.112861597083377,0.863229834281097,8,15,graph_h_0.500,2024,7,utc_plus_8,confirmatory
202408,7.42206420433216,7.44512600320031,-0.00309756998850508,-0.0230617988681523,8,15,graph_h_0.500,2024,8,utc_plus_8,confirmatory
202506,7.25121615831283,8.43295411568342,-0.140133331826485,-1.18173795737059,8,14,graph_h_0.500,2025,6,utc_plus_8,confirmatory
202507,4.96858826169763,6.39946115407691,-0.223592714750322,-1.43087289237928,8,15,graph_h_0.500,2025,7,utc_plus_8,confirmatory
202508,5.89170776430328,7.34213682026488,-0.197548628072184,-1.4504290559616,8,15,graph_h_0.500,2025,8,utc_plus_8,confirmatory
199106,15.5845028035134,13.5065029371306,0.15385180576018,2.07799986638272,8,14,graph_h_1.000,1991,6,utc_plus_8,confirmatory
199107,10.6771342312611,12.4914798046409,-0.145246648255857,-1.81434557337982,8,15,graph_h_1.000,1991,7,utc_plus_8,confirmatory
199108,10.9928234565452,9.84552427400499,0.11653002426386,1.14729918254023,8,15,graph_h_1.000,1991,8,utc_plus_8,confirmatory
199206,12.6146395623035,12.3615651597142,0.0204726828131816,0.253074402589306,8,14,graph_h_1.000,1992,6,utc_plus_8,confirmatory
199207,11.6274926943763,13.2213801024993,-0.120553784534316,-1.59388740812299,8,15,graph_h_1.000,1992,7,utc_plus_8,confirmatory
199208,10.604746992569,10.2058758758563,0.039082497334332,0.398871116712678,8,15,graph_h_1.000,1992,8,utc_plus_8,confirmatory
199306,15.7055462484407,16.6740598032586,-0.0580850474476885,-0.96851355481787,8,14,graph_h_1.000,1993,6,utc_plus_8,confirmatory
199307,12.2465503941298,11.6192750108683,0.053985759238393,0.627275383261415,8,15,graph_h_1.000,1993,7,utc_plus_8,confirmatory
199308,12.4493020073835,14.0198902383798,-0.112025715201167,-1.57058823099637,8,15,graph_h_1.000,1993,8,utc_plus_8,confirmatory
199406,13.8001700493256,10.8774148797122,0.268699429224187,2.92275516961335,8,14,graph_h_1.000,1994,6,utc_plus_8,confirmatory
199407,9.01366180946159,12.4482414222748,-0.275908820877089,-3.43457961281317,8,15,graph_h_1.000,1994,7,utc_plus_8,confirmatory
199408,10.4676149716705,10.9463999038982,-0.0437390316844859,-0.478784932227654,8,15,graph_h_1.000,1994,8,utc_plus_8,confirmatory
199506,17.3841415820689,15.7451273845851,0.104096598106179,1.63901419748376,8,14,graph_h_1.000,1995,6,utc_plus_8,confirmatory
199507,10.461193504466,13.1582897230011,-0.20497315953003,-2.69709621853506,8,15,graph_h_1.000,1995,7,utc_plus_8,confirmatory
199508,9.57647267785612,11.7898700626482,-0.187737216189038,-2.21339738479205,8,15,graph_h_1.000,1995,8,utc_plus_8,confirmatory
199606,15.0631857948447,16.6654660251683,-0.0961437398692448,-1.60228023032352,8,14,graph_h_1.000,1996,6,utc_plus_8,confirmatory
199607,9.75275831389932,10.6858758293498,-0.0873225115425305,-0.933117515450443,8,15,graph_h_1.000,1996,7,utc_plus_8,confirmatory
199608,9.82163112719057,12.1855719224741,-0.193995063204517,-2.36394079528356,8,15,graph_h_1.000,1996,8,utc_plus_8,confirmatory
199706,9.4814581817979,14.1340019747636,-0.329173846251956,-4.65254379296566,8,14,graph_h_1.000,1997,6,utc_plus_8,confirmatory
199707,9.69133570872714,10.2677793089967,-0.0561410196812967,-0.576443600269597,8,15,graph_h_1.000,1997,7,utc_plus_8,confirmatory
199708,10.6377969462848,12.3796854950275,-0.140705395903822,-1.74188854874264,8,15,graph_h_1.000,1997,8,utc_plus_8,confirmatory
199806,10.9001853755265,14.4309517629965,-0.244666217825185,-3.53076638747004,8,14,graph_h_1.000,1998,6,utc_plus_8,confirmatory
199807,12.1884595882057,10.937438413987,0.114379722826039,1.2510211742187,8,15,graph_h_1.000,1998,7,utc_plus_8,confirmatory
199808,13.6605570774458,13.3392538545185,0.0240870461295315,0.32130322292732,8,15,graph_h_1.000,1998,8,utc_plus_8,confirmatory
199906,10.6520790858429,15.1267790641981,-0.295813137705298,-4.47469997835525,8,14,graph_h_1.000,1999,6,utc_plus_8,confirmatory
199907,8.26239718131857,8.41093560492049,-0.0176601546580659,-0.148538423601929,8,15,graph_h_1.000,1999,7,utc_plus_8,confirmatory
199908,8.8859918602158,12.716793481209,-0.301239587373483,-3.83080162099321,8,15,graph_h_1.000,1999,8,utc_plus_8,confirmatory
200006,12.3557913206498,13.3153080915739,-0.0720611768293493,-0.959516770924175,8,14,graph_h_1.000,2000,6,utc_plus_8,confirmatory
200007,7.68580117221134,12.2799770773991,-0.37411925740832,-4.59417590518774,8,15,graph_h_1.000,2000,7,utc_plus_8,confirmatory
200008,10.3284982349751,13.0888655662921,-0.210894314510021,-2.76036733131698,8,15,graph_h_1.000,2000,8,utc_plus_8,confirmatory
200106,13.6457166421688,13.9579438452227,-0.0223691402198023,-0.312227203053913,8,14,graph_h_1.000,2001,6,utc_plus_8,confirmatory
200107,12.8327322766557,13.5224624061689,-0.0510062523226932,-0.689730129513183,8,15,graph_h_1.000,2001,7,utc_plus_8,confirmatory
200108,10.4249927949286,14.6850596983286,-0.290095307129381,-4.26006690339992,8,15,graph_h_1.000,2001,8,utc_plus_8,confirmatory
200206,12.0301643874023,12.5210728899461,-0.0392065845202469,-0.490908502543846,8,14,graph_h_1.000,2002,6,utc_plus_8,confirmatory
200207,14.1027750744459,10.5963192468061,0.33091262597592,3.50645582763978,8,15,graph_h_1.000,2002,7,utc_plus_8,confirmatory
200208,10.9847628995047,14.2355813149921,-0.228358669980257,-3.2508184154874,8,15,graph_h_1.000,2002,8,utc_plus_8,confirmatory
200306,11.9453388920042,13.7985068359989,-0.134302063695758,-1.85316794399468,8,14,graph_h_1.000,2003,6,utc_plus_8,confirmatory
200307,11.1687871288156,11.8946244912407,-0.0610223015413082,-0.72583736242512,8,15,graph_h_1.000,2003,7,utc_plus_8,confirmatory
200308,12.6588291944561,12.8467968058327,-0.0146314769523939,-0.187967611376628,8,15,graph_h_1.000,2003,8,utc_plus_8,confirmatory
200406,14.9409666051842,12.9538786319413,0.15339714302581,1.98708797324288,8,14,graph_h_1.000,2004,6,utc_plus_8,confirmatory
200407,10.6226299460593,13.3837326822717,-0.206302890364048,-2.76110273621242,8,15,graph_h_1.000,2004,7,utc_plus_8,confirmatory
200408,9.46146043130621,12.4435854282699,-0.239651587089103,-2.98212499696372,8,15,graph_h_1.000,2004,8,utc_plus_8,confirmatory
200506,14.769273202968,16.2753148066234,-0.0925353285972965,-1.50604160365534,8,14,graph_h_1.000,2005,6,utc_plus_8,confirmatory
200507,9.11180129850889,11.8955723725585,-0.234017413106692,-2.78377107404957,8,15,graph_h_1.000,2005,7,utc_plus_8,confirmatory
200508,10.4812991542394,11.7367280797553,-0.106965835536512,-1.25542892551586,8,15,graph_h_1.000,2005,8,utc_plus_8,confirmatory
200606,14.8784031149575,14.7690818359776,0.00740203623989366,0.109321278979863,8,14,graph_h_1.000,2006,6,utc_plus_8,confirmatory
200607,10.2143245211596,11.4249353833455,-0.105962162722658,-1.21061086218591,8,15,graph_h_1.000,2006,7,utc_plus_8,confirmatory
200608,8.01886974187612,11.6703396261149,-0.312884629001529,-3.65146988423882,8,15,graph_h_1.000,2006,8,utc_plus_8,confirmatory
200706,14.4379528655051,13.7834380727656,0.0474855975181419,0.65451479273958,8,14,graph_h_1.000,2007,6,utc_plus_8,confirmatory
200707,10.2877326070747,11.9439998932097,-0.138669398940344,-1.65626728613492,8,15,graph_h_1.000,2007,7,utc_plus_8,confirmatory
200708,11.8137320165723,13.7702293528892,-0.142081681152714,-1.95649733631695,8,15,graph_h_1.000,2007,8,utc_plus_8,confirmatory
200806,13.0499437120507,11.886190679158,0.0979079895574348,1.16375303289268,8,14,graph_h_1.000,2008,6,utc_plus_8,confirmatory
200807,11.3252688246275,12.2389439277047,-0.0746530998486673,-0.913675103077177,8,15,graph_h_1.000,2008,7,utc_plus_8,confirmatory
200808,10.9341023491889,13.8916262319813,-0.212899759423671,-2.95752388279237,8,15,graph_h_1.000,2008,8,utc_plus_8,confirmatory
200906,16.4244394781772,19.677117586015,-0.165302570034422,-3.25267810783781,8,14,graph_h_1.000,2009,6,utc_plus_8,confirmatory
200907,11.7568329969634,13.4382799178878,-0.125123671422134,-1.68144692092446,8,15,graph_h_1.000,2009,7,utc_plus_8,confirmatory
200908,11.8764252802628,14.9754618849982,-0.206940969736627,-3.09903660473543,8,15,graph_h_1.000,2009,8,utc_plus_8,confirmatory
201006,13.5838662035468,11.2394973819261,0.208583065768638,2.34436882162073,8,14,graph_h_1.000,2010,6,utc_plus_8,confirmatory
201007,8.28427250770231,12.091199340528,-0.314851052042901,-3.80692683282566,8,15,graph_h_1.000,2010,7,utc_plus_8,confirmatory
201008,14.3279782540631,17.6100037797092,-0.18637278939302,-3.28202552564602,8,15,graph_h_1.000,2010,8,utc_plus_8,confirmatory
201106,11.6898623150672,13.6968356586039,-0.146528248827748,-2.00697334353668,8,14,graph_h_1.000,2011,6,utc_plus_8,confirmatory
201107,11.9186113058592,13.0131290737602,-0.0841087306286712,-1.09451776790103,8,15,graph_h_1.000,2011,7,utc_plus_8,confirmatory
201108,10.9438178786662,12.1115353274495,-0.0964136599706611,-1.16771744878337,8,15,graph_h_1.000,2011,8,utc_plus_8,confirmatory
201206,9.60262616617811,15.2807692755111,-0.371587516764145,-5.67814310933302,8,14,graph_h_1.000,2012,6,utc_plus_8,confirmatory
201207,8.58989838003415,12.3712619248801,-0.305657059708772,-3.78136354484593,8,15,graph_h_1.000,2012,7,utc_plus_8,confirmatory
201208,7.81866654506644,12.5222546843533,-0.375618309789215,-4.70358813928686,8,15,graph_h_1.000,2012,8,utc_plus_8,confirmatory
201306,12.6943823039203,11.2247551511854,0.130927323842758,1.46962715273491,8,14,graph_h_1.000,2013,6,utc_plus_8,confirmatory
201307,10.0602864810496,11.131566421516,-0.0962380225657828,-1.07127994046636,8,15,graph_h_1.000,2013,7,utc_plus_8,confirmatory
201308,9.37728001627501,12.8346485603733,-0.269377733861204,-3.45736854409833,8,15,graph_h_1.000,2013,8,utc_plus_8,confirmatory
201406,12.8389055117691,13.024135874543,-0.0142220846402528,-0.185230362773904,8,14,graph_h_1.000,2014,6,utc_plus_8,confirmatory
201407,10.6702711239046,11.3747729702584,-0.0619354643996766,-0.704501846353843,8,15,graph_h_1.000,2014,7,utc_plus_8,confirmatory
201408,13.4918509822064,12.4749539666973,0.0815150916166754,1.01689701550914,8,15,graph_h_1.000,2014,8,utc_plus_8,confirmatory
201506,12.0305754746903,16.8409578454781,-0.285635913047514,-4.81038237078784,8,14,graph_h_1.000,2015,6,utc_plus_8,discovery
201507,10.6881475002238,13.8875697600221,-0.230380283597807,-3.19942225979821,8,15,graph_h_1.000,2015,7,utc_plus_8,discovery
201508,10.8687354827633,15.4589626465445,-0.296929830851698,-4.59022716378118,8,15,graph_h_1.000,2015,8,utc_plus_8,discovery
201606,16.1266417446976,15.1572626963685,0.0639547567227519,0.969379048329087,8,14,graph_h_1.000,2016,6,utc_plus_8,confirmatory
201607,10.5949289448728,12.23923888746,-0.134347401640462,-1.64430994258715,8,15,graph_h_1.000,2016,7,utc_plus_8,confirmatory
201608,10.3419787345122,8.82728926032317,0.171591689081403,1.51468947418898,8,15,graph_h_1.000,2016,8,utc_plus_8,confirmatory
201706,12.3503904819002,14.5036075291721,-0.148460791078428,-2.15321704727193,8,14,graph_h_1.000,2017,6,utc_plus_8,confirmatory
201707,9.42030425879814,11.8610300178986,-0.205776880710808,-2.44072575910043,8,15,graph_h_1.000,2017,7,utc_plus_8,confirmatory
201708,13.5038050626067,12.5552966013389,0.0755464798152741,0.948508461267826,8,15,graph_h_1.000,2017,8,utc_plus_8,confirmatory
201806,12.6867031701841,13.2196228965665,-0.0403127782503415,-0.532919726382422,8,14,graph_h_1.000,2018,6,utc_plus_8,confirmatory
201807,5.96380232291512,8.63601386556386,-0.309426499800353,-2.67221154264874,8,15,graph_h_1.000,2018,7,utc_plus_8,confirmatory
201808,7.08100424258045,9.24062871566874,-0.233709690058898,-2.15962447308829,8,15,graph_h_1.000,2018,8,utc_plus_8,confirmatory
201906,13.2036352748702,14.8365623486064,-0.110061012475012,-1.63292707373627,8,14,graph_h_1.000,2019,6,utc_plus_8,confirmatory
201907,11.5173244657742,13.0177442405373,-0.115259583153498,-1.50041977476319,8,15,graph_h_1.000,2019,7,utc_plus_8,confirmatory
201908,11.6823083042032,13.1733462862701,-0.113185970342325,-1.49103798206694,8,15,graph_h_1.000,2019,8,utc_plus_8,confirmatory
202006,14.2833918952735,15.7428575602601,-0.0927065279857927,-1.4594656649866,8,14,graph_h_1.000,2020,6,utc_plus_8,confirmatory
202007,9.1554810255437,10.8134617418103,-0.153325619108262,-1.65798071626657,8,15,graph_h_1.000,2020,7,utc_plus_8,confirmatory
202008,12.8151773840968,13.3518120525282,-0.0401918980225499,-0.536634668431466,8,15,graph_h_1.000,2020,8,utc_plus_8,confirmatory
202106,12.0922442451337,15.231874471867,-0.206122380573194,-3.13963022673328,8,14,graph_h_1.000,2021,6,utc_plus_8,confirmatory
202107,9.42679352311432,9.61752809144147,-0.0198319741324051,-0.190734568327146,8,15,graph_h_1.000,2021,7,utc_plus_8,confirmatory
202108,14.2397747428106,15.512019486767,-0.0820167061446561,-1.27224474395635,8,15,graph_h_1.000,2021,8,utc_plus_8,confirmatory
202206,12.0679512993064,14.2650033784078,-0.154016933667672,-2.19705207910135,8,14,graph_h_1.000,2022,6,utc_plus_8,discovery
202207,12.243930275471,11.8494077070078,0.0332947079059336,0.394522568463144,8,15,graph_h_1.000,2022,7,utc_plus_8,discovery
202208,7.05485264903674,11.4027761199395,-0.381303940827158,-4.34792347090272,8,15,graph_h_1.000,2022,8,utc_plus_8,discovery
202306,15.0424320914559,14.4465688438329,0.0412460047824723,0.595863247623049,8,14,graph_h_1.000,2023,6,utc_plus_8,confirmatory
202307,9.52123780188492,14.2984713919044,-0.334107993720524,-4.77723359001949,8,15,graph_h_1.000,2023,7,utc_plus_8,confirmatory
202308,7.67817490086538,14.0400638642526,-0.453123933402128,-6.3618889633872,8,15,graph_h_1.000,2023,8,utc_plus_8,confirmatory
202406,13.6135064657084,15.7115419547114,-0.133534664837521,-2.09803548900305,8,14,graph_h_1.000,2024,6,utc_plus_8,confirmatory
202407,12.0712556300329,11.6834493572161,0.0331927893004713,0.3878062728168,8,15,graph_h_1.000,2024,7,utc_plus_8,confirmatory
202408,10.7880306480574,11.2357903061606,-0.0398511938993547,-0.447759658103298,8,15,graph_h_1.000,2024,8,utc_plus_8,confirmatory
202506,12.0289855873311,15.0243827019896,-0.199369063879199,-2.99539711465849,8,14,graph_h_1.000,2025,6,utc_plus_8,confirmatory
202507,7.17846875971124,9.46831786429361,-0.241843285935479,-2.28984910458237,8,15,graph_h_1.000,2025,7,utc_plus_8,confirmatory
202508,8.37583148265592,10.9770340209595,-0.236967703055023,-2.60120253830363,8,15,graph_h_1.000,2025,8,utc_plus_8,confirmatory
199106,19.1733112369001,17.1781772473865,0.116143520979041,1.99513398951353,8,14,graph_h_2.000,1991,6,utc_plus_8,confirmatory
199107,12.1559747587069,14.9975169907547,-0.189467512108799,-2.84154223204772,8,15,graph_h_2.000,1991,7,utc_plus_8,confirmatory
199108,12.8961824675401,11.8572276705516,0.0876220669667018,1.0389547969885,8,15,graph_h_2.000,1991,8,utc_plus_8,confirmatory
199206,16.2503324651121,16.176847500753,0.00454260104483484,0.0734849643590536,8,14,graph_h_2.000,1992,6,utc_plus_8,confirmatory
199207,13.4071875132746,15.7010372440127,-0.146095426377824,-2.29384973073814,8,15,graph_h_2.000,1992,7,utc_plus_8,confirmatory
199208,12.2825838630768,12.6984678798366,-0.032750724000347,-0.415884016759799,8,15,graph_h_2.000,1992,8,utc_plus_8,confirmatory
199306,19.5384159479478,21.0787195015707,-0.0730738673906725,-1.54030355362296,8,14,graph_h_2.000,1993,6,utc_plus_8,confirmatory
199307,14.5628202624293,14.4072417163495,0.0107986350991263,0.155578546079767,8,15,graph_h_2.000,1993,7,utc_plus_8,confirmatory
199308,15.1162446116304,17.4912664446274,-0.135783297368185,-2.375021832997,8,15,graph_h_2.000,1993,8,utc_plus_8,confirmatory
199406,16.6733375939722,13.8073648885672,0.207568404871958,2.86597270540497,8,14,graph_h_2.000,1994,6,utc_plus_8,confirmatory
199407,10.0485678967814,14.3998362860142,-0.302174851352928,-4.35126838923284,8,15,graph_h_2.000,1994,7,utc_plus_8,confirmatory
199408,12.0133769903423,12.9781784675674,-0.0743402843192638,-0.964801477225109,8,15,graph_h_2.000,1994,8,utc_plus_8,confirmatory
199506,22.3736885601105,20.0951618357486,0.113386831267438,2.27852672436188,8,14,graph_h_2.000,1995,6,utc_plus_8,confirmatory
199507,11.9585599342736,15.7247809011104,-0.239508645018437,-3.76622096683675,8,15,graph_h_2.000,1995,7,utc_plus_8,confirmatory
199508,11.0319245517723,13.988334728638,-0.211348257974778,-2.95641017686573,8,15,graph_h_2.000,1995,8,utc_plus_8,confirmatory
199606,18.7408450665798,21.1527543015987,-0.114023412773087,-2.41190923501888,8,14,graph_h_2.000,1996,6,utc_plus_8,confirmatory
199607,11.1148401281183,13.0113522952395,-0.145758267402768,-1.89651216712113,8,15,graph_h_2.000,1996,7,utc_plus_8,confirmatory
199608,11.2608061465865,14.8451843802626,-0.241450570222742,-3.58437823367616,8,15,graph_h_2.000,1996,8,utc_plus_8,confirmatory
199706,11.9776985913296,18.2113224981198,-0.342293861823262,-6.23362390679029,8,14,graph_h_2.000,1997,6,utc_plus_8,confirmatory
199707,11.0528172811532,12.0742199380198,-0.0845936766192514,-1.02140265686656,8,15,graph_h_2.000,1997,7,utc_plus_8,confirmatory
199708,12.5064740140185,14.8207227624467,-0.156149520203709,-2.31424874842825,8,15,graph_h_2.000,1997,8,utc_plus_8,confirmatory
199806,13.5181724969707,18.7429974041386,-0.278761437912499,-5.22482490716791,8,14,graph_h_2.000,1998,6,utc_plus_8,confirmatory
199807,14.1788142442747,12.9297682493175,0.0966023497770809,1.24904599495716,8,15,graph_h_2.000,1998,7,utc_plus_8,confirmatory
199808,16.231582074719,16.0023739394841,0.014323383274363,0.229208135234909,8,15,graph_h_2.000,1998,8,utc_plus_8,confirmatory
199906,13.4453806258794,19.5607457978774,-0.312634560828536,-6.11536517199804,8,14,graph_h_2.000,1999,6,utc_plus_8,confirmatory
199907,9.67733857335346,10.1402825513929,-0.0456539525100137,-0.462943978039411,8,15,graph_h_2.000,1999,7,utc_plus_8,confirmatory
199908,10.613121738117,15.8875916630916,-0.331986750215119,-5.2744699249746,8,15,graph_h_2.000,1999,8,utc_plus_8,confirmatory
200006,15.3717202368387,16.9826695755359,-0.0948584279716451,-1.61094933869722,8,14,graph_h_2.000,2000,6,utc_plus_8,confirmatory
200007,8.63680425001947,14.5299539840946,-0.40558626273188,-5.89314973407512,8,15,graph_h_2.000,2000,7,utc_plus_8,confirmatory
200008,12.0370535483096,15.8734839758614,-0.241687989441121,-3.8364304275518,8,15,graph_h_2.000,2000,8,utc_plus_8,confirmatory
200106,16.5460229732843,17.5229785316082,-0.0557528251582112,-0.976955558323841,8,14,graph_h_2.000,2001,6,utc_plus_8,confirmatory
200107,15.2633757199839,16.1964602270516,-0.0576103972094618,-0.93308450706769,8,15,graph_h_2.000,2001,7,utc_plus_8,confirmatory
200108,12.1923221957756,18.1736904406678,-0.329122379652045,-5.98136824489219,8,15,graph_h_2.000,2001,8,utc_plus_8,confirmatory
200206,15.3639286328728,16.1063939668413,-0.0460975520341201,-0.742465333968507,8,14,graph_h_2.000,2002,6,utc_plus_8,confirmatory
200207,16.5947874779297,12.6057811224926,0.31644261602476,3.98900635543709,8,15,graph_h_2.000,2002,7,utc_plus_8,confirmatory
200208,12.8675280918965,17.4057899130934,-0.260732885083431,-4.53826182119694,8,15,graph_h_2.000,2002,8,utc_plus_8,confirmatory
200306,14.9240146414013,17.4443436375563,-0.144478293280632,-2.52032899615498,8,14,graph_h_2.000,2003,6,utc_plus_8,confirmatory
200307,12.5301061038665,14.3336613286844,-0.125826554950664,-1.80355522481792,8,15,graph_h_2.000,2003,7,utc_plus_8,confirmatory
200308,14.9729700356295,15.8000495286953,-0.0523466392661447,-0.827079493065833,8,15,graph_h_2.000,2003,8,utc_plus_8,confirmatory
200406,18.2038480428468,16.0374181089153,0.135085954560679,2.16642993393153,8,14,graph_h_2.000,2004,6,utc_plus_8,confirmatory
200407,12.0142045844396,15.9992775869545,-0.249078308745905,-3.9850730025149,8,15,graph_h_2.000,2004,7,utc_plus_8,confirmatory
200408,10.9058698638384,15.7570243659892,-0.307872501144427,-4.85115450215076,8,15,graph_h_2.000,2004,8,utc_plus_8,confirmatory
200506,18.0681289571284,20.3907197572136,-0.113904306848389,-2.32259080008518,8,14,graph_h_2.000,2005,6,utc_plus_8,confirmatory
200507,10.3968586900919,14.0779999005333,-0.261481832394527,-3.68114121044142,8,15,graph_h_2.000,2005,7,utc_plus_8,confirmatory
200508,11.918668546244,14.2640159015513,-0.164424056415434,-2.34534735530731,8,15,graph_h_2.000,2005,8,utc_plus_8,confirmatory
200606,18.2283251300431,18.945461068442,-0.0378526516619534,-0.717135938398833,8,14,graph_h_2.000,2006,6,utc_plus_8,confirmatory
200607,12.0804638675489,13.6561072347681,-0.115380125546153,-1.57564336721928,8,15,graph_h_2.000,2006,7,utc_plus_8,confirmatory
200608,9.25342274706247,13.87048835529,-0.332869722389165,-4.61706560822752,8,15,graph_h_2.000,2006,8,utc_plus_8,confirmatory
200706,17.521132202098,17.796100096749,-0.0154510197827693,-0.274967894651013,8,14,graph_h_2.000,2007,6,utc_plus_8,confirmatory
200707,11.8063675401352,14.4372653125334,-0.182229647751521,-2.63089777239822,8,15,graph_h_2.000,2007,7,utc_plus_8,confirmatory
200708,13.5221128817949,16.7358572466847,-0.192027472361865,-3.21374436488987,8,15,graph_h_2.000,2007,8,utc_plus_8,confirmatory
200806,16.0631913544986,14.9809764974892,0.0722392734005548,1.08221485700941,8,14,graph_h_2.000,2008,6,utc_plus_8,confirmatory
200807,13.260515034259,14.5884183693847,-0.0910244895301644,-1.32790333512571,8,15,graph_h_2.000,2008,7,utc_plus_8,confirmatory
200808,12.631316366945,16.6757551051545,-0.242534068934568,-4.04443873820951,8,15,graph_h_2.000,2008,8,utc_plus_8,confirmatory
200906,20.6932462082397,25.1088229895377,-0.175857577359877,-4.41557678129809,8,14,graph_h_2.000,2009,6,utc_plus_8,confirmatory
200907,13.7851880845315,16.5112266689995,-0.165102123489483,-2.726038584468,8,15,graph_h_2.000,2009,7,utc_plus_8,confirmatory
200908,14.4442975964716,18.434077310031,-0.21643501035923,-3.9897797135594,8,15,graph_h_2.000,2009,8,utc_plus_8,confirmatory
201006,16.7319261142104,14.2700928175804,0.172516978557923,2.46183329663008,8,14,graph_h_2.000,2010,6,utc_plus_8,confirmatory
201007,9.29152287950467,14.6744438070204,-0.366822824653871,-5.38292092751573,8,15,graph_h_2.000,2010,7,utc_plus_8,confirmatory
201008,16.9667155019111,21.6114058378279,-0.214918472716241,-4.64469033591683,8,15,graph_h_2.000,2010,8,utc_plus_8,confirmatory
201106,14.2315469217144,17.6157190951134,-0.192110929739895,-3.38417217339907,8,14,graph_h_2.000,2011,6,utc_plus_8,confirmatory
201107,13.8704468333047,15.7298588820062,-0.118209073752629,-1.85941204870151,8,15,graph_h_2.000,2011,7,utc_plus_8,confirmatory
201108,12.6452637947518,14.5730751424012,-0.132285830465549,-1.9278113476494,8,15,graph_h_2.000,2011,8,utc_plus_8,confirmatory
201206,12.0119753520281,19.6625116686266,-0.389092525183628,-7.65053631659847,8,14,graph_h_2.000,2012,6,utc_plus_8,confirmatory
201207,9.88242746046992,14.5598455808036,-0.321254651663381,-4.67741812033367,8,15,graph_h_2.000,2012,7,utc_plus_8,confirmatory
201208,9.28668934594715,15.3745827416278,-0.39597129222878,-6.08789339568068,8,15,graph_h_2.000,2012,8,utc_plus_8,confirmatory
201306,15.7507971005752,14.2344583089038,0.106525921729167,1.51633879167138,8,14,graph_h_2.000,2013,6,utc_plus_8,confirmatory
201307,11.5645817711896,12.9502814203617,-0.107001508630803,-1.38569964917217,8,15,graph_h_2.000,2013,7,utc_plus_8,confirmatory
201308,10.5323262784293,15.2393211968329,-0.308871691698569,-4.70699491840364,8,15,graph_h_2.000,2013,8,utc_plus_8,confirmatory
201406,16.5772771874889,16.8037587906354,-0.0134780322645852,-0.226481603146492,8,14,graph_h_2.000,2014,6,utc_plus_8,confirmatory
201407,12.5883183066617,14.0681841326333,-0.105192383894007,-1.47986582597154,8,15,graph_h_2.000,2014,7,utc_plus_8,confirmatory
201408,16.8985653656691,15.7476412433083,0.0730854929051645,1.15092412236088,8,15,graph_h_2.000,2014,8,utc_plus_8,confirmatory
201506,15.3775501878054,22.125755164587,-0.304993204823234,-6.7482049767816,8,14,graph_h_2.000,2015,6,utc_plus_8,discovery
201507,12.4907114831146,16.9342013083228,-0.262397366389185,-4.44348982520819,8,15,graph_h_2.000,2015,7,utc_plus_8,discovery
201508,12.9734278644071,18.9842571232259,-0.31662177876136,-6.0108292588188,8,15,graph_h_2.000,2015,8,utc_plus_8,discovery
201606,20.0069635052863,19.6243759052665,0.0194955295325954,0.382587600019875,8,14,graph_h_2.000,2016,6,utc_plus_8,confirmatory
201607,12.251870322424,14.4963186363277,-0.154828847944822,-2.24444831390366,8,15,graph_h_2.000,2016,7,utc_plus_8,confirmatory
201608,12.121072640231,10.4223232101369,0.16299143634711,1.69874943009404,8,15,graph_h_2.000,2016,8,utc_plus_8,confirmatory
201706,15.4457554850729,19.0257826285389,-0.188167142101998,-3.580027143466,8,14,graph_h_2.000,2017,6,utc_plus_8,confirmatory
201707,10.5876991336288,13.9038062520718,-0.23850354775685,-3.316107118443,8,15,graph_h_2.000,2017,7,utc_plus_8,confirmatory
201708,16.0547149925912,15.2187257470371,0.0549316190757212,0.835989245554108,8,15,graph_h_2.000,2017,8,utc_plus_8,confirmatory
201806,15.4937236464744,16.8673371365502,-0.0814362977958936,-1.37361349007584,8,14,graph_h_2.000,2018,6,utc_plus_8,confirmatory
201807,6.5536093596823,9.99068903138189,-0.344028290831926,-3.43707967169959,8,15,graph_h_2.000,2018,7,utc_plus_8,confirmatory
201808,7.86647919161903,11.0835034775385,-0.290253374525389,-3.21702428591942,8,15,graph_h_2.000,2018,8,utc_plus_8,confirmatory
201906,17.0160194804097,19.3821701709548,-0.122078728526021,-2.36615069054513,8,14,graph_h_2.000,2019,6,utc_plus_8,confirmatory
201907,13.7393475041707,15.7366006301735,-0.126917697979395,-1.99725312600272,8,15,graph_h_2.000,2019,7,utc_plus_8,confirmatory
201908,13.8393411694062,16.3818299716402,-0.155201757473702,-2.54248880223393,8,15,graph_h_2.000,2019,8,utc_plus_8,confirmatory
202006,18.1129479939744,20.3492556866534,-0.109896289432627,-2.23630769267901,8,14,graph_h_2.000,2020,6,utc_plus_8,confirmatory
202007,11.1016941345335,13.5013848765533,-0.177736636942127,-2.39969074201988,8,15,graph_h_2.000,2020,7,utc_plus_8,confirmatory
202008,14.9545207061173,15.6501029029954,-0.0444458545218246,-0.695582196878117,8,15,graph_h_2.000,2020,8,utc_plus_8,confirmatory
202106,14.9429026987235,19.5058577763928,-0.233927424775531,-4.56295507766935,8,14,graph_h_2.000,2021,6,utc_plus_8,confirmatory
202107,10.7777917671787,11.2272588355625,-0.0400335536008205,-0.449467068383775,8,15,graph_h_2.000,2021,7,utc_plus_8,confirmatory
202108,17.4024300740397,19.2823124206169,-0.0974925779424245,-1.87988234657718,8,15,graph_h_2.000,2021,8,utc_plus_8,confirmatory
202206,14.3757036209699,17.9736240154089,-0.200177793379593,-3.59792039443901,8,14,graph_h_2.000,2022,6,utc_plus_8,discovery
202207,14.4577771838063,14.2599512900881,0.0138728309581033,0.19782589371818,8,15,graph_h_2.000,2022,7,utc_plus_8,discovery
202208,7.68275559259399,13.7471695952386,-0.441139098534513,-6.06441400264464,8,15,graph_h_2.000,2022,8,utc_plus_8,discovery
202306,19.0271088846162,18.316351480513,0.0388045296498765,0.710757404103127,8,14,graph_h_2.000,2023,6,utc_plus_8,confirmatory
202307,10.9333632434255,17.0364881490577,-0.358238438123749,-6.10312490563219,8,15,graph_h_2.000,2023,7,utc_plus_8,confirmatory
202308,8.94154515704818,17.2304430699256,-0.481061217012176,-8.28889791287743,8,15,graph_h_2.000,2023,8,utc_plus_8,confirmatory
202406,17.3354209674276,20.4996359266878,-0.154354690521156,-3.16421495926028,8,14,graph_h_2.000,2024,6,utc_plus_8,confirmatory
202407,13.685165305494,13.8175116923236,-0.00957816354901886,-0.132346386829555,8,15,graph_h_2.000,2024,7,utc_plus_8,confirmatory
202408,12.5011420245355,13.2448996252644,-0.0561542647941348,-0.743757600728831,8,15,graph_h_2.000,2024,8,utc_plus_8,confirmatory
202506,14.7448768497861,19.4178283988781,-0.240652633914614,-4.67295154909201,8,14,graph_h_2.000,2025,6,utc_plus_8,confirmatory
202507,8.42601443833863,11.1023743249187,-0.241061939388325,-2.67635988658004,8,15,graph_h_2.000,2025,7,utc_plus_8,confirmatory
202508,9.64385023808324,12.9277006872753,-0.254016590314805,-3.28385044919203,8,15,graph_h_2.000,2025,8,utc_plus_8,confirmatory
