configuration,analysis_role,site_id,lon,lat,moderate_anomaly,extreme_anomaly,anomaly_difference,profile_contribution,contribution_h_0_125,contribution_h_0_250,contribution_h_0_500,contribution_h_1_000,contribution_h_2_000
dense_465_fixed_labels,confirmatory,1,105,20.4,3.59344927525618,2.38767067459134,-1.20577860066483,-0.00017968101374559,-1.21719151659246e-06,-4.08793031257177e-05,-9.97223511703736e-05,-0.000257960958130367,-0.000498625264784901
dense_465_fixed_labels,confirmatory,2,105,21.3,4.43830554793535,3.27307630842973,-1.16522923950562,-0.000260656142002506,-4.75102479077067e-05,-0.000103060888932371,-0.000169894928974221,-0.000364879127648519,-0.000617935516549714
dense_465_fixed_labels,confirmatory,3,105,22.2,3.76815858242309,2.637208956157,-1.13094962626608,-0.000262236317250665,-0.000107917704482816,-0.000147227436438359,-0.000173765793734736,-0.00034048405135986,-0.000541786600237554
dense_465_fixed_labels,confirmatory,4,105,23.1,1.11700466486657,0.0805176922681116,-1.03648697259846,-0.000119182102851223,-0.000124191981088277,-0.000107232027458119,-4.18296004442201e-05,-0.000111919196059008,-0.000210737709206493
dense_465_fixed_labels,confirmatory,5,105,24,-0.251780285830884,-1.22493735444906,-0.973157068618176,-3.57862377269166e-05,-9.14661749451557e-05,-7.54407180151102e-05,3.24900993738826e-05,4.43891883576221e-06,-4.8953313883962e-05
dense_465_fixed_labels,confirmatory,6,105,24.9,0.853055085164787,0.0959703071671015,-0.757084777997686,-0.000181708060048935,-0.000244802888513837,-0.000206197041310603,-0.000111277103005048,-0.000148242686021526,-0.000198020581393662
dense_465_fixed_labels,confirmatory,7,105,25.8,-1.59697721454661,-2.11007204005512,-0.513094825508508,-0.000156301625362486,-0.000268826990796878,-0.000251753685652355,-0.00014267225402042,-6.52954162919914e-05,-5.29597800507839e-05
dense_465_fixed_labels,confirmatory,8,105,26.7,-2.71642268515748,-3.03878451353997,-0.322361828382486,-0.000182797587797198,-0.000160592778695918,-0.000298239792217432,-0.000258337805389855,-0.000121345291062383,-7.54722716204007e-05
dense_465_fixed_labels,confirmatory,9,105,27.6,-2.55160516175681,-2.56225880646926,-0.0106536447124524,-0.000314418817881261,-0.000182507484671848,-0.000452532297306922,-0.000455578220010603,-0.000277499924815729,-0.000203976162601203
dense_465_fixed_labels,confirmatory,10,105,28.5,2.65835483499644,2.86705049403579,0.208695659039351,4.09429190292632e-05,0.000404030582731859,0.000174649242338251,-8.87965842083601e-05,-0.000144221185276922,-0.000140947460438512
dense_465_fixed_labels,confirmatory,11,105,29.4,2.59748255731486,2.82388687282367,0.226404315508808,-3.51670925019638e-05,0.000117075991197318,9.70966918813264e-05,-0.000104997755046789,-0.000147300550028982,-0.000137709840512693
dense_465_fixed_labels,confirmatory,12,105,30.3,1.96427514134564,2.27663013166205,0.312354990316408,-9.0203789937638e-05,-5.44839269484334e-05,1.0909750035209e-05,-0.000126742361503105,-0.000149005717249775,-0.000131696694022086
dense_465_fixed_labels,confirmatory,13,105,31.2,1.66788395183145,1.97041474151054,0.302530789679082,-0.00013484642561141,-8.92015240181769e-05,-9.71899704190164e-05,-0.00016831396567642,-0.000171025953677957,-0.000148500714265479
dense_465_fixed_labels,confirmatory,14,105,32.1,-0.879705665123813,-0.781777356974313,0.0979283081495005,-0.00018678645503043,-7.35624068887786e-05,-0.000177905837120679,-0.000226786988397355,-0.000240492507561712,-0.000215184535183623
dense_465_fixed_labels,confirmatory,15,105,33,-4.34325653212718,-4.09892573008037,0.244330802046807,-0.000228050897534148,-0.000131588273244425,-0.000126167033459387,-0.000214481693786686,-0.000336013750623724,-0.000332003736556515
dense_465_fixed_labels,confirmatory,16,105,33.9,-5.13157119225224,-4.86589219598946,0.265678996262776,-0.000179798698416444,-3.69873186751812e-05,-3.66742626744658e-05,-0.000139629545719657,-0.000328751230138993,-0.000356951134873922
dense_465_fixed_labels,confirmatory,17,105,34.8,-5.86449688883714,-5.53730050343896,0.327196385398178,-0.000168382161718919,6.16325629438372e-06,1.05889365932323e-05,-0.000102075273438017,-0.000348187065668582,-0.000408400662375613
dense_465_fixed_labels,confirmatory,18,105,35.7,-6.33265530076595,-6.04521171556017,0.287443585205778,-6.58894216094333e-05,0.000102664671333398,0.000144369721178234,3.13060509361779e-05,-0.000254468201734076,-0.0003533193497609
dense_465_fixed_labels,confirmatory,19,105,36.6,-7.13941413087658,-6.90292381972684,0.236490311149741,-2.77594025583095e-06,0.000166477654381207,0.000229017658371246,0.000121720280383147,-0.000195894590624585,-0.00033520070379017
dense_465_fixed_labels,confirmatory,20,105,37.5,-5.82956447890448,-5.7208880053329,0.108676473571578,3.5506031703808e-05,6.51800783821467e-05,0.000177998359265973,0.000172558823800765,-5.23536386794042e-05,-0.000185853464250441
dense_465_fixed_labels,confirmatory,21,105,38.4,-6.19410077618683,-6.00201854131775,0.192082234869077,6.09535451718974e-06,9.16997912925124e-05,0.000145847122941798,0.000135184943278093,-9.17728962651842e-05,-0.00025048218866127
dense_465_fixed_labels,confirmatory,22,105,39.3,-6.17802463390688,-6.12320516505512,0.0548194688517613,7.06131102499507e-05,9.17532831478318e-05,0.000149084105512735,0.000197474101241928,3.71093461607434e-05,-0.000122355284813484
dense_465_fixed_labels,confirmatory,23,105,40.2,-7.23582646707186,-7.25750947944906,-0.0216830123771952,0.000154293266180396,0.000167304846973409,0.000222608409220178,0.00028267857556082,0.00014111221486309,-4.22377157155139e-05
dense_465_fixed_labels,confirmatory,24,105,41.1,-7.11461797799058,-7.2074313658127,-0.0928133878221203,0.000167687448052962,0.000117229458117528,0.000185290476910305,0.000279252661138194,0.000211035189179881,4.56294549189001e-05
dense_465_fixed_labels,confirmatory,25,105,42,-6.98828811154036,-7.12317103058542,-0.134882919045064,0.000144642686223749,5.33847226450631e-05,0.000122065304474289,0.00023584286881987,0.000229009347906578,8.29111872729463e-05
dense_465_fixed_labels,confirmatory,26,105.8,20.4,5.3803722990176,4.19150103696508,-1.18887126205252,-0.000285514504013058,-2.5832472660293e-05,-8.09952904571563e-05,-0.000179205574815128,-0.000413573494067215,-0.000727965688065499
dense_465_fixed_labels,confirmatory,27,105.8,21.3,5.35183453793054,4.20728434883377,-1.14455018909677,-0.000319969478825854,-6.28794881256906e-05,-0.000134927669507253,-0.000222967390193359,-0.000450619911194487,-0.000728452935108479
dense_465_fixed_labels,confirmatory,28,105.8,22.2,3.58986565019605,2.50169249908629,-1.08817315110976,-0.000250350732605135,-0.000116292056672744,-0.000147653313342138,-0.000165418552731272,-0.000318852592573763,-0.000503537147705759
dense_465_fixed_labels,confirmatory,29,105.8,23.1,1.72214020618451,0.668535174591344,-1.05360503159316,-0.000160308551535524,-0.00014220513249396,-0.000134809796585274,-7.53423634942769e-05,-0.000167442064046923,-0.000281743401057184
dense_465_fixed_labels,confirmatory,30,105.8,24,0.932250667319669,0.0466065167630611,-0.885644150556608,-0.00016556794144552,-0.000256359428730214,-0.000201275082118674,-7.03887731680384e-05,-0.000115464460320495,-0.000184351962890179
dense_465_fixed_labels,confirmatory,31,105.8,24.9,0.539360820806923,-0.180073898640979,-0.719434719447902,-0.000190088223984386,-0.00031524084256612,-0.000246117603375301,-0.000106424263228412,-0.000121266964398437,-0.000161391446353657
dense_465_fixed_labels,confirmatory,32,105.8,25.8,0.909795443077245,0.373697404389324,-0.536098038687921,-0.00022249957555939,-0.000286223508574789,-0.00024582114322274,-0.000182286280100125,-0.000188523133503838,-0.00020964381239546
dense_465_fixed_labels,confirmatory,33,105.8,26.7,-1.64222607161732,-2.02880814359047,-0.386582071973155,-0.000162160386810859,-0.000159123242401821,-0.000248745917426949,-0.000206777095215879,-0.000111261953280808,-8.48937257288352e-05
dense_465_fixed_labels,confirmatory,34,105.8,27.6,-0.781734384580283,-0.881560733236939,-0.0998263486566563,-0.000236673131688964,-7.24228038613034e-05,-0.000315424513793275,-0.000356044758899546,-0.000243379007917947,-0.000196094573972748
dense_465_fixed_labels,confirmatory,35,105.8,28.5,1.59803371262991,1.66777116701559,0.0697374543856717,-0.000132550806629506,0.000135818181240475,-8.34532124505336e-05,-0.000260539692783733,-0.000241612486814017,-0.000212966822339724
dense_465_fixed_labels,confirmatory,36,105.8,29.4,2.62226875183145,2.74814681600549,0.125878064174032,-9.11933005271673e-05,9.52571391237781e-05,7.82800897300436e-06,-0.000182107550475568,-0.000198199176660013,-0.000178744923597038
dense_465_fixed_labels,confirmatory,37,105.8,30.3,2.9360778987771,3.08536491827821,0.149287019501112,-0.000134806302607998,-5.63937929603622e-05,-7.4774085775347e-05,-0.000190892555224711,-0.000187590689869208,-0.00016438038921036
dense_465_fixed_labels,confirmatory,38,105.8,31.2,2.08032737785358,2.31377958241963,0.233452204566047,-0.000167212409424649,-0.000130226824949198,-0.000154626172490982,-0.00020847202112119,-0.00018602338960478,-0.000156713638957095
dense_465_fixed_labels,confirmatory,39,105.8,32.1,0.508386223163825,0.727873674591344,0.219487451427519,-0.00023887444352061,-0.000250548865062906,-0.000264029005719845,-0.000254839334096129,-0.00022945811736223,-0.000195496895361941
dense_465_fixed_labels,confirmatory,40,105.8,33,-1.85505923433978,-1.64335524838845,0.211703985951328,-0.000238686791605341,-0.00022700362768742,-0.000209459289214064,-0.000228218730802361,-0.000273768579839724,-0.000254983730483136
dense_465_fixed_labels,confirmatory,41,105.8,33.9,-2.62453147577797,-2.41237131278239,0.21216016299558,-0.000213008678875561,-0.000216430453341383,-0.000146985971188898,-0.000169383259887118,-0.000265048252347073,-0.000267195457613333
dense_465_fixed_labels,confirmatory,42,105.8,34.8,-4.92323110009255,-4.58497402869149,0.338257071401064,-0.000179885091300042,-4.51250506385922e-06,-1.82538783732078e-05,-0.000136293946364934,-0.000351001059608674,-0.000389364067089535
dense_465_fixed_labels,confirmatory,43,105.8,35.7,-6.3959004538203,-5.98861716947431,0.407283284345989,-0.000160986330106649,0.000104678172117758,7.07825150413443e-05,-9.95598378215286e-05,-0.00040001598611855,-0.000480816513752267
dense_465_fixed_labels,confirmatory,44,105.8,36.6,-6.75320311772121,-6.37684575343896,0.376357364282257,-8.9566980342777e-05,0.000166707851446496,0.000166125437902804,5.10691781267864e-08,-0.000330304457708174,-0.000450414802533139
dense_465_fixed_labels,confirmatory,45,105.8,37.5,-5.22678429566735,-4.95505271303492,0.271731582632425,-3.45345405793581e-05,7.64510504302191e-05,0.000142735950940903,7.40464077373162e-05,-0.000172795192005607,-0.000293110919999623
dense_465_fixed_labels,confirmatory,46,105.8,38.4,-7.17880380915941,-6.86691228311068,0.311891526048731,-1.63238222885678e-05,0.000157050915778212,0.000212905665550754,0.000122308607786726,-0.000195194880507066,-0.000378689420051466
dense_465_fixed_labels,confirmatory,47,105.8,39.3,-6.59789476024166,-6.40230090621674,0.195593854024921,6.14431783892783e-05,0.000188928512126593,0.000215621802529881,0.000189553375090617,-5.20525205485891e-05,-0.00023483527725211
dense_465_fixed_labels,confirmatory,48,105.8,40.2,-6.29624039234844,-6.20427704826219,0.0919633440862488,8.76051695724797e-05,0.000148582699185121,0.000169546816612102,0.000208072002112994,4.38865757846207e-05,-0.000132062245832439
dense_465_fixed_labels,confirmatory,49,105.8,41.1,-7.1109814508862,-7.1399523012925,-0.0289708504062954,0.00016032813034047,0.000161173551297621,0.000210386873791035,0.000283023802335116,0.000165908758132032,-1.88523338534528e-05
dense_465_fixed_labels,confirmatory,50,105.8,42,-6.18572101683137,-6.29189630773189,-0.106175290900524,0.000107328347548847,2.6647106486491e-05,9.17694404739124e-05,0.000201089024008192,0.000179577075564623,3.75590912110141e-05
dense_465_fixed_labels,confirmatory,51,106.6,20.4,5.37680544245195,4.17065714807619,-1.20614829437575,-0.000300577359889336,-3.8357070554749e-05,-9.60147412187743e-05,-0.000197848953339409,-0.000431206970577001,-0.000739459063756746
dense_465_fixed_labels,confirmatory,52,106.6,21.3,5.01804392782953,3.83732857358124,-1.18071535424829,-0.000320664293581336,-8.31526110980058e-05,-0.000147275664951993,-0.000227550518732071,-0.000441691068222223,-0.000703651604902388
dense_465_fixed_labels,confirmatory,53,106.6,22.2,4.18179766727157,3.06873827307619,-1.11305939419538,-0.000294193799807083,-0.000117917157270021,-0.000177049047296892,-0.000208793813626638,-0.000383225307527704,-0.00058398367331416
dense_465_fixed_labels,confirmatory,54,106.6,23.1,1.74781410488581,0.737250568530738,-1.01056353635507,-0.000169826856673872,-0.000173277741874232,-0.000151474239473741,-8.03347203196456e-05,-0.000167381763435193,-0.000276665818266548
dense_465_fixed_labels,confirmatory,55,106.6,24,3.65994592056642,2.74101489807619,-0.91893102249023,-0.000343546675209852,-0.000293190858298264,-0.000307962250321296,-0.000244415403966298,-0.000376516253309943,-0.00049564861015346
dense_465_fixed_labels,confirmatory,56,106.6,24.9,0.656743503923806,-0.103463373388454,-0.76020687731226,-0.000187916109816368,-0.000329399788255358,-0.000239425728748763,-8.96106911473581e-05,-0.000117450886031277,-0.000163693454899085
dense_465_fixed_labels,confirmatory,57,106.6,25.8,0.157906040191242,-0.406316355711686,-0.564222395902928,-0.000214702820324555,-0.000352480572844335,-0.000279101716916281,-0.000154345805967384,-0.000136365696101127,-0.000151220309793647
dense_465_fixed_labels,confirmatory,58,106.6,26.7,-1.13599288121328,-1.55883132162078,-0.422838440407498,-0.000167688185706949,-0.000201538938402978,-0.000243524933483189,-0.000186384337970206,-0.000111528785465309,-9.54639332130599e-05
dense_465_fixed_labels,confirmatory,59,106.6,27.6,-0.0931028523532504,-0.323923673893505,-0.230820821540254,-0.000179989277164158,-3.70793991938836e-05,-0.000206485397212,-0.000271962913821826,-0.000206519384924911,-0.000177899290668171
dense_465_fixed_labels,confirmatory,60,106.6,28.5,-0.887848579169027,-1.02497031909552,-0.137121739926497,-0.000153611888034629,0.000107216719415389,-0.000171057521515047,-0.000303146000609672,-0.000222877471677477,-0.000178195165786338
dense_465_fixed_labels,confirmatory,61,106.6,29.4,2.71897656962847,2.7082401531267,-0.0107364165017741,-0.000196451905404101,-5.90840822050394e-05,-0.000153887798568041,-0.000279963583816946,-0.000260330335416363,-0.000228993727014118
dense_465_fixed_labels,confirmatory,62,106.6,30.3,3.08280771421722,3.1394352781267,0.0566275639094812,-0.000214678751914938,-0.000140071367177326,-0.000216759971815837,-0.000278214648364693,-0.000237138262414725,-0.000201209509802106
dense_465_fixed_labels,confirmatory,63,106.6,31.2,2.55403037323598,2.67556486019741,0.121534486961429,-0.000249831754775024,-0.000254498372732552,-0.00030407842985506,-0.000288776676736384,-0.000221620937346795,-0.000180184357204327
dense_465_fixed_labels,confirmatory,64,106.6,32.1,0.83102720801231,0.973478697318616,0.142451489306307,-0.000290276452198317,-0.000382409388606554,-0.000350337193896681,-0.0002923089421138,-0.000234304161105748,-0.000192022575268802
dense_465_fixed_labels,confirmatory,65,106.6,33,-0.726404411107459,-0.37926206404502,0.34714234706244,-0.000256045770528512,-0.000285406614521378,-0.000249442618593748,-0.000249924566568492,-0.000262228398641977,-0.000233226654316966
dense_465_fixed_labels,confirmatory,66,106.6,33.9,-2.89136824328639,-2.53522531657027,0.356142926716119,-0.000244671785143952,-0.00017720367373149,-0.000160099767437958,-0.000229309828967353,-0.000333117721680114,-0.000323627933902842
dense_465_fixed_labels,confirmatory,67,106.6,34.8,-5.64975823669669,-5.21076070040866,0.438997536288029,-0.000283047447911621,-3.14018003582548e-05,-9.98919182372753e-05,-0.000271755246144301,-0.000496548489626288,-0.000515639785191987
dense_465_fixed_labels,confirmatory,68,106.6,35.7,-5.21172355495065,-4.69132618210058,0.520397372850078,-0.000211289902047649,0.000107089589822851,-7.09806765576745e-06,-0.000197623068383217,-0.000454354839476394,-0.000504463124545717
dense_465_fixed_labels,confirmatory,69,106.6,36.6,-6.88731894227629,-6.28215644598946,0.605162496286826,-0.000299459110849401,2.81916085646972e-05,-2.46339233141163e-05,-0.000244107094058855,-0.000581857815175372,-0.000674888330263359
dense_465_fixed_labels,confirmatory,70,106.6,37.5,-5.73987163397903,-5.29037311202482,0.449498521954214,-7.84245613169763e-05,0.000221963955769897,0.00017166452423747,-1.3863547498249e-05,-0.000324701158168068,-0.000447186580925931
dense_465_fixed_labels,confirmatory,71,106.6,38.4,-5.15999501613392,-4.75983566063593,0.400159355497985,-3.23144880656828e-05,0.000235824676619431,0.000180322419351372,3.53846848303177e-05,-0.000238268607513252,-0.000374835613616283
dense_465_fixed_labels,confirmatory,72,106.6,39.3,-7.15018906817817,-6.85891864232785,0.291270425850318,4.70745656829871e-05,0.000254531781621857,0.000270052429200186,0.000178744908484776,-0.000133702675657851,-0.000334253615234032
dense_465_fixed_labels,confirmatory,73,106.6,40.2,-5.824781852714,-5.62796759434805,0.196814258365951,7.15045318398844e-05,0.000229806125166799,0.000183120658884983,0.000172624648371372,-2.6423309028306e-05,-0.000201605464195425
dense_465_fixed_labels,confirmatory,74,106.6,41.1,-9.96162226653795,-9.80602156126724,0.155600705270712,0.00014393707773713,0.00014846856397809,0.000344802879980031,0.000367648513126227,7.53126853787963e-05,-0.000216547253777495
dense_465_fixed_labels,confirmatory,75,106.6,42,-6.45826562435902,-6.50033477995411,-0.0420691555950882,0.000116583411694556,7.29139462328384e-05,0.000132868146875551,0.000229173791433567,0.000157853301523223,-9.89212759239825e-06
dense_465_fixed_labels,confirmatory,76,107.4,22.2,4.21459172941683,3.0947194081772,-1.11987232123963,-0.000303979133986867,-0.000103882272783603,-0.000186028905220758,-0.000226606943886125,-0.000402760864642446,-0.000600616683401402
dense_465_fixed_labels,confirmatory,77,107.4,23.1,3.46074821099451,2.3962692781267,-1.06447893286782,-0.000289333889562239,-0.00016182637140344,-0.000229253177453729,-0.000206543515835389,-0.000350126639758097,-0.00049891974336054
dense_465_fixed_labels,confirmatory,78,107.4,24,3.7186515942557,2.80571238544993,-0.912939208805766,-0.000338218537148994,-0.00025791963925171,-0.000302133622651817,-0.000248572125700087,-0.000383086059556154,-0.000499381238585204
dense_465_fixed_labels,confirmatory,79,107.4,24.9,2.16317424384685,1.3482999851974,-0.814874258649441,-0.000281689318248124,-0.000359174481279182,-0.000292506164774711,-0.000176975372095585,-0.000255913056131788,-0.000323877516959352
dense_465_fixed_labels,confirmatory,80,107.4,25.8,0.722022016670319,0.0964690786317479,-0.625552938038571,-0.000222063697691702,-0.000342907690467549,-0.000266044530978574,-0.000148162903242772,-0.00016304790158348,-0.000190155462186134
dense_465_fixed_labels,confirmatory,81,107.4,26.7,-0.36858133205503,-0.826128096873303,-0.457546764818272,-0.000187973509629535,-0.000237896345722636,-0.000248199643707221,-0.000184075010489273,-0.000137762442046335,-0.00013193410618221
dense_465_fixed_labels,confirmatory,82,107.4,27.6,0.0150739628944648,-0.289512007226838,-0.304585970121303,-0.000187703780838925,-0.000108070975030063,-0.000208269301113938,-0.000252406486960252,-0.000196533019996101,-0.000173239121094271
dense_465_fixed_labels,confirmatory,83,107.4,28.5,0.63127763769004,0.533100400601445,-0.0981772370885948,-0.000221231281881952,-8.5375957318885e-05,-0.000223842933601995,-0.000326715870551927,-0.000255861190450194,-0.00021436045748676
dense_465_fixed_labels,confirmatory,84,107.4,29.4,1.01185456275016,0.952487808429728,-0.0593667543204369,-0.000211879098438311,-5.83430744251347e-05,-0.000195273074625958,-0.000321199838996079,-0.000264615827369396,-0.000219963676774985
dense_465_fixed_labels,confirmatory,85,107.4,30.3,2.71433470705031,2.70532067080347,-0.00901403624684386,-0.000277247211797699,-0.000214432986586882,-0.000328024888805986,-0.000345636179787604,-0.000272814589579548,-0.000225327414228474
dense_465_fixed_labels,confirmatory,86,107.4,31.2,2.25911662970543,2.30580634125801,0.0466897115525789,-0.000327715030672535,-0.000367986650138078,-0.000430838962153907,-0.000363885329309987,-0.000264620184595783,-0.000211244027164922
dense_465_fixed_labels,confirmatory,87,107.4,32.1,0.662857149234051,0.844412217520637,0.181555068286586,-0.000287784283151747,-0.000391392875146576,-0.000340702230507662,-0.000291064921026016,-0.000229963462637143,-0.000185797926441337
dense_465_fixed_labels,confirmatory,88,107.4,33,0.751594236968539,1.14928523393478,0.397690996966239,-0.000186116601166719,-0.000200240402618854,-0.000216334413008258,-0.000193283252924485,-0.0001737649290384,-0.000146960008243596
dense_465_fixed_labels,confirmatory,89,107.4,33.9,-6.25832324436864,-5.7902898374036,0.468033406965037,-0.000504331676820354,-0.00042832000403831,-0.000341179920101274,-0.000506000232975579,-0.000644793077754047,-0.00060136514923256
dense_465_fixed_labels,confirmatory,90,107.4,34.8,-3.60594582933738,-3.13675109245411,0.469194736883267,-0.000251754104410514,-6.64331154473913e-05,-0.000125019309054028,-0.000258191699831764,-0.000405113817893046,-0.000404012579826341
dense_465_fixed_labels,confirmatory,91,107.4,35.7,-3.65784331493141,-3.10262675975209,0.555216555179323,-0.000175968385218763,9.44049192851274e-05,6.67309913437772e-06,-0.000182942022225743,-0.000384968533836039,-0.000413009388451536
dense_465_fixed_labels,confirmatory,92,107.4,36.6,-4.95781902390207,-4.32451267578744,0.633306348114628,-0.000188210788068169,0.000202511829855538,7.41631019252676e-05,-0.000195612701270986,-0.000479487159110278,-0.000542629011740389
dense_465_fixed_labels,confirmatory,93,107.4,37.5,-5.67971125992901,-5.10164895293391,0.5780623069951,-0.000140444060760779,0.000234170251653164,0.000141329293651838,-0.000108579211552043,-0.000431220020275171,-0.000537920617281682
dense_465_fixed_labels,confirmatory,94,107.4,38.4,-5.73575538866879,-5.24891462338845,0.486840765280333,-6.00802088468667e-05,0.000270839642230234,0.000212588305664633,3.92044739891554e-06,-0.000322335251498702,-0.000465414188029414
dense_465_fixed_labels,confirmatory,95,107.4,39.3,-6.03017876332006,-5.64342630268138,0.386752460638678,2.33486264699929e-07,0.000266486179081278,0.000227599945752589,9.51146414748761e-05,-0.000207607948869295,-0.000380425386115949
dense_465_fixed_labels,confirmatory,96,107.4,40.2,-6.33944587993863,-6.03754918273189,0.30189669720674,6.4831300129482e-05,0.000310078385241237,0.00024501591398333,0.00016870602376955,-0.000101589631600082,-0.000298054190746625
dense_465_fixed_labels,confirmatory,97,107.4,41.1,-5.86729527847158,-5.64337103247936,0.223924245992214,6.42891700758335e-05,0.000227072065457271,0.000161413892730652,0.000165637996650944,-2.29245625456643e-05,-0.000209753541914035
dense_465_fixed_labels,confirmatory,98,107.4,42,-7.82252240530178,-7.73387953651977,0.0886428687820162,0.00015419982594087,0.000206607259980545,0.000251074184831935,0.000299404652897282,0.000122062218497951,-0.000108149186503364
dense_465_fixed_labels,confirmatory,99,108.2,22.2,4.68990157371698,3.53708309252064,-1.15281848119634,-0.000347975946495357,-9.10524150878097e-05,-0.000212305428281574,-0.000279226338961841,-0.000474054004587383,-0.000683241545558174
dense_465_fixed_labels,confirmatory,100,108.2,23.1,4.48610783504454,3.40570715565195,-1.08040067939259,-0.000379834474803317,-0.000174386590233134,-0.000295219264840275,-0.000306674672190551,-0.000478530108600938,-0.000644361738151689
dense_465_fixed_labels,confirmatory,101,108.2,24,3.09164233687234,2.13712695489437,-0.954515381977965,-0.000297754459953129,-0.000224206564180095,-0.000274530793760757,-0.000212183451470681,-0.000334759229313836,-0.000443092261040276
dense_465_fixed_labels,confirmatory,102,108.2,24.9,3.25084141575642,2.44086001676306,-0.809981398993357,-0.000346174966449275,-0.000334220480693801,-0.000332029717502035,-0.00025847058653827,-0.000365218644781546,-0.000440935402730726
dense_465_fixed_labels,confirmatory,103,108.2,25.8,1.67434121931582,1.00879984125801,-0.665541378057811,-0.000268488158883685,-0.000336139441228939,-0.000293946209602661,-0.000194771463098356,-0.000240960398141261,-0.000276623282347207
dense_465_fixed_labels,confirmatory,104,108.2,26.7,1.13422240671361,0.680174876611546,-0.454047530102063,-0.000246206446292585,-0.000266046550304933,-0.000283994665990167,-0.000232564294414327,-0.000223099403171972,-0.000225327317581525
dense_465_fixed_labels,confirmatory,105,108.2,27.6,1.25424325322636,0.936596218783263,-0.317647034443092,-0.000243994657360326,-0.000191121485728291,-0.000254234586567786,-0.00028575951944311,-0.000253920749486376,-0.000234936945576068
dense_465_fixed_labels,confirmatory,106,108.2,28.5,-0.0488644501406482,-0.22689472944906,-0.178030279308412,-0.000223114478302839,-0.000109209889627797,-0.000240414015332889,-0.000325337554933991,-0.000241807429010336,-0.000198803502609183
dense_465_fixed_labels,confirmatory,107,108.2,29.4,1.13858793013833,1.03797982989437,-0.100608100243958,-0.000251446008995839,-0.000146362475658631,-0.000248082117892619,-0.000350852017091395,-0.000280553843428001,-0.000231379590908548
dense_465_fixed_labels,confirmatory,108,108.2,30.3,1.49835663389014,1.41752433620751,-0.0808322976826302,-0.000282887056081126,-0.000236278809035775,-0.000312713438231363,-0.000358975007103398,-0.000279726135725835,-0.000226741890309261
dense_465_fixed_labels,confirmatory,109,108.2,31.2,1.412166402096,1.41658744100549,0.00442103890948119,-0.000337321425333552,-0.000381941840238282,-0.000422133757983963,-0.000383647318141304,-0.000279100299115243,-0.000219783911188966
dense_465_fixed_labels,confirmatory,110,108.2,32.1,-1.56955057132872,-1.52865263727734,0.0408979340513764,-0.000158863446037186,-2.83775841396149e-05,-7.92275378201596e-05,-0.000236730198515905,-0.000244799184378845,-0.000205182725331404
dense_465_fixed_labels,confirmatory,111,108.2,33,0.514219967319669,0.786666555904475,0.272446588584806,-0.000333929453427945,-0.000603805577357657,-0.000396832097670242,-0.000278832669509392,-0.000215384416270859,-0.000174792506331575
dense_465_fixed_labels,confirmatory,112,108.2,33.9,-4.20946537532102,-3.59457441000462,0.614890965316408,-0.000556408006737374,-0.000559709985126165,-0.000480798755863934,-0.000577091431196081,-0.000615888629486006,-0.000548551232014683
dense_465_fixed_labels,confirmatory,113,108.2,34.8,-2.33080031156441,-1.68996223639351,0.640838075170905,-0.000210801420747244,1.26725323128789e-06,-8.21778851290018e-05,-0.000251648948389881,-0.000367029677617213,-0.000354417845831413
dense_465_fixed_labels,confirmatory,114,108.2,35.7,-3.72119419160289,-3.04483003247936,0.676364159123527,-0.000238551153293815,5.16682302131187e-05,-3.13490896448499e-05,-0.000272777904590446,-0.000465133929765172,-0.000475163072681726
dense_465_fixed_labels,confirmatory,115,108.2,36.6,-5.31945079008774,-4.56380586391876,0.755644926168981,-0.000321130899657343,5.45138610320484e-05,-4.21529172217754e-05,-0.000343907529240724,-0.000616594381492744,-0.000657513531363519
dense_465_fixed_labels,confirmatory,116,108.2,37.5,-5.54559334321424,-4.78289881720159,0.762694526012656,-0.000224682817628647,0.000212775959703258,0.000110824607442895,-0.000231626975491354,-0.000564179053497017,-0.000651208626301015
dense_465_fixed_labels,confirmatory,117,108.2,38.4,-5.75329474597999,-5.13191993715108,0.621374808828914,-0.000126803108719083,0.000253307914721587,0.000186717486078016,-8.49008473994808e-05,-0.000429050517107607,-0.000560089579887929
dense_465_fixed_labels,confirmatory,118,108.2,39.3,-6.34999258621568,-5.83559248639351,0.51440009982218,-5.15446996524258e-05,0.000282135206655886,0.000235755872005047,3.44887798547293e-05,-0.000316913716285566,-0.000493189640492225
dense_465_fixed_labels,confirmatory,119,108.2,40.2,-6.29865230668225,-5.88544126543391,0.413211041248346,1.26690265231254e-05,0.000293847955774261,0.000230867173665373,0.000114277010976391,-0.000189510495516692,-0.000386136512283706
dense_465_fixed_labels,confirmatory,120,108.2,41.1,-5.46500090774045,-5.17131558109047,0.293685326649981,3.46437166185377e-05,0.000206915420797117,0.000155904623124901,0.000136713670076558,-7.19936428247693e-05,-0.000254321488081118
dense_465_fixed_labels,confirmatory,121,108.2,42,-7.72190966222819,-7.50216256846421,0.219747093763979,7.84973298144503e-05,0.00016920378894953,0.000212300539949691,0.000235987612210452,1.03959462395524e-05,-0.000235401238276973
dense_465_fixed_labels,confirmatory,122,109,22.2,5.05977650353901,3.91290405969235,-1.14687244384665,-0.000370399957987041,-6.62178008027654e-05,-0.000210003756683373,-0.000311344844056187,-0.0005240188538139,-0.000740414534578981
dense_465_fixed_labels,confirmatory,123,109,23.1,4.68136916404886,3.62799797130852,-1.05337119274035,-0.000380311526771143,-0.000136339099277756,-0.000274929209905006,-0.00032245315465716,-0.000501615009736395,-0.000666221160279397
dense_465_fixed_labels,confirmatory,124,109,24,3.79941242451063,2.87343128570245,-0.925981138808171,-0.000336394437445722,-0.000198062142694976,-0.000283816091147212,-0.000269615600334616,-0.000409007494287306,-0.0005214708587645
dense_465_fixed_labels,confirmatory,125,109,24.9,3.73739899108109,2.95254016322771,-0.784858827853386,-0.000356660525634707,-0.000265913803133423,-0.00032656199337952,-0.000294814048688416,-0.000410547782141875,-0.000485465000830303
dense_465_fixed_labels,confirmatory,126,109,25.8,2.44130371402482,1.83118961398528,-0.610114100039533,-0.000295182244974473,-0.000287660853739326,-0.000312959396060742,-0.000243558627810903,-0.000298831882299405,-0.000332900464961987
dense_465_fixed_labels,confirmatory,127,109,26.7,1.58642436578047,1.1154070281267,-0.47101733765377,-0.000273570397323269,-0.000269091539334843,-0.000315763732115514,-0.00025898135382149,-0.000260111564826598,-0.0002639037965179
dense_465_fixed_labels,confirmatory,128,109,27.6,1.35364721614122,1.06559946499538,-0.288047751145834,-0.000270045077419864,-0.000214143811485656,-0.000308607151500404,-0.000312397102249444,-0.000268935356999313,-0.000246141964864502
dense_465_fixed_labels,confirmatory,129,109,28.5,2.33108776996517,2.26069472004589,-0.0703930499192825,-0.000238047551177727,-8.61554379019185e-05,-0.000240659273355169,-0.000332743971850084,-0.000283932432431871,-0.000246746640349594
dense_465_fixed_labels,confirmatory,130,109,29.4,-0.743124735470134,-0.844376153691485,-0.101251418221351,-0.000210988988246485,-4.82858392516057e-05,-0.000199135762188449,-0.000349248220254717,-0.000256990424610442,-0.000201284694927211
dense_465_fixed_labels,confirmatory,131,109,30.3,-0.944314331165179,-0.967961858236939,-0.0236475270717598,-0.000212839392277898,-6.14350702027794e-05,-0.000167010650044226,-0.000351064020700503,-0.000272510485498628,-0.000212176734943354
dense_465_fixed_labels,confirmatory,132,109,31.2,-0.0237875806841788,-0.0201542584894642,0.0036333221947146,-0.000260590746974556,-0.000191087477061425,-0.000257437306576272,-0.000357131724685065,-0.000278446331633595,-0.000218850894916423
dense_465_fixed_labels,confirmatory,133,109,32.1,-2.90809362010217,-2.66419537591371,0.243898244188462,-0.000312067147716755,-0.000211892988493804,-0.000232196361505552,-0.000425074468902387,-0.000382096655735125,-0.000309075263946908
dense_465_fixed_labels,confirmatory,134,109,33,-0.968667546605294,-0.625346558994515,0.34332098761078,-0.000311531380740294,-0.000362832068594307,-0.000309609703386376,-0.000338025784496081,-0.000299200863178604,-0.0002479884840461
dense_465_fixed_labels,confirmatory,135,109,33.9,-4.44230137676402,-3.75562925280765,0.686672123956379,-0.000687892733665366,-0.0007299899149895,-0.000652004825347682,-0.000738144220327996,-0.000708566235347019,-0.000610758472314632
dense_465_fixed_labels,confirmatory,136,109,34.8,-0.669317970992019,-0.0698860930854238,0.599431877906595,-0.00016774886368724,-0.000202762759684447,-7.3235445843087e-05,-0.000144182263072557,-0.000213300029490905,-0.000205263820345202
dense_465_fixed_labels,confirmatory,137,109,35.7,-3.47943199499394,-2.7041315293228,0.775300465671145,-0.000305948888847704,-8.2837418480769e-05,-8.90962680034246e-05,-0.000344780034279056,-0.000510081525197054,-0.000502949198278214
dense_465_fixed_labels,confirmatory,138,109,36.6,-4.46032496295931,-3.69919741126724,0.761127551692069,-0.000287557443028876,1.78065108964382e-05,-4.05047708247247e-06,-0.00031171792375338,-0.000555989729284924,-0.00058383559592004
dense_465_fixed_labels,confirmatory,139,109,37.5,-5.49144815752401,-4.67603034245411,0.815417815069895,-0.000305477093157174,6.96317153551344e-05,2.63550483945491e-05,-0.000311733082220771,-0.000621988995181001,-0.000689650152133779
dense_465_fixed_labels,confirmatory,140,109,38.4,-5.03211254326234,-4.3264244762925,0.705688066969847,-0.000132541100833067,0.000241889407347882,0.00020886725099031,-0.000113054497563307,-0.000445171104364916,-0.000555236560575301
dense_465_fixed_labels,confirmatory,141,109,39.3,-5.8644734032912,-5.25238708361573,0.612086319675475,-8.8022578927278e-05,0.000266930939018731,0.000229096361081226,-2.35486847859889e-05,-0.000376898905691585,-0.000535692604258774
dense_465_fixed_labels,confirmatory,142,109,40.2,-6.279814554157,-5.73935635949957,0.540458194657437,-4.96716208110817e-05,0.000277873169010117,0.000207198166544706,4.07414513973913e-05,-0.000290275024296437,-0.000483895866711186
dense_465_fixed_labels,confirmatory,143,109,41.1,-5.86518596353651,-5.52839629699956,0.336789666536946,2.31346323588348e-05,0.000197012157106447,0.000178666095173317,0.000143262138650961,-0.000104205540211767,-0.000299061688924784
dense_465_fixed_labels,confirmatory,144,109,42,-8.21158807000116,-7.93149773588845,0.280090334112704,6.09323319080055e-05,0.000178953226354542,0.000230485995574004,0.000235898629157381,-3.7207110578454e-05,-0.000303469080967446
dense_465_fixed_labels,confirmatory,145,109.8,21.3,4.91517730945531,3.75299319605599,-1.16218411339932,-0.000301456457594872,-1.75689406492849e-05,-0.000104892614182678,-0.000231531034757806,-0.000453931621165872,-0.00069935807721872
dense_465_fixed_labels,confirmatory,146,109.8,22.2,4.72509145539086,3.55426286651054,-1.17082858888032,-0.000347740260100918,-5.17546475758115e-05,-0.00018494408609074,-0.000293954368094572,-0.000499621580068846,-0.000708426618674623
dense_465_fixed_labels,confirmatory,147,109.8,23.1,4.81680136140336,3.75722797257114,-1.05957338883222,-0.000385341322418729,-0.000108598561618116,-0.000258622724855245,-0.00034029399135486,-0.000527303220627914,-0.00069188811363751
dense_465_fixed_labels,confirmatory,148,109.8,24,4.59911863610274,3.60392096499538,-0.995197671107354,-0.00042705090087673,-0.000231093287209495,-0.000350933526802576,-0.000373599845349158,-0.000529778197657512,-0.000649849647364908
dense_465_fixed_labels,confirmatory,149,109.8,24.9,3.38876660719461,2.55322742459134,-0.835539182603265,-0.000330187836368654,-0.000239306632912003,-0.000293809473641687,-0.000270210972932192,-0.000386924587533372,-0.000460687514824016
dense_465_fixed_labels,confirmatory,150,109.8,25.8,2.64897496385647,1.92873151802569,-0.720243445830779,-0.000292264418979177,-0.000242435257810493,-0.00027948599369953,-0.000243433870268204,-0.000327375856102693,-0.000368591117014964
dense_465_fixed_labels,confirmatory,151,109.8,26.7,2.21757831445772,1.63379553822771,-0.583782776230009,-0.000276062659667295,-0.000218228709184909,-0.000282311128870008,-0.000260888006529631,-0.000303194185247479,-0.000315691268504446
dense_465_fixed_labels,confirmatory,152,109.8,27.6,2.81204925904646,2.49381671120751,-0.318232547838956,-0.00029130950162544,-0.000194590878009156,-0.000287951773689396,-0.000330043539415018,-0.000330290675860223,-0.000313670641153407
dense_465_fixed_labels,confirmatory,153,109.8,28.5,1.86747562826243,1.79985523646003,-0.0676203918023994,-0.00025798540168577,-0.000158866601876897,-0.000279321527587357,-0.000340061075187218,-0.000275896454784803,-0.000235781348992573
dense_465_fixed_labels,confirmatory,154,109.8,29.4,1.24574561561212,1.25434149656104,0.00859588094892336,-0.000271793937552179,-0.000164010015310522,-0.000308150268349794,-0.000381432138161639,-0.000281001853089068,-0.000224375412849872
dense_465_fixed_labels,confirmatory,155,109.8,30.3,-0.883586408942957,-0.88864458424704,-0.00505817530408288,-0.00020304010415974,3.98181423629435e-05,-0.00018784548230603,-0.00037428167829779,-0.000278763598136925,-0.000214127904420899
dense_465_fixed_labels,confirmatory,156,109.8,31.2,0.572992946155648,0.682099848833768,0.10910690267812,-0.00027331057451729,-0.000181285053211665,-0.000322636377910606,-0.000380066726779861,-0.000272865046858125,-0.000209699667826196
dense_465_fixed_labels,confirmatory,157,109.8,32.1,-0.144475265340263,0.246127874086293,0.390603139426557,-0.000304185196238879,-0.000219544632796493,-0.000385925417833409,-0.000401852956519521,-0.000290069537832527,-0.000223533436212447
dense_465_fixed_labels,confirmatory,158,109.8,33,0.365337059575561,0.843335255399424,0.477998195823863,-0.000238034414179493,-0.000265394687046691,-0.000290133519746581,-0.000267517662369291,-0.000204240284374246,-0.000162885917360655
dense_465_fixed_labels,confirmatory,159,109.8,33.9,-1.52243849064089,-0.869906017327848,0.652532473313041,-0.000327772985850255,-0.00026341641037948,-0.000305240099907732,-0.000385955317508107,-0.000368365884706433,-0.000315887216749522
dense_465_fixed_labels,confirmatory,160,109.8,34.8,-0.366048680660129,0.24210619605599,0.608154876716119,-0.000188602499116177,-0.000291537035167332,-0.000129451941823039,-0.00014953627393847,-0.00019189703112968,-0.000180590213522364
dense_465_fixed_labels,confirmatory,161,109.8,35.7,-3.67769169309399,-2.84531396240361,0.832377730690386,-0.000399726921158588,-0.000239670138687734,-0.000199498274223776,-0.000441216592172379,-0.000571690388417458,-0.000546559212291593
dense_465_fixed_labels,confirmatory,162,109.8,36.6,-3.33469215009255,-2.53187791505512,0.802814235037427,-0.000218364586524106,-2.74634861705875e-06,6.56634637320922e-05,-0.000231628403267862,-0.000450670491932349,-0.000472441152535351
dense_465_fixed_labels,confirmatory,163,109.8,37.5,-4.08948747876018,-3.26880952364098,0.820677955119197,-0.000214649602252438,7.67268610384765e-05,0.000117998667078479,-0.000219564330001268,-0.000497236923875029,-0.00055117228550285
dense_465_fixed_labels,confirmatory,164,109.8,38.4,-4.61452140653795,-3.86471163917128,0.749809767366672,-0.000163834073413982,0.000156207051663883,0.000175480756637663,-0.000143520941742882,-0.000456514699682869,-0.000550822533945706
dense_465_fixed_labels,confirmatory,165,109.8,39.3,-5.95788997113632,-5.27450106657027,0.683388904566047,-0.000155573897171435,0.000193438248999916,0.000172459315923482,-9.35408654048282e-05,-0.000450210992658684,-0.000600015192717062
dense_465_fixed_labels,confirmatory,166,109.8,40.2,-5.78169430704301,-5.19507766442381,0.586616642619197,-5.6956000610973e-05,0.000288089501107569,0.000204542484792211,1.76573400739256e-05,-0.000308390911852383,-0.000486678417176188
dense_465_fixed_labels,confirmatory,167,109.8,41.1,-7.5984299988179,-7.16591866000462,0.432511338813281,-1.70301136618469e-05,0.000238242014396199,0.000205140041592949,0.000130107202145858,-0.000208137853741124,-0.000450501972703117
dense_465_fixed_labels,confirmatory,168,109.8,42,-8.05090709231477,-7.75451814409552,0.296388948219246,6.29151458969619e-05,0.000200877672333665,0.000246282896700664,0.000236429186498154,-5.28795567920203e-05,-0.000316134469255654
dense_465_fixed_labels,confirmatory,169,110.6,21.3,5.29453944379875,4.11705133494488,-1.17748810885387,-0.000324057528071212,-1.42342106757922e-05,-0.000105377101555304,-0.000254193737115819,-0.000494808874753724,-0.00075167371625542
dense_465_fixed_labels,confirmatory,170,110.6,22.2,4.6130242936304,3.42987517332872,-1.18314912030168,-0.000335009700227555,-4.55118832511877e-05,-0.000161462993770244,-0.000281932909103632,-0.000489836121548682,-0.000696304593464027
dense_465_fixed_labels,confirmatory,171,110.6,23.1,4.56864955967176,3.46624339555094,-1.10240616412082,-0.000372797730609305,-0.000105192941044361,-0.00023348805727789,-0.000328900839870492,-0.000516906676994124,-0.000679500137859659
dense_465_fixed_labels,confirmatory,172,110.6,24,3.51029472595363,2.51415144858124,-0.996143277372385,-0.000306455130280425,-0.000154658761206953,-0.000218293406630831,-0.000249263921285038,-0.0003989000464301,-0.000511159515849203
dense_465_fixed_labels,confirmatory,173,110.6,24.9,2.87175487472708,1.99503002560145,-0.876724849125632,-0.000279482453335958,-0.000191493604005535,-0.000231285880381312,-0.000220215189866278,-0.00033998586324614,-0.000414431729180524
dense_465_fixed_labels,confirmatory,174,110.6,25.8,1.76226531912342,1.02201595363175,-0.740249365491673,-0.000212545395165756,-0.000167385016215086,-0.000206653521525789,-0.000162042598620032,-0.000242046093987693,-0.00028459974548018
dense_465_fixed_labels,confirmatory,175,110.6,26.7,2.41721922455873,1.84729530969235,-0.569923914866373,-0.000266159725487165,-0.000157606741513232,-0.00026614511399893,-0.000267439482466902,-0.000313985954858384,-0.000325621334598375
dense_465_fixed_labels,confirmatory,176,110.6,27.6,1.60669282080692,1.26286537787417,-0.343827442932751,-0.000250817773656225,-0.000158933089869153,-0.000279224855101818,-0.000289615662917434,-0.000271889583863836,-0.000254425676528883
dense_465_fixed_labels,confirmatory,177,110.6,28.5,2.6462346956987,2.55257524908629,-0.0936594466124042,-0.000257069307490607,-0.000162791470735208,-0.000249741349758047,-0.000325069555585203,-0.000291070194557828,-0.000256673966816748
dense_465_fixed_labels,confirmatory,178,110.6,29.4,1.82286991210081,1.93263829454084,0.109768382440025,-0.000263166438769979,-0.000163968191130501,-0.000311819860535439,-0.000365562561758854,-0.000264546060859402,-0.000209935519565698
dense_465_fixed_labels,confirmatory,179,110.6,30.3,-0.819429725609624,-0.659655483236939,0.159774242372685,-0.000339469362620878,-0.000148356836551006,-0.000449079711056687,-0.000517705814281091,-0.000335122497221588,-0.000247081953994016
dense_465_fixed_labels,confirmatory,180,110.6,31.2,-2.07693942522482,-1.83144840495411,0.245491020270713,-0.000355212225820618,-3.42306844619095e-05,-0.000448349622183912,-0.000587066366285093,-0.000404508020022917,-0.000301906436149261
dense_465_fixed_labels,confirmatory,181,110.6,32.1,0.269252948512551,0.739312062217607,0.470059113705056,-0.000271078977842392,-0.000154145656945,-0.00038432795829677,-0.000377054940535871,-0.000251045718191157,-0.000188820615243161
dense_465_fixed_labels,confirmatory,182,110.6,33,0.407122289349491,0.912323313480233,0.505201024130742,-0.000236830745176018,-0.000249989706321322,-0.000300048057122619,-0.000277326929985804,-0.000199861349670678,-0.000156927682779665
dense_465_fixed_labels,confirmatory,183,110.6,33.9,-1.84621248361828,-1.13065238348946,0.715560100128817,-0.000374347329751314,-0.000280968132899402,-0.000374777459470224,-0.000460428672447586,-0.000410429047815731,-0.000345133336123627
dense_465_fixed_labels,confirmatory,184,110.6,34.8,-2.37757178563848,-1.68878133677229,0.688790448866191,-0.000327908160794675,-0.000169210123682622,-0.000259033888497449,-0.000400178178931778,-0.00042786672261585,-0.000383251890245678
dense_465_fixed_labels,confirmatory,185,110.6,35.7,-1.25814274107379,-0.568288548262191,0.689854192811598,-0.000178048364743449,-0.000165092922279485,-6.25862969731275e-05,-0.000156345096233725,-0.000253690464596623,-0.000252527043634283
dense_465_fixed_labels,confirmatory,186,110.6,36.6,-2.78043915826956,-2.09099008298441,0.689449075285143,-0.000212668501281466,-0.000115113691067124,-2.1687111632077e-06,-0.000192762521639733,-0.000368050715460659,-0.000385246867076609
dense_465_fixed_labels,confirmatory,187,110.6,37.5,-3.41112659076114,-2.67027398576219,0.740852604998947,-0.000185314468956132,-1.26267435183707e-05,9.87611869198268e-05,-0.000160129255027059,-0.000402660787383132,-0.000449916745771926
dense_465_fixed_labels,confirmatory,188,110.6,38.4,-3.83625921257451,-3.10150122502987,0.734757987544642,-0.000134332098366257,0.000110968703208799,0.000187245260542716,-0.000104168140211496,-0.000391795170858382,-0.000473911144512924
dense_465_fixed_labels,confirmatory,189,110.6,39.3,-5.28816766791362,-4.61241364232785,0.675754025585768,-0.000150119699253682,0.000142678953488166,0.000159600953389426,-8.91656511349604e-05,-0.000416144429545193,-0.000547568322465849
dense_465_fixed_labels,confirmatory,190,110.6,40.2,-4.8442086034355,-4.21101910508037,0.633189498355128,-3.61281071093227e-05,0.000336006498146974,0.000226245887998202,1.02814839635473e-05,-0.000298333280322223,-0.000454841125333114
dense_465_fixed_labels,confirmatory,191,110.6,41.1,-9.07289694816374,-8.52433213853997,0.548564809623767,-0.000136126674972767,0.000131161301619695,0.000136798263946982,4.13673261766757e-05,-0.000357409128325514,-0.000632551138281675
dense_465_fixed_labels,confirmatory,192,110.6,42,-7.30867121372891,-7.00011937907027,0.30855183465864,4.07127409676007e-05,0.000155077681321166,0.00021547610390337,0.000210414755511308,-6.73740287353269e-05,-0.000310030807162514
dense_465_fixed_labels,confirmatory,193,111.4,22.2,3.30530417833458,2.1443835761065,-1.16092060222809,-0.000206838818012691,7.62526996327435e-06,-5.79090634757107e-05,-0.000150280061749549,-0.000327517535351397,-0.000506112699450071
dense_465_fixed_labels,confirmatory,194,111.4,23.1,4.07058335765156,2.95345152938932,-1.11713182826224,-0.000312900289466534,-6.86902999036386e-05,-0.000162653399338093,-0.000265381755856973,-0.000454307968900732,-0.000613468023333234
dense_465_fixed_labels,confirmatory,195,111.4,24,3.97255100700221,2.97296402055094,-0.999586986451269,-0.000318950250250868,-0.000116909881917363,-0.000193372574540848,-0.000276021388611994,-0.000445439340966805,-0.000563008065217331
dense_465_fixed_labels,confirmatory,196,111.4,24.9,3.56589383687234,2.6751626531267,-0.890731183745642,-0.000320364040331368,-0.000161752701288225,-0.0002358275912708,-0.000283442649616743,-0.000421473566119925,-0.000499323693361149
dense_465_fixed_labels,confirmatory,197,111.4,25.8,1.31894044235574,0.489826002874172,-0.829114439481572,-0.000108912204827168,8.63214676842104e-06,-6.37686294428412e-05,-6.82375276061973e-05,-0.000182560590604712,-0.000238626423250508
dense_465_fixed_labels,confirmatory,198,111.4,26.7,2.87168911484252,2.26781941449033,-0.603869700352183,-0.000268712689488706,-0.000114678524644279,-0.000239901143185134,-0.000278247478813062,-0.000347610427457495,-0.000363125873343562
dense_465_fixed_labels,confirmatory,199,111.4,27.6,2.61699658636729,2.28121647257114,-0.335780113796146,-0.00027639880125511,-0.000172243257312942,-0.000271871153745367,-0.000312884266266758,-0.000320368651492457,-0.000304626677458025
dense_465_fixed_labels,confirmatory,200,111.4,28.5,2.99485060344281,2.96253582358124,-0.0323147798615624,-0.000261461555293656,-0.000203462028394303,-0.00024959442130743,-0.000316395433378358,-0.000285845650969581,-0.000252010242418607
dense_465_fixed_labels,confirmatory,201,111.4,29.4,3.43493262922443,3.57737992080347,0.142447291579034,-0.000174264529401664,-0.000100925844827215,-0.000147824283213688,-0.000235053123517509,-0.000209357003499427,-0.000178162391950481
dense_465_fixed_labels,confirmatory,202,111.4,30.3,3.41593476452987,3.76579924908629,0.349864484556427,-4.50748106917261e-05,7.62144383171582e-05,-5.03541031073261e-05,-0.000104110782845097,-8.16148704162901e-05,-6.55087354070757e-05
dense_465_fixed_labels,confirmatory,203,111.4,31.2,1.0986703969012,1.57812059378326,0.479450196882064,-0.000254000648225104,-0.000201813859302118,-0.000387200214390242,-0.000341527524591748,-0.000198147821459068,-0.000141313821382343
dense_465_fixed_labels,confirmatory,204,111.4,32.1,1.12436798867609,1.74560007863175,0.621232089955657,-0.000182437002901334,-0.000161125427851964,-0.000297875449439245,-0.000233033747764909,-0.00012866598635824,-9.14844030923113e-05
dense_465_fixed_labels,confirmatory,205,111.4,33,2.11026339228359,2.71555254454084,0.605289152257245,-7.91565971199376e-05,-0.000223018955722856,-0.000151982875335599,-3.6689954404291e-05,6.58619733850267e-06,9.32260252455527e-06
dense_465_fixed_labels,confirmatory,206,111.4,33.9,-3.13265386601366,-2.37646638601472,0.756187479998947,-0.000603160877952026,-0.000495618371383464,-0.000665441356928827,-0.000747129615509104,-0.000608795233375575,-0.000498819812563159
dense_465_fixed_labels,confirmatory,207,111.4,34.8,-0.223804396749595,0.575535703631748,0.799340100381343,-0.000134774188318463,-7.57011551104699e-05,-0.000116572888349612,-0.000144561091063339,-0.000173798562674452,-0.000163237244394442
dense_465_fixed_labels,confirmatory,208,111.4,35.7,-0.535497362935261,0.113042576106495,0.648539939041757,-0.000160169075543329,-0.000215798513904656,-0.000117673786396858,-0.000114711268148555,-0.000175814372352898,-0.00017684743691368
dense_465_fixed_labels,confirmatory,209,111.4,36.6,-4.32412521976547,-3.64261273765613,0.681512482109337,-0.00031842044326977,-7.64324037441578e-05,-9.36874892100935e-05,-0.00035390733863821,-0.000531611015018943,-0.000536463969737448
dense_465_fixed_labels,confirmatory,210,111.4,37.5,-5.29572758621568,-4.58397564737835,0.711751938837332,-0.000346464239921424,-0.000113152615176194,-6.08370362283667e-05,-0.000340170040038846,-0.000588802333293425,-0.000629359174870286
dense_465_fixed_labels,confirmatory,211,111.4,38.4,-6.26021098090063,-5.5081330968733,0.752077884027327,-0.000379512476044082,-0.000129539168098021,-7.06042941761598e-05,-0.000332934438622158,-0.000639245027496059,-0.000725239451828015
dense_465_fixed_labels,confirmatory,212,111.4,39.3,-5.4535091000204,-4.83385106404502,0.619658035975379,-0.000166010765646393,5.5282553469461e-05,0.000127101555045903,-8.12530826985699e-05,-0.000400780177467132,-0.000530404676581626
dense_465_fixed_labels,confirmatory,213,111.4,40.2,-5.07840723140568,-4.455387293843,0.62301993756268,-7.63302648682853e-05,0.000228597038370063,0.000176940206819932,-6.11466058120243e-06,-0.00031265017319742,-0.000468423735752799
dense_465_fixed_labels,confirmatory,214,111.4,41.1,-7.47341014035229,-6.95266523891876,0.520744901433531,-8.76133212770065e-05,0.000188918883002143,0.000156210331392093,5.02416475424944e-05,-0.000300358724775971,-0.000533078743545791
dense_465_fixed_labels,confirmatory,215,111.4,42,-7.4691508492989,-7.12027624750462,0.348874601794281,2.93014866996128e-05,0.000160499993627957,0.00022168489774669,0.00020257483543209,-9.50891605345199e-05,-0.000343163132774152
dense_465_fixed_labels,confirmatory,216,112.2,22.2,4.62824783605464,3.46428210893478,-1.16396572711986,-0.00031342632174102,-2.28265771006686e-05,-0.000115103206458577,-0.000256708220598055,-0.000481566860171169,-0.000690926744376631
dense_465_fixed_labels,confirmatory,217,112.2,23.1,4.41785625818066,3.29546895489437,-1.12238730328629,-0.000341450264187665,-8.14163093614663e-05,-0.000170197515531266,-0.000293910118069922,-0.000497818000828774,-0.000663909377146898
dense_465_fixed_labels,confirmatory,218,112.2,24,4.50396822263472,3.45456755337922,-1.0494006692555,-0.000376647760276056,-0.000142809482727045,-0.0002206298428787,-0.000338339660721575,-0.000527496904529418,-0.000653962910523542
dense_465_fixed_labels,confirmatory,219,112.2,24.9,2.5002808002201,1.53220596625801,-0.968074833962091,-0.000212828969410339,-9.7335534125642e-05,-0.000110725396237143,-0.000157228920412104,-0.000306980673373414,-0.000391874322903391
dense_465_fixed_labels,confirmatory,220,112.2,25.8,3.18312411647792,2.32717254201559,-0.855951574462332,-0.000286082042389502,-0.000101133543595428,-0.000199126453655555,-0.000272356660145821,-0.000402924603830617,-0.000454868950720087
dense_465_fixed_labels,confirmatory,221,112.2,26.7,4.0831851931975,3.47880084252064,-0.604384350676858,-0.000328406793358139,-9.43476723471655e-05,-0.000254333671291612,-0.000366697157671979,-0.000457099666311184,-0.000469555799168753
dense_465_fixed_labels,confirmatory,222,112.2,27.6,3.89248027592958,3.54208002560145,-0.350400250328133,-0.000263956651720955,-8.06999026214931e-05,-0.000186228098799704,-0.000316427134914546,-0.000373187577985945,-0.000363240544283087
dense_465_fixed_labels,confirmatory,223,112.2,28.5,4.2149270998834,4.12210085767215,-0.0928262422112498,-0.000209617107059,-7.76658083846607e-05,-0.000123197185464651,-0.000265879475327527,-0.000301117002612579,-0.000280226063505583
dense_465_fixed_labels,confirmatory,224,112.2,29.4,4.16871245154285,4.24323355085397,0.0745210993111166,-0.000174476971621127,-0.000120030345144552,-0.000121018959711465,-0.000215261430002004,-0.000220548936605619,-0.000195525186641995
dense_465_fixed_labels,confirmatory,225,112.2,30.3,3.98041193725714,4.26618295363175,0.285771016374609,-8.49541288059977e-05,-8.9653569441922e-05,-7.32367937455382e-05,-9.91160496818649e-05,-8.81443371007758e-05,-7.46198940598878e-05
dense_465_fixed_labels,confirmatory,226,112.2,31.2,3.14356121734372,3.56184408620751,0.418282868863786,-0.00010889676533481,-0.000185115931735703,-0.000176312776723137,-0.00010514665736832,-4.6775568633608e-05,-3.1132892213283e-05
dense_465_fixed_labels,confirmatory,227,112.2,32.1,3.08461761647792,3.64747807484387,0.562860458365951,-1.77439134647376e-05,-0.000154665533552876,-9.4280746344958e-05,3.41520123931641e-05,6.72856296996894e-05,5.87890704812929e-05
dense_465_fixed_labels,confirmatory,228,112.2,33,2.22553711508302,2.91614546625801,0.690608351174993,-3.59365251148772e-05,-0.000206150071043823,-0.000114248001864725,3.01872391291392e-05,6.02078079299743e-05,5.03204002750491e-05
dense_465_fixed_labels,confirmatory,229,112.2,33.9,-1.51645258782704,-0.718930464297545,0.797522123529491,-0.000463571711604782,-0.000460179306615216,-0.000571597253913473,-0.000539784699060438,-0.000411355484668838,-0.000334941813765944
dense_465_fixed_labels,confirmatory,230,112.2,34.8,0.777994704982007,1.53903678065195,0.761042075669943,-4.90095413037766e-05,-7.67989301601966e-05,-8.05388688795321e-05,-1.12285392979275e-05,-3.39890390911669e-05,-4.24923290900598e-05
dense_465_fixed_labels,confirmatory,231,112.2,35.7,-2.57241294470534,-1.83346278879249,0.738950155912848,-0.000315995777561963,-0.000108614259388999,-0.00024790379444031,-0.000384073289147109,-0.000434270471671959,-0.000405117073161437
dense_465_fixed_labels,confirmatory,232,112.2,36.6,-3.45777723203098,-2.85108718273189,0.606690049299092,-0.000247378152059143,1.61505073056012e-05,-6.62722730343317e-05,-0.000298579467560257,-0.000442396707312688,-0.000445792819694041
dense_465_fixed_labels,confirmatory,233,112.2,37.5,-2.57204501493141,-2.03068135192381,0.541363663007605,-0.000198736531587076,-0.000252847489143355,-1.61176578182788e-05,-0.000118026200297815,-0.000284822539080774,-0.000321868771595155
dense_465_fixed_labels,confirmatory,234,112.2,38.4,-6.49990691433016,-5.74893713475209,0.750969779578072,-0.000454831847344192,-0.000283490399162495,-0.000168696376979154,-0.000392482238144035,-0.000675335527864443,-0.000754154694570832
dense_465_fixed_labels,confirmatory,235,112.2,39.3,-7.12420468176643,-6.42791039927229,0.696294282494137,-0.000341437359017551,-0.000120639288165879,-3.32558714612586e-05,-0.000240135325831248,-0.000586085958353762,-0.000727070351275607
dense_465_fixed_labels,confirmatory,236,112.2,40.2,-5.98130370545571,-5.35212778816118,0.629175917294522,-0.000155352797413206,9.7696694828407e-05,0.000101730326844566,-5.48226728683661e-05,-0.000376931357821108,-0.000544436978049531
dense_465_fixed_labels,confirmatory,237,112.2,41.1,-7.34391932998673,-6.80983851227734,0.534080817709385,-0.000110504555031658,0.000153893070779996,0.00013526928580419,2.45181707565744e-05,-0.000320033430311389,-0.00054616987218766
dense_465_fixed_labels,confirmatory,238,112.2,42,-8.06262307741338,-7.67265982338846,0.389963254024921,1.63212528650739e-05,0.000191488110795638,0.00023744929234343,0.000190131861553822,-0.000136767208411139,-0.000400695791956381
dense_465_fixed_labels,confirmatory,239,113,22.2,4.35567754225954,3.20303199277316,-1.15264554948638,-0.000278078851461459,-1.50158560950384e-05,-8.43086803740439e-05,-0.000212378323256601,-0.000435865025176517,-0.000642826372405095
dense_465_fixed_labels,confirmatory,240,113,23.1,4.83597732181702,3.70590012156104,-1.13007720025598,-0.000372572872403777,-9.30287968424187e-05,-0.000178309550910984,-0.000321660912059244,-0.000546269838197,-0.000723595264009239
dense_465_fixed_labels,confirmatory,241,113,24,3.99925384971505,2.95987037282367,-1.03938347689138,-0.000307034032099503,-9.43672765734791e-05,-0.000141700483496202,-0.000260252875409491,-0.000455301212426892,-0.000583548312591453
dense_465_fixed_labels,confirmatory,242,113,24.9,0.613450570542373,-0.334435430206636,-0.947886000749009,-1.33236036323885e-05,-4.18791990455862e-05,7.55862721693594e-05,9.43850327482753e-05,-5.2297607989834e-05,-0.000142412516044157
dense_465_fixed_labels,confirmatory,243,113,25.8,3.49656166895507,2.63343280842973,-0.863128860525343,-0.00030405454986507,-8.46779687840898e-05,-0.000194868492218591,-0.000300200867805021,-0.000443364353337629,-0.000497161067180021
dense_465_fixed_labels,confirmatory,244,113,26.7,4.23896116986897,3.58198460893478,-0.656976560934194,-0.000326130714347029,-4.85234822750934e-05,-0.000220258075164379,-0.000375994678598279,-0.0004852197355878,-0.000500657600109592
dense_465_fixed_labels,confirmatory,245,113,27.6,4.19992303961404,3.75393099782367,-0.445992041790374,-0.000303196213246152,-0.000101349477893658,-0.000208359719587002,-0.000359685259891916,-0.000428592225156169,-0.000417994383702014
dense_465_fixed_labels,confirmatory,246,113,28.5,3.78131512609793,3.50015374277316,-0.281161383324766,-0.000269874038968654,-0.000119801771108251,-0.000205773228368742,-0.000331318716643546,-0.000359816224586837,-0.000332660254135896
dense_465_fixed_labels,confirmatory,247,113,29.4,4.27960610305801,4.1999531000964,-0.0796530029616106,-0.000264880250328167,-0.000180694446255535,-0.000238315067716709,-0.000320533687394475,-0.00031140922439284,-0.000273448825881277
dense_465_fixed_labels,confirmatory,248,113,30.3,4.134680702577,4.31139480969235,0.17671410711535,-0.000163671805704896,-0.000167421839338319,-0.000173397415436841,-0.000185474599905298,-0.00015885184928273,-0.00013321332456129
dense_465_fixed_labels,confirmatory,249,113,31.2,2.67573852624223,3.00240415943983,0.326665633197601,-0.000222464227895843,-0.000303043903893268,-0.000314649767001661,-0.000241839721830805,-0.000145048446773177,-0.000107739299980304
dense_465_fixed_labels,confirmatory,250,113,32.1,2.70570517963328,3.14653733747013,0.44083215783685,-0.000178020265709284,-0.000319209598651761,-0.000297317985548293,-0.000161656246938472,-6.74473607751637e-05,-4.44701366327296e-05
dense_465_fixed_labels,confirmatory,251,113,33,2.37668842143222,3.06617381979337,0.689485398361141,-7.28825123436879e-05,-0.000284778502913353,-0.000190174480963969,4.06735343271785e-06,5.66893142063513e-05,4.97837545198139e-05
dense_465_fixed_labels,confirmatory,252,113,33.9,1.74929743004213,2.53278626802569,0.783488837983555,-6.4356343158732e-05,-0.000224451627170309,-0.000172687327138293,7.42314260558715e-06,3.88332182625554e-05,2.91008776468e-05
dense_465_fixed_labels,confirmatory,253,113,34.8,1.35383833191803,2.16882749151054,0.814989159592502,3.61025495831945e-05,-6.03950450835453e-06,-1.45729530049267e-05,9.85506075399933e-05,6.43634512967381e-05,3.82111465925225e-05
dense_465_fixed_labels,confirmatory,254,113,35.7,-1.69136594133834,-0.977370074777343,0.713995866560997,-0.000250585414781019,-7.07960445618497e-05,-0.000235222267567692,-0.000304924217498449,-0.000331553271698065,-0.000310431272579041
dense_465_fixed_labels,confirmatory,255,113,36.6,-2.95250732140087,-2.29382832162078,0.658678999780092,-0.000254763622244698,-3.5586714696469e-06,-0.000133370111480038,-0.000307789590482903,-0.000415219679134241,-0.000413880058656662
dense_465_fixed_labels,confirmatory,256,113,37.5,-5.0258750482407,-4.34401426101472,0.68186078722598,-0.000319101076148473,-5.90286195733059e-05,-7.08483072591745e-05,-0.000333323863782853,-0.000548566442575623,-0.000583738147551409
dense_465_fixed_labels,confirmatory,257,113,38.4,-4.56950325360385,-3.9652608948531,0.604242358750751,-0.000242741269862916,-7.10686524788946e-05,2.72678585624838e-06,-0.000197421610459045,-0.000437927676444096,-0.000510015195788792
dense_465_fixed_labels,confirmatory,258,113,39.3,-6.41726431644656,-5.8229831833632,0.594281133083363,-0.000250152389565055,-4.65651012185056e-05,4.37623912909602e-05,-0.000157442464335645,-0.000478826165870552,-0.000611690607691532
dense_465_fixed_labels,confirmatory,259,113,40.2,-5.13979130949611,-4.54765850343896,0.592132806057149,-0.000142330718694714,3.96775780826284e-05,8.30321262672961e-05,-4.15214001248287e-05,-0.000322616406641065,-0.000470225491057602
dense_465_fixed_labels,confirmatory,260,113,41.1,-6.74219202585012,-6.165344543843,0.576847482007124,-0.00014734134231727,9.686138617358e-05,7.75645364379833e-05,-2.32911068229681e-05,-0.000339304192273334,-0.000548537335101611
dense_465_fixed_labels,confirmatory,261,113,42,-7.94769129672555,-7.51924866000462,0.428442636720929,-1.86150665363955e-05,0.000153600653917584,0.000208102431439702,0.00015216117651726,-0.000172846383022367,-0.000434093211534156
dense_465_fixed_labels,confirmatory,262,113.8,23.1,4.9884511977189,3.85935001044993,-1.12910118726897,-0.000379131702520679,-0.000104571481024971,-0.000173019752410753,-0.00031838454945684,-0.000556851575462986,-0.000742831154247842
dense_465_fixed_labels,confirmatory,263,113.8,24,3.95074408059528,2.87127870994488,-1.0794653706504,-0.000301160656997129,-9.9683781117835e-05,-0.000124944549177068,-0.00024128685791958,-0.000450859693394527,-0.000589028403376633
dense_465_fixed_labels,confirmatory,264,113.8,24.9,3.42214187948898,2.46065153570246,-0.961490343786527,-0.000274704978064335,-8.90758723430194e-05,-0.00013013144317722,-0.000233903778711538,-0.000413005811075016,-0.000507407985014881
dense_465_fixed_labels,confirmatory,265,113.8,25.8,1.17422590435671,0.265299097571142,-0.908926806785564,-2.25767580663847e-05,0.000116351155650776,0.00010418244625243,3.45939560448398e-05,-0.000144330249505283,-0.000223681098774686
dense_465_fixed_labels,confirmatory,266,113.8,26.7,2.21492722470303,1.46787623267215,-0.747050992030875,-0.000172617834149179,9.58531141682762e-06,-6.49094793888268e-05,-0.000168370582859018,-0.000301478828998569,-0.000337915590916311
dense_465_fixed_labels,confirmatory,267,113.8,27.6,3.90333483865204,3.39183445236912,-0.511500386282919,-0.000291810155119464,-7.6547717974135e-05,-0.000177774213489606,-0.00034628440304251,-0.000432242101555638,-0.00042620233953543
dense_465_fixed_labels,confirmatory,268,113.8,28.5,2.27990870767561,1.86945195236912,-0.410456755306488,-0.000201375476981946,-1.25506570160455e-06,-0.000125914334842053,-0.000265941390900161,-0.000315686666979927,-0.000298079926485987
dense_465_fixed_labels,confirmatory,269,113.8,29.4,3.15995647208157,2.97387547888427,-0.186080993197301,-0.000249461543577188,-8.70406123651089e-05,-0.000217526279623222,-0.000330569843814654,-0.000325979183762075,-0.000286191798320879
dense_465_fixed_labels,confirmatory,270,113.8,30.3,4.13254871642982,4.1602636821671,0.0277149657372832,-0.000252990592812654,-0.000206164958593236,-0.000279519478774176,-0.000304716239055741,-0.0002589252347156,-0.000215627052924515
dense_465_fixed_labels,confirmatory,271,113.8,31.2,3.68155859161019,3.91979217837922,0.238233586769029,-0.000205657204038721,-0.000279689237609191,-0.000289729238113523,-0.000214548309978819,-0.000138256168158016,-0.000106063066334059
dense_465_fixed_labels,confirmatory,272,113.8,32.1,2.05212427915228,2.47620500287417,0.424080723721891,-0.000240674063651236,-0.000319408459101697,-0.000373836741386236,-0.000263806672724414,-0.00014312179532438,-0.000103196649719451
dense_465_fixed_labels,confirmatory,273,113.8,33,2.58323472374103,3.25293222762165,0.669697503880621,-7.50050785109252e-05,-0.000273830494438179,-0.000212621661392488,-2.23018355679746e-06,6.00485827170035e-05,5.3608364115836e-05
dense_465_fixed_labels,confirmatory,274,113.8,33.9,2.15967502340433,2.93361596499538,0.773940941591059,-3.30060733396087e-05,-0.000210934659832347,-0.000161583682163298,5.27966951793055e-05,8.63534546322847e-05,6.83378254860117e-05
dense_465_fixed_labels,confirmatory,275,113.8,34.8,1.99118998675209,2.76114724529841,0.769957258546326,2.87166251148614e-05,-0.000109665186181821,-6.58106547353435e-05,0.000117622140191179,0.000114860140241283,8.65766860590088e-05
dense_465_fixed_labels,confirmatory,276,113.8,35.7,-0.459981584363832,0.311926323581243,0.771907907945075,-0.000200328173359052,-0.000166305739244344,-0.000242222558500485,-0.000197575318578435,-0.000201834900657572,-0.000193702349814424
dense_465_fixed_labels,confirmatory,277,113.8,36.6,-1.39013338900549,-0.643530365812696,0.746603023192791,-0.000223345732790649,-0.000101199793185487,-0.000196529087203125,-0.000235830960753208,-0.000291565013498596,-0.000291603809312828
dense_465_fixed_labels,confirmatory,278,113.8,37.5,-2.9636083055519,-2.34336790874199,0.620240396809914,-0.00023241680153983,1.27255623384556e-05,-0.00010399424465376,-0.000260224120535163,-0.000393489952101548,-0.000417101252747137
dense_465_fixed_labels,confirmatory,279,113.8,38.4,-0.366252017456666,0.141545533177202,0.507797550633868,-0.000199880673079998,-0.000361464914419888,-0.000182662487602098,-0.000109905969653049,-0.000161066172638894,-0.000184303821086061
dense_465_fixed_labels,confirmatory,280,113.8,39.3,-4.82202563405118,-4.22753452048441,0.594491113566768,-0.000208129050946432,-1.07985218191159e-05,2.13026094916499e-05,-0.000145106738836286,-0.00039969163572642,-0.000506350967841989
dense_465_fixed_labels,confirmatory,281,113.8,40.2,-5.80509659874575,-5.25507587275714,0.550020725988606,-0.000132716072318123,6.611902506819e-05,0.000106818380532463,-2.82264184185465e-05,-0.000324500429918289,-0.000483790918854432
dense_465_fixed_labels,confirmatory,282,113.8,41.1,-6.72553853017913,-6.13175338222684,0.59378514795229,-0.000165522827025664,5.58582798509213e-05,4.81707574847119e-05,-3.98909869576506e-05,-0.000342625915920345,-0.000549126269585959
dense_465_fixed_labels,confirmatory,283,113.8,42,-8.0552174253114,-7.56901079826219,0.486206627049212,-7.47134714122536e-05,0.000122945608901759,0.000152318463740944,8.58792246937945e-05,-0.000235395356167023,-0.000499315298230742
dense_465_fixed_labels,confirmatory,284,114.6,23.1,4.97031988829129,3.87726724529841,-1.09305264299288,-0.00034856698126635,-8.14652338610037e-05,-0.000135281242855148,-0.000278145960685205,-0.000527871640091251,-0.000720070828839141
dense_465_fixed_labels,confirmatory,285,114.6,24,3.66374874379875,2.63283132231862,-1.03091742148013,-0.000252635344912524,-6.51302886268786e-05,-8.03504842743617e-05,-0.000185381988138137,-0.000396558235991038,-0.000535755727532205
dense_465_fixed_labels,confirmatory,286,114.6,24.9,2.67058756106666,1.70401762534892,-0.966569935717743,-0.000206720569810517,-9.18497081232741e-05,-7.2244871942416e-05,-0.000137213513265131,-0.000316198624005713,-0.000416096131716051
dense_465_fixed_labels,confirmatory,287,114.6,25.8,3.82618374731005,2.93665235767215,-0.889531389637897,-0.000322851079899324,-8.96966847578651e-05,-0.000179280829888845,-0.000313873373117411,-0.000483595208469743,-0.000547809303262757
dense_465_fixed_labels,confirmatory,288,114.6,26.7,3.6658971965164,2.87686720994488,-0.789029986571519,-0.000315059144216423,-9.25849904131496e-05,-0.00018403702651689,-0.000329013725851407,-0.000469267025251392,-0.000500392953049278
dense_465_fixed_labels,confirmatory,289,114.6,27.6,3.61099533196613,3.00832036272266,-0.602674969243477,-0.000292746526174988,-9.22856101344554e-05,-0.000163333772790366,-0.000329565468302207,-0.00043799128469552,-0.000440556494952392
dense_465_fixed_labels,confirmatory,290,114.6,28.5,2.84488674418355,2.42466642206609,-0.420220322117455,-0.000244728711321825,-9.25419237284501e-05,-0.000143361299815897,-0.00029183078456208,-0.000356651837660512,-0.000339257710842187
dense_465_fixed_labels,confirmatory,291,114.6,29.4,1.85135271089831,1.53626342459134,-0.315089286306969,-0.000160010002171039,8.46525962261411e-05,-6.67465134110352e-05,-0.000252907302334372,-0.000296007564159401,-0.000269041227176528
dense_465_fixed_labels,confirmatory,292,114.6,30.3,4.04391848237499,3.99203353443983,-0.0518849479351556,-0.000277502417084968,-0.000190515350852003,-0.000278815841945851,-0.00034572472914534,-0.000310266247850067,-0.000262189915631579
dense_465_fixed_labels,confirmatory,293,114.6,31.2,3.56148486558807,3.69197929959134,0.130494434003276,-0.00024922637408242,-0.000262271817738642,-0.000318611399782807,-0.000290352778044072,-0.000209719192567157,-0.000165176682279423
dense_465_fixed_labels,confirmatory,294,114.6,32.1,3.13378976982087,3.49401779454084,0.360228024719967,-0.000197083723716281,-0.000293199478818615,-0.000325173647836811,-0.000198344256002661,-9.88270603840467e-05,-6.98741755392714e-05
dense_465_fixed_labels,confirmatory,295,114.6,33,2.82068572330813,3.43765218721761,0.616966463909481,-6.91802698553438e-05,-0.000232035664526579,-0.000212794947292017,-1.10556960225266e-05,5.72092486844329e-05,5.27757098799714e-05
dense_465_fixed_labels,confirmatory,296,114.6,33.9,2.36454730695411,3.08243714176306,0.717889834808952,-4.17012660618079e-05,-0.000205912817076164,-0.000182842115043894,3.02945460837767e-05,8.18180711572314e-05,6.81359845700104e-05
dense_465_fixed_labels,confirmatory,297,114.6,34.8,1.96808273600654,2.70835877055094,0.740276034544402,-1.95544500542965e-05,-0.000170225583181428,-0.000136993389546301,5.58372648850323e-05,8.60606452436544e-05,6.75488123275605e-05
dense_465_fixed_labels,confirmatory,298,114.6,35.7,1.64517166404887,2.3967403791368,0.751568715087933,1.83680861262394e-06,-0.000111062730007231,-7.53905307943956e-05,7.29678171142022e-05,7.2543739417894e-05,5.01257473326497e-05
dense_465_fixed_labels,confirmatory,299,114.6,36.6,1.36623439079249,2.13352488039942,0.767290489606932,4.92101554749684e-05,3.45560163029179e-05,2.95229643400512e-05,9.86159335263573e-05,5.58970801696729e-05,2.74587830358424e-05
dense_465_fixed_labels,confirmatory,300,114.6,37.5,0.730761291153243,1.42146223646003,0.690700945306788,-3.41476986419773e-05,-1.58829971223608e-05,-3.20513678584728e-05,-7.0406189943908e-06,-4.78988950702045e-05,-6.78646141644578e-05
dense_465_fixed_labels,confirmatory,301,114.6,38.4,0.781966886703988,1.40943816449033,0.627471277786345,-3.70374780992773e-05,-2.33520783356428e-05,-2.19202260102605e-05,-1.03290430419367e-05,-5.37146409540557e-05,-7.58714021544908e-05
dense_465_fixed_labels,confirmatory,302,114.6,39.3,-3.30336096635036,-2.73024822124199,0.573112745108375,-0.000170507734378764,8.25711081983468e-06,-1.46575073292377e-05,-0.000130040248898028,-0.000316650637264127,-0.000399447389222263
dense_465_fixed_labels,confirmatory,303,114.6,40.2,-4.05918768975104,-3.55744608109047,0.501741608660563,-0.000107216599156376,3.53935804017741e-05,6.07256757104269e-05,-2.51157380449354e-05,-0.000242195459148905,-0.000364891054700242
dense_465_fixed_labels,confirmatory,304,114.6,41.1,-6.9555030037722,-6.35559627566118,0.59990672811102,-0.000218916718149103,-4.46078957943665e-05,-1.86702430930744e-05,-8.0285213467885e-05,-0.000371148559211053,-0.000579871679179134
dense_465_fixed_labels,confirmatory,305,114.6,42,-7.7603178010786,-7.237835331343,0.522482469735599,-0.000128846220167052,5.31817855247033e-05,7.27868298195701e-05,2.43080885859321e-05,-0.000270053733862847,-0.000524454070902616
dense_465_fixed_labels,confirmatory,306,115.4,23.1,4.37320475769966,3.30545967837922,-1.06774507932044,-0.000275486117840433,-5.05653841803905e-05,-8.45031570344316e-05,-0.000193908165807195,-0.000430096145517163,-0.000618357736662983
dense_465_fixed_labels,confirmatory,307,115.4,24,3.08317836674247,2.01826547383377,-1.0649128929087,-0.000204238717341066,-5.21792463912911e-05,-5.23217047349226e-05,-0.000121881863937451,-0.000326029737650497,-0.00046878103399117
dense_465_fixed_labels,confirmatory,308,115.4,24.9,2.62782843643944,1.61585960388427,-1.01196883255517,-0.000180124645431791,-5.09534581297081e-05,-3.22423361594389e-05,-0.000101830350717529,-0.000301587603527703,-0.000414009478624576
dense_465_fixed_labels,confirmatory,309,115.4,25.8,3.49323391522732,2.58436968721761,-0.90886422800971,-0.000274160042525956,-5.98849092408061e-05,-0.000122449030442855,-0.000245801903237773,-0.000433556900388619,-0.000509107469319725
dense_465_fixed_labels,confirmatory,310,115.4,26.7,2.50980351344762,1.70850437282367,-0.801299140623949,-0.000180875879469156,-1.62629012176948e-05,-3.83069726993703e-05,-0.000151780534216575,-0.000323097989964178,-0.00037493099924796
dense_465_fixed_labels,confirmatory,311,115.4,27.6,4.10780282893583,3.45126783873276,-0.656534990203073,-0.000333536261692128,-0.000106365164486175,-0.000189065190244863,-0.000370405880128418,-0.000498047350291318,-0.000503797723309864
dense_465_fixed_labels,confirmatory,312,115.4,28.5,4.21188695452506,3.79532830464185,-0.416558649883208,-0.000291791478352605,-9.13749766743576e-05,-0.000161443475511417,-0.00035170669231217,-0.000436518126164513,-0.000417914121100568
dense_465_fixed_labels,confirmatory,313,115.4,29.4,3.75680773918114,3.49733049024791,-0.259477248933232,-0.000280295258864544,-0.00014367333293388,-0.000186318887630404,-0.000342187899073869,-0.000381763137403265,-0.000347533037281304
dense_465_fixed_labels,confirmatory,314,115.4,30.3,3.96848547376508,3.87333048393478,-0.0951549898302975,-0.000274983319277726,-0.000187912949724274,-0.000238183553902428,-0.000340341655489432,-0.000326956940824741,-0.000281521496447756
dense_465_fixed_labels,confirmatory,315,115.4,31.2,2.43183795250485,2.48799649151054,0.0561585390056814,-0.00023768939149762,-0.000150205400072314,-0.000247587344699307,-0.000318930004754981,-0.000260662041945733,-0.000211062166015766
dense_465_fixed_labels,confirmatory,316,115.4,32.1,3.11218316164386,3.38780290565195,0.275619744008086,-0.000219800874161357,-0.000236701188411051,-0.000322666288203617,-0.000258344469245189,-0.000160476709160637,-0.000120815715786291
dense_465_fixed_labels,confirmatory,317,115.4,33,2.9040900026251,3.47669165186407,0.572601649238967,-8.34991190638457e-05,-0.000205786240058342,-0.000221406993696731,-4.92709788175589e-05,2.79209101797524e-05,3.1047707073651e-05
dense_465_fixed_labels,confirmatory,318,115.4,33.9,2.43772967097527,3.10222478065195,0.664495109676677,-6.16627448420257e-05,-0.000195910314078152,-0.000202817688228532,-1.42209109496443e-05,5.474217619699e-05,4.98930128492098e-05
dense_465_fixed_labels,confirmatory,319,115.4,34.8,2.05389047342837,2.73488411146003,0.680993638031656,-6.51791698742141e-05,-0.000195092719541464,-0.000196157806713995,-1.76545842460724e-05,4.42114741497445e-05,3.87977869807165e-05
dense_465_fixed_labels,confirmatory,320,115.4,35.7,1.81876266832977,2.51149718469235,0.692734516362584,-3.56156830879707e-05,-0.000159678358999709,-0.000135623882485055,1.92093647836651e-05,5.50455433600735e-05,4.29689179011716e-05
dense_465_fixed_labels,confirmatory,321,115.4,36.6,1.58932917660298,2.32502070363175,0.735691527028769,1.73389582348006e-05,-7.09419129118982e-05,-2.4418519043264e-05,7.5038316363134e-05,6.48369295775416e-05,4.21799771884896e-05
dense_465_fixed_labels,confirmatory,322,115.4,37.5,1.35118604735815,2.09477085640953,0.743584809051376,3.80916231511065e-05,6.10717826670135e-06,5.85925153426824e-05,7.83090404951248e-05,3.68091269257555e-05,1.06402547252685e-05
dense_465_fixed_labels,confirmatory,323,115.4,38.4,1.05161658237498,1.72856533999538,0.6769487576204,2.60136981368417e-05,6.66633823265954e-05,7.52721513609232e-05,3.87526594232425e-05,-1.25541110755466e-05,-3.80655913510058e-05
dense_465_fixed_labels,confirmatory,324,115.4,39.3,0.480530114169116,1.05091316322771,0.570383049058592,-5.82233528803732e-05,-3.5889229692858e-05,-2.74123089255443e-05,-3.45257743365571e-05,-8.20712696238355e-05,-0.000111218181823071
dense_465_fixed_labels,confirmatory,325,115.4,40.2,-4.29971970576835,-3.68009240684805,0.619627298920304,-0.000173989557614386,-3.25561610979329e-05,-9.69620162197254e-06,-9.11075928004589e-05,-0.00030442100650694,-0.000432166826044625
dense_465_fixed_labels,confirmatory,326,115.4,41.1,-7.2200221995394,-6.64388982162078,0.57613237791862,-0.00021511367945688,-6.24938612827695e-05,-6.67110581558065e-06,-6.87563201588797e-05,-0.000360995115446085,-0.000576651994581083
dense_465_fixed_labels,confirmatory,327,115.4,42,-7.80434321361828,-7.31255355129249,0.491789662325787,-0.000109571382854666,7.53750934861358e-05,9.21461541835125e-05,3.76011322155648e-05,-0.000249629187960302,-0.000503350106198239
dense_465_fixed_labels,confirmatory,328,116.2,23.1,4.08998508949379,3.00584229327821,-1.08414279621558,-0.000245601411900814,-3.8951118996856e-05,-6.60770007757443e-05,-0.00015444353520626,-0.000387599598278741,-0.000580935806246468
dense_465_fixed_labels,confirmatory,329,116.2,24,3.18156715779586,2.12368787156104,-1.05787928623482,-0.000203545090699308,-5.16254738725325e-05,-5.20108769560173e-05,-0.000113439003885951,-0.000324580237896097,-0.000476069860885944
dense_465_fixed_labels,confirmatory,330,116.2,24.9,2.57138083831534,1.55487299656104,-1.0165078417543,-0.000170954687453656,-4.73060272935242e-05,-3.06269896354666e-05,-8.41325958765113e-05,-0.000286676751606558,-0.000406031072856219
dense_465_fixed_labels,confirmatory,331,116.2,25.8,2.58255025418836,1.6346421581772,-0.947908096011153,-0.000189344401604721,-5.2825065471108e-05,-4.64892813793898e-05,-0.000119408018217074,-0.0003188693610725,-0.000409130281883534
dense_465_fixed_labels,confirmatory,332,116.2,26.7,3.00390246279826,2.17038481853074,-0.833517644267527,-0.000228365037526942,-3.98342294691286e-05,-8.48612503701434e-05,-0.000198306689885606,-0.000381217077102242,-0.000437605940807591
dense_465_fixed_labels,confirmatory,333,116.2,27.6,4.2066081986328,3.54013709504589,-0.666471103586911,-0.000318130257534078,-5.29637928563466e-05,-0.000168564811719589,-0.000351621751253583,-0.000501236918417634,-0.000516264013423238
dense_465_fixed_labels,confirmatory,334,116.2,28.5,4.4981890993543,4.02999615565195,-0.468192943702351,-0.000305843140958236,-6.66239453474513e-05,-0.000160982113203192,-0.00036549406553295,-0.000474434102517896,-0.00046168147818969
dense_465_fixed_labels,confirmatory,335,116.2,29.4,4.43758844341395,4.06805205337922,-0.369536390034723,-0.000352418289706537,-0.000209014731177701,-0.00023921619189088,-0.000412619808504159,-0.000469466838350843,-0.000431773878609102
dense_465_fixed_labels,confirmatory,336,116.2,30.3,3.9389621032023,3.85258714428831,-0.0863749589139916,-0.000268048133229087,-0.00018639701423086,-0.000208684390295814,-0.000326802411192266,-0.000330068590932488,-0.000288288259494006
dense_465_fixed_labels,confirmatory,337,116.2,31.2,0.941762235381237,0.971761994035788,0.029999758654551,-0.000204432059668965,-5.35044406603902e-05,-0.000164420015568479,-0.000301343795901438,-0.000274685059810606,-0.000228206986403911
dense_465_fixed_labels,confirmatory,338,116.2,32.1,3.43822306496277,3.7143114750964,0.276088410133627,-0.000189357063286551,-0.000195388321179504,-0.00026896164062979,-0.000224868984925958,-0.000145952689435931,-0.00011161368026157
dense_465_fixed_labels,confirmatory,339,116.2,33,2.90767575601616,3.42792988544993,0.520254129433772,-0.000103241868026866,-0.000190155253683856,-0.0002231905751425,-9.2586055345003e-05,-1.09639994809223e-05,6.8654351795367e-07
dense_465_fixed_labels,confirmatory,340,116.2,33.9,2.4971493938228,3.0682986341873,0.571149240364508,-0.000101106693209915,-0.000198518479352852,-0.000233883258775404,-8.61508870318249e-05,1.89664175887502e-06,1.11225173516334e-05
dense_465_fixed_labels,confirmatory,341,116.2,34.8,2.15324331421722,2.75020784883377,0.596964534616552,-9.98595939177336e-05,-0.000191264777631681,-0.000229806191534249,-8.38253467598799e-05,-6.87733382168341e-07,6.28607971931006e-06
dense_465_fixed_labels,confirmatory,342,116.2,35.7,1.86395792888773,2.52588207736912,0.661924148481391,-5.96318087573218e-05,-0.000156877195173981,-0.000163980448873489,-2.73967615646867e-05,2.69179309239202e-05,2.31774309016279e-05
dense_465_fixed_labels,confirmatory,343,116.2,36.6,1.60369211594882,2.28934148267215,0.685649366723334,-3.385966820222e-05,-0.000124130834639458,-9.41416045668637e-05,6.85368209062699e-06,2.69376717470738e-05,1.51827443575207e-05
dense_465_fixed_labels,confirmatory,344,116.2,37.5,1.39000662895988,2.11163160262165,0.721624973661766,2.3414357595613e-05,-4.0432221323771e-05,3.98148848738507e-05,6.61290678450758e-05,3.76652375399532e-05,1.38948190429564e-05
dense_465_fixed_labels,confirmatory,345,116.2,38.4,1.10037143595844,1.78971191322771,0.68934047726927,2.12661876749603e-05,1.84596412895549e-05,7.71327185722987e-05,4.19848392133773e-05,-2.97996506879375e-06,-2.82662956316355e-05
dense_465_fixed_labels,confirmatory,346,116.2,39.3,0.640081973861276,1.28979992585397,0.649717951992695,2.85516661716215e-05,0.000133404745820175,0.000104575262082689,2.38246687790741e-05,-4.22103654409201e-05,-7.68359803829108e-05
dense_465_fixed_labels,confirmatory,347,116.2,40.2,-0.0199593133441114,0.456175298328718,0.476134611672829,-0.000113404215362264,-0.000150165090881239,-9.41078197241543e-05,-6.72247236209582e-05,-0.00010863031608264,-0.000146893126502329
dense_465_fixed_labels,confirmatory,348,116.2,41.1,-5.77632540519115,-5.23042767326219,0.545897731928962,-0.000149088564094435,-4.36169015834899e-06,2.7125271768819e-05,-3.26611459894002e-05,-0.000275469751995519,-0.000460075504097724
dense_465_fixed_labels,confirmatory,349,116.2,42,-7.46314219347879,-6.99830857793391,0.464833615544883,-9.28025822475717e-05,8.07119505340823e-05,9.44589585445817e-05,4.47810695936124e-05,-0.000220369917544562,-0.000463594972365573
dense_465_fixed_labels,confirmatory,350,117,24,3.38326356510707,2.34288557863175,-1.04037798647532,-0.000204710454941427,-4.07132954520499e-05,-5.25085665756104e-05,-0.000110961875125841,-0.000328793511908948,-0.000490575025644686
dense_465_fixed_labels,confirmatory,351,117,24.9,1.71855932984973,0.712491494035788,-1.00606783581394,-7.67190912992972e-05,-9.65566965345014e-06,3.7289089216733e-05,3.18874685225323e-05,-0.000159308156477311,-0.00028380818810499
dense_465_fixed_labels,confirmatory,352,117,25.8,1.37094137405368,0.412958847571142,-0.957982526482534,-4.31137051263389e-05,2.81999429531752e-05,8.44888062714874e-05,6.02363425839995e-05,-0.000141891244225777,-0.00024660237321458
dense_465_fixed_labels,confirmatory,353,117,26.7,1.8669884965645,1.03806435767215,-0.828924138892347,-0.000102204199132288,2.18279211679456e-05,3.49608145281992e-05,-3.33336101213201e-05,-0.000230038008934792,-0.000304438112301474
dense_465_fixed_labels,confirmatory,354,117,27.6,1.85602044538605,1.11623498772266,-0.739785457663391,-9.99023655216815e-05,6.48327473933315e-05,4.91664849533625e-05,-6.17718318982635e-05,-0.000250870124542773,-0.000300869103514065
dense_465_fixed_labels,confirmatory,355,117,28.5,4.2470898990176,3.74278505085397,-0.504304848163631,-0.000284268646911385,-3.14478705808099e-05,-0.000136771350557042,-0.00032925908875452,-0.000462550693493096,-0.000461314231171458
dense_465_fixed_labels,confirmatory,356,117,29.4,3.74545514307725,3.36489158494488,-0.380563558132366,-0.000275674852054493,-0.000133078776997407,-0.000140152532329485,-0.000311416828215814,-0.000406228025305309,-0.000387498097424448
dense_465_fixed_labels,confirmatory,357,117,30.3,3.92070508617489,3.74285026044993,-0.177854825724958,-0.00027599316955503,-0.000176746686627309,-0.000183834635400808,-0.000328428700443323,-0.000363931884247217,-0.000327023941056492
dense_465_fixed_labels,confirmatory,358,117,31.2,3.05340898131678,3.10008780590447,0.0466788245876921,-0.000239410738033701,-0.000174653248226898,-0.000223157020291732,-0.00029656924465095,-0.000272363831106601,-0.000230310345892325
dense_465_fixed_labels,confirmatory,359,117,32.1,3.19935893769004,3.49035052433882,0.290991586648779,-0.000164856317741694,-0.000153133137272709,-0.000216862617220881,-0.00020187276667715,-0.000141372758032549,-0.000111040309505182
dense_465_fixed_labels,confirmatory,360,117,33,2.9797191984885,3.39120406979336,0.411484871304864,-0.000134015209287601,-0.000184080729355477,-0.000215958265505342,-0.000148151700337953,-7.17701196985479e-05,-5.0115231540687e-05
dense_465_fixed_labels,confirmatory,361,117,33.9,2.34898241070591,2.85092849403579,0.501946083329876,-0.000145037793536267,-0.000212764184833466,-0.000253987765693927,-0.000154512628668143,-6.24439336313558e-05,-4.14804548544454e-05
dense_465_fixed_labels,confirmatory,362,117,34.8,2.26492902754093,2.79495716575296,0.530028138212031,-0.000127860006530323,-0.000203595596156379,-0.000245680687666836,-0.000132813702709825,-3.72186236325289e-05,-1.99914224860444e-05
dense_465_fixed_labels,confirmatory,363,117,35.7,1.65807075644906,2.25214471878326,0.594073962334205,-0.000109913981507075,-0.00015394986270405,-0.000204068473833512,-0.000113541677347815,-4.36761258163476e-05,-3.43337678336518e-05
dense_465_fixed_labels,confirmatory,364,117,36.6,1.19082764880115,1.78732661524791,0.596498966446759,-8.32784473708868e-05,-0.000109523621326176,-0.000137357595757413,-7.90346078938372e-05,-4.47599794464011e-05,-4.57164324306067e-05
dense_465_fixed_labels,confirmatory,365,117,37.5,1.33955632951303,1.99759320741963,0.658036877906595,-1.26728944204967e-05,-6.88512770122762e-05,-1.54670730903874e-05,1.60144789968349e-05,1.03382906909625e-05,-5.39889168761719e-06
dense_465_fixed_labels,confirmatory,366,117,38.4,1.05411750806041,1.70439942080347,0.650281912743055,1.30081344863938e-06,-1.80501054281921e-05,3.94309929975755e-05,2.3005291638826e-05,-7.63825034106184e-06,-3.02438616239507e-05
dense_465_fixed_labels,confirmatory,367,117,39.3,0.764592430042132,1.35929290691458,0.594700476872444,-1.41864111235906e-05,4.65047129005862e-05,2.46969301217106e-05,-1.46484960063309e-05,-5.07599852793525e-05,-7.67252173545665e-05
dense_465_fixed_labels,confirmatory,368,117,40.2,0.0314325751359271,0.532695754136798,0.501263179000871,-8.21972077270355e-05,-4.6401214447366e-05,-6.06008944855992e-05,-6.1321433203322e-05,-0.000102094743208876,-0.000140567753290014
dense_465_fixed_labels,confirmatory,369,117,41.1,-2.73256431829842,-2.2553687648026,0.477195553495821,-9.0378430951454e-05,-8.59093029670699e-06,-1.22846022552771e-06,-2.33341349938577e-05,-0.000154078371105205,-0.000264660258135973
dense_465_fixed_labels,confirmatory,370,117,42,-6.45203185363752,-5.99330958260563,0.458722271031896,-9.59517632338288e-05,5.27383099700757e-05,5.92798300115609e-05,2.4734695328569e-05,-0.000199608628563994,-0.000416903022915356
dense_465_fixed_labels,confirmatory,371,117.8,24.9,2.05210970599211,1.04546423140953,-1.00664547458258,-9.66325729247293e-05,-1.08393371959753e-05,1.41348501687837e-05,1.12437145671814e-05,-0.000182062485749829,-0.000315639606413807
dense_465_fixed_labels,confirmatory,372,117.8,25.8,1.53594633836344,0.569512880399425,-0.966433457964016,-5.9589205540158e-05,8.9857451476967e-06,5.87453791329305e-05,4.93292389104747e-05,-0.000151574468892216,-0.000263431921999676
dense_465_fixed_labels,confirmatory,373,117.8,26.7,2.66377717203347,1.76259356474286,-0.901183607290615,-0.000185023212157939,-6.36415302315058e-05,-3.8400441904894e-05,-0.000103226225469827,-0.000317408556137101,-0.000402439307046369
dense_465_fixed_labels,confirmatory,374,117.8,27.6,1.97804348376989,1.22442935640953,-0.75361412736036,-0.000103134524157439,3.02373719604935e-05,4.54591464207947e-05,-4.39706361278028e-05,-0.000243574083325827,-0.000303824419714852
dense_465_fixed_labels,confirmatory,375,117.8,28.5,3.44516490103781,2.89712101802569,-0.548043883012116,-0.000237459205890333,-4.93893860125973e-05,-9.44481834991788e-05,-0.000237839597984109,-0.00039414498427412,-0.000411473877681663
dense_465_fixed_labels,confirmatory,376,117.8,29.4,3.2798853977189,2.88918766954084,-0.390697728178061,-0.000227123445324342,-7.56671331093139e-05,-8.29386591951694e-05,-0.000244870489020946,-0.000368025633240865,-0.000364115312055414
dense_465_fixed_labels,confirmatory,377,117.8,30.3,2.27266382003732,2.04498930085397,-0.227674519183352,-0.00017796675862576,-4.98730117094783e-05,-5.47800887610246e-05,-0.000213086174451863,-0.000294339395715364,-0.000277755122491071
dense_465_fixed_labels,confirmatory,378,117.8,31.2,3.82810621888292,3.83098272888427,0.00287651000135238,-0.00022042627426448,-0.000125428530175829,-0.000175994006959743,-0.000274981033285144,-0.000280639454097809,-0.000245088346803875
dense_465_fixed_labels,confirmatory,379,117.8,32.1,3.27263659170639,3.50124296752064,0.228606375814243,-0.000179066153968386,-0.000159484591606884,-0.000195136780086761,-0.000217696025653967,-0.000177458725730329,-0.000145554646763989
dense_465_fixed_labels,confirmatory,380,117.8,33,2.96504621835382,3.30179042206609,0.336744203712271,-0.000153058099299762,-0.000177250172855824,-0.000198446157672543,-0.000180341875305134,-0.000118147457965393,-9.11048326999156e-05
dense_465_fixed_labels,confirmatory,381,117.8,33.9,2.50281739064819,2.97369092585397,0.470873535205778,-0.000130137970301964,-0.000185015601003793,-0.000210977587338618,-0.000145508151481764,-6.53432154532168e-05,-4.38452962324276e-05
dense_465_fixed_labels,confirmatory,382,117.8,34.8,2.08109079108109,2.62551387156104,0.544423080479948,-0.000117311327186366,-0.00016857936645847,-0.000210563580152848,-0.000129540205585449,-4.72906026291409e-05,-3.05828811059208e-05
dense_465_fixed_labels,confirmatory,383,117.8,35.7,0.682446963399515,1.23966277938932,0.557215815989809,-0.000162419386042329,-0.000135604814879002,-0.000209672065471727,-0.000194639692449843,-0.000143442568688809,-0.000128737788722262
dense_465_fixed_labels,confirmatory,384,117.8,36.6,0.238470745578448,0.782371132924677,0.54390038734623,-0.000117242184774959,-5.80198768880088e-05,-0.000120941523047265,-0.000141131174202562,-0.000132489585936045,-0.000133628763800913
dense_465_fixed_labels,confirmatory,385,117.8,37.5,1.19907922975353,1.77456216827821,0.575482938524681,-5.04081231226008e-05,-8.37330461552182e-05,-6.46769194624613e-05,-4.10443395049379e-05,-2.78411436157337e-05,-3.4745166874653e-05
dense_465_fixed_labels,confirmatory,386,117.8,39.3,0.910795683866086,1.42231687408629,0.511521190220208,-9.02546528023895e-05,-8.68196305477632e-05,-0.000103463959289447,-8.38117534952715e-05,-8.18642658964383e-05,-9.53136547830273e-05
dense_465_fixed_labels,confirmatory,387,117.8,40.2,0.184482631653484,0.622760826737808,0.438278195084325,-0.000110390862981655,-0.000109397064619328,-0.000103694634388308,-8.60518439206904e-05,-0.000110399937647262,-0.000142410834332687
dense_465_fixed_labels,confirmatory,388,117.8,41.1,-2.906494302714,-2.4256594043228,0.480834898391203,-0.000100958345742921,-1.31945195546012e-05,-1.56939005824859e-05,-3.33080771420956e-05,-0.000163219833246176,-0.000279375398189247
dense_465_fixed_labels,confirmatory,389,117.8,42,-5.28620211964522,-4.799454418843,0.486747700802218,-0.000128998712708817,-3.64109988057201e-05,-2.20636134551849e-05,-1.65064438345765e-05,-0.000191018319358032,-0.000378994188090571
dense_465_fixed_labels,confirmatory,390,118.6,24.9,4.32261397083097,3.4075425331772,-0.91507143765377,-0.000256174541686194,-1.65908517618983e-05,-8.48258612713151e-05,-0.000179062737324172,-0.000421522539518933,-0.000578870718554653
dense_465_fixed_labels,confirmatory,391,118.6,25.8,2.20952605726676,1.27397218469235,-0.935553872574405,-0.000121541378390503,-4.34413916770087e-05,-2.12099971304364e-06,-1.13501364155839e-05,-0.000215292624869589,-0.000335501739277287
dense_465_fixed_labels,confirmatory,392,118.6,26.7,1.15364691772852,0.287696391763061,-0.865950525965459,-3.89038735247988e-05,-1.45676870498851e-05,7.76834318311293e-05,7.60897626823609e-05,-0.000119124711476154,-0.000214600163611445
dense_465_fixed_labels,confirmatory,393,118.6,27.6,2.3730706943519,1.58382647762165,-0.789244216730249,-0.00015285402410947,-6.66211156259532e-05,-1.32481004326547e-06,-7.05540764454881e-05,-0.000278342165529425,-0.000347427952903218
dense_465_fixed_labels,confirmatory,394,118.6,28.5,2.16236044235574,1.61040049656104,-0.551959945794703,-0.000134030452245998,-1.56096943503275e-05,4.46696962014362e-06,-9.23274278023605e-05,-0.000263867278992162,-0.000302814829705285
dense_465_fixed_labels,confirmatory,395,118.6,29.4,3.30567147895988,2.98211075539943,-0.323560723560456,-0.000191084631422093,-7.46044916470124e-06,-6.00366323837686e-05,-0.0002066135524823,-0.00033727326048794,-0.000344039262591754
dense_465_fixed_labels,confirmatory,396,118.6,30.3,2.29025487448658,2.07608788039942,-0.214166994087152,-0.000175985690652079,-5.74808524990289e-05,-6.31523331706522e-05,-0.000194314008042811,-0.000286717345598095,-0.000278263913949808
dense_465_fixed_labels,confirmatory,397,118.6,31.2,3.60592247429418,3.56058456348023,-0.0453379108139434,-0.000217125336257692,-0.000116222080873631,-0.000149562644500857,-0.000259320259407669,-0.000294375138324172,-0.000266146558182132
dense_465_fixed_labels,confirmatory,398,118.6,32.1,3.20888157770928,3.36856333620751,0.159681758498226,-0.000185128960714291,-0.000158558196201349,-0.000167157518319897,-0.000218620874355036,-0.000205499880031217,-0.000175808334663957
dense_465_fixed_labels,confirmatory,399,118.6,33,2.97217094625185,3.32472514176306,0.352554195511213,-0.00012728523154782,-0.0001581715418197,-0.000154924111469821,-0.000146329445654496,-9.97669456505319e-05,-7.72341131445516e-05
dense_465_fixed_labels,confirmatory,400,118.6,33.9,2.52828406905127,2.96976185893478,0.441477789883508,-0.000129450849237004,-0.000176358565949751,-0.000188764366339596,-0.000146832891897331,-7.88087466496047e-05,-5.64896753487366e-05
dense_465_fixed_labels,confirmatory,401,118.6,34.8,2.0308467984885,2.5440051051469,0.513158306658399,-0.000132550746713067,-0.000174204900615341,-0.000200108878791754,-0.000151648983159407,-7.85266878176705e-05,-5.82642831811643e-05
dense_465_fixed_labels,confirmatory,402,118.6,35.7,1.0666635960354,1.61905061777316,0.552387021737764,-0.000140262074348084,-0.000135192966755009,-0.00018183173259539,-0.000164626272795829,-0.000116364123681922,-0.000103295275912271
dense_465_fixed_labels,confirmatory,403,118.6,36.6,0.789052443967096,1.36025083747013,0.571198393503036,-0.000103283825393608,-9.71042422940514e-05,-0.000116873778118904,-0.000112736844225929,-9.47064528377481e-05,-9.49978094914075e-05
dense_465_fixed_labels,confirmatory,404,118.6,37.5,1.15169412388533,1.70203361272266,0.550339488837331,-5.66577911318494e-05,-6.83354501437044e-05,-6.23986003170505e-05,-5.61323953372301e-05,-4.53715710223051e-05,-5.10509388389567e-05
dense_465_fixed_labels,confirmatory,405,118.6,39.3,0.639485091538044,1.04473644731862,0.405251355780573,-0.000125860132771781,-0.000125209330242637,-0.000147137093906251,-0.000120595967744285,-0.000112496859287734,-0.000123861412677996
dense_465_fixed_labels,confirmatory,406,118.6,40.2,-0.268134715628864,0.204218331157,0.472353046785864,-7.49327217339429e-05,-1.62516660723823e-05,-4.12583675149158e-05,-5.8627407589458e-05,-0.000106639931895431,-0.000151886235597527
dense_465_fixed_labels,confirmatory,407,118.6,41.1,-3.14869150403675,-2.70897296997936,0.439718534057389,-9.83981534744957e-05,-2.78743989508155e-05,-1.6229570008756e-05,-2.35272229016129e-05,-0.00015182378814187,-0.000272535787369424
dense_465_fixed_labels,confirmatory,408,118.6,42,-4.6472536498761,-4.18498445861573,0.462269191260371,-0.000125060703855678,-6.52803152051837e-05,-4.61759359962939e-05,-1.98553050768089e-05,-0.000162750410377208,-0.000331241552622895
dense_465_fixed_labels,confirmatory,409,119.4,25.8,3.79116732547263,2.91523826802569,-0.87592905744694,-0.000236841780667332,-7.27091577356399e-05,-8.58831445848678e-05,-0.000142089942610251,-0.000373408913142096,-0.000510117745263807
dense_465_fixed_labels,confirmatory,410,119.4,26.7,1.58928264187474,0.749883568530738,-0.839399073344006,-8.12348852822977e-05,-5.52824634086752e-05,2.99721861601674e-05,3.48955941389281e-05,-0.000156707944060412,-0.000259051799241496
dense_465_fixed_labels,confirmatory,411,119.4,27.6,-0.216717893959792,-0.928641971873303,-0.71192407791351,5.50750891434534e-05,3.07995677811728e-05,0.000149891907993721,0.000167781922052273,2.97492297255629e-06,-7.60728750824554e-05
dense_465_fixed_labels,confirmatory,412,119.4,28.5,2.34357385606426,1.76994302560145,-0.573630830462813,-0.000141128404056184,-1.22130263450253e-05,-1.94950739962914e-06,-9.12837464140679e-05,-0.00027493705023542,-0.00032525868988678
dense_465_fixed_labels,confirmatory,413,119.4,29.4,3.14086345577566,2.68256146625801,-0.458301989517647,-0.00018898522801396,-3.30688740631623e-05,-4.1215779264673e-05,-0.000170499376747343,-0.000337487327189131,-0.000362654782805492
dense_465_fixed_labels,confirmatory,414,119.4,30.3,1.87961297910418,1.59723756095498,-0.282375418149201,-0.000134022352700761,2.30754542824474e-05,-8.54824354572212e-06,-0.000142738503273843,-0.000267224354641598,-0.000274676116325091
dense_465_fixed_labels,confirmatory,415,119.4,31.2,3.16859583884444,3.11786658873276,-0.0507292501116827,-0.000186905172898593,-8.43233627391752e-05,-0.000102927058393247,-0.000212724385497151,-0.000275278502918141,-0.00025927255494525
dense_465_fixed_labels,confirmatory,416,119.4,32.1,3.16770282398153,3.30114214428831,0.133439320306788,-0.000171998631845464,-0.000141316276423185,-0.000130898862001827,-0.000195483096896295,-0.000207608492055523,-0.000184686431850488
dense_465_fixed_labels,confirmatory,417,119.4,33,3.00392738680019,3.26481080337922,0.260883416579034,-0.000149102277481528,-0.000169078323554983,-0.000151580828802984,-0.000168888814914537,-0.000140673027745182,-0.000115290392389956
dense_465_fixed_labels,confirmatory,418,119.4,33.9,2.4679245956506,2.88546978065195,0.417545185001353,-0.00013557360834615,-0.000161677101801229,-0.000172796753405004,-0.000156714821219844,-0.000104848604329706,-8.18307609749666e-05
dense_465_fixed_labels,confirmatory,419,119.4,35.7,1.05152796222106,1.50909539428831,0.457567432067249,-0.00013375411644327,-8.02834403345146e-05,-0.000137747398846278,-0.000175877035822308,-0.000144475875982638,-0.000130386831230613
dense_465_fixed_labels,confirmatory,420,119.4,36.6,1.19448605163905,1.71886567396003,0.524379622320977,-8.18392204856657e-05,-5.92936879316867e-05,-8.97748937123839e-05,-0.000101568991446782,-8.08823528504201e-05,-7.76761764870557e-05
dense_465_fixed_labels,confirmatory,421,119.4,40.2,-1.63946947195402,-1.15998016316118,0.479489308792839,-0.000125655758799665,-9.40558150738859e-05,-6.63501732447644e-05,-7.36548330019619e-05,-0.000159014842458838,-0.000235203130218876
dense_465_fixed_labels,confirmatory,422,119.4,41.1,-2.64875566981357,-2.1982041738935,0.450551495920063,-9.67114050552672e-05,-6.96385980922386e-05,-2.72263593417099e-05,-1.99140028173342e-05,-0.000128333362003133,-0.00023844470302192
dense_465_fixed_labels,confirmatory,423,119.4,42,-3.34331988655239,-2.89148057477734,0.451839311775042,-9.7707222787349e-05,-5.66842511591367e-05,-3.77457733583768e-05,-1.36510345885633e-05,-0.000122322085198659,-0.000258132969632009
dense_465_fixed_labels,confirmatory,424,120.2,23.1,4.57034618511669,3.40182549024791,-1.16852069486878,-0.000255797103309462,-6.85457676931822e-05,-7.65505637904628e-05,-0.00012601352294788,-0.000372666624583711,-0.000635209037532074
dense_465_fixed_labels,confirmatory,425,120.2,27.6,2.54232158242308,1.87815433747013,-0.664167244952953,-0.000150168686369787,-4.53353556495235e-05,-2.7315161815807e-05,-7.01162503328742e-05,-0.000261921049943138,-0.000346155614107593
dense_465_fixed_labels,confirmatory,426,120.2,28.5,1.16129785414026,0.578139038227708,-0.583158815912548,-4.36619642148833e-05,6.03955127427691e-05,7.53416123546449e-05,2.08443570379207e-05,-0.000155062113029865,-0.000219829190179886
dense_465_fixed_labels,confirmatory,427,120.2,29.4,2.48695405091755,2.01337084883377,-0.473583202083785,-0.000130147600616925,2.7365232901583e-05,9.33526515542417e-06,-9.84433309394323e-05,-0.000273847482267335,-0.000315147687934865
dense_465_fixed_labels,confirmatory,428,120.2,30.3,3.61701451758422,3.30358570236912,-0.313428815215098,-0.000211160472876142,-6.33246728334451e-05,-7.84444310631241e-05,-0.000203375422833945,-0.000348361363724367,-0.000362296473925827
dense_465_fixed_labels,confirmatory,429,120.2,31.2,3.35394258088388,3.31734804706609,-0.0365945338177915,-0.000159173581875179,-4.60473786859667e-05,-6.23959216553846e-05,-0.000175979701984469,-0.000258407446418727,-0.000253037460631349
dense_465_fixed_labels,confirmatory,430,120.2,32.1,3.17779090974391,3.31291684630852,0.135125936564604,-0.000151459328367613,-0.00010609924082327,-9.53470794626673e-05,-0.000167994201198107,-0.000201387644762183,-0.000186468475591839
dense_465_fixed_labels,confirmatory,431,120.2,33,2.78065868458759,3.0705973071671,0.289938622579515,-0.000144493743352617,-0.000141046438128592,-0.000132876829552044,-0.000161747213734889,-0.000153475977029293,-0.000133322258318269
dense_465_fixed_labels,confirmatory,432,120.2,33.9,2.37279896828167,2.71832368721761,0.345524718935936,-0.00014491392110504,-0.000121433700503607,-0.000155383876816298,-0.00017580330606813,-0.000147615943204215,-0.000124332778932951
dense_465_fixed_labels,confirmatory,433,120.2,36.6,1.19849052840673,1.60880609252064,0.410315564113906,-9.50535561167105e-05,-3.97756176027339e-05,-7.36966155192128e-05,-0.000125236013295221,-0.000120354023347209,-0.000116205510819176
dense_465_fixed_labels,confirmatory,434,120.2,37.5,1.07139921133121,1.38863611398528,0.31723690265407,-0.00010165265661376,-4.97760068411205e-05,-8.59360735909326e-05,-0.000130414726687483,-0.00012282736968953,-0.000119309106259736
dense_465_fixed_labels,confirmatory,435,120.2,40.2,0.0752035660931181,0.340851531914576,0.265647965821458,-0.00013965713681974,-0.000189544561753028,-0.000115395538612804,-0.000103365256400663,-0.000129440303666166,-0.000160540023666036
dense_465_fixed_labels,confirmatory,436,120.2,41.1,-1.90851372140087,-1.45115475785815,0.457358963542719,-9.95239394812531e-05,-0.000102022503450538,-4.13536615270575e-05,-2.955032160285e-05,-0.000115510953340814,-0.000209182257485006
dense_465_fixed_labels,confirmatory,437,120.2,42,-3.83140017325272,-3.26456360886825,0.566836564384469,-0.000172968636683738,-0.000223246383912746,-0.00011875489278487,-4.56608514779972e-05,-0.000159473812391522,-0.000317707242851555
dense_465_fixed_labels,confirmatory,438,121,23.1,-3.27035778979914,-4.40855863790866,-1.13820084810952,0.000261099170378335,6.40390875580626e-05,0.000101387287705766,0.000286453011075617,0.00043028691226843,0.000423329553283798
dense_465_fixed_labels,confirmatory,439,121,24,1.00025997453468,0.0369235155004348,-0.963336459034242,-3.54017194666476e-05,-1.06283200723397e-05,-9.94286360762671e-06,4.46900663973849e-05,-3.50620026105987e-05,-0.000166065477440058
dense_465_fixed_labels,confirmatory,440,121,28.5,2.6242762955544,2.07571232484387,-0.548563970710528,-0.000154046738824926,-5.38100334226309e-06,-2.81151067479102e-05,-9.77939823751625e-05,-0.00028414968468089,-0.000354793916978403
dense_465_fixed_labels,confirmatory,441,121,29.4,2.37466633918114,1.92118927686407,-0.45347706231707,-0.000135232256722426,2.14665110727134e-05,-7.34374492878787e-06,-9.76657117150401e-05,-0.000271047808415329,-0.000321570529625686
dense_465_fixed_labels,confirmatory,442,121,31.2,3.45221013340914,3.36708763923781,-0.0851224941713268,-0.000166922680470215,-5.00213780114041e-05,-6.11057858354747e-05,-0.000168611891651141,-0.000274191633382589,-0.000280682713470469
dense_465_fixed_labels,confirmatory,443,121,32.1,3.11050114115324,3.21453756726811,0.104036426114869,-0.00015645962665473,-9.34737344854764e-05,-9.03339622525935e-05,-0.000166285933789246,-0.000220016792344212,-0.000212187710402122
dense_465_fixed_labels,confirmatory,444,121,37.5,0.429589973885326,0.761057148076192,0.331467174190867,-8.05749360022757e-05,-1.47685198193463e-06,-3.13948623587957e-05,-9.72528326703129e-05,-0.000129515718233289,-0.000143234414767046
dense_465_fixed_labels,confirmatory,445,121,41.1,-0.277838702617801,0.0638536493388186,0.341692351956619,-9.16488493040419e-05,-0.000113748404286279,-4.67182621947366e-05,-5.02696009021589e-05,-9.77471028985426e-05,-0.000149760876238493
dense_465_fixed_labels,confirmatory,446,121,42,-1.62867311401751,-1.19364544725209,0.435027666765422,-8.7556743956038e-05,-9.74444356827945e-05,-3.73978008769469e-05,-2.07889292354612e-05,-9.25805370767929e-05,-0.000189572016908194
dense_465_fixed_labels,confirmatory,447,121.8,24.9,3.25906671022491,2.17735151676306,-1.08171519346185,-0.000163949284978203,-2.68839445426135e-05,-4.48877396274195e-05,-4.84589427245067e-05,-0.000249670615864724,-0.000449845182131752
dense_465_fixed_labels,confirmatory,448,121.8,29.4,3.31976827439038,2.92408557231862,-0.39568270207176,-0.000170147327199025,1.00577197584097e-05,-3.35982635448659e-05,-0.000131284232067618,-0.000317046079193599,-0.000378865780947452
dense_465_fixed_labels,confirmatory,449,121.8,31.2,3.22452281479442,3.10929854327821,-0.115224271516204,-0.000161546986763333,-2.57407432034383e-05,-4.66765140004789e-05,-0.000155505099193773,-0.00028098699112952,-0.000298825586289452
dense_465_fixed_labels,confirmatory,450,121.8,39.3,0.246566571480324,0.337414264237809,0.0908476927574852,-0.000114311378116265,-7.2148585448445e-05,-8.99796233616901e-05,-0.000101610869940104,-0.000140423993633914,-0.000167393818197173
dense_465_fixed_labels,confirmatory,451,121.8,41.1,-0.217430199996348,0.0301922844398288,0.247622484436177,-9.3660367410699e-05,-9.83736648041334e-05,-5.49174207687512e-05,-5.66125223390639e-05,-0.000103714310043295,-0.000154683919098251
dense_465_fixed_labels,confirmatory,452,121.8,42,-1.43992067272362,-1.06380633172179,0.376114341001833,-7.90947735737564e-05,-7.93099554474399e-05,-2.9960449388745e-05,-2.05515993672766e-05,-8.715744890602e-05,-0.000178494414759301
dense_465_fixed_labels,confirmatory,453,122.6,40.2,-0.673727765099763,-0.423648720610676,0.250079044489087,-7.37551508715331e-05,-1.7642267594866e-05,-2.25993559984577e-05,-4.19109029384822e-05,-0.000112024367369381,-0.000174598860456478
dense_465_fixed_labels,confirmatory,454,122.6,41.1,-0.0487700365523846,0.201604217520637,0.250374254073021,-6.87337556144705e-05,-1.40069865107551e-05,-3.1428513047519e-05,-4.71554622386319e-05,-9.89566631209359e-05,-0.000152121153154511
dense_465_fixed_labels,confirmatory,455,122.6,42,-0.385466487610586,-0.136965903691484,0.248500583919101,-7.10649386101692e-05,-4.13084739470758e-05,-3.7191314577575e-05,-3.98908183345755e-05,-8.72862027079124e-05,-0.000149647883483707
dense_465_fixed_labels,confirmatory,456,123.4,40.2,-0.50592747219452,-0.359944031216737,0.145983440977783,-7.08572733137058e-05,-9.33017477899844e-06,-2.52638251499631e-05,-3.90093014631918e-05,-0.000108885904351678,-0.000171797160824697
dense_465_fixed_labels,confirmatory,457,123.4,41.1,-0.893357196749595,-0.727909740181383,0.165447456568211,-6.28860093335147e-05,-4.41129687361154e-06,-2.12837025001372e-05,-2.73782636092433e-05,-9.36260218071875e-05,-0.000167730761877394
dense_465_fixed_labels,confirmatory,458,123.4,42,-0.301753518081966,-0.142084838034919,0.159668680047047,-7.10392765761833e-05,-2.91173353246647e-05,-4.18256051080889e-05,-4.32912749601016e-05,-8.97975110425053e-05,-0.000151164656445556
dense_465_fixed_labels,confirmatory,459,124.2,40.2,-0.597452379337378,-0.548681698514717,0.0487706808226607,-6.64099858313826e-05,-3.0586683380696e-05,-1.95267470457028e-05,-2.4755197593585e-05,-9.49115060193634e-05,-0.000162269795117566
dense_465_fixed_labels,confirmatory,460,124.2,41.1,-2.55898936365676,-2.43408472944906,0.124904634207701,-4.22577728456168e-05,7.13679849138584e-06,1.02013467762724e-05,1.46155585248686e-05,-6.67514400863807e-05,-0.00017649112793423
dense_465_fixed_labels,confirmatory,461,124.2,42,-1.04993038979914,-0.973372893590474,0.0765574962086636,-5.86834136294879e-05,-1.00647615630575e-05,-2.16407450779341e-05,-2.32704373595788e-05,-7.89902610148279e-05,-0.000159450863132041
dense_465_fixed_labels,confirmatory,462,125,38.4,-0.400971266566815,-0.515751295105626,-0.114780028538811,-6.82222087720492e-05,-2.53350679373682e-05,-2.45897144132986e-05,-2.07423304136984e-05,-0.000103281791776779,-0.000167162139319102
dense_465_fixed_labels,confirmatory,463,125,40.2,-1.7211904974711,-1.69427088096421,0.0269196165068839,-4.70366569920859e-05,-2.44596047335984e-05,1.25455063417557e-06,9.53990431966536e-06,-6.60716974891365e-05,-0.000155446437691536
dense_465_fixed_labels,confirmatory,464,125,41.1,-2.44127333643213,-2.42296281846421,0.0183105179679229,-1.37165160004185e-05,5.00525078854191e-05,3.53819879510368e-05,3.13253270670973e-05,-4.0834982222877e-05,-0.000144507420682769
dense_465_fixed_labels,confirmatory,465,125,42,-2.27486298330563,-2.19686504573694,0.0779979375686924,-3.94799260270044e-05,6.07872306145885e-06,6.95299491385497e-06,8.04014134139423e-06,-5.5183228813832e-05,-0.000163288260637898
dense_465_fixed_labels,discovery,1,105,20.4,3.74345327930159,2.10370902385753,-1.63974425544406,-0.00021748706092691,-3.7315211469189e-06,-4.96983271339125e-05,-9.73132299655734e-05,-0.000295163034601146,-0.000641529191786997
dense_465_fixed_labels,discovery,2,105,21.3,4.53538792215873,3.10351960719086,-1.43186831496787,-0.000277092620984074,-5.41400776850023e-05,-8.94537499011185e-05,-0.000143466329011814,-0.000378037811873392,-0.000720365136449042
dense_465_fixed_labels,discovery,3,105,22.2,3.75356863565079,2.45376606552419,-1.2998025701266,-0.0002634913038421,-9.36990377931258e-05,-0.000114714248051388,-0.000132780954875302,-0.000350015850045777,-0.00062624642844491
dense_465_fixed_labels,discovery,4,105,23.1,1.26012899755556,-0.0637396636424722,-1.32386866119803,-0.000204980501099548,-0.000247078378088949,-0.000181500364832201,-6.5933289414181e-05,-0.000185248049695389,-0.000345142423467022
dense_465_fixed_labels,discovery,5,105,24,-0.256948204825396,-1.25204076780914,-0.995092562983743,-0.000253705264975905,-0.000484038944295159,-0.000362331147927069,-0.000108991887726225,-0.000122577643809631,-0.00019058670112144
dense_465_fixed_labels,discovery,6,105,24.9,0.788586126920635,-0.282056017809139,-1.07064214472977,-0.000247123146219235,-0.000370548604734928,-0.000253219665589258,-0.000109497278911875,-0.000205249411451925,-0.000297100770408189
dense_465_fixed_labels,discovery,7,105,25.8,-1.67602453180952,-2.27280922614247,-0.596784694332949,-0.000332575279705094,-0.000551920871724538,-0.000478982769701577,-0.000274099188754761,-0.00018515504353796,-0.000172718524806634
dense_465_fixed_labels,discovery,8,105,26.7,-2.77085914212698,-2.98411170530914,-0.213252563182156,-0.000546026197424931,-0.000731024447894955,-0.000814032888613615,-0.000585450970052856,-0.000342653784608665,-0.000256968895954563
dense_465_fixed_labels,discovery,9,105,27.6,-2.46453629212698,-2.33344005947581,0.131096232651178,-0.000612077860470269,-0.000678009988072741,-0.000870201143767311,-0.00073228766764077,-0.0004483005886846,-0.000331589914185924
dense_465_fixed_labels,discovery,10,105,28.5,2.92498922295238,2.93762979469086,0.0126405717384791,1.4553259029979e-06,0.00035890345182995,0.00026375883109605,-9.22706016407805e-05,-0.000252115488609778,-0.000270999563160452
dense_465_fixed_labels,discovery,11,105,29.4,2.74478980707937,2.80778500302419,0.0629951959448286,-0.000119072082983471,6.1582188180048e-05,9.80732405961765e-05,-0.0001866493800599,-0.000288664813166729,-0.000279701650466948
dense_465_fixed_labels,discovery,12,105,30.3,2.02264815231746,2.27365250302419,0.251004350706733,-0.000128565350611474,-2.23845595409925e-06,4.55787345507366e-05,-0.000202013485743817,-0.000256329540490156,-0.000227824005420035
dense_465_fixed_labels,discovery,13,105,31.2,1.57162242850794,1.73623923219086,0.164616803682924,-0.000220208486099123,-5.68533684683459e-06,-0.000151790084189893,-0.000339007607497761,-0.000327183159680033,-0.000277376242281093
dense_465_fixed_labels,discovery,14,105,32.1,-0.763287761968253,-0.796125996975806,-0.0328382350075525,-0.000272154961783035,-2.38313086970485e-05,-0.000258248099958753,-0.000410710547224112,-0.000366154351442712,-0.000301830501592547
dense_465_fixed_labels,discovery,15,105,33,-4.30892284014286,-3.95664976780914,0.352273072333718,-0.000458394328654123,-0.000331823680591453,-0.000371259333606355,-0.000527802766079039,-0.000563716806695253,-0.000497369056298517
dense_465_fixed_labels,discovery,16,105,33.9,-4.92657692109524,-4.64146539280914,0.285111528286099,-0.000351068929173021,-0.000115046880345189,-0.000209948639215247,-0.000406268471772858,-0.000526333131585684,-0.000497747522946126
dense_465_fixed_labels,discovery,17,105,34.8,-5.88638269926984,-5.30373624697581,0.582646452294035,-0.000456778872958523,-0.000166018473368529,-0.00024025557471,-0.000483104310244231,-0.000696751136728664,-0.000697764869741193
dense_465_fixed_labels,discovery,18,105,35.7,-6.68327358339682,-5.72426472614247,0.959008857254352,-0.000623924711531371,-0.00018850594532461,-0.00032905475157548,-0.00065857013085616,-0.000958036611524563,-0.000985456118376041
dense_465_fixed_labels,discovery,19,105,36.6,-7.52962946990476,-6.3539720594758,1.17565741042896,-0.000714837121700562,-6.82866461336617e-05,-0.000319810897487534,-0.000767635215243615,-0.0011698290817494,-0.0012486237678886
dense_465_fixed_labels,discovery,20,105,37.5,-6.35788646871428,-5.01022836155914,1.34765810715515,-0.000636975512057169,-6.05300571202139e-05,-0.000214392308780843,-0.00062435245318139,-0.00107316307800743,-0.00121243966319597
dense_465_fixed_labels,discovery,21,105,38.4,-6.69133604331746,-5.02930953864247,1.66202650467499,-0.000668462277153848,-3.1995610580361e-05,-0.00013251363510192,-0.000600664339825682,-0.00117441232294669,-0.00140272547731458
dense_465_fixed_labels,discovery,22,105,39.3,-6.74181369649206,-4.96675739280914,1.77505630368292,-0.000579565508016653,6.7114461737432e-05,-1.02963367260007e-06,-0.000457640237693756,-0.0010985484272831,-0.00140772370317124
dense_465_fixed_labels,discovery,23,105,40.2,-7.80711953815873,-6.18013242405914,1.62698711409959,-0.0005110657615678,0.000183320870705977,4.77318232917922e-05,-0.000352563026359377,-0.00102102051410532,-0.00141279796137208
dense_465_fixed_labels,discovery,24,105,41.1,-7.82512257546032,-6.65026847614247,1.17485409931784,-0.000313476590783112,0.000144218557032678,0.000107437404533966,-0.000120861118914849,-0.000653141631725464,-0.00104503616484189
dense_465_fixed_labels,discovery,25,105,42,-7.51232634212698,-6.77146014280914,0.740866199317845,-0.000154441310887792,0.000114522767657273,0.000161129994933963,3.23171271091144e-05,-0.000359388844089837,-0.000720787600049473
dense_465_fixed_labels,discovery,26,105.8,20.4,5.466559042,3.84043004469086,-1.62612899730914,-0.000331103686618877,-3.33300379101622e-05,-9.25765428725833e-05,-0.00017856318549363,-0.000455598434649545,-0.000895450232168466
dense_465_fixed_labels,discovery,27,105.8,21.3,5.46543323565079,3.85013085719086,-1.61530237845993,-0.000420464867367229,-0.000158263716627576,-0.000191824086835713,-0.000254395419556927,-0.0005445097103237,-0.000953331403492227
dense_465_fixed_labels,discovery,28,105.8,22.2,3.72900011184127,2.18327339885753,-1.54572671298374,-0.000349492191009343,-0.000215627303850641,-0.000197273924467167,-0.000192792783888357,-0.000423162440172264,-0.000718604502668284
dense_465_fixed_labels,discovery,29,105.8,23.1,1.90744440073016,0.527188690524195,-1.38025571020597,-0.000252657736277364,-0.000275830538038177,-0.000194322624467012,-9.62077636498872e-05,-0.000254663969541011,-0.000442263785690731
dense_465_fixed_labels,discovery,30,105.8,24,1.12121402850794,-0.094798892809139,-1.21601292131708,-0.000273530647155409,-0.000407491471808781,-0.000280191568543603,-0.000109384602098866,-0.000221448821153666,-0.00034913677217213
dense_465_fixed_labels,discovery,31,105.8,24.9,0.71433584120635,-0.394686226142472,-1.10902206734882,-0.000273748532695691,-0.000461222035756616,-0.000283186775805189,-0.000111936612723725,-0.000210427634081623,-0.000301969605111301
dense_465_fixed_labels,discovery,32,105.8,25.8,1.1309228372381,0.240715128024194,-0.890207709213902,-0.000319197235932615,-0.000537583544077008,-0.000277341339976587,-0.000178425881906849,-0.000268754973444508,-0.000333880440258123
dense_465_fixed_labels,discovery,33,105.8,26.7,-1.55802206395238,-2.07005428864247,-0.512032224690092,-0.000313396530530356,-0.000432711882948276,-0.000431748174123351,-0.000314836326546409,-0.000209235273192579,-0.000178450995841164
dense_465_fixed_labels,discovery,34,105.8,27.6,-0.55390966831746,-0.813519746975805,-0.259610078658346,-0.000276602074112373,-8.02652707186931e-05,-0.000341645643240599,-0.000389795892304946,-0.000305872648845554,-0.000265430915452075
dense_465_fixed_labels,discovery,35,105.8,28.5,1.71064788406349,1.83662804469086,0.125980160627368,7.08072509887053e-06,0.00054883267982107,0.000153551923880769,-0.000183192390392196,-0.00024874196971741,-0.00023504661809788
dense_465_fixed_labels,discovery,36,105.8,29.4,2.70149761422222,2.61322025302419,-0.0882773611980289,-0.000173858012151096,7.17826755439515e-05,-8.65191005729746e-07,-0.00027361909094426,-0.000344199593279675,-0.000322388861069768
dense_465_fixed_labels,discovery,37,105.8,30.3,2.94810167930159,2.97212854469086,0.0240268653892732,-0.000203078980475941,-1.57736320254337e-05,-6.91030552245254e-05,-0.000298291357901519,-0.000333222361997015,-0.000299004495231214
dense_465_fixed_labels,discovery,38,105.8,31.2,2.05578375549206,2.27792623219086,0.222142476698797,-0.000208811011408586,1.87127263631876e-05,-0.000126155455956442,-0.000335802676195305,-0.000325092103783876,-0.000275717547470496
dense_465_fixed_labels,discovery,39,105.8,32.1,0.47951897136508,0.589837523857528,0.110318552492448,-0.000391450633961325,-0.000268921326505692,-0.000423945970859328,-0.000507374217758131,-0.000416863880037391,-0.000340147774646081
dense_465_fixed_labels,discovery,40,105.8,33,-1.98472599450794,-1.69612370530914,0.288602289198797,-0.000454849312052855,-0.000358397906411587,-0.00045890949687159,-0.000541603523837565,-0.000495385643841717,-0.000419949989301813
dense_465_fixed_labels,discovery,41,105.8,33.9,-2.438079608,-2.23244843447581,0.205631173524194,-0.000519267630086518,-0.000622524350403169,-0.000537980135828668,-0.000520966681211563,-0.000487487726020495,-0.000427379256968696
dense_465_fixed_labels,discovery,42,105.8,34.8,-4.93866315998413,-4.38776772614247,0.550895433841654,-0.000569100188236716,-0.000394896304993614,-0.000460683928506651,-0.000602428739171006,-0.000711522959278721,-0.000675969009233588
dense_465_fixed_labels,discovery,43,105.8,35.7,-6.68592519053968,-5.80929304905914,0.876632141480542,-0.000644505678718258,-0.000152426883269069,-0.00038675896827616,-0.00072934502844328,-0.000977796331582272,-0.000976201182020509
dense_465_fixed_labels,discovery,44,105.8,36.6,-7.17866133180952,-5.92603803864247,1.25262329316705,-0.000840419827469451,-0.000222442600088628,-0.00051042465537922,-0.000923604059860129,-0.00125498011008637,-0.00129064771193291
dense_465_fixed_labels,discovery,45,105.8,37.5,-5.75281734847619,-4.22637803864247,1.52643930983372,-0.000643376296445176,2.09406724274465e-05,-0.000205804552100961,-0.000688372444752019,-0.00111893643395234,-0.00122470872384801
dense_465_fixed_labels,discovery,46,105.8,38.4,-7.63351591395238,-5.80720384072581,1.82631207322657,-0.000916302790343993,-0.000148238906571114,-0.000332254762778684,-0.000909147700040716,-0.0014955702970414,-0.00169630228528805
dense_465_fixed_labels,discovery,47,105.8,39.3,-7.19217045998413,-5.34066504905914,1.85150541092499,-0.000683149279390857,6.90526428384094e-05,-4.6567424121751e-05,-0.000610389237373405,-0.00126976125807154,-0.00155808112022599
dense_465_fixed_labels,discovery,48,105.8,40.2,-6.8655626095873,-5.22676585114247,1.63879675844483,-0.000421282157687566,0.000324996470091819,0.000137442297166268,-0.00031986220224796,-0.000954228531764631,-0.00129475882168332
dense_465_fixed_labels,discovery,49,105.8,41.1,-7.75093866553968,-6.66552338239247,1.08541528314721,-0.000261210785229117,0.000286967569484354,0.000170670495611095,-0.000121103266454401,-0.000640916590568464,-0.00100167213421817
dense_465_fixed_labels,discovery,50,105.8,42,-6.68899400442857,-6.01842487197581,0.670569132452765,-0.000171320748950268,-4.87252283143964e-06,0.000100025710010747,9.06439282046191e-06,-0.000326000290774658,-0.000634821033976453
dense_465_fixed_labels,discovery,51,106.6,20.4,5.56107093247619,3.80493560719086,-1.75613532528533,-0.000391149101398645,-6.80791413945222e-05,-0.000137912119900074,-0.000234975363505582,-0.000530192948069457,-0.000984585934123589
dense_465_fixed_labels,discovery,52,106.6,21.3,5.14088748565079,3.36002356552419,-1.7808639201266,-0.00045650456111482,-0.000195292852810599,-0.000244202743722424,-0.000292642186582837,-0.000573477908508132,-0.000976907113950109
dense_465_fixed_labels,discovery,53,106.6,22.2,4.38373966025397,2.71251302385753,-1.67122663639644,-0.000440885364498865,-0.000271763948320739,-0.000273436907660755,-0.000270559755587205,-0.000529908720783848,-0.000858757490141778
dense_465_fixed_labels,discovery,54,106.6,23.1,1.97655899676191,0.532041086357528,-1.44451791040438,-0.000231173182777648,-0.000207367158034411,-0.000159981307977773,-8.52684894957968e-05,-0.000255658101453742,-0.00044759085692652
dense_465_fixed_labels,discovery,55,106.6,24,3.96202165469841,2.62466058635753,-1.33736106834089,-0.000468664967563227,-0.000388301346057379,-0.000381909563394652,-0.000297431301498817,-0.000534048744515267,-0.000741633882350021
dense_465_fixed_labels,discovery,56,106.6,24.9,0.849179268984128,-0.348948059475806,-1.19812732845993,-0.000267064986393519,-0.0004831043635721,-0.000267656683546831,-8.47577703597769e-05,-0.000200065943505381,-0.000299740170983504
dense_465_fixed_labels,discovery,57,106.6,25.8,0.340199735650795,-0.663537246975806,-1.0037369826266,-0.000268587844229572,-0.000517674903567408,-0.000256478506926596,-0.000119429227378249,-0.000195945204067329,-0.000253411379208281
dense_465_fixed_labels,discovery,58,106.6,26.7,-0.873149024666666,-1.76613862197581,-0.89298959730914,-9.94863763941233e-05,-0.000116919397409861,-5.41363108622191e-05,-7.41778809565721e-05,-0.000114527660416515,-0.000137670632325449
dense_465_fixed_labels,discovery,59,106.6,27.6,0.0341579737460323,-0.580619830309139,-0.614777804055172,-0.000167474514145815,2.03379418847813e-05,-0.000124150036236848,-0.000236628911715784,-0.00025049709385532,-0.000246434470805906
dense_465_fixed_labels,discovery,60,106.6,28.5,-0.809845649269841,-1.09343712197581,-0.283591472705965,-0.000198111599554211,0.00015547698548356,-0.000227080338176984,-0.00037896594470445,-0.000296521336347735,-0.000243467364025447
dense_465_fixed_labels,discovery,61,106.6,29.4,2.89843606501587,2.84556329469086,-0.0528727703250125,-0.000103409189938607,0.000277661558705314,7.36819628099729e-05,-0.00024185128971837,-0.000323571887552224,-0.000302966293937728
dense_465_fixed_labels,discovery,62,106.6,30.3,3.26743473009524,3.20968516969086,-0.0577495604043773,-0.000235714074406091,-2.47852837955712e-05,-0.000121635986235181,-0.000344344547726039,-0.000364977007808592,-0.000322827546465069
dense_465_fixed_labels,discovery,63,106.6,31.2,2.49873206342857,2.47735358635753,-0.0213784770710444,-0.000384318354946173,-0.000250397319341713,-0.000402030656084911,-0.000501987767960271,-0.000419912592330351,-0.000347263439013617
dense_465_fixed_labels,discovery,64,106.6,32.1,0.891738429301588,1.07285054469086,0.181112115389273,-0.000436964598047976,-0.000402912170223151,-0.000487727128437209,-0.000538094863887217,-0.00042027108462305,-0.000335817743069251
dense_465_fixed_labels,discovery,65,106.6,33,-0.316300484190475,-0.0218746844758055,0.29442579971467,-0.000467971662818745,-0.00043647248989796,-0.000503063276372174,-0.000557989804195956,-0.000462290173381793,-0.000380042570245842
dense_465_fixed_labels,discovery,66,106.6,33.9,-2.83244356752381,-2.25863762197581,0.573805945548004,-0.000601127159519757,-0.000517793269292684,-0.000632455107248704,-0.000678041386879076,-0.000631315601797231,-0.00054603043238109
dense_465_fixed_labels,discovery,67,106.6,34.8,-5.72473688657143,-4.93913508030914,0.785601806262289,-0.000801296853344426,-0.000558352193829757,-0.000749065825361915,-0.000883912099906547,-0.000946781831961761,-0.000868372315662149
dense_465_fixed_labels,discovery,68,106.6,35.7,-5.45612844014286,-4.47374330947581,0.982385130667051,-0.000662220034767462,-0.000201147996778516,-0.000498149364242832,-0.00076723002303748,-0.00093621587887918,-0.000908356910899301
dense_465_fixed_labels,discovery,69,106.6,36.6,-7.21823737188889,-5.82792408030914,1.39031329157975,-0.00103230605980939,-0.000429798463960522,-0.000758356235238384,-0.00115863870421416,-0.0014135953939716,-0.00140114150166227
dense_465_fixed_labels,discovery,70,106.6,37.5,-6.10145435919048,-4.62686533030914,1.47458902888134,-0.000746137567528497,-9.96654144712242e-05,-0.000356151732071859,-0.000826055955651035,-0.00119055028025806,-0.00125826445519031
dense_465_fixed_labels,discovery,71,106.6,38.4,-5.46765509847619,-3.93517926780914,1.53247583066705,-0.0005854716767467,-0.000109264865958567,-8.63410593113719e-05,-0.000563765087158353,-0.00101338827165316,-0.00115459909965205
dense_465_fixed_labels,discovery,72,106.6,39.3,-7.64437279966667,-5.74862149697581,1.89575130269086,-0.0008848019884584,-0.000113040610997774,-0.000231354565385058,-0.000851059869006804,-0.0014873179630579,-0.00174123693384446
dense_465_fixed_labels,discovery,73,106.6,40.2,-6.36888107069841,-4.62268191364247,1.74619915705594,-0.000377103029755345,0.000566205465442978,0.000244315058203013,-0.00035900469068669,-0.00101102871263853,-0.0013260022690975
dense_465_fixed_labels,discovery,74,106.6,41.1,-10.4870109413333,-9.1546591532258,1.33235178810753,-0.000637571075875846,7.1365037351587e-05,5.22618627859228e-05,-0.000459315156297741,-0.00119337042438764,-0.00165879669883136
dense_465_fixed_labels,discovery,75,106.6,42,-6.99087171871429,-6.23274989280914,0.758121825905146,-0.000197546573924127,5.6017556639115e-05,0.000132729387486967,-2.67836982361493e-05,-0.000413488854276192,-0.000736207261234373
dense_465_fixed_labels,discovery,76,107.4,22.2,4.32047598168254,2.76488756552419,-1.55558841615835,-0.000371518208735966,-0.000130252736084998,-0.000210298563197738,-0.000235930452791322,-0.000486948715984613,-0.000794160575621157
dense_465_fixed_labels,discovery,77,107.4,23.1,3.689625392,2.22734971135753,-1.46227568064247,-0.000369474077187597,-0.000190353228864222,-0.000265453230507525,-0.000228241052584003,-0.000459274552985422,-0.000704048320996816
dense_465_fixed_labels,discovery,78,107.4,24,4.04479230866667,2.5543938780242,-1.49039843064247,-0.000531257036897356,-0.000496447486390905,-0.000475072550114619,-0.000333651912017487,-0.000568478697574644,-0.000782634538389124
dense_465_fixed_labels,discovery,79,107.4,24.9,2.47448678803175,1.08133323219086,-1.39315355584089,-0.000371472339286618,-0.000466965055977205,-0.000323690130328722,-0.000177461556043081,-0.000373914387122935,-0.000515330566961148
dense_465_fixed_labels,discovery,80,107.4,25.8,0.911862549936509,-0.146476580309139,-1.05833913024565,-0.000258132340834488,-0.000427681845263828,-0.000231583210167763,-0.000108933311223166,-0.000224849014599037,-0.000297614322918646
dense_465_fixed_labels,discovery,81,107.4,26.7,-0.127518825460317,-1.07867672614247,-0.951157900682156,-9.99313872014774e-05,-9.59911949792161e-05,-2.26775254815831e-05,-5.32272443455618e-05,-0.000143717552998993,-0.000184043418202033
dense_465_fixed_labels,discovery,82,107.4,27.6,0.05521552136508,-0.647259913642473,-0.702475435007553,-0.000134147356355638,5.58510165177898e-05,-5.37016624505465e-05,-0.000187477115619243,-0.000238995840225391,-0.000246413180000799
dense_465_fixed_labels,discovery,83,107.4,28.5,0.75185161104762,0.298964378024194,-0.452887233023426,-0.000187532789392039,0.00016779949072904,-0.000110299225340862,-0.000325391693834013,-0.000346788521196767,-0.000322983997317594
dense_465_fixed_labels,discovery,84,107.4,29.4,1.20629148326984,1.02835862802419,-0.177932855245648,-0.000260511144538502,3.35074251641808e-05,-0.000201634618078924,-0.000412507788978023,-0.000387830502462992,-0.000334090238336753
dense_465_fixed_labels,discovery,85,107.4,30.3,2.94369175073016,2.81790423219086,-0.125787518539299,-0.00027877336073886,-6.18660743321259e-05,-0.000207976525855059,-0.000397998071908792,-0.000389695870311447,-0.000336330261286874
dense_465_fixed_labels,discovery,86,107.4,31.2,2.36997614676191,2.35407646135753,-0.0158996854043782,-0.000349496043538587,-0.000227052318424729,-0.000350794313723823,-0.00046769151172708,-0.00038688856554833,-0.000315053508268972
dense_465_fixed_labels,discovery,87,107.4,32.1,0.924983568984128,1.11013810719086,0.185154538206733,-0.000433327354340193,-0.000377725869401796,-0.000469947781810344,-0.000554014802285551,-0.000427195347797745,-0.000337752970405528
dense_465_fixed_labels,discovery,88,107.4,33,1.09626991898413,1.59568281552419,0.499412896540067,-0.000332408892159838,-0.000161665159926348,-0.00036659900415027,-0.000475976542980187,-0.000366749656569074,-0.00029105409717331
dense_465_fixed_labels,discovery,89,107.4,33.9,-6.3066928798254,-5.56317512197581,0.743517757849591,-0.0011582475621689,-0.00145552685994847,-0.00125423968621523,-0.00116868367472818,-0.00103529609662886,-0.000877491493323763
dense_465_fixed_labels,discovery,90,107.4,34.8,-3.77160707307936,-2.83858226780914,0.933024805270226,-0.000739113726218303,-0.000456405538329757,-0.000776981779171105,-0.000871220068775178,-0.000843376258370754,-0.000747584986444722
dense_465_fixed_labels,discovery,91,107.4,35.7,-3.87132806077778,-2.85672247614247,1.01460558463531,-0.000684394076123568,-0.00038706460244883,-0.000642198185040622,-0.000780188704342027,-0.000834263324344781,-0.000778255564441583
dense_465_fixed_labels,discovery,92,107.4,36.6,-5.22858786514286,-3.94008243447581,1.28850543066705,-0.000836275561933373,-0.000389116063092424,-0.000657210302151673,-0.000951155043847538,-0.00110728066712414,-0.00107661573345109
dense_465_fixed_labels,discovery,93,107.4,37.5,-6.00189240244444,-4.43805046572581,1.56384193671864,-0.000910966744791131,-0.000331896299445663,-0.000578967281331985,-0.00102013802447171,-0.00130033413815392,-0.00132349798055238
dense_465_fixed_labels,discovery,94,107.4,38.4,-6.03936571395238,-4.51283631989247,1.52652939405991,-0.000714487428436117,-9.38025117768763e-05,-0.000250320293532317,-0.000771021539645821,-0.00117468224873527,-0.0012826105484903
dense_465_fixed_labels,discovery,95,107.4,39.3,-6.45316176553968,-4.65701401780914,1.79614774773054,-0.000656733684285718,0.000191138356656167,-7.71815673548626e-06,-0.000716848028998102,-0.00127569106744284,-0.00147454952490832
dense_465_fixed_labels,discovery,96,107.4,40.2,-6.84318364609524,-5.19668433030914,1.6464993157861,-0.000479113818619153,0.000430813400894082,0.000153925530130729,-0.00048722416337838,-0.00110330629085461,-0.00138977756988759
dense_465_fixed_labels,discovery,97,107.4,41.1,-6.29698471514286,-5.19761524697581,1.09936946816705,-0.000248684494809244,0.000231752437589628,0.000165972252730964,-0.000147625870504661,-0.000605151942323532,-0.000888369351538617
dense_465_fixed_labels,discovery,98,107.4,42,-8.36879701355555,-7.51615256989247,0.852644443663083,-0.000211714102164299,0.000241268716822092,0.000265821362224419,-5.4975142770117e-05,-0.000565998938712857,-0.000944686508385034
dense_465_fixed_labels,discovery,99,108.2,22.2,4.91467483803175,3.30166635719086,-1.61300848084089,-0.000437025328309024,-0.000107504342644828,-0.00025293490190736,-0.000311878989704584,-0.00059098137269844,-0.000921827034589909
dense_465_fixed_labels,discovery,100,108.2,23.1,4.68339677215873,3.16376258635753,-1.5196341858012,-0.000488637616371314,-0.000214743207389156,-0.000372933498337454,-0.000354852811003811,-0.000615416207606782,-0.000885242357519364
dense_465_fixed_labels,discovery,101,108.2,24,3.30177041898413,1.83624783635753,-1.4655225826266,-0.000377905201131523,-0.000215760493381175,-0.000323269200442387,-0.000237673796098842,-0.000459358456814028,-0.000653464058921185
dense_465_fixed_labels,discovery,102,108.2,24.9,3.46349088961905,2.16901787802419,-1.29447301159485,-0.000448465631967217,-0.000407047263687866,-0.000394368321313154,-0.00028255777007118,-0.000503400789227508,-0.000654954015536374
dense_465_fixed_labels,discovery,103,108.2,25.8,1.86544239993651,0.798578982190861,-1.06686341774565,-0.000336193227519367,-0.000422612223891345,-0.000311953394973129,-0.00018952888916284,-0.000336105347888422,-0.000420766281681097
dense_465_fixed_labels,discovery,104,108.2,26.7,1.24919311263492,0.433615461357528,-0.815577651277394,-0.000292730706583765,-0.000277074972827181,-0.000268061164479118,-0.000233844211508909,-0.000324053005305179,-0.000360620178798439
dense_465_fixed_labels,discovery,105,108.2,27.6,1.2058609951746,0.572006378024195,-0.633854617150409,-0.000260514467132358,-0.000121937338947814,-0.000199167448030341,-0.000281512556906999,-0.000346284039426794,-0.000353670952349841
dense_465_fixed_labels,discovery,106,108.2,28.5,0.0317601872380958,-0.498293434475806,-0.530053621713901,-0.000111409024333382,0.00020981172076293,-1.39447331084223e-05,-0.000243004654696236,-0.000264832066148391,-0.00024507538847679
dense_465_fixed_labels,discovery,107,108.2,29.4,1.33690890707937,1.07613512802419,-0.260773779055171,-0.000285155726767041,-3.04532062767488e-05,-0.000214820016057904,-0.000422197589079131,-0.000405049868782058,-0.000353257953639363
dense_465_fixed_labels,discovery,108,108.2,30.3,1.7071084872381,1.54799525302419,-0.159113234213901,-0.00031415292997781,-0.000102879664893073,-0.00024878027063466,-0.00045204001528684,-0.000416502366450073,-0.000350562332624401
dense_465_fixed_labels,discovery,109,108.2,31.2,1.58874943803175,1.50087373219086,-0.0878757058408856,-0.000344367465951617,-0.00022221141837513,-0.000329512905414895,-0.00047690553053076,-0.000385785839274281,-0.000307421636163016
dense_465_fixed_labels,discovery,110,108.2,32.1,-1.57957432704762,-1.42802289280914,0.151551434238479,-0.000441549564995679,-0.000391311974507022,-0.000446625796166819,-0.000576919183829541,-0.00044652080202884,-0.000346370068446172
dense_465_fixed_labels,discovery,111,108.2,33,0.714255305492064,0.886416232190861,0.172160926698797,-0.000559778369864539,-0.000822933333867013,-0.000666389115742723,-0.000594203617429579,-0.000405387058693233,-0.000309978723590147
dense_465_fixed_labels,discovery,112,108.2,33.9,-4.13732767942857,-3.52763991364247,0.609687765786099,-0.000865976896044361,-0.000921831627406622,-0.000968759410128265,-0.000954620814042181,-0.000809587266939683,-0.000675085361705053
dense_465_fixed_labels,discovery,113,108.2,34.8,-2.353028658,-1.47369880947581,0.879329848524194,-0.000610196419235922,-0.000373785743580662,-0.000668675167044988,-0.000746071201619167,-0.000676512626516514,-0.000585937357418277
dense_465_fixed_labels,discovery,114,108.2,35.7,-3.79714912585714,-2.85791766364247,0.93923146221467,-0.000756276502113171,-0.000544703323783248,-0.000780274002633767,-0.00085580596135221,-0.000839343384203089,-0.000761255838593542
dense_465_fixed_labels,discovery,115,108.2,36.6,-5.45812995363492,-4.28887678864247,1.16925316499245,-0.000922649305672337,-0.000565378350530982,-0.000818140422506145,-0.00103818662973,-0.00112312889060448,-0.00106841223499007
dense_465_fixed_labels,discovery,116,108.2,37.5,-5.79227382704762,-4.31309885114247,1.47917497590515,-0.000917737207492282,-0.000391265429749459,-0.000623116258094626,-0.00104778891265357,-0.00126467436124072,-0.00126184107572303
dense_465_fixed_labels,discovery,117,108.2,38.4,-6.13178990006349,-4.56325518447581,1.56853471558769,-0.000818750391359856,-0.000198838779054198,-0.000382015584509442,-0.000917141419798399,-0.00126044644089514,-0.0013353097325421
dense_465_fixed_labels,discovery,118,108.2,39.3,-6.80713489212698,-5.13177233030914,1.67536256181785,-0.000733547765982398,0.000106229524576198,-0.000144715614586466,-0.000837501538504785,-0.00131469495511753,-0.00147705624627941
dense_465_fixed_labels,discovery,119,108.2,40.2,-6.7790767282381,-5.23118462197581,1.54789210626229,-0.000500155506665129,0.000423637587078281,0.000108919957367203,-0.000561295113611724,-0.0011125062095023,-0.0013595337546571
dense_465_fixed_labels,discovery,120,108.2,41.1,-5.85433559649206,-4.79040129905914,1.06393429743292,-0.000195121900374387,0.000259080012895578,0.000222221658487095,-0.000113786289370826,-0.000544771438015452,-0.000798353445868331
dense_465_fixed_labels,discovery,121,108.2,42,-8.21610097585714,-7.32808166364247,0.88801931221467,-0.000259789691226086,0.000227550713224763,0.00024128400806734,-0.000123138436902982,-0.000639458866221841,-0.00100518587429771
dense_465_fixed_labels,discovery,122,109,22.2,5.19445013009524,3.57955691969086,-1.61489321040438,-0.000451780690703525,-9.66990025477337e-05,-0.000249041048706594,-0.000331744068062623,-0.00062185234348299,-0.000959566990717686
dense_465_fixed_labels,discovery,123,109,23.1,4.83193629755556,3.36033650302419,-1.47159979453136,-0.000465682229937934,-0.000158841923090903,-0.000315814241819028,-0.000347349300901184,-0.000618621474582261,-0.000887784209296296
dense_465_fixed_labels,discovery,124,109,24,4.01181664438095,2.55625669052419,-1.45555995385676,-0.000458772531560404,-0.000277845767283445,-0.000386376918578183,-0.000320662210840968,-0.000553347865094528,-0.000755629896004897
dense_465_fixed_labels,discovery,125,109,24.9,3.7869373372381,2.64464579469086,-1.14229154254723,-0.000412823431386274,-0.000274864918432625,-0.000322706759926783,-0.000284391717842455,-0.000516742112671969,-0.000665411648057534
dense_465_fixed_labels,discovery,126,109,25.8,2.59838894755556,1.52594379469086,-1.0724451528647,-0.000384812962804575,-0.000367644308546655,-0.000342973659660583,-0.000252429499469706,-0.000432448594795712,-0.000528568751550216
dense_465_fixed_labels,discovery,127,109,26.7,1.68284880311111,0.928917065524194,-0.753931737586917,-0.000295300139979756,-0.000231807999472507,-0.000267625912184471,-0.00024031409224052,-0.000348307331292557,-0.000388445364708727
dense_465_fixed_labels,discovery,128,109,27.6,1.22197340866667,0.555843482190861,-0.666129926475806,-0.000273504501649127,-0.000149843786120573,-0.000231504956938652,-0.000283520814499138,-0.000348268224440144,-0.00035438472624713
dense_465_fixed_labels,discovery,129,109,28.5,2.39002174914286,2.05486056552419,-0.335161183618664,-0.00026854119577996,-7.07687825542639e-06,-0.000158951591581794,-0.00035138491152092,-0.00042168424225742,-0.00040360835528424
dense_465_fixed_labels,discovery,130,109,29.4,-0.684383502444444,-0.931892330309139,-0.247508827864695,-0.000230023136682713,-9.32497997621246e-05,-0.000198403011471982,-0.000352771384052536,-0.000279984804795418,-0.000225706683331505
dense_465_fixed_labels,discovery,131,109,30.3,-0.61797090879365,-0.886727580309139,-0.268756671515489,-0.000128517624236776,0.000212552536986181,-1.20821151962368e-06,-0.000318297318246331,-0.000295193986685216,-0.000240441141718891
dense_465_fixed_labels,discovery,132,109,31.2,0.226927642793652,0.0676219613575276,-0.159305681436124,-0.000269292198191087,-3.98901529215732e-05,-0.000194620805048414,-0.000444937935114314,-0.000372176820438777,-0.000294835277432358
dense_465_fixed_labels,discovery,133,109,32.1,-2.76075269847619,-2.39794410114247,0.362808597333717,-0.000751293835602615,-0.00111214578309404,-0.000848648745209106,-0.000801578562719408,-0.000566039345954447,-0.00042805674103607
dense_465_fixed_labels,discovery,134,109,33,-0.898537179428571,-0.915056809475806,-0.016519630047235,-0.000474683922795006,-0.000527373995197253,-0.000510716202216643,-0.000573713491166261,-0.000428022762919567,-0.000333593162475303
dense_465_fixed_labels,discovery,135,109,33.9,-4.44626206990476,-3.73993543447581,0.706326635428956,-0.00110732571858324,-0.0014511667508073,-0.00126765465603888,-0.00114937991022318,-0.000917950615764412,-0.000750476660082452
dense_465_fixed_labels,discovery,136,109,34.8,-0.719559111968253,-0.0152308094758057,0.704328302492448,-0.000556411132892252,-0.000535891217896536,-0.000707152560247139,-0.000637236332040859,-0.000493109886863354,-0.00040866566741337
dense_465_fixed_labels,discovery,137,109,35.7,-3.26384818696825,-2.41970560114247,0.844142585825781,-0.000721098410611598,-0.000587410127933108,-0.000810891150571113,-0.000802573301089742,-0.000742021307610736,-0.000662596165853289
dense_465_fixed_labels,discovery,138,109,36.6,-4.47411762942857,-3.31200908030914,1.16210854911943,-0.00089457541879201,-0.000663321127562142,-0.000866172399966949,-0.000991703545941415,-0.00100948777032866,-0.000942192250160887
dense_465_fixed_labels,discovery,139,109,37.5,-5.59509627546032,-4.18753290322581,1.40756337223451,-0.000950490524396244,-0.000507215150007276,-0.000747665825569915,-0.00107737643660944,-0.00122185214703837,-0.00119834306275621
dense_465_fixed_labels,discovery,140,109,38.4,-5.36132590839683,-3.96503181989247,1.39629408850435,-0.000698775510246295,-0.000224915851858817,-0.000349992191704639,-0.000780232590036693,-0.00104267524560703,-0.0010960616720243
dense_465_fixed_labels,discovery,141,109,39.3,-6.34222039926984,-4.68060928864247,1.66161111062737,-0.000704165639133658,0.000103066444874974,-0.000163844459663126,-0.00084484996748407,-0.00124427681586454,-0.00137092339753153
dense_465_fixed_labels,discovery,142,109,40.2,-6.68060529173016,-5.06147626780914,1.61912902392102,-0.000526583191867639,0.000540786693531622,7.05599704783958e-05,-0.000670159979376266,-0.00117825685824081,-0.00139584578573114
dense_465_fixed_labels,discovery,143,109,41.1,-6.37316428260317,-5.36964660114247,1.0035176814607,-0.00018678092363235,0.000413444502380733,0.00025253972599576,-0.000155434649736,-0.000595591962507839,-0.000848862234294403
dense_465_fixed_labels,discovery,144,109,42,-8.71157180879365,-7.98252479905914,0.729047009734511,-6.81626421391503e-05,0.000561527940801734,0.000481167701268978,1.60346065862207e-05,-0.000520628834512856,-0.000878914624839828
dense_465_fixed_labels,discovery,145,109.8,21.3,4.91311938326984,3.47441623219086,-1.43870315107898,-0.000319729652922333,-5.25071439930514e-05,-8.34561561243885e-05,-0.000184484201122824,-0.000463605443439201,-0.0008145953199322
dense_465_fixed_labels,discovery,146,109.8,22.2,4.87651599676191,3.36468006552419,-1.51183593123771,-0.000408251575875451,-9.49007509940608e-05,-0.000185517235742624,-0.00028592829380875,-0.000576388088286594,-0.000898523510545226
dense_465_fixed_labels,discovery,147,109.8,23.1,4.89289733565079,3.54728204469086,-1.34561529095993,-0.000449187269237121,-0.000137625806183871,-0.00025744631665235,-0.000338634951220475,-0.000623615078757696,-0.000888614193371215
dense_465_fixed_labels,discovery,148,109.8,24,4.71732130707937,3.39779554469086,-1.31952576238851,-0.000466710405717106,-0.000192813444692382,-0.000307756929665078,-0.000354113703803339,-0.000632217826371277,-0.000846650124053456
dense_465_fixed_labels,discovery,149,109.8,24.9,3.42528074120635,2.37808489885753,-1.04719584234882,-0.000330459138154841,-0.000170160412474893,-0.000200775339651209,-0.000217557266314798,-0.000459806242058254,-0.000603996430275049
dense_465_fixed_labels,discovery,150,109.8,25.8,2.64182069914286,1.54410816969086,-1.097712529452,-0.000420534170912326,-0.000417154857671296,-0.000374800435454771,-0.000280484897759323,-0.000466809294860896,-0.000563421368815347
dense_465_fixed_labels,discovery,151,109.8,26.7,2.20969624914286,1.22240458635753,-0.98729166278533,-0.000310976244895992,-0.000180944018045131,-0.000217639857887176,-0.000247497026137892,-0.000425857992160503,-0.000482942330249256
dense_465_fixed_labels,discovery,152,109.8,27.6,2.72386030231746,2.08230979469086,-0.6415505076266,-0.000384967846492598,-0.000245553092886938,-0.000319034792963664,-0.000382966702308325,-0.00048548421366149,-0.000491800430642573
dense_465_fixed_labels,discovery,153,109.8,28.5,1.90134110946032,1.58473587802419,-0.316605231436124,-0.000237597290166364,-5.01918148969245e-05,-0.000127741632177904,-0.000297885325124971,-0.000364019875471552,-0.000348147803160468
dense_465_fixed_labels,discovery,154,109.8,29.4,1.43545833168254,1.18941119052419,-0.246047141158346,-0.000187889251519337,3.71807145223746e-05,-3.92086804155388e-05,-0.000288089746681967,-0.000339899780930502,-0.000309428764091051
dense_465_fixed_labels,discovery,155,109.8,30.3,-0.605886992920634,-0.851979392809139,-0.246092399888505,-0.000155749100880399,0.000167414616875308,-5.69673716701983e-05,-0.000335857201780655,-0.000305179255066265,-0.000248156292760185
dense_465_fixed_labels,discovery,156,109.8,31.2,0.749504160253969,0.624720398857528,-0.124783761396441,-0.000215342367782379,0.000121059064251085,-0.000119808657932437,-0.000413735700394748,-0.000367898218072718,-0.000296328326763074
dense_465_fixed_labels,discovery,157,109.8,32.1,0.105481345174604,0.156176336357528,0.0506949911829236,-0.000329702664599709,-0.000112220085497766,-0.00032760354237896,-0.000513543878876429,-0.000392677609672265,-0.000302468206573125
dense_465_fixed_labels,discovery,158,109.8,33,0.608756233269842,0.338069878024194,-0.270686355245647,-0.000678696708417875,-0.000957918415394742,-0.000797348956005664,-0.000749807514965985,-0.000505561585157053,-0.000382847070565931
dense_465_fixed_labels,discovery,159,109.8,33.9,-1.13815923339682,-0.971112517809139,0.167046715587686,-0.000646438741292869,-0.000795231914599985,-0.000804970681827866,-0.000717116019650648,-0.000512084493081086,-0.000402790597304763
dense_465_fixed_labels,discovery,160,109.8,34.8,-0.224684302444444,0.333235544690861,0.557919847135305,-0.000598782422533054,-0.000609425673569621,-0.000850724441188941,-0.000685787448060706,-0.000472100978746679,-0.000375873571099324
dense_465_fixed_labels,discovery,161,109.8,35.7,-3.57703663379365,-2.86121858030914,0.715818053484511,-0.000705678390210733,-0.000596248455384381,-0.000839714626908083,-0.000771508265284194,-0.000699195089636803,-0.000621725513840206
dense_465_fixed_labels,discovery,162,109.8,36.6,-3.31852697665079,-2.22209920530914,1.09642777134165,-0.000707811780833949,-0.000530564296335568,-0.00075181268667296,-0.000777080047918884,-0.000767594482147516,-0.000712007391094819
dense_465_fixed_labels,discovery,163,109.8,37.5,-4.11989659569841,-2.90042366364247,1.21947293205594,-0.000701161077899176,-0.000418154087323835,-0.000616934636436411,-0.000771657793343944,-0.000858015748019969,-0.00084104312437172
dense_465_fixed_labels,discovery,164,109.8,38.4,-4.84233432665079,-3.43195591364247,1.41037841300832,-0.000669287226197286,-0.000261765378669937,-0.000403218744301642,-0.000751725351990126,-0.00094810670456678,-0.000981619951457945
dense_465_fixed_labels,discovery,165,109.8,39.3,-6.32170254252381,-4.78098040322581,1.540722139298,-0.000696186450538234,0.000122828464495738,-0.000259321282312686,-0.000864736274276057,-0.00118893351425183,-0.00129076964634634
dense_465_fixed_labels,discovery,166,109.8,40.2,-6.26287005879365,-4.74278640322581,1.52008365556784,-0.000481431706914704,0.000619762423446871,1.74681997112538e-05,-0.000668251394109323,-0.00109609250250188,-0.00128004526112044
dense_465_fixed_labels,discovery,167,109.8,41.1,-8.16916512665079,-7.05649803864247,1.11266708800832,-0.000272335666701753,0.000706196959158273,0.000292555829475406,-0.000330885577114805,-0.000867000583483716,-0.00116254496154392
dense_465_fixed_labels,discovery,168,109.8,42,-8.64501539768254,-8.13439543447581,0.510619963206734,7.58015880653607e-05,0.000720924443366639,0.000601086032891194,0.000142739877790702,-0.000373616806675464,-0.000712125607046268
dense_465_fixed_labels,discovery,169,110.6,21.3,5.2560585888254,3.76530596135753,-1.49075262746787,-0.000353963425995195,-3.36434261376169e-05,-8.59030776358945e-05,-0.000220490792425413,-0.000528140734988338,-0.000901639098788713
dense_465_fixed_labels,discovery,170,110.6,22.2,4.70474225628572,3.27093514885753,-1.43380710742819,-0.000343634632923002,-3.76927112938887e-05,-0.000112629512694327,-0.000227288101362094,-0.000516157525118078,-0.000824405314146625
dense_465_fixed_labels,discovery,171,110.6,23.1,4.62285367136508,3.24018996135753,-1.38266371000755,-0.000434734560592163,-0.000149607009573485,-0.000228879554205638,-0.000316981919253872,-0.000605941246636166,-0.000872263073291654
dense_465_fixed_labels,discovery,172,110.6,24,3.51220607771429,2.28385431552419,-1.22835176219009,-0.000352736415320519,-0.000185290234489156,-0.000209211253096603,-0.00022723204513026,-0.00047462779604258,-0.000667320747843994
dense_465_fixed_labels,discovery,173,110.6,24.9,2.86991922057143,1.65942404469086,-1.21049517588057,-0.000315043236356916,-0.000172393264611126,-0.000191818906926272,-0.000194812303093893,-0.000435378223366674,-0.000580813483786616
dense_465_fixed_labels,discovery,174,110.6,25.8,1.71867206025397,0.711705648857528,-1.00696641139644,-0.000271782422115321,-0.000224358417968743,-0.000217678720978818,-0.000160588776671945,-0.000335195602037364,-0.000421090592919736
dense_465_fixed_labels,discovery,175,110.6,26.7,2.36358570866667,1.55266064885753,-0.810925059809139,-0.000307285443105033,-0.000144992952213333,-0.000229054775278602,-0.000266288434182039,-0.000424276072029267,-0.000471814981821924
dense_465_fixed_labels,discovery,176,110.6,27.6,1.56255116104762,1.03912608635753,-0.523425074690092,-0.000307834507557463,-0.000223571442200785,-0.000262089822628597,-0.000296114259776655,-0.000375330424520255,-0.000382066588661022
dense_465_fixed_labels,discovery,177,110.6,28.5,2.66457660311111,2.29407133635753,-0.370505266753584,-0.000262460880760095,-7.72229170927627e-05,-0.000102080247726463,-0.000303879657575918,-0.000419879080176299,-0.000409242501229032
dense_465_fixed_labels,discovery,178,110.6,29.4,2.02383151263492,1.84483208635753,-0.178999426277394,-0.000278927928016015,-0.000121222889138715,-0.000162277289375677,-0.000356478022129543,-0.000396927696491174,-0.000357733742944965
dense_465_fixed_labels,discovery,179,110.6,30.3,-0.613941337365079,-0.624562559475806,-0.010621222110727,-0.000391378031347976,-0.000312856061075454,-0.000452062132314206,-0.000513128977942956,-0.000381071779203422,-0.000297771206203841
dense_465_fixed_labels,discovery,180,110.6,31.2,-2.0231403064127,-1.96981039280914,0.0533299136035587,-0.000334039162647757,-0.000192073222885049,-0.000369780133150441,-0.000489949507377388,-0.000353427909958747,-0.000264965039867161
dense_465_fixed_labels,discovery,181,110.6,32.1,0.622033868984128,0.589749732190861,-0.0322841367932668,-0.000320234494069665,-6.19898572959469e-05,-0.000284058349573026,-0.000519885038545894,-0.000413306364189317,-0.000321932860744143
dense_465_fixed_labels,discovery,182,110.6,33,0.63522343168254,0.335832086357528,-0.299391345325012,-0.000559000240286731,-0.000627738141909845,-0.000621447503474319,-0.000696424921080279,-0.000483307621697985,-0.000366083013271226
dense_465_fixed_labels,discovery,183,110.6,33.9,-1.54066164926984,-1.31638318447581,0.224278464794035,-0.000542562212567687,-0.000592067172576444,-0.000617552031044653,-0.000637916379772671,-0.000481985962462288,-0.000383289516982379
dense_465_fixed_labels,discovery,184,110.6,34.8,-1.9588886314127,-1.44345214280914,0.515436488603559,-0.000656778096397935,-0.00064134653217778,-0.000855949799019406,-0.000745353216601043,-0.000571508756469564,-0.00046973217772188
dense_465_fixed_labels,discovery,185,110.6,35.7,-1.18240156990476,-0.517165996975806,0.665235572928956,-0.000585293970948938,-0.000646369642117229,-0.000871113828460499,-0.000601685275342939,-0.00043789513907432,-0.0003694059697497
dense_465_fixed_labels,discovery,186,110.6,36.6,-2.83850498498413,-2.03937270530914,0.799132279674988,-0.000709098524567684,-0.000715847071200866,-0.000902358252308922,-0.000716819975749326,-0.00063399574316854,-0.000576471580410768
dense_465_fixed_labels,discovery,187,110.6,37.5,-3.40313363974603,-2.34697593447581,1.05615770527022,-0.000631378789543004,-0.000514780382193706,-0.000651698283806153,-0.000643519096218824,-0.000681463363538664,-0.000665432821957672
dense_465_fixed_labels,discovery,188,110.6,38.4,-4.0566514861746,-2.74503953864247,1.31161194753213,-0.000548937884354476,-0.000220529018457318,-0.000350276870991101,-0.000607785004977324,-0.000768028236257945,-0.000798070291088691
dense_465_fixed_labels,discovery,189,110.6,39.3,-5.60642660284127,-3.98631528864247,1.6201113141988,-0.00059128984781257,0.000349906588176885,-0.000190024212126048,-0.000817259545076874,-0.00110701304564927,-0.00119205902438754
dense_465_fixed_labels,discovery,190,110.6,40.2,-5.35234957665079,-3.96118155947581,1.39116801717499,-0.00029527420634581,0.000802513710226729,0.000101749922138471,-0.000510369524138075,-0.000859680499470152,-0.00101058464048603
dense_465_fixed_labels,discovery,191,110.6,41.1,-9.53011635760317,-8.54032638239247,0.989789975210702,-0.000192017457342067,0.000943461899306656,0.000426989053244934,-0.000282197018385762,-0.000865724778931896,-0.00118261644194427
dense_465_fixed_labels,discovery,192,110.6,42,-7.95143758022222,-7.46840402822581,0.483033551996417,-5.434292973685e-06,0.000467511047365095,0.000454627939659045,0.000100044688947704,-0.000368004210190525,-0.000681350930649744
dense_465_fixed_labels,discovery,193,111.4,22.2,3.45021122453968,2.06307864885753,-1.38713257568216,-0.000265738001934735,-9.37440174117403e-05,-8.68759087261295e-05,-0.000137443343410407,-0.000371509869146628,-0.000639116870978771
dense_465_fixed_labels,discovery,194,111.4,23.1,4.21917983168254,2.72170904469086,-1.49747078699168,-0.000377341213188518,-9.11484930490737e-05,-0.000172197426658706,-0.000260624660315634,-0.000548778775061984,-0.000813956710857193
dense_465_fixed_labels,discovery,195,111.4,24,4.05386592057143,2.73683558635753,-1.3170303342139,-0.000404753298174527,-0.000204114709989435,-0.000228500950539815,-0.000278097403404718,-0.000551743673367471,-0.000761309753571196
dense_465_fixed_labels,discovery,196,111.4,24.9,3.4973347451746,2.33731341969086,-1.16002132548374,-0.000366572986510776,-0.000180406956397074,-0.000231419315843857,-0.000260747319158771,-0.000506259446660283,-0.000654031894493894
dense_465_fixed_labels,discovery,197,111.4,25.8,1.38875379914286,0.107798273857528,-1.28095552528533,-5.7136160146165e-05,0.000255957454453554,9.83820726736245e-05,-2.11290534177407e-06,-0.000261349429791847,-0.000376557992724383
dense_465_fixed_labels,discovery,198,111.4,26.7,2.84814638326984,1.98739883635753,-0.860747546912315,-0.000319578901939459,-9.48120074597983e-05,-0.000198733240127109,-0.000288612286036625,-0.000481122192973182,-0.000534614783100579
dense_465_fixed_labels,discovery,199,111.4,27.6,2.55606703247619,1.97256483635753,-0.583502196118663,-0.000305990621295442,-0.000130991504961532,-0.000187293539210563,-0.000305874218760867,-0.000445946961323132,-0.000459846882221116
dense_465_fixed_labels,discovery,200,111.4,28.5,3.12293581819048,2.97304287802419,-0.149892940166283,-0.000206399305832862,-4.50400181087008e-05,-2.52901977232731e-06,-0.00022771407484466,-0.000378196331199273,-0.00037851708523935
dense_465_fixed_labels,discovery,201,111.4,29.4,3.53940016342857,3.42426177385753,-0.115138389571045,-0.000173756117972268,5.43439196982239e-05,7.71467658129475e-05,-0.000232333292285299,-0.000391533959810891,-0.000376404023276319
dense_465_fixed_labels,discovery,202,111.4,30.3,3.6562226388254,3.68535119052419,0.0291285516987971,-5.8069908997833e-05,0.000346581675538708,0.000217135250169387,-0.000195084541981065,-0.000341741899646872,-0.000317240029069324
dense_465_fixed_labels,discovery,203,111.4,31.2,1.46869426184127,1.74963894052419,0.280944678682924,-0.000231972066627797,-9.23168742989434e-06,-0.000157239188819433,-0.000376753930697839,-0.000340709998640926,-0.000275925527550894
dense_465_fixed_labels,discovery,204,111.4,32.1,1.64933692057143,1.50965506552419,-0.139681855047235,-0.000264138621738366,1.65860389440565e-05,-0.000157088931608375,-0.000468642786768093,-0.000397854945832044,-0.000313692483427377
dense_465_fixed_labels,discovery,205,111.4,33,2.1995589451746,2.03757364885753,-0.161985296317077,-0.000586403706479516,-0.000650408998207792,-0.000684758490316727,-0.000748623981014157,-0.000487958107950804,-0.000360268954908101
dense_465_fixed_labels,discovery,206,111.4,33.9,-2.87494150363492,-2.54454664280914,0.330394860825781,-0.000720992074244256,-0.00112037975161085,-0.000740581745097113,-0.000715814738566384,-0.000568810239284454,-0.00045937389666248
dense_465_fixed_labels,discovery,207,111.4,34.8,-0.0137274540317453,0.129023232190861,0.142750686222606,-0.000485976789313105,-0.000649507057390257,-0.000730614803522594,-0.000510047004874736,-0.000306303755674533,-0.000233411325103406
dense_465_fixed_labels,discovery,208,111.4,35.7,-0.397469786571428,0.0340233780241943,0.431493164595622,-0.00063665405753709,-0.000820120699702223,-0.00103141655006431,-0.000641304424557393,-0.000386646779649318,-0.000303781833712203
dense_465_fixed_labels,discovery,209,111.4,36.6,-4.1404274064127,-3.48935558030914,0.651071826103559,-0.000663665915192564,-0.000641604585406161,-0.000792200633344732,-0.000663716936703195,-0.000633001890865831,-0.0005878055296429
dense_465_fixed_labels,discovery,210,111.4,37.5,-5.27362554569841,-4.52278499697581,0.750840548722607,-0.000565504050440462,-0.000350927341987902,-0.000525795824391096,-0.000586144044004271,-0.0006811873198894,-0.000683465721929643
dense_465_fixed_labels,discovery,211,111.4,38.4,-6.26015019530159,-5.12629439280914,1.13385580249245,-0.00072887213199085,-0.000343823344257821,-0.000568793722618155,-0.000793732537685444,-0.000953764055903461,-0.000984246999489368
dense_465_fixed_labels,discovery,212,111.4,39.3,-5.77978119847619,-4.47928860114247,1.30049259733372,-0.000626325001665591,5.57248107712824e-05,-0.000364356474770411,-0.000767330542800549,-0.000989132390258394,-0.00106653041126989
dense_465_fixed_labels,discovery,213,111.4,40.2,-5.52549558101587,-4.26234176780914,1.26315381320673,-0.000358283289718801,0.000634943623753547,-4.57808947250898e-05,-0.000549290545736069,-0.000846500535740805,-0.000984788096145589
dense_465_fixed_labels,discovery,214,111.4,41.1,-7.98626377942857,-7.03956592405914,0.946697855369432,-0.000169247459804622,0.000754550414763324,0.000319239303314538,-0.00023103292231559,-0.000710989826580219,-0.000978004268205165
dense_465_fixed_labels,discovery,215,111.4,42,-8.02399393815873,-7.57538466364247,0.448609274516257,1.3563573798906e-05,0.000410972480516519,0.000480549199840792,0.000146879251447682,-0.000328887060376258,-0.000641696002434204
dense_465_fixed_labels,discovery,216,112.2,22.2,4.82155614914286,3.24490885719086,-1.576647291952,-0.000376126070044198,-4.57260000537042e-05,-0.000123265612596217,-0.000252685937501053,-0.000564384486456735,-0.000894568313613279
dense_465_fixed_labels,discovery,217,112.2,23.1,4.63982502930159,3.16239939885753,-1.47742563044406,-0.000413393893360224,-0.000109378061059977,-0.000183955093028105,-0.000296249078134874,-0.000600326572526648,-0.000877060662051514
dense_465_fixed_labels,discovery,218,112.2,24,4.59067280073016,3.40032081552419,-1.19035198520597,-0.000353026481600799,-9.22403175431074e-06,-0.000132865980302991,-0.000264396461614055,-0.000570761681007276,-0.000787884253325362
dense_465_fixed_labels,discovery,219,112.2,24.9,2.47968963168254,1.19662106552419,-1.28306856615835,-0.000221377053298323,-6.85509160428667e-05,-6.12383678930146e-05,-0.000103784030759125,-0.000360692036395092,-0.000512619915401518
dense_465_fixed_labels,discovery,220,112.2,25.8,3.1502294951746,2.02509954469086,-1.12512995048374,-0.000310203107260491,-3.23068746827081e-05,-0.000147698252394654,-0.00025096244708532,-0.000506153832728059,-0.000613894129411713
dense_465_fixed_labels,discovery,221,112.2,26.7,3.95516643168254,3.08136375302419,-0.873802678658346,-0.000358265816057546,5.96467198060662e-06,-0.000175338888642373,-0.000360238766733886,-0.000601406441031881,-0.000660309655860194
dense_465_fixed_labels,discovery,222,112.2,27.6,3.79581547136508,3.07415654469086,-0.721658926674219,-0.000426099196963238,-0.000187538483342475,-0.000254758066602455,-0.000433747353530533,-0.000620561043957801,-0.000633891037382928
dense_465_fixed_labels,discovery,223,112.2,28.5,4.36463855231746,4.09256625302419,-0.272072299293266,-0.000183594402147831,0.000105134085203248,0.000123893274680373,-0.000214727425819283,-0.000459840535217418,-0.000472431409586076
dense_465_fixed_labels,discovery,224,112.2,29.4,4.22302347295238,4.13628396135753,-0.086739511594854,-9.2287781837195e-05,0.000187452274015974,0.000237371536353123,-0.000140582297231366,-0.000372285490021389,-0.000373394932302317
dense_465_fixed_labels,discovery,225,112.2,30.3,4.24275254596826,4.14725629469086,-0.0954962512773933,-0.000150087725833573,0.000157856852915131,0.000144626922834088,-0.000259653540729053,-0.000413158399291065,-0.000380110464896967
dense_465_fixed_labels,discovery,226,112.2,31.2,3.57883245152381,3.37667979469086,-0.202152656832949,-0.000218739632267292,0.000155384801866283,-3.3816009482372e-05,-0.000413349854241408,-0.000436435389999279,-0.000365481709479682
dense_465_fixed_labels,discovery,227,112.2,32.1,3.71238437771429,3.2841187530242,-0.428265624690092,-0.000552781527168962,-0.000411798328112297,-0.000541847640026285,-0.000773211448835277,-0.000585870672702081,-0.000451179546168868
dense_465_fixed_labels,discovery,228,112.2,33,2.48357311263492,2.34188477385753,-0.141688338777394,-0.000491206687483514,-0.000426232963044595,-0.000531269891222862,-0.000690898626373919,-0.000464346123648813,-0.00034328583312738
dense_465_fixed_labels,discovery,229,112.2,33.9,-1.19603404847619,-1.01964928864247,0.176384759833718,-0.000438541795788705,-0.000571365013397516,-0.000405515164374821,-0.000496880503105205,-0.000398878999664608,-0.000320069298401376
dense_465_fixed_labels,discovery,230,112.2,34.8,0.885803193587302,1.09118154469086,0.205378351103558,-0.000524670635871571,-0.000636472676464176,-0.000808322883291617,-0.000604613545206977,-0.000333641904596265,-0.000240302169798822
dense_465_fixed_labels,discovery,231,112.2,35.7,-2.45701148180952,-2.16793562197581,0.289075859833718,-0.00037366948803802,-0.000324348753601905,-0.000491743487889145,-0.000400210889298599,-0.00034571735608087,-0.00030632695331958
dense_465_fixed_labels,discovery,232,112.2,36.6,-3.37348162744444,-2.91864774697581,0.454833880468638,-0.000480865505375064,-0.000458193252493265,-0.000596706663738438,-0.000475189834897346,-0.000450992524914154,-0.000423245250832118
dense_465_fixed_labels,discovery,233,112.2,37.5,-2.77578691990476,-1.96677139280914,0.809015527095623,-0.000598722684096098,-0.000727348757008182,-0.000715539779310212,-0.000545165627927616,-0.000513436949727261,-0.000492122306507219
dense_465_fixed_labels,discovery,234,112.2,38.4,-6.66600593022222,-5.49588264280914,1.17012328741308,-0.000961743671235537,-0.000876403813393364,-0.000872427431126875,-0.000943397686589653,-0.00105063441797617,-0.00106585500709162
dense_465_fixed_labels,discovery,235,112.2,39.3,-7.29416904411111,-6.07691823655914,1.21725080755197,-0.000856080101353341,-0.000319608116035095,-0.000652066694040409,-0.000937164807422419,-0.00114485651510781,-0.00122670437416097
dense_465_fixed_labels,discovery,236,112.2,40.2,-6.36370545601587,-5.14277247614247,1.2209329798734,-0.000525415009037324,0.00034338013235021,-0.000261226941477778,-0.000675559066503702,-0.000947238581766948,-0.0010864305877884
dense_465_fixed_labels,discovery,237,112.2,41.1,-7.99142087744444,-7.17209611155914,0.819324765885305,-0.000149999829457727,0.000608305883543069,0.000307665304237423,-0.000162265933108124,-0.000621308708891242,-0.000882395693069758
dense_465_fixed_labels,discovery,238,112.2,42,-8.54958606538095,-8.07389692405914,0.475689141321812,6.50119672587055e-05,0.000520124575969935,0.00058313419891436,0.000201037681675162,-0.000323046028946483,-0.000656190591319446
dense_465_fixed_labels,discovery,239,113,22.2,4.46617699834921,3.05294183635753,-1.41323516199168,-0.000301347444678948,-2.35144729913554e-05,-6.6229985229663e-05,-0.000175013631945001,-0.000466923354018929,-0.000775055779209794
dense_465_fixed_labels,discovery,240,113,23.1,5.00724032692064,3.59892783635753,-1.40831249056311,-0.000419051650189297,-0.000106014917131509,-0.000170883845543608,-0.000298647524701385,-0.000616848347361106,-0.000902863616208876
dense_465_fixed_labels,discovery,241,113,24,4.26764846184127,2.83332194052419,-1.43432652131708,-0.000410451346993006,-0.000192773454504488,-0.000199085623720879,-0.000278070425555514,-0.000576184868856672,-0.000806142362327478
dense_465_fixed_labels,discovery,242,113,24.9,0.727028500730159,-0.621134309475806,-1.34816281020597,3.88815866362828e-05,0.000161824262999037,0.0002110636382491,0.000169319858173709,-9.51520574664494e-05,-0.000252647768773982
dense_465_fixed_labels,discovery,243,113,25.8,3.47572202771429,2.15770989885753,-1.31801212885676,-0.000376625304590766,-0.000121633295539264,-0.000185129876132676,-0.000299297413939131,-0.000577780827219753,-0.000699285110123006
dense_465_fixed_labels,discovery,244,113,26.7,4.22661579438095,3.24898402385753,-0.977631770523426,-0.000411569989052387,-1.80606226564511e-05,-0.000226855747200581,-0.000415114634630949,-0.000666965326778351,-0.000730853613995602
dense_465_fixed_labels,discovery,245,113,27.6,4.26111850866667,3.54231144052419,-0.718807068142473,-0.00039286725978209,-7.17445374907241e-05,-0.00018100023774939,-0.000412879648455051,-0.000638028670695633,-0.000660683204519653
dense_465_fixed_labels,discovery,246,113,28.5,3.98194640073016,3.32429262802419,-0.657653772705965,-0.000430422129498426,-0.000185595073971715,-0.000230526699507444,-0.00046830387673223,-0.000642467116120528,-0.000625217881160213
dense_465_fixed_labels,discovery,247,113,29.4,4.29140422374603,4.11885848219086,-0.172545741555172,-0.000161096822194478,0.000118970049572218,0.000135419447859941,-0.000205267079755602,-0.000429912371417059,-0.000424694157231889
dense_465_fixed_labels,discovery,248,113,30.3,4.20310706580952,4.17944462802419,-0.0236624377853298,-6.19719296705346e-05,0.000271318272215611,0.000252352036273688,-0.000148522171593178,-0.000349719750596451,-0.000335288034652344
dense_465_fixed_labels,discovery,249,113,31.2,2.90058821660318,2.91901539885753,0.0184271822543521,-0.000116213023981565,0.000212807715814699,9.66741878093164e-05,-0.000263211142634384,-0.000336715886349049,-0.000290619994548409
dense_465_fixed_labels,discovery,250,113,32.1,3.2087128904127,2.78195069052419,-0.426762199888505,-0.000452963870030435,-8.9235063089106e-05,-0.000389368108673043,-0.000727702793157941,-0.000593595421062787,-0.000464917964169298
dense_465_fixed_labels,discovery,251,113,33,2.82350237850794,2.57536064885753,-0.248141729650409,-0.000458282725545458,-0.000280970546579345,-0.000473120214800463,-0.000698944517773559,-0.000482143731106724,-0.000356234617467198
dense_465_fixed_labels,discovery,252,113,33.9,1.81175849438095,1.94681310719086,0.135054612809908,-0.000382068755597757,-0.00035042944593424,-0.000476742732182108,-0.000530991003244228,-0.000321671813853895,-0.000230508782774315
dense_465_fixed_labels,discovery,253,113,34.8,1.51855349279365,1.79005694052419,0.271503447730543,-0.000410194127534879,-0.000379501091028668,-0.000632274100056854,-0.000539533476527105,-0.000293140516945687,-0.00020652145311608
dense_465_fixed_labels,discovery,254,113,35.7,-1.54399912387301,-1.36256905947581,0.181430064397209,-0.000416967238355698,-0.000323452395838962,-0.000577277382153824,-0.000500626894401079,-0.000372108730042668,-0.000311370789341956
dense_465_fixed_labels,discovery,255,113,36.6,-2.96361184093651,-2.47844299697581,0.485168843960702,-0.00052971708072373,-0.000551463969786413,-0.000678543755866684,-0.000527470597493388,-0.000464848887194673,-0.000426258193277491
dense_465_fixed_labels,discovery,256,113,37.5,-5.09734183498413,-4.32449455947581,0.772847275508321,-0.000670405082567797,-0.000688612291831129,-0.00069122458873066,-0.000628687932442422,-0.00067538190490984,-0.000668118694924934
dense_465_fixed_labels,discovery,257,113,38.4,-4.627347533,-3.65983820530914,0.96750932769086,-0.000754632975407398,-0.000840370939738703,-0.000723480680362667,-0.000698296605222187,-0.000749288301076289,-0.000761728350637145
dense_465_fixed_labels,discovery,258,113,39.3,-6.70990269053968,-5.43257518447581,1.27732750606388,-0.00110451552079874,-0.000949486421625292,-0.00099742475167622,-0.00109956173558941,-0.00121108085201928,-0.0012650238430835
dense_465_fixed_labels,discovery,259,113,40.2,-5.42807558657143,-4.20749153864247,1.22058404792896,-0.000494823032088058,0.000308170459962278,-0.00027885365930474,-0.000643290501075955,-0.000869397274930423,-0.00099074418509145
dense_465_fixed_labels,discovery,260,113,41.1,-7.23196322466667,-6.60908748655914,0.622875738107527,-0.000125027733180031,0.000437086801182404,0.000283155701542963,-9.83771208974654e-05,-0.000504034451566903,-0.000742969596161152
dense_465_fixed_labels,discovery,261,113,42,-8.46116049053968,-7.97864265322581,0.482517837313876,3.62313445239319e-05,0.000389636075909982,0.000526115153440103,0.000197751611626076,-0.000303565850920782,-0.00062878026743572
dense_465_fixed_labels,discovery,262,113.8,23.1,5.22391602374603,3.73313281552419,-1.49078320822184,-0.000462581927046833,-0.000170228260884073,-0.000207600304052827,-0.000326772931548327,-0.000653987879091022,-0.000954320259657915
dense_465_fixed_labels,discovery,263,113.8,24,4.10998666501587,2.77939112802419,-1.33059553699168,-0.000347336862084081,-0.000141362022182664,-0.000127883611919197,-0.000213930538749044,-0.000514215106433262,-0.000739293031136236
dense_465_fixed_labels,discovery,264,113.8,24.9,3.47815997453968,2.21193448219086,-1.26622549234882,-0.000341458661449632,-0.000146129226987598,-0.00015369479922494,-0.000226156417827318,-0.000506207533681888,-0.000675105329526416
dense_465_fixed_labels,discovery,265,113.8,25.8,1.14351965073016,-0.100125580309139,-1.2436452310393,-3.46015851790447e-05,0.000144372985378242,0.000161353231982543,7.49092263237693e-05,-0.000210016639121647,-0.000343626730458131
dense_465_fixed_labels,discovery,266,113.8,26.7,2.1201137951746,1.04903173219086,-1.07108206298374,-0.000154198263128147,0.000165355769996149,6.21916706740273e-05,-0.000113071872024682,-0.000397318644274779,-0.000488148240011451
dense_465_fixed_labels,discovery,267,113.8,27.6,3.99731704993651,3.14130671135753,-0.856010338578981,-0.000366125236167978,-2.73966205800809e-05,-0.000141439061256453,-0.000374719399876493,-0.000626044734994086,-0.000661026364132778
dense_465_fixed_labels,discovery,268,113.8,28.5,2.35322481025397,1.59082423219086,-0.762400578063108,-0.000186529129149852,0.000265762708672361,2.8468210054017e-05,-0.000261331176676218,-0.000477033458294273,-0.000488511929505148
dense_465_fixed_labels,discovery,269,113.8,29.4,3.11162324120635,2.78923816969086,-0.322385071515489,-0.00023462750885508,3.53938913903193e-05,-3.66119905515778e-05,-0.000284728833612272,-0.000451692520613623,-0.000435498090888249
dense_465_fixed_labels,discovery,270,113.8,30.3,4.13210674120635,3.9845175655242,-0.147589175682155,-0.00017093984502445,0.000142787786426208,0.000104029242985088,-0.000255243251750405,-0.000436909507888542,-0.0004093634948946
dense_465_fixed_labels,discovery,271,113.8,31.2,3.88873410866667,3.72699110719086,-0.161743001475806,-0.000146968781489375,0.000330825730611335,9.51242601314106e-05,-0.000338456130115412,-0.000439384100605941,-0.000382953667468267
dense_465_fixed_labels,discovery,272,113.8,32.1,2.59589385073016,2.21543773219086,-0.380456118539299,-0.000232954754008888,0.000292242377190895,-5.81282780462036e-05,-0.000513430121839322,-0.000490178163974202,-0.000395279583375606
dense_465_fixed_labels,discovery,273,113.8,33,3.15112886025397,2.93345906552419,-0.217669794729775,-0.000352013723909707,-5.67585399795959e-05,-0.000307460940287549,-0.000611956116058749,-0.000449121859918576,-0.000334771163304063
dense_465_fixed_labels,discovery,274,113.8,33.9,2.42888330946032,2.54495381552419,0.116070506063876,-0.000422916101551206,-0.000335927383824987,-0.000526164545903645,-0.000611434441109456,-0.000374340052190294,-0.00026671408472765
dense_465_fixed_labels,discovery,275,113.8,34.8,2.20686516660318,2.45569369052419,0.248828523921019,-0.000443419404600773,-0.000357953988479744,-0.000655211466625539,-0.000624367263481533,-0.00034192325795143,-0.000237641046465621
dense_465_fixed_labels,discovery,276,113.8,35.7,-0.52765315879365,-0.0894787261424723,0.438174432651178,-0.000476191979597822,-0.000549799424029254,-0.000691859100160099,-0.000519334076390247,-0.000343047119839636,-0.000276920177569873
dense_465_fixed_labels,discovery,277,113.8,36.6,-1.4615361611746,-0.792948288642472,0.66858787253213,-0.000520271502811467,-0.000578386938213105,-0.00076101828065261,-0.000523210884395632,-0.000393303057010735,-0.000345438353785254
dense_465_fixed_labels,discovery,278,113.8,37.5,-3.04166635442857,-2.53302628864247,0.508640065786099,-0.000460903335759263,-0.000347631271583049,-0.000581781097253517,-0.000481559855149009,-0.000453840429830806,-0.000439704024979935
dense_465_fixed_labels,discovery,279,113.8,38.4,-0.469909852444444,0.078448107190861,0.548357959635305,-0.000679877147896009,-0.00146648075405402,-0.000904503995091975,-0.000487360778395413,-0.000290290806472401,-0.000250749405466236
dense_465_fixed_labels,discovery,280,113.8,39.3,-4.82023253220635,-3.90323245530914,0.91700007689721,-0.000685450247160863,-0.000645422480169766,-0.000570661480244287,-0.000654013392954499,-0.000751374150493628,-0.000805779731942136
dense_465_fixed_labels,discovery,281,113.8,40.2,-5.99829160998413,-4.94173296572581,1.05655864425832,-0.000574820130431939,-9.17467169847811e-05,-0.000365913416445538,-0.000607973307405692,-0.000837094235983642,-0.000971372975340039
dense_465_fixed_labels,discovery,282,113.8,41.1,-6.99016393061905,-6.17464439280914,0.815519537809907,-0.000223129333432614,0.000383201069106523,0.000135859670491214,-0.000223123973060834,-0.000592130246614106,-0.00081945318708587
dense_465_fixed_labels,discovery,283,113.8,42,-8.52163443577778,-7.94407389280914,0.577560542968638,-5.62469656640328e-05,0.000304979621546605,0.00042417203124394,9.62330948313923e-05,-0.000391084378256861,-0.000715535197685241
dense_465_fixed_labels,discovery,284,114.6,23.1,5.27195137930159,3.91805396135753,-1.35389741794406,-0.000379686684172553,-4.63878514107571e-05,-0.000107122682770113,-0.000256564335110984,-0.000593969283047091,-0.000894389268523822
dense_465_fixed_labels,discovery,285,114.6,24,3.90299974279365,2.48014962802419,-1.42285011476946,-0.000343777797678974,-0.000145337246340868,-0.000126087690226884,-0.000202945110071791,-0.000505277409905593,-0.000739241531849735
dense_465_fixed_labels,discovery,286,114.6,24.9,2.63099012057143,1.41254554469086,-1.21844457588057,-0.000255881375671261,-0.000154846612579867,-8.29346264525021e-05,-0.000115040173404728,-0.000379802107568069,-0.000546783358351141
dense_465_fixed_labels,discovery,287,114.6,25.8,3.82838187533333,2.57334519052419,-1.25503668480914,-0.000439255417926779,-0.000219434803735945,-0.000250787401558823,-0.000338113290029135,-0.000625871309884485,-0.000762070284425506
dense_465_fixed_labels,discovery,288,114.6,26.7,3.6762889904127,2.67680625302419,-0.999482737388505,-0.000358588349821317,-2.67843442351161e-05,-0.000171110101520259,-0.000325684694720537,-0.000593414336860201,-0.00067594827177047
dense_465_fixed_labels,discovery,289,114.6,27.6,3.60126804120635,2.87327585719086,-0.727992184015489,-0.00029728901369293,-1.89052327768855e-06,-8.57782245385699e-05,-0.000282040833008373,-0.000534741595984846,-0.000581993891655172
dense_465_fixed_labels,discovery,290,114.6,28.5,2.84221200311111,2.14217766969086,-0.700034333420251,-0.000237010155861711,5.69763381296704e-05,-7.66001150999212e-06,-0.000243731905910685,-0.000484244390191414,-0.000506390809826134
dense_465_fixed_labels,discovery,291,114.6,29.4,1.78914699834921,1.38105654469086,-0.408090453658346,-0.000155965936487691,0.00014920217843385,1.07285445137122e-07,-0.000203472180633122,-0.000364895939205898,-0.00036077102647842
dense_465_fixed_labels,discovery,292,114.6,30.3,4.06036478803175,4.07378777385753,0.0134229858257815,-3.01879517703314e-05,0.00025806148588574,0.000273665888128153,-7.09924520787247e-05,-0.000304920636292641,-0.000306754044494183
dense_465_fixed_labels,discovery,293,114.6,31.2,3.71399352930159,3.60680396135753,-0.10718956794406,-0.000139021790709027,0.000289410240569608,0.00010178847838289,-0.000295170818833116,-0.00041897553364637,-0.000372161320018149
dense_465_fixed_labels,discovery,294,114.6,32.1,3.4469662904127,3.12471912802419,-0.322247162388505,-0.000212486514167449,0.000293196212903109,-1.4289130955067e-05,-0.000465731788545503,-0.000480869513249691,-0.000394738350990094
dense_465_fixed_labels,discovery,295,114.6,33,3.3628832435873,3.07855362802419,-0.284329615563108,-0.000355363566512216,-1.75847861474898e-05,-0.000266979579319978,-0.000620910503213912,-0.000493920106066883,-0.00037742285781282
dense_465_fixed_labels,discovery,296,114.6,33.9,2.70439818803175,2.78513096135753,0.0807327733257811,-0.000387497596253316,-0.000222337842559038,-0.000426740556775129,-0.000600418406529275,-0.000398406882373493,-0.000289584293029647
dense_465_fixed_labels,discovery,297,114.6,34.8,2.30141064914286,2.40061704469086,0.0992063955480034,-0.000530137535233262,-0.000441063530572379,-0.000714658128793189,-0.000742234906587987,-0.000439516419152841,-0.000313214691059916
dense_465_fixed_labels,discovery,298,114.6,35.7,1.6543063888254,2.08557141969086,0.431265030865464,-0.000451874738087268,-0.00050749692364803,-0.000718108438789879,-0.000552915108787533,-0.000283516222093177,-0.000197336997117722
dense_465_fixed_labels,discovery,299,114.6,36.6,1.30873888168254,2.04006331552419,0.731324433841654,-0.000282899247669787,-0.000200037503850848,-0.000524820089246049,-0.000365431497079548,-0.000186885556747102,-0.000137321591425386
dense_465_fixed_labels,discovery,300,114.6,37.5,0.740408573746032,1.43594502385753,0.695536450111495,-0.000400299815464968,-0.00052259869380834,-0.000654935886000027,-0.00041544043367383,-0.000228871026815406,-0.000179653037027239
dense_465_fixed_labels,discovery,301,114.6,38.4,0.72322188168254,1.49891671135753,0.775694829674987,-0.000282447690950428,-0.000509500213854017,-0.000353213064238583,-0.000261611869049453,-0.000155577819603509,-0.000132335488006575
dense_465_fixed_labels,discovery,302,114.6,39.3,-3.37735796792063,-2.61192058030914,0.765437387611495,-0.000571510560304215,-0.000575051665046593,-0.000510499548437811,-0.000553885075244661,-0.000591036329011306,-0.000627080183780702
dense_465_fixed_labels,discovery,303,114.6,40.2,-4.16303882347619,-3.17414599697581,0.988892826500384,-0.000408919461946659,4.2879786446442e-05,-0.000239909495958917,-0.000470794836354528,-0.000637516036479918,-0.000739256727386374
dense_465_fixed_labels,discovery,304,114.6,41.1,-7.1641918298254,-6.32402790322581,0.840163926599591,-0.00030783217722357,0.000257653604335007,1.19416734010228e-05,-0.000296973269575281,-0.000642456275619225,-0.000869326618659373
dense_465_fixed_labels,discovery,305,114.6,42,-8.01544835522222,-7.56286862197581,0.452579733246417,5.18690566266371e-05,0.000420485108958733,0.000521001625163923,0.0001844668780511,-0.000278992241916085,-0.000587616087124486
dense_465_fixed_labels,discovery,306,115.4,23.1,4.61497035152381,3.39331329469086,-1.22165705683295,-0.000282159832639796,1.45405345652594e-05,-3.14872466107576e-05,-0.000161843439032856,-0.000474885014425903,-0.000757123997694722
dense_465_fixed_labels,discovery,307,115.4,24,3.33240611898413,2.04301462802419,-1.28939149095993,-0.000250243441239177,-7.90062520948102e-05,-6.24317242946443e-05,-0.000112362310675901,-0.00038897532353473,-0.000608441595595799
dense_465_fixed_labels,discovery,308,115.4,24.9,2.72443533803175,1.45399487802419,-1.27044046000755,-0.000248674382013092,-0.000138528177096669,-7.56531595655432e-05,-0.000101559273801693,-0.000374125157301112,-0.000553506142300441
dense_465_fixed_labels,discovery,309,115.4,25.8,3.61972696660318,2.33825179469086,-1.28147517191231,-0.000378658522766098,-0.000154640294258129,-0.000182947134564611,-0.000267745375993227,-0.000569698874387449,-0.000718260934627074
dense_465_fixed_labels,discovery,310,115.4,26.7,2.61008592374603,1.35826889885753,-1.2518170248885,-0.000194663095918684,0.000146991724199188,6.00972051960922e-05,-0.000130221518782521,-0.000466878136266459,-0.000583304753939721
dense_465_fixed_labels,discovery,311,115.4,27.6,4.0884089904127,3.15267577385753,-0.935733216555171,-0.000404404947613069,-7.35714359841685e-05,-0.000202137637949668,-0.000379762450991289,-0.000656325703703745,-0.000710227509436473
dense_465_fixed_labels,discovery,312,115.4,28.5,4.20744136342857,3.72888066969086,-0.478560693737711,-0.000214198506441269,6.78275029477811e-05,5.10687049342458e-05,-0.000195733465010781,-0.00047873813852245,-0.00051541713655514
dense_465_fixed_labels,discovery,313,115.4,29.4,3.74316099279365,3.52135598219086,-0.22180501060279,-0.000179188564829618,-3.53846185772911e-05,7.12892489940199e-05,-0.000150124835602563,-0.000383990717511434,-0.000397731901450821
dense_465_fixed_labels,discovery,314,115.4,30.3,3.97760700152381,4.04997516969086,0.0723681681670506,-1.74322160258067e-05,0.000202327069583604,0.000283370367961173,-2.1808850123127e-05,-0.000268134842721874,-0.00028291482482881
dense_465_fixed_labels,discovery,315,115.4,31.2,2.60637746184127,2.5591736280242,-0.0472038338170763,-0.00018232225848804,0.000139487128377026,9.44499104272407e-06,-0.0002962520787486,-0.000403476579249329,-0.000360814753862022
dense_465_fixed_labels,discovery,316,115.4,32.1,3.21972387771429,2.79915119052419,-0.420572687190092,-0.000217826052141868,0.000408331896611899,2.86616470858135e-05,-0.000503031261130077,-0.000556114989200982,-0.000466977554075992
dense_465_fixed_labels,discovery,317,115.4,33,3.37171889834921,3.10294485719086,-0.268774041158346,-0.000326743139005375,7.48875179957208e-06,-0.000197957063485422,-0.000566224394603624,-0.000491737786146342,-0.000385285202591061
dense_465_fixed_labels,discovery,318,115.4,33.9,2.84090879438095,2.84141423219086,0.000505437809907916,-0.000382226858795943,-0.000217252199020988,-0.000371538758218774,-0.00058772577329582,-0.000421477948185431,-0.000313139615258704
dense_465_fixed_labels,discovery,319,115.4,34.8,2.37713022057143,2.45308054469086,0.0759503241194318,-0.000477393530882784,-0.000377742286498717,-0.00058566167805194,-0.000683350248112203,-0.000429840927133169,-0.000310372514617891
dense_465_fixed_labels,discovery,320,115.4,35.7,1.99554681580952,2.36685962802419,0.37131281221467,-0.000420646948143544,-0.000448066271303421,-0.000617254656800229,-0.000542231552761484,-0.000292487462485059,-0.000203194797367527
dense_465_fixed_labels,discovery,321,115.4,36.6,1.76440990946032,2.28807079469086,0.523660885230543,-0.000395015157017763,-0.000404545599291397,-0.000644668502854832,-0.000494366612224926,-0.000254201014091091,-0.000177294056626569
dense_465_fixed_labels,discovery,322,115.4,37.5,1.32315362136508,2.02729937802419,0.704145756659114,-0.000298583232135388,-0.000360202411862534,-0.000483977387306927,-0.000341713010185074,-0.000177243250110578,-0.000129780101211825
dense_465_fixed_labels,discovery,323,115.4,38.4,1.08918141104762,1.81505975302419,0.725878341976574,-0.000296739168219372,-0.000446560807901679,-0.000383096207560146,-0.000312568820573188,-0.000188813682872985,-0.000152656322188861
dense_465_fixed_labels,discovery,324,115.4,39.3,0.221964580095239,0.984043190524194,0.762078610428955,-0.000227924443978425,-0.000277626017971498,-0.000176687065074282,-0.000260451833838315,-0.000216166428232475,-0.000208690874775552
dense_465_fixed_labels,discovery,325,115.4,40.2,-4.42217412863492,-3.60043074697581,0.821743381659115,-0.000410020258063957,2.83314111556155e-05,-0.000258620742108186,-0.000461694541949902,-0.000625407852255188,-0.000732709565162122
dense_465_fixed_labels,discovery,326,115.4,41.1,-7.50419792784127,-6.69110741364247,0.813090514198796,-0.00025551062802279,0.000384594079230627,7.50072919489071e-05,-0.000250464648579577,-0.000620863444963198,-0.000865826417750711
dense_465_fixed_labels,discovery,327,115.4,42,-8.0017760782381,-7.55358622614247,0.448189852095621,0.000102613202989696,0.000588209805051585,0.000567810347302973,0.000193577056424351,-0.000263515256306242,-0.000573015937524184
dense_465_fixed_labels,discovery,328,116.2,23.1,4.39331478406349,3.18530025302419,-1.2080145310393,-0.000263947934752772,4.28016241294181e-06,-3.43564338220814e-05,-0.000131568704323188,-0.000434913313789082,-0.000723181384242449
dense_465_fixed_labels,discovery,329,116.2,24,3.4421853888254,2.19157544052419,-1.2506099483012,-0.000247007030715263,-5.44490556192533e-05,-6.6803352654529e-05,-0.00011202262195428,-0.00038782699687244,-0.000613933126475813
dense_465_fixed_labels,discovery,330,116.2,24.9,2.76248783803175,1.43223704469086,-1.33025079334089,-0.000227952292630786,-8.11882197111304e-05,-4.40561380583541e-05,-7.86168297313884e-05,-0.000370594300453869,-0.000565305975199188
dense_465_fixed_labels,discovery,331,116.2,25.8,2.71336344438095,1.43204641969086,-1.28131702469009,-0.000214937149056222,-2.24998495263869e-05,-4.62210891115425e-06,-8.00448583849281e-05,-0.00040120260355219,-0.000566316324906452
dense_465_fixed_labels,discovery,332,116.2,26.7,3.22202565152381,1.93192937802419,-1.29009627349962,-0.000301065780821036,-3.08242293279731e-05,-8.13237976318514e-05,-0.000198766454905803,-0.000534051995536324,-0.00066036242670323
dense_465_fixed_labels,discovery,333,116.2,27.6,4.21261158326984,3.38079200302419,-0.831819580245648,-0.000297016604088611,0.000142334310027348,-0.000104043741006953,-0.000284846661188883,-0.000583954686516847,-0.000654572241757723
dense_465_fixed_labels,discovery,334,116.2,28.5,4.44156831342857,3.94382610719086,-0.497742206237711,-0.000206412606869607,0.000127806925209195,4.73937752674914e-05,-0.000185839341311966,-0.000486555540507741,-0.000534868853005016
dense_465_fixed_labels,discovery,335,116.2,29.4,4.47063334676191,4.10829687802419,-0.362336468737711,-0.000227700608914156,-7.1769818684357e-05,8.37645426548399e-05,-0.000184865135683009,-0.000471912589960133,-0.000493720042898124
dense_465_fixed_labels,discovery,336,116.2,30.3,4.01025294993651,4.20985158635753,0.199598636421019,1.36384888850938e-05,0.000197240653575828,0.000298620051395062,3.46159920392963e-05,-0.000217266142200298,-0.000245018110384419
dense_465_fixed_labels,discovery,337,116.2,31.2,1.06924630311111,1.04672125302419,-0.0225250500869175,-0.000215079189057111,5.28218183099621e-05,-9.45921316306442e-05,-0.000307552417295704,-0.000383461823854769,-0.000342611390814399
dense_465_fixed_labels,discovery,338,116.2,32.1,3.55564203803175,3.40969214885753,-0.14594988917422,-0.000127915304462924,0.0002547156466503,8.45295568801972e-05,-0.000277483487416071,-0.000375121575850049,-0.000326216662578998
dense_465_fixed_labels,discovery,339,116.2,33,3.29061637930159,3.18731969052419,-0.103296688777393,-0.000247888326859095,2.87334088928089e-05,-0.000113244424997596,-0.000423412260737379,-0.000405736990407272,-0.000325781367046035
dense_465_fixed_labels,discovery,340,116.2,33.9,2.81805105469841,2.83391069052419,0.0158596358257813,-0.000279132630842907,-9.46308350097045e-05,-0.000201269067972434,-0.000457394005380523,-0.000364660038111067,-0.000277709207740808
dense_465_fixed_labels,discovery,341,116.2,34.8,2.47248262930159,2.61925775302419,0.146775123722606,-0.000419565078022153,-0.000377855678438561,-0.000473174993583524,-0.000577072165612347,-0.00038579000007736,-0.000283932552398975
dense_465_fixed_labels,discovery,342,116.2,35.7,2.09155026342857,2.41519679469086,0.323646531262289,-0.000430402979984415,-0.00045848001576935,-0.000562716351486801,-0.000556773813299574,-0.000333960591318816,-0.000240084128047534
dense_465_fixed_labels,discovery,343,116.2,36.6,1.78449660311111,2.19545498219086,0.410958379079749,-0.000449966402578939,-0.000468298876677587,-0.000656404153548089,-0.000563104597811771,-0.000325290444839411,-0.000236733940017836
dense_465_fixed_labels,discovery,344,116.2,37.5,1.46291982771429,2.01857133635753,0.555651508643242,-0.000365248815070267,-0.000420039313137672,-0.00056965575737505,-0.000428378354460677,-0.000235955840619541,-0.000172214809758395
dense_465_fixed_labels,discovery,345,116.2,38.4,1.08709606422222,1.78856539885753,0.701469334635305,-0.000289636726558265,-0.000381072038088008,-0.000359725763141572,-0.000321095705028778,-0.000212057687353849,-0.000174232439179119
dense_465_fixed_labels,discovery,346,116.2,39.3,0.40881035152381,1.31228783635753,0.903477484833718,-5.84507970368381e-05,0.000111256173987752,9.82213609196955e-05,-0.000144975970868886,-0.000174254877159491,-0.000182500672063262
dense_465_fixed_labels,discovery,347,116.2,40.2,-0.311148323079364,0.559270315524194,0.870418638603559,-3.94439782231797e-05,0.000414973679580125,7.84007402109965e-05,-0.000179651448737801,-0.000238680324584343,-0.000272262537584876
dense_465_fixed_labels,discovery,348,116.2,41.1,-6.05511000601587,-5.29763912197581,0.757470884040067,-0.000268719184712993,0.000375671991099609,-2.27967300096681e-05,-0.000303276132537523,-0.000593114981029402,-0.000800080071087983
dense_465_fixed_labels,discovery,349,116.2,42,-7.70141097903175,-7.19027697614247,0.511134002889273,1.26543382205958e-05,0.000547600750361601,0.000429677380516693,7.8714932057281e-05,-0.000344325157821679,-0.000648396214010917
dense_465_fixed_labels,discovery,350,117,24,3.58625653088889,2.36345954469086,-1.22279698619803,-0.000232702900851602,1.2164579262575e-06,-6.07719000951546e-05,-0.000106270749229925,-0.000379604852318316,-0.000618083460540872
dense_465_fixed_labels,discovery,351,117,24.9,1.90494687850794,0.475474169690861,-1.42947270881708,-3.17617562156885e-05,0.000138804879507532,0.000151524301582971,0.000125301227462631,-0.000180915561181412,-0.000393523628450165
dense_465_fixed_labels,discovery,352,117,25.8,1.52888739676191,0.349300440524194,-1.17958695623771,-0.000134893549398798,-0.000116280939832747,3.54120021878073e-05,3.56225450699454e-05,-0.00023746592015076,-0.000391755434268238
dense_465_fixed_labels,discovery,353,117,26.7,2.04568065469841,0.897846211357528,-1.14783444334089,-0.000117143615876727,7.44684054209939e-05,0.000110903968358805,9.25984781978928e-06,-0.000320604502152479,-0.000459745798830744
dense_465_fixed_labels,discovery,354,117,27.6,2.00205808644444,0.730064440524194,-1.27199364592025,1.81652245658444e-05,0.000534538596110232,0.000343100200585942,5.70292531492565e-05,-0.000358043534968145,-0.000485798392048063
dense_465_fixed_labels,discovery,355,117,28.5,4.20670278803175,3.41374848219086,-0.792954305840886,-0.000365531200946313,-0.000144048273108734,-0.000148597541458697,-0.000288249943523594,-0.000595962974520407,-0.000650797272120133
dense_465_fixed_labels,discovery,356,117,29.4,3.75784203168254,3.37626662802419,-0.381575403658346,-0.000205705123824259,-7.78821493843197e-05,5.50334808546931e-05,-0.000139709266958304,-0.000415383039087119,-0.000450584644546245
dense_465_fixed_labels,discovery,357,117,30.3,3.89229560946032,3.95082104469086,0.058525435230543,-4.08595122923585e-05,0.000146906423349794,0.000245154133133184,-1.75526228101508e-05,-0.000275307692744216,-0.000303497802390403
dense_465_fixed_labels,discovery,358,117,31.2,3.18159292692064,3.13463096135753,-0.0469619655631076,-0.000154983276477883,8.77610656883163e-05,4.11165125313779e-05,-0.000202779646002247,-0.000359644698100758,-0.000341369616506106
dense_465_fixed_labels,discovery,359,117,32.1,3.34050459676191,3.45981214885753,0.119307552095622,-1.81950266046201e-05,0.000300927610451547,0.000185941103727123,-0.000107099414070296,-0.000243272528440746,-0.000227471904690728
dense_465_fixed_labels,discovery,360,117,33,3.34002327612699,3.33514660719086,-0.00487666893612362,-0.000190838708387997,5.61883472722502e-05,-5.53686573226029e-05,-0.000323004366606426,-0.000345855346339918,-0.00028615351894329
dense_465_fixed_labels,discovery,361,117,33.9,2.67849068485714,2.74659227385753,0.0681015890003845,-0.000229824170346059,-8.67954271135465e-05,-0.000139112901659283,-0.000360166252983792,-0.000315659389719419,-0.000247386880254253
dense_465_fixed_labels,discovery,362,117,34.8,2.46527126184127,2.72911458635753,0.263843324516257,-0.000330651969578976,-0.000327720089585082,-0.000348718206841946,-0.000437164154609013,-0.000308843713647505,-0.000230813683211332
dense_465_fixed_labels,discovery,363,117,35.7,1.92552508247619,2.25572466969086,0.33019958721467,-0.000391567516794571,-0.000447964578872689,-0.000463342058391245,-0.000485105225278421,-0.00032087177015701,-0.000240553951273489
dense_465_fixed_labels,discovery,364,117,36.6,1.36339732692064,1.84620546135753,0.482808134436892,-0.00037525426156435,-0.000415488650315436,-0.000493119366489856,-0.000450209640593792,-0.000291740554232258,-0.000225713096190408
dense_465_fixed_labels,discovery,365,117,37.5,1.40723729279365,1.92799514885753,0.520757856063876,-0.000346704147215107,-0.000370297552681565,-0.000501091938946483,-0.000412183220666125,-0.000254636732471193,-0.00019531129131017
dense_465_fixed_labels,discovery,366,117,38.4,1.01127222771429,1.71781302385753,0.706540796143241,-0.000236997704281542,-0.000273010472922624,-0.000271794675819818,-0.000272461031544275,-0.000198674108781816,-0.000169048232339178
dense_465_fixed_labels,discovery,367,117,39.3,0.600294098349207,1.40294150302419,0.802647404674987,-0.000152673240828366,-3.12383070412302e-05,-6.18574715566988e-05,-0.000225832745235551,-0.000224631290134103,-0.000219806390174248
dense_465_fixed_labels,discovery,368,117,40.2,-0.241230946888888,0.693319961357528,0.934550908246416,6.60533707058977e-05,0.000627144272851323,0.000238279864266164,-9.34217533179468e-05,-0.000198049167411516,-0.000243686362858536
dense_465_fixed_labels,discovery,369,117,41.1,-2.95151764926984,-2.19985945530914,0.751658193960702,-0.000140564900011078,0.00047577289373204,2.96351901901748e-05,-0.000233403729511338,-0.000422229474239438,-0.000552599380226827
dense_465_fixed_labels,discovery,370,117,42,-6.79211945760317,-6.19725664280914,0.594862814794035,-0.000103838868739502,0.000385923620578858,0.000235759632747927,-4.96824963040889e-05,-0.000406227042590403,-0.000684968058129805
dense_465_fixed_labels,discovery,371,117.8,24.9,2.29475921263492,0.906004690524195,-1.38875452211073,-0.000132488016667207,-3.48118033502524e-06,3.18164881166349e-05,3.50037926725839e-05,-0.000254378221877115,-0.000471400961913114
dense_465_fixed_labels,discovery,372,117.8,25.8,1.70706915073016,0.501916273857528,-1.20515287687263,-0.000106315260701038,-3.71474737541615e-05,7.13858376434823e-05,6.04462465892584e-05,-0.000227389853612691,-0.000398871060371076
dense_465_fixed_labels,discovery,373,117.8,26.7,2.93417526819048,1.69702414885753,-1.23715111933295,-0.000227380164786926,-4.49728678626592e-05,-6.358078725103e-07,-7.45951442393996e-05,-0.000428626585436179,-0.000588070418523883
dense_465_fixed_labels,discovery,374,117.8,27.6,2.09625384834921,1.09883887802419,-0.997414970325013,-0.000165064182770566,1.08993221279728e-05,5.0112742137159e-05,-4.83367006501862e-05,-0.000363768000868249,-0.000474228276599526
dense_465_fixed_labels,discovery,375,117.8,28.5,3.53245959755556,2.67100154469086,-0.861458052864695,-0.000279039503640645,-7.47861900312448e-05,-4.01930760158842e-05,-0.000178361233086437,-0.000510865721894657,-0.000590991297175003
dense_465_fixed_labels,discovery,376,117.8,29.4,3.28919558803175,3.07573829469086,-0.213457293340885,-0.000199374133534329,-0.000116835760521047,-1.52378314407595e-05,-0.00012105566190543,-0.000351205731931625,-0.000392535681872786
dense_465_fixed_labels,discovery,377,117.8,30.3,2.35517311104762,2.21278135719086,-0.142391753856759,-0.00017852189845181,-1.73339969938956e-05,-3.99586466055699e-06,-0.000160334597233708,-0.00034887252540699,-0.000362072507963899
dense_465_fixed_labels,discovery,378,117.8,31.2,3.8992346404127,3.86705794052419,-0.0321766998885045,-0.000119782086043946,8.31521326536192e-05,8.99322238425022e-05,-0.000128051460870715,-0.000321399242058248,-0.000322544083786889
dense_465_fixed_labels,discovery,379,117.8,32.1,3.37947760787302,3.47520962802419,0.0957320201511775,-3.90516642280909e-05,0.000212906040128888,0.000148393455221494,-9.41975477676968e-05,-0.00023558149320575,-0.00022677877551739
dense_465_fixed_labels,discovery,380,117.8,33,3.26541990073016,3.31809877385753,0.0526788731273681,-0.000163265133468193,3.33517734457416e-05,-2.45963811905938e-05,-0.000254527623914126,-0.000307166242515107,-0.000263387193166881
dense_465_fixed_labels,discovery,381,117.8,33.9,2.73240252374603,2.84281800302419,0.110415479278162,-0.00021575220390746,-0.000120816341392103,-0.000128094727077611,-0.000307683743099071,-0.000289427929136891,-0.000232738278831622
dense_465_fixed_labels,discovery,382,117.8,34.8,2.26826667374603,2.59398023219086,0.325713558444829,-0.000254657923572329,-0.00025264702746671,-0.000243782465856458,-0.000329963709649756,-0.000252745873728624,-0.000194150541160096
dense_465_fixed_labels,discovery,383,117.8,35.7,0.987293415809524,1.38615562802419,0.39886221221467,-0.000319890052132783,-0.000295276239144483,-0.000336901618017064,-0.000396475873516859,-0.000313012452758052,-0.000257784077227459
dense_465_fixed_labels,discovery,384,117.8,36.6,0.364023981682541,0.885645711357528,0.521621729674988,-0.000310745131179844,-0.000245366814124991,-0.000349369107524459,-0.000382505333111167,-0.000309285520704398,-0.000267198880434204
dense_465_fixed_labels,discovery,385,117.8,37.5,1.16852527930159,1.91082519052419,0.742299911222606,-0.000246023116473891,-0.00024119676692013,-0.000282340352331308,-0.000285279174323198,-0.000226439060313194,-0.000194860228481625
dense_465_fixed_labels,discovery,386,117.8,39.3,0.82807523088889,1.49795546135753,0.669880230468638,-0.000183716430601421,-0.00014771816118562,-0.000148693760318734,-0.000227696270195799,-0.000204465918636172,-0.00019000804267078
dense_465_fixed_labels,discovery,387,117.8,40.2,-0.0858892667301581,0.706147628024195,0.792036894754353,-7.69743016232958e-05,0.00022811139918141,3.15969494079099e-05,-0.000162897825856898,-0.000225121719640518,-0.000256560311208383
dense_465_fixed_labels,discovery,388,117.8,41.1,-3.18023350442857,-2.48308810114247,0.697145403286099,-0.000149472671951223,0.000315804412324629,2.95044445038971e-05,-0.000188198468962003,-0.000382440384761189,-0.000522033362861452
dense_465_fixed_labels,discovery,389,117.8,42,-5.59015791514286,-5.17307647614247,0.417081439000384,3.02635777888334e-05,0.000534422776679288,0.000343906043022046,4.8156285039758e-05,-0.00026755792065796,-0.000507609295138965
dense_465_fixed_labels,discovery,390,118.6,24.9,4.61516970628572,3.25792829469086,-1.35724141159485,-0.000387609195329579,-0.000176466133657439,-0.0001868972079856,-0.000206991630212589,-0.000547977452783495,-0.00081971355200877
dense_465_fixed_labels,discovery,391,118.6,25.8,2.45252090390476,1.36359658635753,-1.08892431754724,-0.000182984962595196,-5.46643511502735e-05,-2.04968621995928e-05,-3.31144147962283e-05,-0.000313371809026357,-0.000493277375803527
dense_465_fixed_labels,discovery,392,118.6,26.7,1.47068481977778,0.363295273857528,-1.10738954592025,-7.62607671187014e-05,-1.27785177105912e-05,0.000135198215157974,8.91991415192928e-05,-0.000218313563145255,-0.000374609111414927
dense_465_fixed_labels,discovery,393,118.6,27.6,2.53626629993651,1.51307556552419,-1.02319073441231,-0.000182204928716812,-3.31876589966573e-05,5.6826302711899e-05,-3.68933220155682e-05,-0.000382031581459915,-0.000515738383823818
dense_465_fixed_labels,discovery,394,118.6,28.5,2.30035415311111,1.66602471135753,-0.634329441753584,-0.000153514108554831,2.2039479587755e-05,5.43745624002597e-05,-6.62279638812119e-05,-0.000346893686747062,-0.000430862934133895
dense_465_fixed_labels,discovery,395,118.6,29.4,3.50505860073016,3.46982454469086,-0.0352340560392987,-8.79741861888864e-05,0.000170340388998423,6.3169934879794e-05,-6.70319019196626e-05,-0.000278249256841753,-0.000328100096061234
dense_465_fixed_labels,discovery,396,118.6,30.3,2.44279580787302,2.42964689885753,-0.0131489090154888,-0.000173226362707708,-5.40993076465097e-05,-3.23914732401675e-05,-0.000140268950741963,-0.000309024533301995,-0.000330347548607907
dense_465_fixed_labels,discovery,397,118.6,31.2,3.59483192533333,3.50940716969086,-0.0854247556424727,-0.000135675141643637,7.06656315758501e-05,5.91953536336585e-05,-0.000130734386426004,-0.000333137129981108,-0.00034436517702058
dense_465_fixed_labels,discovery,398,118.6,32.1,3.26589485707937,3.2690533155242,0.00315845844482861,-0.000115052965701734,7.89379015383031e-05,5.66540064289498e-05,-0.000143927294709509,-0.000287687578737898,-0.000279241863028514
dense_465_fixed_labels,discovery,399,118.6,33,3.06979551422222,3.27231994052419,0.202524426301972,-0.000102034456629398,7.93240505352279e-06,2.24048859819072e-05,-0.000141565639189945,-0.000210572209703486,-0.000188371725288987
dense_465_fixed_labels,discovery,400,118.6,33.9,2.62560665073016,2.84269598219086,0.217089331460702,-0.000190903766483518,-0.000162348410759881,-0.000120269566468527,-0.000237324693198888,-0.000238007115934325,-0.000196569046055969
dense_465_fixed_labels,discovery,401,118.6,34.8,2.1056789935873,2.64064291969086,0.534963926103559,-0.000151952788908932,-0.000183866441176253,-0.000161522967425436,-0.000175999841976658,-0.00013484158356084,-0.000103533110405473
dense_465_fixed_labels,discovery,402,118.6,35.7,1.27001391898413,1.81280791969086,0.542794000706733,-0.000270526906114657,-0.000293550251867792,-0.000307403818050148,-0.000306267270318925,-0.000243193148785504,-0.000202220041550918
dense_465_fixed_labels,discovery,403,118.6,36.6,0.83114156104762,1.56214408635753,0.731002525309908,-0.000240654710055006,-0.00025125271104026,-0.000282005065685947,-0.000262691077551807,-0.000216979632987962,-0.000190345063009053
dense_465_fixed_labels,discovery,404,118.6,37.5,1.13142844914286,1.92377729469086,0.792348845548003,-0.000231117150265449,-0.000223591780042835,-0.00024921056820803,-0.000261518982334182,-0.000223495159687369,-0.000197769261054829
dense_465_fixed_labels,discovery,405,118.6,39.3,0.521942934857144,1.25683594052419,0.734893005667051,-0.000155411325027882,-9.86924811659977e-05,-9.34085765861623e-05,-0.000183080053823819,-0.000200724672667559,-0.000201150840895873
dense_465_fixed_labels,discovery,406,118.6,40.2,-0.474068495301587,0.278976607190861,0.753045102492447,-0.000125198426360496,8.62492800219206e-05,-1.82725916241721e-05,-0.000165038020191032,-0.000242828956722331,-0.000286101843286867
dense_465_fixed_labels,discovery,407,118.6,41.1,-3.3111150861746,-2.67568574697581,0.635429339198797,-0.00012817804254054,0.000250301280808454,6.91636884606002e-05,-0.00013061749398309,-0.00034012311816958,-0.000489614569819087
dense_465_fixed_labels,discovery,408,118.6,42,-4.8176056564127,-4.38361720530914,0.433988451103559,-3.39157588168237e-05,0.000377167833843668,0.000234538289554778,2.10737756008022e-06,-0.000280214410800264,-0.00050317788424238
dense_465_fixed_labels,discovery,409,119.4,25.8,3.99223706422222,2.87784962802419,-1.11438743619803,-0.000299017567642307,-0.000130877184591723,-0.000119951780367447,-0.000132529883328746,-0.000445196082855469,-0.000666532907068148
dense_465_fixed_labels,discovery,410,119.4,26.7,1.66070078644445,0.815133461357527,-0.845567325086918,-0.000172167737744244,-0.000154451726586468,-4.61978043636271e-05,-2.42179173169958e-05,-0.000250510691692099,-0.000385460548762028
dense_465_fixed_labels,discovery,411,119.4,27.6,-0.029187101650793,-0.801444788642472,-0.772257686991679,-5.01226756069244e-05,3.55596791413504e-05,8.48446328363113e-05,4.95077368048361e-05,-0.000160992761790815,-0.000259532665026305
dense_465_fixed_labels,discovery,412,119.4,28.5,2.3314765404127,1.99800756552419,-0.333468974888505,-0.00019105157061794,-7.52693699267468e-05,-6.82848662370956e-05,-0.000110584200033257,-0.000314569932873,-0.000386549484019599
dense_465_fixed_labels,discovery,413,119.4,29.4,3.18730807057143,2.80288708635753,-0.384420984213902,-0.000203041974172124,-4.16759450508981e-05,-4.21563293504417e-06,-0.00012312460261602,-0.000387605471015524,-0.000458588219243135
dense_465_fixed_labels,discovery,414,119.4,30.3,2.07759163088889,1.98731237802419,-0.0902792528646951,-0.000199429458031624,-5.28441387083994e-05,-8.6256512102178e-05,-0.000171832714541194,-0.000330256578529407,-0.000355957346276943
dense_465_fixed_labels,discovery,415,119.4,31.2,3.24114812057143,3.12867494052419,-0.112473180047235,-0.000129999032026299,0.000113054045830517,4.75587569589127e-05,-0.000124404330256113,-0.000331361326876727,-0.000354842305788082
dense_465_fixed_labels,discovery,416,119.4,32.1,3.14290586342857,3.15295169052419,0.0100458270956224,-0.000117005807244759,4.59116622992577e-05,3.47940595059548e-05,-0.000125218065171722,-0.000269766446667232,-0.000270750246190054
dense_465_fixed_labels,discovery,417,119.4,33,3.04802470152381,3.32177096135753,0.273746259833718,-8.48264819682079e-05,-5.75087152066468e-05,8.61547718262944e-06,-8.63364923114873e-05,-0.0001501861162237,-0.000138716563281835
dense_465_fixed_labels,discovery,418,119.4,33.9,2.41387075390476,2.84042364885753,0.426552894952765,-0.000144164789127891,-0.000197073382763209,-0.000116012755695601,-0.00014150441211512,-0.000144666578459832,-0.000121566816605691
dense_465_fixed_labels,discovery,419,119.4,35.7,1.24337065469841,1.61744702385753,0.374076369159114,-0.000229499268053635,-0.000139131131343333,-0.000219719487514249,-0.000296078033288055,-0.000265137195715013,-0.000227430492407521
dense_465_fixed_labels,discovery,420,119.4,36.6,1.1884689388254,1.94072866969086,0.752259730865464,-0.000210385792659951,-0.000176489840796408,-0.000258600025404837,-0.000237508573385084,-0.000201126178494949,-0.000178204345218478
dense_465_fixed_labels,discovery,421,119.4,40.2,-1.82966034371429,-1.09383003864247,0.735830305071813,-0.00020471682527691,-5.08125867114807e-06,-5.30093972918278e-05,-0.00019762137187348,-0.000339751050967652,-0.000428121047580444
dense_465_fixed_labels,discovery,422,119.4,41.1,-2.85487891911111,-2.13275897614247,0.722119942968638,-0.000162110555269643,0.000115372224497891,1.65464531084307e-05,-0.00013577740987359,-0.000331214165925198,-0.000475479878155748
dense_465_fixed_labels,discovery,423,119.4,42,-3.60726688101587,-3.21188343447581,0.395383446540067,-3.95647932455265e-05,0.000302978583295033,0.000164297085152397,-1.55240467245028e-05,-0.000235659461129227,-0.000413916126821332
dense_465_fixed_labels,discovery,424,120.2,23.1,4.64933271580953,3.36726398219086,-1.28206873361866,-0.000237755544662536,6.00874992468673e-05,-3.02924441430979e-05,-9.50664286138954e-05,-0.000382855939399031,-0.000740650410403524
dense_465_fixed_labels,discovery,425,120.2,27.6,2.55686346898413,2.05127727385753,-0.505586195126599,-0.000180641474773357,-4.49938107500716e-05,-6.4065150044986e-05,-8.07580279536971e-05,-0.000298840106310119,-0.00041455027880791
dense_465_fixed_labels,discovery,426,120.2,28.5,1.16269932136508,0.806388961357528,-0.356310360007553,-0.000175747327194394,-0.000107673937912517,-9.76714524473587e-05,-9.65439060710385e-05,-0.000253615065008674,-0.000323232274532383
dense_465_fixed_labels,discovery,427,120.2,29.4,2.41153245787302,2.11627206552419,-0.295260392348822,-0.000111855336468396,0.000108978139373663,5.69931305648462e-05,-5.6969165897986e-05,-0.000294573982095289,-0.000373704804287212
dense_465_fixed_labels,discovery,428,120.2,30.3,3.70807628088889,3.81087246135753,0.102796180468639,-3.08024771313478e-05,0.000224651023868832,0.000118395615634484,-1.03382280148035e-05,-0.000214917838806939,-0.000271802958338313
dense_465_fixed_labels,discovery,429,120.2,31.2,3.43890412612699,3.44941594052419,0.0105118143972095,-0.000133484820093755,6.51964603856168e-05,2.75888792324796e-05,-0.000113794079473383,-0.00030793499725076,-0.000338480363362728
dense_465_fixed_labels,discovery,430,120.2,32.1,3.18331375549206,3.19962575302419,0.01631199753213,-0.000136968683111928,-9.00401795655575e-06,-5.70602283772264e-06,-0.000129534477251515,-0.000267002638444677,-0.000273596259069171
dense_465_fixed_labels,discovery,431,120.2,33,2.8007898951746,3.08832564885753,0.287535753682924,-8.41736794289904e-05,-5.48582807982701e-05,1.02188679477727e-05,-7.53353742208917e-05,-0.000151815890172696,-0.000149077719900866
dense_465_fixed_labels,discovery,432,120.2,33.9,2.34702664596825,2.77336139885753,0.426334752889273,-0.000138402002501081,-0.00014941729810923,-0.00011099162992539,-0.000140324621173891,-0.000154546578330526,-0.000136729884966368
dense_465_fixed_labels,discovery,433,120.2,36.6,1.24203970946032,1.76967502385753,0.52763531439721,-0.000205548281268934,-0.000113305229223027,-0.000215428798722111,-0.000253748644974527,-0.000234230671957663,-0.000211028061467342
dense_465_fixed_labels,discovery,434,120.2,37.5,1.12031608565079,1.67018900302419,0.5498729173734,-0.000207007259111151,-0.000120961908569864,-0.000205048263412224,-0.000248104848970683,-0.000239794128996185,-0.000221127145606798
dense_465_fixed_labels,discovery,435,120.2,40.2,-0.0654244290317453,0.442663961357528,0.508088390389273,-0.000254571878903378,-0.000333220987964065,-0.000196812703695834,-0.000211319983599753,-0.000253167887104425,-0.000278337832152815
dense_465_fixed_labels,discovery,436,120.2,41.1,-2.21889991990476,-1.34665674697581,0.872243172928955,-0.000173092209510534,-3.58679371543167e-05,-1.99806966105202e-05,-0.000113573727076631,-0.000282587562396546,-0.000413451124314657
dense_465_fixed_labels,discovery,437,120.2,42,-3.92659058657143,-3.36184429905914,0.564746287512289,-0.000152782316406042,0.000100246231031407,2.517122678345e-05,-8.07694542910494e-05,-0.00030174551646861,-0.000506814069085408
dense_465_fixed_labels,discovery,438,121,23.1,-3.13189438577778,-4.58531949697581,-1.45342511119803,0.000342408892990068,0.000194683268030601,0.000186656964284287,0.000378028524943026,0.000490602303300129,0.000462073404392297
dense_465_fixed_labels,discovery,439,121,24,1.09739921104762,-0.124620913642472,-1.22202012469009,-3.05519066035979e-05,2.09379679735696e-05,1.58137008626559e-05,8.34289268256515e-05,-3.57652402597532e-05,-0.000237174888420114
dense_465_fixed_labels,discovery,440,121,28.5,2.61708475469841,2.41887404469086,-0.198210710007553,-9.24484176891463e-05,7.77238105044622e-05,2.92429655936276e-05,-2.5423674238476e-05,-0.000222687860736219,-0.000321097329569127
dense_465_fixed_labels,discovery,441,121,29.4,2.28986330707937,2.22154752385753,-0.0683157832218381,-0.000132388010195232,1.35207728610003e-05,-2.15602155492154e-05,-7.76263307539095e-05,-0.000252576809550819,-0.000323697467983214
dense_465_fixed_labels,discovery,442,121,31.2,3.5326087904127,3.71180733635753,0.179198545944829,-6.3776468010928e-05,7.97909042209981e-05,6.10614351147471e-05,-2.76010611444802e-05,-0.000194918977267192,-0.000237214640978713
dense_465_fixed_labels,discovery,443,121,32.1,3.23711101104762,3.37699010719086,0.139879096143241,-7.20567389334464e-05,4.09678236799164e-05,4.93719898212217e-05,-5.47950354349737e-05,-0.000188428147922615,-0.000207400324810781
dense_465_fixed_labels,discovery,444,121,37.5,0.343415454698413,1.00286866969086,0.659453214992448,-0.000202798710925814,-7.66819365937908e-05,-0.000153643812832624,-0.00022693273775966,-0.00027369546693251,-0.000283039600510485
dense_465_fixed_labels,discovery,445,121,41.1,-0.625734746095238,-0.0368040386424722,0.588930707452765,-0.000151122904745276,-0.000150497155059438,-3.6213091073663e-05,-9.78350307966357e-05,-0.000200160996512733,-0.00027090825028391
dense_465_fixed_labels,discovery,446,121,42,-1.87270465006349,-1.04835628864247,0.824348361421019,-0.000172502662052521,-8.95596323793712e-05,-4.10667161039676e-05,-8.82058995104821e-05,-0.000247909915612741,-0.000395771146656042
dense_465_fixed_labels,discovery,447,121.8,24.9,3.45612111977778,2.28891258635753,-1.16720853342025,-0.000189143424615785,1.4610866443292e-05,-3.9240527334198e-05,-4.9864581619614e-05,-0.000295907726632983,-0.000575315153935421
dense_465_fixed_labels,discovery,448,121.8,29.4,3.21382698406349,3.38261683635753,0.168789852294036,-4.6421792693157e-05,9.96442121369115e-05,7.73852365404947e-05,1.3576516881815e-05,-0.000167290677877829,-0.000255424251147177
dense_465_fixed_labels,discovery,449,121.8,31.2,3.27969949120635,3.57608037802419,0.296380886817844,-5.18006782901227e-05,4.32901173055906e-05,5.74873621696412e-05,-9.69004583630685e-06,-0.000152363011890293,-0.000197727813199246
dense_465_fixed_labels,discovery,450,121.8,39.3,0.180235995174604,0.794403190524195,0.614167195349591,-0.000185585634256159,-7.82986916565597e-05,-0.00012232657789383,-0.000185274201869779,-0.00025469710876007,-0.000287331591100557
dense_465_fixed_labels,discovery,451,121.8,41.1,-0.361358024666666,0.171077815524194,0.53243584019086,-0.000199987942229008,-0.000245386345278662,-0.000105000871259393,-0.000132658749828044,-0.000225197365548323,-0.000291696379230617
dense_465_fixed_labels,discovery,452,121.8,42,-1.75344188577778,-1.03190858030914,0.721533305468638,-0.000201210501414809,-0.000178874308984501,-6.93245049682572e-05,-9.87589071278627e-05,-0.000254699533182177,-0.000404395252811246
dense_465_fixed_labels,discovery,453,122.6,40.2,-0.952522846095238,-0.247252017809139,0.705270828286099,-0.000199203573867029,-0.000114245583855825,-8.65797300183192e-05,-0.000145616333311398,-0.00027734410273802,-0.000372232119411582
dense_465_fixed_labels,discovery,454,122.6,41.1,-0.336003565142856,0.335336128024194,0.671339693167051,-9.6816589226755e-05,6.18614157437891e-06,-7.412530145958e-06,-6.93867448867367e-05,-0.000169977521383953,-0.000243492291291507
dense_465_fixed_labels,discovery,455,122.6,42,-0.604820429428571,-0.0593693094758057,0.545451119952765,-0.000183610998794843,-0.000165219804709782,-8.6961853903439e-05,-0.000103279266080772,-0.000225641226708796,-0.000336952842571426
dense_465_fixed_labels,discovery,456,123.4,40.2,-0.733480652444444,-0.172768746975806,0.560711905468638,-0.000153995687295112,-3.80607384685873e-05,-4.55681522202941e-05,-0.000107361703894105,-0.000241247716176517,-0.000337740125716056
dense_465_fixed_labels,discovery,457,123.4,41.1,-1.16855884728571,-0.578042267809139,0.590516579476575,-0.00016704836640266,-0.000106479097567904,-4.9623164361828e-05,-8.82227655813268e-05,-0.000232593802489228,-0.000358323002013011
dense_465_fixed_labels,discovery,458,123.4,42,-0.597000445301586,-0.034447767809139,0.562552677492448,-0.0001330576598767,-4.73371591803653e-05,-3.95450496508114e-05,-7.41058307090613e-05,-0.000195346611146409,-0.000308953648696851
dense_465_fixed_labels,discovery,459,124.2,40.2,-0.786880365142856,-0.367641351142472,0.419239014000384,-0.000134799523650408,-4.55163077601354e-05,-2.37751228256905e-05,-7.47585575506431e-05,-0.000211734081155194,-0.000318213548960378
dense_465_fixed_labels,discovery,460,124.2,41.1,-2.85137541593651,-2.27374899697581,0.577626418960702,-0.00016449947453445,-5.48224142979259e-05,-1.25444261962365e-05,-5.7232176769846e-05,-0.000250275764779009,-0.000447622590629232
dense_465_fixed_labels,discovery,461,124.2,42,-1.32150723260317,-0.877905517809139,0.443601714794035,-0.000132612862923573,-5.44739128070901e-05,-2.62457794941603e-05,-5.37172543936436e-05,-0.000191395667977362,-0.000337231699945609
dense_465_fixed_labels,discovery,462,125,38.4,-0.460389686571428,-0.263161851142472,0.197227835428956,-0.000123773369717633,-1.48178541839418e-05,-3.45293929069724e-05,-7.7574424613202e-05,-0.000202761798887097,-0.000289183377996951
dense_465_fixed_labels,discovery,463,125,40.2,-1.8321739564127,-1.42846158030914,0.403712376103559,-0.000145227225384983,-4.47295998643268e-05,-1.7905878331452e-05,-6.04687418461192e-05,-0.000225562169146964,-0.000377469737736055
dense_465_fixed_labels,discovery,464,125,41.1,-2.7211035564127,-2.18197108030914,0.539132476103559,-0.000148841034006997,-5.02590597034824e-05,-9.15904869732728e-06,-4.01155347311527e-05,-0.000222349080042056,-0.000422322446860967
dense_465_fixed_labels,discovery,465,125,42,-2.51035129292063,-1.91258237197581,0.597768920944829,-0.000132036318811817,-3.90442071623436e-05,-7.28084656041165e-06,-2.46705933772192e-05,-0.000190622523557909,-0.000398563423401202
dense_465_recomputed,confirmatory,1,105,20.4,3.57842133394417,2.3552855545612,-1.22313577938297,-0.000178003261570167,1.51350561962373e-06,-3.99486931595292e-05,-9.99758583860692e-05,-0.000257441281786208,-0.000494163980138654
dense_465_recomputed,confirmatory,2,105,21.3,4.44351320974985,3.26693223385413,-1.17658097589572,-0.000264172785939081,-5.05162050210133e-05,-0.000106452979260404,-0.000174167242269535,-0.000369736795061897,-0.000619990708082554
dense_465_recomputed,confirmatory,3,105,22.2,3.75810216607501,2.6131302515309,-1.1449719145441,-0.000264556137616944,-0.000115643576389804,-0.000150907646448453,-0.000176698736043345,-0.000341153528796677,-0.000538377200406441
dense_465_recomputed,confirmatory,4,105,23.1,1.12339340195764,0.0884819661773652,-1.03491143578028,-0.000123468817677891,-0.000140255944111414,-0.000115934904923005,-4.63577294780974e-05,-0.000110634793877574,-0.000204160715999365
dense_465_recomputed,confirmatory,5,105,24,-0.263251008480069,-1.22718474089334,-0.963933732413273,-3.99325142424081e-05,-0.000104494328945146,-8.77338945756505e-05,2.66203424985096e-05,6.98282484565674e-06,-4.10375150354104e-05
dense_465_recomputed,confirmatory,6,105,24.9,0.849462753184193,0.105510038147062,-0.74395271503713,-0.000181473351974694,-0.000243704157013618,-0.000213583222001832,-0.00011599630874349,-0.000144822983907361,-0.000189260088207172
dense_465_recomputed,confirmatory,7,105,25.8,-1.59488702990864,-2.10210527498425,-0.50721824507561,-0.00016297855025411,-0.000283875710836697,-0.00026563329076155,-0.000150141028478125,-6.55106257423454e-05,-4.9732095451832e-05
dense_465_recomputed,confirmatory,8,105,26.7,-2.69784478099089,-3.02324518028728,-0.32540039929639,-0.000174336317619665,-0.000152038762712406,-0.000289590509543322,-0.000250543396643032,-0.000112903341327713,-6.66055778718512e-05
dense_465_recomputed,confirmatory,9,105,27.6,-2.56433728029344,-2.57399614998425,-0.00965886969081011,-0.000308753998706473,-0.000179193688000794,-0.000450143631454318,-0.000450710595022246,-0.000269023738711378,-0.000194698340343628
dense_465_recomputed,confirmatory,10,105,28.5,2.64009812898987,2.851543602541,0.211445473551133,4.29270233094976e-05,0.000404099709424041,0.000170852706624564,-8.98118770889523e-05,-0.000138313321598232,-0.000132192100813933
dense_465_recomputed,confirmatory,11,105,29.4,2.573018662227,2.79206264673292,0.219043984505919,-4.28209040031632e-05,0.000105249794295661,7.86206818260721e-05,-0.000115539893540781,-0.000147664934858862,-0.000134770167737906
dense_465_recomputed,confirmatory,12,105,30.3,1.95086745424239,2.26215597122787,0.311288516985477,-8.75109393653074e-05,-5.03851261275122e-05,7.41990756221389e-06,-0.000127120427043432,-0.000143092385632728,-0.000124376665585078
dense_465_recomputed,confirmatory,13,105,31.2,1.65364432158246,1.93945971365211,0.285815392069652,-0.000136784561438948,-9.10573455479926e-05,-0.00010511677249905,-0.000172844304267629,-0.000169408514741923,-0.000145495870138144
dense_465_recomputed,confirmatory,14,105,32.1,-0.890799580413691,-0.782111321701423,0.108688258712268,-0.000172645354500592,-6.3187339146832e-05,-0.000160604723794638,-0.000210283177824356,-0.00022624638940822,-0.000202905142328916
dense_465_recomputed,confirmatory,15,105,33,-4.35472053060609,-4.11359793218122,0.241122598424871,-0.000201418271060211,-0.000101156166037934,-9.35238999685736e-05,-0.000184415414483644,-0.000313760551129109,-0.000314235323681794
dense_465_recomputed,confirmatory,16,105,33.9,-5.12233979068305,-4.9001644504893,0.22217534019375,-0.000121828344938656,3.13038186151079e-05,3.19851080571368e-05,-7.82254675281051e-05,-0.00027920984965264,-0.000314995334184781
dense_465_recomputed,confirmatory,17,105,34.8,-5.85125992978839,-5.58556292523678,0.265697004551614,-0.000101472844244635,6.6110389965429e-05,8.77625179646279e-05,-2.62127817059782e-05,-0.00028327972851751,-0.000351744618929744
dense_465_recomputed,confirmatory,18,105,35.7,-6.3180691885907,-6.09368561210546,0.224383576485236,-1.30316885148341e-05,0.000128306755677637,0.00019753820157079,9.77503397894881e-05,-0.000191817768971718,-0.000296935970640366
dense_465_recomputed,confirmatory,19,105,36.6,-7.13493713185669,-6.96318049531254,0.171756636544159,5.5040839644947e-05,0.000192392654085657,0.000279371993352418,0.000193905254575007,-0.000122891793797746,-0.000267573909990601
dense_465_recomputed,confirmatory,20,105,37.5,-5.82674233262629,-5.74749496185294,0.0792473707733557,6.24684298743328e-05,7.89480349234743e-05,0.000198279211082907,0.000205752287826442,-1.73909982917373e-05,-0.000153246386169421
dense_465_recomputed,confirmatory,21,105,38.4,-6.19815540225111,-6.03839575920142,0.15975964304969,2.84261924371825e-05,0.000101374712412199,0.00016147250566615,0.000162050598674199,-6.12890842566491e-05,-0.000221477770309987
dense_465_recomputed,confirmatory,22,105,39.3,-6.17985855076001,-6.16340440187819,0.0164541488818211,9.17785384904399e-05,0.000107947237780982,0.000160789888981462,0.000218433276248859,6.56050884477208e-05,-9.38827990068241e-05
dense_465_recomputed,confirmatory,23,105,40.2,-7.23999993358829,-7.32686632864587,-0.086866395057573,0.00019004777383889,0.000177934204966087,0.000236910462463629,0.000318961637661482,0.000197237719424161,1.91948446790935e-05
dense_465_recomputed,confirmatory,24,105,41.1,-7.1066897428716,-7.27727426172668,-0.170584518855071,0.000209002857926369,0.000129779175423754,0.000204099406331462,0.00031692535080383,0.000274584547681578,0.00011962580939122
dense_465_recomputed,confirmatory,25,105,42,-6.96577530590672,-7.22342462094385,-0.25764931503713,0.000197119142593748,6.23564406876585e-05,0.000141193834399141,0.000277162415332129,0.000313532835594784,0.000191350186955026
dense_465_recomputed,confirmatory,26,105.8,20.4,5.38180561691676,4.18016011137939,-1.20164550553737,-0.000287189607949445,-2.74601640068655e-05,-8.35278809247417e-05,-0.000181895116141777,-0.000416302698513192,-0.000726762180160649
dense_465_recomputed,confirmatory,27,105.8,21.3,5.3652873632852,4.20321376415716,-1.16207359912804,-0.000326172921073366,-6.95848808448159e-05,-0.000141881847663413,-0.000229249496915559,-0.000457405395741452,-0.00073274298420159
dense_465_recomputed,confirmatory,28,105.8,22.2,3.59941473543528,2.49820723132888,-1.10120750410639,-0.000254765641545151,-0.000125443962874473,-0.000152293699617689,-0.000170163937837596,-0.000322294121620187,-0.000503632485775811
dense_465_recomputed,confirmatory,29,105.8,23.1,1.74036294462238,0.677352722490497,-1.06301022213189,-0.00015739566387368,-0.000141564291469966,-0.000133729470398756,-7.49630558619478e-05,-0.000163345284186887,-0.000273376217450842
dense_465_recomputed,confirmatory,30,105.8,24,0.932651513501653,0.0521299447127188,-0.880521568788934,-0.000167852647164779,-0.000262833408752066,-0.000209753454464969,-7.52494628275332e-05,-0.000113715616944199,-0.000177711292835127
dense_465_recomputed,confirmatory,31,105.8,24.9,0.542232459148599,-0.183006003519604,-0.725238462668203,-0.0001911579857432,-0.00031960361081427,-0.000251160107409488,-0.000108809477901094,-0.000119496583953259,-0.000156720148637891
dense_465_recomputed,confirmatory,32,105.8,25.8,0.918857824179863,0.368606487642012,-0.550251336537852,-0.000226363666118927,-0.000306546508271174,-0.000252151393838059,-0.000183463299951433,-0.000185541612307317,-0.000204115516226651
dense_465_recomputed,confirmatory,33,105.8,26.7,-1.63661239777781,-2.02337227624688,-0.386759878469069,-0.000159563941202999,-0.000159677549727706,-0.000249062523389187,-0.000204764566270627,-0.000105983990141434,-7.8331076486041e-05
dense_465_recomputed,confirmatory,34,105.8,27.6,-0.786951680245341,-0.876594730792332,-0.0896430505469909,-0.000235474232810977,-7.08138443880314e-05,-0.000320241641797731,-0.000357802294412019,-0.0002389661424238,-0.000189547241033303
dense_465_recomputed,confirmatory,35,105.8,28.5,1.58065248584413,1.65945802047029,0.0788055346261693,-0.000132422291467825,0.000133764079528545,-8.89004559090836e-05,-0.000263360753124147,-0.000237383476948608,-0.000206230850885832
dense_465_recomputed,confirmatory,36,105.8,29.4,2.59451510118804,2.74883057981373,0.154315478625688,-7.3529996519481e-05,0.000119060695793662,2.4255225368301e-05,-0.000169473706636327,-0.000180890471401021,-0.00016060172572202
dense_465_recomputed,confirmatory,37,105.8,30.3,2.92342867396341,3.08717421491474,0.163745540951326,-0.000120878851671986,-3.99803781054272e-05,-6.29011871265925e-05,-0.000179610531208753,-0.000172580419779565,-0.000149321742139593
dense_465_recomputed,confirmatory,38,105.8,31.2,2.06925178589223,2.30920475910666,0.239952973214433,-0.00015863916548203,-0.000123679671674208,-0.000148750043080437,-0.000200504753024519,-0.000174662479974904,-0.00014559887965608
dense_465_recomputed,confirmatory,39,105.8,32.1,0.505146568816708,0.728448924510699,0.223302355693991,-0.000223482569513302,-0.000231122370101611,-0.000246481307023585,-0.000240093864851364,-0.000216005551354338,-0.000183709754235611
dense_465_recomputed,confirmatory,40,105.8,33,-1.86919081735453,-1.64462337473173,0.224567442622802,-0.000217582463768362,-0.000194680551530492,-0.000180679367393833,-0.000207167120791939,-0.00026051824569754,-0.000244867033428005
dense_465_recomputed,confirmatory,41,105.8,33.9,-2.63021488339589,-2.42273346185294,0.207481421542956,-0.000184592484545344,-0.000164439929915171,-0.000112623851237084,-0.00014351354980242,-0.000248096732378747,-0.000254288359393299
dense_465_recomputed,confirmatory,42,105.8,34.8,-4.91729081059647,-4.61763711273678,0.299653697859695,-0.000130156434744293,4.91444475084328e-05,4.33381288938674e-05,-8.05424804239201e-05,-0.000308462287033422,-0.000354259982666423
dense_465_recomputed,confirmatory,43,105.8,35.7,-6.37823231302552,-6.01881310642365,0.359419206601879,-0.000104953985563663,0.000150385318389899,0.000137706604205545,-3.25529222653469e-05,-0.000345750266767278,-0.000434558661381133
dense_465_recomputed,confirmatory,44,105.8,36.6,-6.74439345908132,-6.42622900920142,0.318164449879897,-3.75578514388926e-05,0.000186491603369641,0.0002169306837863,6.84674861931534e-05,-0.000266418407081424,-0.000393260623462134
dense_465_recomputed,confirmatory,45,105.8,37.5,-5.22645918387689,-4.98996932675193,0.236489857124967,-7.54700794530058e-06,9.48074217317534e-05,0.0001643535185818,0.000106327627014546,-0.000140057114987093,-0.00026316649206751
dense_465_recomputed,confirmatory,46,105.8,38.4,-7.17801545448777,-6.91185800920142,0.266157445286343,1.55105628930728e-05,0.000159383147173799,0.000233848644246985,0.000165352120706884,-0.000147496954531573,-0.00033353414313073
dense_465_recomputed,confirmatory,47,105.8,39.3,-6.59350000225111,-6.46302536968122,0.130474632569892,9.91342159092065e-05,0.000207750525641427,0.000237738900742575,0.000230611712308451,7.77301344744979e-07,-0.000181207360491165
dense_465_recomputed,confirmatory,48,105.8,40.2,-6.29655797375183,-6.27831996122162,0.0182380125302097,0.000127057685908758,0.00017453307396998,0.000189856677445201,0.000245387167878832,9.86644946712562e-05,-7.31529844214776e-05
dense_465_recomputed,confirmatory,49,105.8,41.1,-7.10083892269364,-7.2209703329388,-0.120131410245163,0.000208366066488119,0.000177943249246501,0.000233850551177897,0.000328095208417665,0.000238241909588576,6.36994140099558e-05
dense_465_recomputed,confirmatory,50,105.8,42,-6.16607756013952,-6.3921136764994,-0.226036116359882,0.000153010388317682,2.51102928961752e-05,0.000106350999042285,0.000239969555793825,0.000257848622302917,0.000135772471553207
dense_465_recomputed,confirmatory,51,106.6,20.4,5.38024231811926,4.15766402173292,-1.22257829638634,-0.000305982988598897,-4.2464233721435e-05,-0.000101840126367681,-0.000204195717843098,-0.000437993520714928,-0.000743421344347343
dense_465_recomputed,confirmatory,52,106.6,21.3,5.02911485510819,3.83941700910666,-1.18969784600154,-0.00032368742595096,-8.47117110837994e-05,-0.000150595090313581,-0.000232010341558775,-0.000446194976554669,-0.000704925010243977
dense_465_recomputed,confirmatory,53,106.6,22.2,4.17886020171714,3.05313259875312,-1.12572760296402,-0.000297220689438512,-0.000123500181699951,-0.000181175010449941,-0.000213310313826854,-0.000385942610359722,-0.000582175330856094
dense_465_recomputed,confirmatory,54,106.6,23.1,1.77447133832128,0.74951189041979,-1.02495944790149,-0.00016754961441873,-0.000162286561615449,-0.000150909221343501,-8.25272267002703e-05,-0.0001678403403953,-0.000274184722039129
dense_465_recomputed,confirmatory,55,106.6,24,3.65563647502161,2.7478768474905,-0.907759627531118,-0.00033331788213383,-0.000267943152381663,-0.000301039878826643,-0.000243871378484465,-0.000370577488626214,-0.000483157512350165
dense_465_recomputed,confirmatory,56,106.6,24.9,0.661843093973033,-0.0944048444286953,-0.756247938401729,-0.000193663256228525,-0.000344285583209859,-0.000251592466507708,-9.58333359517803e-05,-0.000117166517409525,-0.000159438378063755
dense_465_recomputed,confirmatory,57,106.6,25.8,0.165726878340518,-0.423917078014554,-0.589643956355072,-0.000200115129530489,-0.000338860040862598,-0.000259511041563467,-0.00013933662306431,-0.000123920790824686,-0.000138947151337383
dense_465_recomputed,confirmatory,58,106.6,26.7,-1.1266928376768,-1.5478193785196,-0.421126540842806,-0.000168434263809804,-0.000210217255069553,-0.000249340511047064,-0.00018625793279371,-0.000106998209357275,-8.93574107814195e-05
dense_465_recomputed,confirmatory,59,106.6,27.6,-0.0947480608610215,-0.322123405034756,-0.227375344173734,-0.000175504069202711,-3.15257450431055e-05,-0.000207034926409443,-0.000270404896505315,-0.000199515916704807,-0.000169038861350885
dense_465_recomputed,confirmatory,60,106.6,28.5,-0.875216368725379,-1.01948781917617,-0.144271450450791,-0.000134822787885089,0.000146582953937751,-0.000152641571597432,-0.000290335300066735,-0.000210791096651875,-0.000166928925047152
dense_465_recomputed,confirmatory,61,106.6,29.4,2.68918715039439,2.70175498511676,0.0125678347223694,-0.000177872933305366,-3.36904890488724e-05,-0.000137910975189164,-0.000266150455808243,-0.000241739438886181,-0.000209873307594373
dense_465_recomputed,confirmatory,62,106.6,30.3,3.070705462708,3.14368906592484,0.0729836032168379,-0.000196907685746842,-0.000120513612440885,-0.00020076549541228,-0.000262101581815761,-0.000218198785344014,-0.000182958953721271
dense_465_recomputed,confirmatory,63,106.6,31.2,2.5384497561664,2.65959696365211,0.121147207485717,-0.000244908702868056,-0.000259973955537693,-0.00030560947381367,-0.000281216708057122,-0.000209368318736342,-0.000168375058195455
dense_465_recomputed,confirmatory,64,106.6,32.1,0.822328581948021,0.977265158096557,0.154936576148536,-0.00027855269127418,-0.000373942794215896,-0.000336950213713463,-0.000278932724624706,-0.000221740939098836,-0.000181196784717999
dense_465_recomputed,confirmatory,65,106.6,33,-0.73958156930258,-0.400944830539807,0.338636738762773,-0.0002420789260328,-0.000271230464801586,-0.000231055249979166,-0.000233985711142541,-0.000250282827567032,-0.000223840376673678
dense_465_recomputed,confirmatory,66,106.6,33.9,-2.89648561499763,-2.53801376867112,0.358471846326506,-0.000215760617973074,-0.000124401521538942,-0.000120606357664744,-0.000202832928003438,-0.000318078934215222,-0.000312883348443022
dense_465_recomputed,confirmatory,67,106.6,34.8,-5.66091832096203,-5.23888969354486,0.422028627417174,-0.000243509298842278,1.75250867825394e-05,-4.48786226730695e-05,-0.000227757949501809,-0.000468441910789429,-0.000493993098029621
dense_465_recomputed,confirmatory,68,106.6,35.7,-5.20364202173163,-4.73049429771152,0.473147724020109,-0.000161065072168697,0.000149813529464607,5.43776425853729e-05,-0.000136934371789536,-0.00040734448834071,-0.000465237672763217
dense_465_recomputed,confirmatory,69,106.6,36.6,-6.87501116244832,-6.32510610452971,0.549905057918618,-0.000230716213348118,8.06497600748007e-05,5.33235602891158e-05,-0.000161340449091034,-0.000512030758519823,-0.000614183179493649
dense_465_recomputed,confirmatory,70,106.6,37.5,-5.72314144183745,-5.3415111285196,0.381630313317848,-3.58517523038658e-05,0.000226856923684572,0.000205637108823747,4.45603203500527e-05,-0.000264609300001448,-0.000391703814376252
dense_465_recomputed,confirmatory,71,106.6,38.4,-5.16047407495433,-4.8240887535196,0.336385321434731,3.9806856289092e-06,0.000245021112419585,0.000207915638347268,8.17966798995854e-05,-0.000187810502823808,-0.000327019499698085
dense_465_recomputed,confirmatory,72,106.6,39.3,-7.14660761913423,-6.92166157612062,0.224946043013615,0.000101317356617789,0.000292933836283041,0.000314623363170399,0.000238559114371312,-6.84875799820519e-05,-0.000271041950753755
dense_465_recomputed,confirmatory,73,106.6,40.2,-5.82118646054837,-5.70784506980748,0.113341390740888,0.000107338503915426,0.000241433314752401,0.000198333877428555,0.000209845551034688,2.9170679819677e-05,-0.000142090903458191
dense_465_recomputed,confirmatory,74,106.6,41.1,-9.95522830650797,-9.88157139417617,0.0736569123317969,0.000213796735417507,0.000171540568787736,0.000391778745780837,0.000443269588426727,0.000173810378753119,-0.000111415604660882
dense_465_recomputed,confirmatory,75,106.6,42,-6.44887646439638,-6.60396008748425,-0.155083623087876,0.000168731222267925,8.25308964873062e-05,0.000154632283157029,0.000276370149820704,0.000240785111682222,8.93376701923611e-05
dense_465_recomputed,confirmatory,76,107.4,22.2,4.21750572408367,3.08503212400565,-1.13247360007802,-0.000305462991063621,-0.000104827646169529,-0.000189271636537497,-0.000230440783585506,-0.000404613524691993,-0.000598161364333581
dense_465_recomputed,confirmatory,77,107.4,23.1,3.47362669960074,2.40770570733898,-1.06592099226176,-0.0002899000326942,-0.000161655305877436,-0.00023293535757845,-0.000210366295485764,-0.000350302061639828,-0.00049424114288952
dense_465_recomputed,confirmatory,78,107.4,24,3.72979067862912,2.821058602541,-0.908732076088116,-0.000331576340214499,-0.000238672069299454,-0.000296427986486646,-0.000249489423850877,-0.000381040485051946,-0.00049225173638357
dense_465_recomputed,confirmatory,79,107.4,24.9,2.17345111980276,1.34896910759151,-0.824482012211253,-0.00027948270919122,-0.000355016723592384,-0.000292682387959193,-0.000177856458508264,-0.000253478293092981,-0.00031837968280328
dense_465_recomputed,confirmatory,80,107.4,25.8,0.730878932164472,0.0993592793086784,-0.631519652855793,-0.00021933368663869,-0.000348627345952148,-0.000264467437777307,-0.000145097051916202,-0.000156846884800139,-0.000181629712747654
dense_465_recomputed,confirmatory,81,107.4,26.7,-0.36264638928815,-0.812879182812534,-0.450232793524384,-0.000189423978091866,-0.00024877102995374,-0.000256123812511133,-0.000185217428767319,-0.000132569772514971,-0.000124437846712166
dense_465_recomputed,confirmatory,82,107.4,27.6,0.0134837714862609,-0.276411685337786,-0.289895456824047,-0.000186394090212059,-0.000106598262629147,-0.000215280368157648,-0.000254993000431441,-0.000190585718406489,-0.000164513101435571
dense_465_recomputed,confirmatory,83,107.4,28.5,0.636479159725799,0.542093039409688,-0.0943861203161106,-0.000220161372453557,-8.73177180176748e-05,-0.000228210501825685,-0.000327673908096114,-0.000250422287565793,-0.000207182446762517
dense_465_recomputed,confirmatory,84,107.4,29.4,1.01170947170271,0.957411756581406,-0.0542977151213054,-0.0002098160881776,-6.00462539910231e-05,-0.000198827534031532,-0.000320254162514592,-0.000257805491279632,-0.000212146999071223
dense_465_recomputed,confirmatory,85,107.4,30.3,2.70469398214042,2.7107090015309,0.00601501939047909,-0.000268325628133715,-0.000213125589252977,-0.000324345214130077,-0.000335592127125142,-0.000257907764905309,-0.000210657445255069
dense_465_recomputed,confirmatory,86,107.4,31.2,2.25096717968732,2.29483201668242,0.0438648369950967,-0.000329091691742484,-0.000394632807963771,-0.000440763294112024,-0.000357763017896552,-0.000252656364783491,-0.000199642973956585
dense_465_recomputed,confirmatory,87,107.4,32.1,0.65940752028376,0.837193163147062,0.177785642863302,-0.000287044422605326,-0.000409918168384153,-0.000342168794446137,-0.000283986498846047,-0.000221128323074167,-0.000178020328276127
dense_465_recomputed,confirmatory,88,107.4,33,0.731121372135612,1.14664613158141,0.415524759445794,-0.000165274695337135,-0.000171180369704624,-0.000187955777653557,-0.000172245070955408,-0.000159277754689637,-0.000135714503682448
dense_465_recomputed,confirmatory,89,107.4,33.9,-6.24347962668594,-5.77571701803981,0.467762608646131,-0.000457506331874705,-0.000344821323783229,-0.000273156660382125,-0.000462957051524285,-0.000621497576373393,-0.000585099047310493
dense_465_recomputed,confirmatory,90,107.4,34.8,-3.6096258921982,-3.1422116139994,0.467414278198801,-0.000216536799767238,-5.54986887509782e-06,-7.4839882188912e-05,-0.000224174291096039,-0.000386948644503136,-0.000391171312173006
dense_465_recomputed,confirmatory,91,107.4,35.7,-3.65857856812413,-3.13345739935294,0.525121168771191,-0.000143485804954735,0.000125995194840023,4.75619982987504e-05,-0.000142378150505123,-0.000357297333359036,-0.00039131073404829
dense_465_recomputed,confirmatory,92,107.4,36.6,-4.95229021677733,-4.35749104455496,0.59479917222237,-0.000141999446081519,0.000238759308186259,0.00013008602563772,-0.000136956327372565,-0.000435446609763732,-0.000506439627095277
dense_465_recomputed,confirmatory,93,107.4,37.5,-5.67138965492067,-5.14529721248425,0.526092442436415,-9.66350464103926e-05,0.000249999100517075,0.000185173574584412,-4.87419819516896e-05,-0.000378187261234327,-0.000491418663967433
dense_465_recomputed,confirmatory,94,107.4,38.4,-5.73730629777781,-5.30480126740849,0.432505030369315,-2.01091060146856e-05,0.000286337200611671,0.000249809127751434,5.68311468990666e-05,-0.00027270827467131,-0.000420814730664289
dense_465_recomputed,confirmatory,95,107.4,39.3,-6.02967554558926,-5.701903709959,0.327771835630258,4.75501272901972e-05,0.000300540338478858,0.000269091170974752,0.000148573678936208,-0.00015225123780043,-0.000328203314138402
dense_465_recomputed,confirmatory,96,107.4,40.2,-6.33721580229921,-6.10264282675193,0.234572975547285,0.000105807401635853,0.000332043031912262,0.000270704280397878,0.000213229145868714,-4.55722913527918e-05,-0.000241367158646798
dense_465_recomputed,confirmatory,97,107.4,41.1,-5.86137695951422,-5.71043946564082,0.150937493873404,0.000102432682649679,0.000262966035781448,0.000176937146324403,0.000197892068011488,2.81717752777379e-05,-0.000153803612146681
dense_465_recomputed,confirmatory,98,107.4,42,-7.80876408976434,-7.83182888950445,-0.0230647997401123,0.000226913696798521,0.000241146111170996,0.000293089136323531,0.000368420551553035,0.000224072555202199,7.8401297428409e-06
dense_465_recomputed,confirmatory,99,108.2,22.2,4.67551152514186,3.53683615304605,-1.13867537209581,-0.00033788541877927,-8.08025369006021e-05,-0.000202774730086086,-0.000273486609209991,-0.000465208634948747,-0.000667154582750921
dense_465_recomputed,confirmatory,100,108.2,23.1,4.48353529993744,3.41477107097535,-1.06876422896209,-0.000372600193189444,-0.000162327126958462,-0.000288084566803845,-0.000305287959984477,-0.000474029417691887,-0.000633271894508547
dense_465_recomputed,confirmatory,101,108.2,24,3.09989003759978,2.13208589925817,-0.967804138341604,-0.000299638315185193,-0.000217285852255827,-0.000280207557160903,-0.000219097860737668,-0.000338634069099948,-0.000442966236671619
dense_465_recomputed,confirmatory,102,108.2,24.9,3.26873183057717,2.41889379193494,-0.849838038642229,-0.000358986733177936,-0.000354875757313257,-0.000350292040864616,-0.000269816857115755,-0.000373368798774363,-0.000446580211821692
dense_465_recomputed,confirmatory,103,108.2,25.8,1.67424703327077,0.998224391682416,-0.676022641588357,-0.000268061666892097,-0.000347294539553958,-0.000295870658601632,-0.00019404180033441,-0.000235256162834746,-0.000267845173135742
dense_465_recomputed,confirmatory,104,108.2,26.7,1.13954714366038,0.69066441062181,-0.448882733038573,-0.000247132113087865,-0.000274510774812051,-0.000289851574076138,-0.000234809971131596,-0.000218605433060779,-0.000217882812358763
dense_465_recomputed,confirmatory,105,108.2,27.6,1.24972122379506,0.951262511631911,-0.298458712163153,-0.000241542778684966,-0.000186929004387301,-0.000259762808194181,-0.00028896581713528,-0.000247206977474488,-0.000224849286233581
dense_465_recomputed,confirmatory,106,108.2,28.5,-0.047763123439184,-0.207210453014554,-0.15944732957537,-0.000228643317955899,-0.000120880833188472,-0.000255827406674053,-0.000333430703776965,-0.000239519981890942,-0.000193557664249065
dense_465_recomputed,confirmatory,107,108.2,29.4,1.12691687992782,1.04439927930868,-0.0825176006191409,-0.000252376497722381,-0.000152899158814426,-0.000256375020009625,-0.000353863188399024,-0.000274926992039493,-0.000223818129349338
dense_465_recomputed,confirmatory,108,108.2,30.3,1.49693282182296,1.42029616314706,-0.0766366586758988,-0.000285577893186445,-0.000254365330576798,-0.000323609044304703,-0.000358986313570646,-0.000272380830689919,-0.000218547946790159
dense_465_recomputed,confirmatory,109,108.2,31.2,1.40025743312647,1.41911921617737,0.0188617830508927,-0.000333049804744183,-0.000398488742108942,-0.000421787459503969,-0.000372643682787892,-0.000265179792742648,-0.000207149346577462
dense_465_recomputed,confirmatory,110,108.2,32.1,-1.57522551721023,-1.517270772459,0.0579547447512294,-0.000152996309213554,-3.49293465703519e-05,-6.93431292519067e-05,-0.000226823731221573,-0.00023607778279957,-0.000197807556224369
dense_465_recomputed,confirmatory,111,108.2,33,0.480674205661345,0.790410548248072,0.309736342586727,-0.000299375039218032,-0.000550566002616078,-0.000346710380561397,-0.000245035670255534,-0.000194916506040601,-0.000159646636616549
dense_465_recomputed,confirmatory,112,108.2,33.9,-4.20294293253009,-3.56233579139839,0.640607141131701,-0.000541143944086757,-0.000519479366998755,-0.000453003760358001,-0.000567428610699449,-0.000615668781195608,-0.00055013920118197
dense_465_recomputed,confirmatory,113,108.2,34.8,-2.34669059739301,-1.69038364809031,0.656306949302696,-0.000192618958086853,4.2861291218549e-05,-4.9445448867996e-05,-0.000236171231369556,-0.000364977198303655,-0.000355362203111609
dense_465_recomputed,confirmatory,114,108.2,35.7,-3.72884129498801,-3.05920252561557,0.669638769372442,-0.000204309049569666,0.000105363822728819,1.96969799133946e-05,-0.000236341067130002,-0.000447103172340186,-0.000463161811020353
dense_465_recomputed,confirmatory,115,108.2,36.6,-5.33189330025496,-4.58903946311556,0.742853837139397,-0.000286115430708243,9.40381987957899e-05,9.30634489717405e-06,-0.000300901439411739,-0.000592531668413171,-0.00064048858940927
dense_465_recomputed,confirmatory,116,108.2,37.5,-5.54296809623861,-4.821464959959,0.721503136279608,-0.000189373167122071,0.000229871638405429,0.000150584196584377,-0.000181814368785513,-0.000525876519264821,-0.000619630782549825
dense_465_recomputed,confirmatory,117,108.2,38.4,-5.7573595429197,-5.18106065882263,0.576298884097069,-8.73740273059658e-05,0.00026837032711187,0.000226207074329235,-3.06024083271876e-05,-0.000381853091834209,-0.000518992037809538
dense_465_recomputed,confirmatory,118,108.2,39.3,-6.34843321588748,-5.87452253129738,0.473910684590094,-1.23590489551811e-05,0.000307102918018592,0.00027458730288627,8.22584788543657e-05,-0.000272456034086029,-0.000453287910449105
dense_465_recomputed,confirmatory,119,108.2,40.2,-6.30060682406448,-5.94191893154991,0.358687892514577,5.44986855993778e-05,0.000328732182032977,0.000263420021699473,0.000159369295180226,-0.000140189037382952,-0.000338839033532835
dense_465_recomputed,confirmatory,120,108.2,41.1,-5.45730243356424,-5.23935540314082,0.217947030423428,7.43326232403337e-05,0.000241897858378307,0.00017268623411811,0.000172877927130433,-1.85894459931001e-05,-0.000197209457432081
dense_465_recomputed,confirmatory,121,108.2,42,-7.70817340067824,-7.60650697952971,0.101666421148536,0.000160427640198781,0.000215332851889036,0.000262780878821718,0.000316159210094993,0.000120877784521114,-0.000113012524332959
dense_465_recomputed,confirmatory,122,109,22.2,5.06421020753725,3.92698026415716,-1.13722994338008,-0.000363054949313131,-5.80827578022358e-05,-0.000201498995246953,-0.000307932646093737,-0.000519138622820618,-0.000728621724602112
dense_465_recomputed,confirmatory,123,109,23.1,4.6848196642953,3.64458085001575,-1.04023881427955,-0.000369543838295623,-0.000122148824211023,-0.000262063884934104,-0.000317062136433707,-0.000494120932904382,-0.000652323412994901
dense_465_recomputed,confirmatory,124,109,24,3.80229311249155,2.88637941440969,-0.915913698081863,-0.000331143672604182,-0.000188222704786319,-0.000279603676615501,-0.000270246077097676,-0.000405498663148721,-0.000512147241372695
dense_465_recomputed,confirmatory,125,109,24.9,3.75671493351127,2.94727129824807,-0.809443635263201,-0.000366137057821538,-0.000276744381406734,-0.00034129177786319,-0.000306219752645685,-0.00041769965567978,-0.000488729721512301
dense_465_recomputed,confirmatory,126,109,25.8,2.44987734226548,1.82134690430868,-0.628530437956803,-0.000298765553775017,-0.000299202595315576,-0.000319126372508625,-0.00024741195008796,-0.000298446714671678,-0.000329640136291245
dense_465_recomputed,confirmatory,127,109,26.7,1.59392730392974,1.12270224142989,-0.471225062499853,-0.00027660516624478,-0.000284128175751942,-0.000323364951756036,-0.000262221184070499,-0.000256308401371745,-0.000257003118273679
dense_465_recomputed,confirmatory,128,109,27.6,1.35704722793167,1.07092667072282,-0.286120557208848,-0.00027524640950148,-0.00023117372479058,-0.000321265806405181,-0.000317954610598038,-0.000265720829091631,-0.000240117076621968
dense_465_recomputed,confirmatory,129,109,28.5,2.32039215506009,2.28048578688444,-0.0399063681756584,-0.000231506945466161,-7.65741504325249e-05,-0.000242674927788623,-0.000332538928014941,-0.000272839047440788,-0.000232907673653927
dense_465_recomputed,confirmatory,130,109,29.4,-0.742916147513258,-0.814872469428696,-0.0719563219154372,-0.000220993180345122,-7.26833609415154e-05,-0.000221727278221982,-0.000359430171654662,-0.000254820772341317,-0.000196304318566134
dense_465_recomputed,confirmatory,131,109,30.3,-0.934622286281897,-0.950187250994352,-0.0155649647124551,-0.000203726597656501,-5.0409086899807e-05,-0.000158048964690992,-0.000344139057328805,-0.000262973967208177,-0.000203061912154725
dense_465_recomputed,confirmatory,132,109,31.2,-0.0354797996777603,-0.00472965882263474,0.0307501408551256,-0.000258263541411322,-0.000205367998812965,-0.00025914993869385,-0.000350372353416761,-0.000267689643815279,-0.000208737772317754
dense_465_recomputed,confirmatory,133,109,32.1,-2.91458754720061,-2.63758507170142,0.277002475499185,-0.000322641877399095,-0.000240223364588651,-0.000245543371781606,-0.000431973609749396,-0.000384733760414038,-0.000310735280461784
dense_465_recomputed,confirmatory,134,109,33,-0.995241802732113,-0.598977932812534,0.39626386991958,-0.000297742160810605,-0.000342995478708661,-0.000288504859038265,-0.000323541221992145,-0.000291238761125987,-0.000242430483187966
dense_465_recomputed,confirmatory,135,109,33.9,-4.43538455174606,-3.72800941892365,0.707375132822418,-0.000656087903762596,-0.00064295821721685,-0.00060457289014258,-0.0007199520282084,-0.000703907017470995,-0.000609049365774159
dense_465_recomputed,confirmatory,136,109,34.8,-0.685248864492575,-0.0465315426610186,0.638717321831556,-0.000129496033908229,-0.000121132028423821,-7.25888065406089e-06,-0.000113031030059868,-0.00020439458927446,-0.000201663641128933
dense_465_recomputed,confirmatory,137,109,35.7,-3.50105445968257,-2.68552000099435,0.815534458688218,-0.000288973335586134,-3.39827954934764e-05,-4.74230708236888e-05,-0.000332759572609012,-0.000517416656947023,-0.00051328458205747
dense_465_recomputed,confirmatory,138,109,36.6,-4.4682842425349,-3.69999420490849,0.76829003762641,-0.000261872199437463,5.51855583216501e-05,4.01066302416279e-05,-0.000281294165708981,-0.000545009027434674,-0.000578349992606936
dense_465_recomputed,confirmatory,139,109,37.5,-5.48937026497358,-4.70049908369637,0.788871181277203,-0.000269095038402583,0.000100044835044669,7.18416202645195e-05,-0.000263415860505956,-0.000589584327255382,-0.000664361459560765
dense_465_recomputed,confirmatory,140,109,38.4,-5.04018529549306,-4.36328450225698,0.676900793236078,-9.9696852933162e-05,0.000260438360248596,0.00024905773965604,-6.75400137510895e-05,-0.000411903502725485,-0.000528536848093872
dense_465_recomputed,confirmatory,141,109,39.3,-5.86602596853298,-5.29110004266102,0.574925925871961,-4.73489556161462e-05,0.000299251043273036,0.000274303925610104,2.55657883832802e-05,-0.000335710321098989,-0.000500155214248163
dense_465_recomputed,confirmatory,142,109,40.2,-6.27857391256857,-5.79182197006001,0.486751942508565,-1.57238637702998e-06,0.000321147473307376,0.000247251848659172,9.36060447445381e-05,-0.000236540298599284,-0.000433326999996952
dense_465_recomputed,confirmatory,143,109,41.1,-5.85266979955751,-5.58163995238324,0.271029847174269,6.83559094364723e-05,0.000239042221649204,0.000204923729948758,0.000187381657141955,-4.80861153438998e-05,-0.000241481946213655
dense_465_recomputed,confirmatory,144,109,42,-8.19330141207795,-8.02949272713071,0.163808684947237,0.000151137423265509,0.000232720825270819,0.000292154336172405,0.00032838820866301,7.98837410763688e-05,-0.000177459994855056
dense_465_recomputed,confirmatory,145,109.8,21.3,4.91684507463681,3.75849711769252,-1.1583479569443,-0.000300603669450184,-1.92676091880627e-05,-0.00010498613610395,-0.00023278568643281,-0.0004534948451439,-0.000692484070382196
dense_465_recomputed,confirmatory,146,109.8,22.2,4.7216426595334,3.56593086011676,-1.15571179941664,-0.000341874785714471,-5.06656881026623e-05,-0.00018000431805744,-0.000291417657726981,-0.000493396980602236,-0.000693889284083037
dense_465_recomputed,confirmatory,147,109.8,23.1,4.81840943625298,3.76953693587433,-1.04887250037864,-0.000374026115900472,-9.12635074307821e-05,-0.000245418897541482,-0.000335215263819234,-0.000520085379005668,-0.000678147531705196
dense_465_recomputed,confirmatory,148,109.8,24,4.59915186867241,3.58749307602585,-1.01165879264656,-0.000429842352439944,-0.000229521352868085,-0.000355780256196937,-0.00038093486080188,-0.000533731373154702,-0.000649243919178117
dense_465_recomputed,confirmatory,149,109.8,24.9,3.40611738796053,2.54363461642989,-0.862482771530637,-0.000335929927397938,-0.000241498973858261,-0.000303488259818181,-0.000279181549564,-0.000392403543547731,-0.000463077310201516
dense_465_recomputed,confirmatory,150,109.8,25.8,2.66683864553629,1.90514595860161,-0.761692686934677,-0.000297937609456427,-0.000251807085497415,-0.000285557451392658,-0.000249096264477821,-0.00033183094155394,-0.0003713963043603
dense_465_recomputed,confirmatory,151,109.8,26.7,2.22312999570464,1.63486069218747,-0.588269303517169,-0.000276195179297835,-0.000230251766692382,-0.000285790077723176,-0.000261249719387409,-0.000297030480721548,-0.000306653851964659
dense_465_recomputed,confirmatory,152,109.8,27.6,2.80467358796053,2.49088807728848,-0.313785510672051,-0.000302341187758558,-0.000222351688706123,-0.000310288107036692,-0.000341916510720828,-0.000329024655866156,-0.00030812497646299
dense_465_recomputed,confirmatory,153,109.8,28.5,1.86718138670993,1.8134917035511,-0.0536896831588235,-0.000257681222249097,-0.000163281007075006,-0.000287020280350782,-0.00034347831710463,-0.000268778399124928,-0.00022584810759014
dense_465_recomputed,confirmatory,154,109.8,29.4,1.23478474669069,1.27592488536928,0.0411401386785984,-0.000269489518868957,-0.000165527979452722,-0.000318157985858921,-0.000381822408168562,-0.000270174710055836,-0.000211764510808741
dense_465_recomputed,confirmatory,155,109.8,30.3,-0.884991811774922,-0.878796460590311,0.00619535118461093,-0.000191693322088931,6.49111493650191e-05,-0.000177690719769589,-0.000369488819668707,-0.000270412874986741,-0.000205785345384635
dense_465_recomputed,confirmatory,156,109.8,31.2,0.571469632597372,0.681537015419789,0.110067382822418,-0.000270424358181888,-0.000193465625099937,-0.00032197765546146,-0.000373380485906604,-0.000262841776055397,-0.00020045624838604
dense_465_recomputed,confirmatory,157,109.8,32.1,-0.164312088662849,0.280047291934941,0.44435938059779,-0.000293396994399145,-0.000210215518017036,-0.000379332377479738,-0.000388624463923243,-0.000276630704955208,-0.000212181907620499
dense_465_recomputed,confirmatory,158,109.8,33,0.324085727258267,0.876429064662214,0.552343337403947,-0.000205756756828535,-0.000210971414687749,-0.000246058222820918,-0.000236442329384516,-0.000185771066836959,-0.000149540750412533
dense_465_recomputed,confirmatory,159,109.8,33.9,-1.53813099015395,-0.834730375994352,0.703400614159599,-0.000322604679134665,-0.000247567716632963,-0.00029270653732694,-0.000382269217673333,-0.000370998511947726,-0.000319481412092365
dense_465_recomputed,confirmatory,160,109.8,34.8,-0.383517803646014,0.259889124005648,0.643406927651662,-0.000164069828243172,-0.000259459956077532,-8.01267769961415e-05,-0.000120747304029552,-0.000183106685262945,-0.000176908418849688
dense_465_recomputed,confirmatory,161,109.8,35.7,-3.6932120888793,-2.82040979266102,0.872802296218281,-0.000395541610060266,-0.000223630015573501,-0.000176756418292502,-0.000436823056027209,-0.000581933935923199,-0.000558564624484921
dense_465_recomputed,confirmatory,162,109.8,36.6,-3.35223598794135,-2.53409594733274,0.818140040608613,-0.000191720743408285,3.38598128271318e-05,0.000114770829394925,-0.00019905336443798,-0.000440303070534369,-0.000467877924291134
dense_465_recomputed,confirmatory,163,109.8,37.5,-4.09153732185188,-3.26773404202971,0.823803279822177,-0.000184008480307082,0.000105564531325127,0.000168152648952181,-0.000178800476286002,-0.000477150342678936,-0.000537808762847778
dense_465_recomputed,confirmatory,164,109.8,38.4,-4.62644647084178,-3.88685510263577,0.739591368206015,-0.000134742358509893,0.000176623143876313,0.000218977806981838,-0.000103417081454385,-0.000432507107837487,-0.000533388554115741
dense_465_recomputed,confirmatory,165,109.8,39.3,-5.96173691538243,-5.30056604202971,0.661170873352721,-0.000121169433458693,0.000227204850204248,0.00021568748397162,-5.18163562237498e-05,-0.000420385360298308,-0.000576537784947274
dense_465_recomputed,confirmatory,166,109.8,40.2,-5.78954937827324,-5.23687160074183,0.552677777531412,-1.59699441400614e-05,0.000337745575588376,0.000244819974697256,6.06597687409033e-05,-0.000270189381832608,-0.000452885657894235
dense_465_recomputed,confirmatory,167,109.8,41.1,-7.58125915314096,-7.20129211210546,0.379967041035501,4.22212711744646e-05,0.000294309711890545,0.000254928634747668,0.000192235834506776,-0.000143033853417449,-0.000387333971855217
dense_465_recomputed,confirmatory,168,109.8,42,-8.03377363711403,-7.84229768079233,0.191475956321696,0.000146911240806993,0.000249842932748808,0.000306023671320915,0.000326151545267205,5.5031721100228e-05,-0.000202493666402193
dense_465_recomputed,confirmatory,169,110.6,21.3,5.29974774120728,4.11790988410666,-1.18183785710062,-0.000327475641509988,-1.87161515337441e-05,-0.000109881153850279,-0.000260092199890858,-0.000498865476208403,-0.000749823226066657
dense_465_recomputed,confirmatory,170,110.6,22.2,4.6114848539057,3.43199680961171,-1.17948804429398,-0.000327814840147411,-3.60525028065801e-05,-0.00015532255232974,-0.000279398139977318,-0.00048439959528331,-0.000683901410340106
dense_465_recomputed,confirmatory,171,110.6,23.1,4.56888619137563,3.46771222627838,-1.10117396509726,-0.000368154624660243,-9.94527969509953e-05,-0.00023060220010329,-0.000328731597392079,-0.000512692339723965,-0.000669294189130886
dense_465_recomputed,confirmatory,172,110.6,24,3.51379179464643,2.50967103814706,-1.00412075649937,-0.000302272460628178,-0.000145095027329465,-0.000216402510203394,-0.000249964805572876,-0.000395773946256839,-0.000504126013778319
dense_465_recomputed,confirmatory,173,110.6,24.9,2.88430949695524,1.98722766188444,-0.8970818350708,-0.000278870887353678,-0.000186772939281896,-0.000232562667612283,-0.000222912378842669,-0.000340114378245419,-0.00041199207278612
dense_465_recomputed,confirmatory,174,110.6,25.8,1.77839057579122,1.01238131718747,-0.766009258603749,-0.000206792052421789,-0.00015593697167461,-0.000197910949819783,-0.000158923399669164,-0.000239794589100967,-0.000281394351844421
dense_465_recomputed,confirmatory,175,110.6,26.7,2.42331810147664,1.84096126541979,-0.582356836056851,-0.000271037805527916,-0.000168551211318308,-0.000274707218534285,-0.000274002272370619,-0.000314757441837222,-0.000323170883579146
dense_465_recomputed,confirmatory,176,110.6,27.6,1.60652747468491,1.27363466567232,-0.332892809012599,-0.000252836445301808,-0.000176569817844487,-0.000287315034760043,-0.00029124926230339,-0.000264675941924618,-0.000244372169676504
dense_465_recomputed,confirmatory,177,110.6,28.5,2.65129434447808,2.56033723637939,-0.0909571080986983,-0.00026883818609781,-0.000187937715054555,-0.00027327935832173,-0.000338817419513095,-0.000291282143178303,-0.000252874294421369
dense_465_recomputed,confirmatory,178,110.6,29.4,1.80641157146221,1.94741826163191,0.1410066901697,-0.000252639198195972,-0.000155805326807,-0.000312084689537335,-0.000357162889779111,-0.000246709654657637,-0.000191433430198777
dense_465_recomputed,confirmatory,179,110.6,30.3,-0.820227305016866,-0.636092649984251,0.184134655032615,-0.000333781095204135,-0.000128950854116079,-0.000453576094416756,-0.000518977407234222,-0.000328171813343323,-0.000239229306910295
dense_465_recomputed,confirmatory,180,110.6,31.2,-2.07418060852817,-1.807753147459,0.266427461069171,-0.000339861993386717,2.13713938706628e-05,-0.000436247345467538,-0.000585417876355475,-0.000400754235386511,-0.000298261903594722
dense_465_recomputed,confirmatory,181,110.6,32.1,0.25596558093792,0.766044737642012,0.510079156704091,-0.000265494214592967,-0.000150104773600182,-0.000387208652804177,-0.00037049513283362,-0.000240420858796058,-0.000179241654930798
dense_465_recomputed,confirmatory,182,110.6,33,0.377106357224597,0.968373592439992,0.591267235215395,-0.000208333513725276,-0.000210731557099556,-0.000267575681635623,-0.000245644033400666,-0.000177629339660541,-0.000140086956829997
dense_465_recomputed,confirmatory,183,110.6,33.9,-1.86057808447815,-1.08365835326708,0.776919731211066,-0.000371130309701552,-0.000267523329628409,-0.000368058181228197,-0.000458424164638524,-0.00041304147020789,-0.000348604402804742
dense_465_recomputed,confirmatory,184,110.6,34.8,-2.38245068305919,-1.66210199341859,0.720348689640599,-0.000314015994133268,-0.000135956762350726,-0.000229399658791766,-0.000388812099449346,-0.000429104439229337,-0.000386807010845166
dense_465_recomputed,confirmatory,185,110.6,35.7,-1.27777009332855,-0.527334149984251,0.750435943344303,-0.000146501305320218,-0.000118584743483876,3.6300841059199e-06,-0.000120357766664948,-0.000245958894780725,-0.000251235205777459
dense_465_recomputed,confirmatory,186,110.6,36.6,-2.80152088928815,-2.06751068786304,0.734010201425111,-0.000194338310748962,-9.06152663716358e-05,4.45012676816435e-05,-0.00016795337646972,-0.000367648225726907,-0.000389975952858192
dense_465_recomputed,confirmatory,187,110.6,37.5,-3.42576776826843,-2.66016321437819,0.765604553890238,-0.000164328444135204,4.54702462170801e-06,0.000143836725329648,-0.000128286177498744,-0.000394071553236394,-0.000447668239892237
dense_465_recomputed,confirmatory,188,110.6,38.4,-3.85419650881677,-3.09853843786304,0.755658070953731,-0.000109166924089388,0.000145428255518867,0.000237976864526634,-7.41612368019712e-05,-0.000383291495993265,-0.000471787007697205
dense_465_recomputed,confirmatory,189,110.6,39.3,-5.29861469510826,-4.62582530907516,0.672789386033096,-0.000125986151485691,0.000169506649035111,0.000194098179100893,-5.88910239065116e-05,-0.000398612674919073,-0.000536031886738876
dense_465_recomputed,confirmatory,190,110.6,40.2,-4.85095181054837,-4.24149540314082,0.609456407407555,-3.14877286641108e-06,0.000380325480797971,0.000260271231387779,4.47128546933572e-05,-0.000270084769069118,-0.000430968662142045
dense_465_recomputed,confirmatory,191,110.6,41.1,-9.05581758241946,-8.56136108622163,0.494456496197838,-6.74327828899613e-05,0.000190529820872019,0.000197065999571895,0.000117520796627862,-0.000281761345795928,-0.000560519185725655
dense_465_recomputed,confirmatory,192,110.6,42,-7.29250176309767,-7.07902969038829,0.213472072709382,0.000113052396795812,0.00018890770227508,0.000265750672030472,0.000291826666060243,2.87170090624906e-05,-0.000209940065449224
dense_465_recomputed,confirmatory,193,111.4,22.2,3.30650696756611,2.12021192072282,-1.18629504684329,-0.000201428698428288,2.78821483787725e-05,-5.30610845060217e-05,-0.000151497076521692,-0.000327486994270273,-0.000502980485222227
dense_465_recomputed,confirmatory,194,111.4,23.1,4.07818058584413,2.95787076289454,-1.12030982294959,-0.000310034126235594,-6.0861231387717e-05,-0.000161586555193274,-0.000267608913989119,-0.000453037189795451,-0.000607076740812411
dense_465_recomputed,confirmatory,195,111.4,24,3.95819193062527,2.95584417072282,-1.00234775990245,-0.00031698553934397,-0.000114424615452051,-0.000195094360028026,-0.0002781691537449,-0.000442436137090964,-0.000554803430403912
dense_465_recomputed,confirmatory,196,111.4,24.9,3.5738798562626,2.67541585127838,-0.898464004984221,-0.000322424149312922,-0.000163277369029588,-0.000242472126499174,-0.000289323247623163,-0.00042178729141656,-0.000495260711996126
dense_465_recomputed,confirmatory,197,111.4,25.8,1.32784922355456,0.478376486379386,-0.849472737175178,-9.8289799712065e-05,2.72210156956047e-05,-4.98110980810741e-05,-6.06329424513905e-05,-0.00017639777586056,-0.000231828197862905
dense_465_recomputed,confirmatory,198,111.4,26.7,2.87648963129867,2.26742796617737,-0.609061665121305,-0.000270146115628871,-0.000119241158143057,-0.000246816208591613,-0.000283368197577479,-0.000344911845441779,-0.000356393168390428
dense_465_recomputed,confirmatory,199,111.4,27.6,2.61409612961517,2.28123802047029,-0.332858109144874,-0.00027607662729993,-0.000177346681658993,-0.000275827979658079,-0.000315585716635982,-0.000315213066424328,-0.000296409692122271
dense_465_recomputed,confirmatory,200,111.4,28.5,2.99351083447327,2.97759667703595,-0.0159141574373227,-0.000261238439701847,-0.000211121052416868,-0.000257509689169213,-0.000319790331061268,-0.000277444127087178,-0.000240326998774705
dense_465_recomputed,confirmatory,201,111.4,29.4,3.40918132220776,3.59299487274302,0.18381355053526,-0.00015967547796946,-9.86830260977934e-05,-0.000143420797840455,-0.000219533691765131,-0.000183934767276303,-0.000152805106867616
dense_465_recomputed,confirmatory,202,111.4,30.3,3.39282432947087,3.79666397501575,0.40383964554488,-1.57138669971871e-05,0.000103546013598982,-3.18158726344189e-05,-7.24873511742582e-05,-4.53318281253357e-05,-3.24802966509051e-05
dense_465_recomputed,confirmatory,203,111.4,31.2,1.07310799806154,1.62023936390464,0.547131365843101,-0.000243125393702708,-0.000196347327228744,-0.000393862245125144,-0.000327762553324778,-0.000176336395385981,-0.000121318447448894
dense_465_recomputed,confirmatory,204,111.4,32.1,1.10292683028857,1.79065979193494,0.687732961646371,-0.000168744207128197,-0.000152207586287302,-0.000296266498024402,-0.000214932197568817,-0.00010728228017003,-7.30324735904326e-05
dense_465_recomputed,confirmatory,205,111.4,33,2.07837924476668,2.75025505834908,0.671875813582398,-3.65059584792886e-05,-0.000188212914713284,-0.000103078915061019,2.02087214672385e-05,4.77518910335374e-05,4.08014248770843e-05
dense_465_recomputed,confirmatory,206,111.4,33.9,-3.14487222141898,-2.33200161715597,0.812870604263014,-0.000609606698048818,-0.000477836830830036,-0.000674281639710884,-0.000762439195117161,-0.000622596955598546,-0.000510878868987462
dense_465_recomputed,confirmatory,207,111.4,34.8,-0.240875491933652,0.602543798248072,0.843419290181725,-0.000123020064605393,-7.61891066802132e-05,-9.39410702787364e-05,-0.000121888968108552,-0.000164668099334312,-0.000158413078625149
dense_465_recomputed,confirmatory,208,111.4,35.7,-0.56219088895145,0.144311199763224,0.706502088714673,-0.00013045273533802,-0.000191151722027856,-5.88820409278862e-05,-7.11216265036752e-05,-0.000161098655439615,-0.000170009631791069
dense_465_recomputed,confirmatory,209,111.4,36.6,-4.33901331942283,-3.61219020427718,0.72682311514565,-0.000323245093693981,-8.33873174211788e-05,-8.58789097873614e-05,-0.000352539701181397,-0.000543803372212945,-0.000550616167867025
dense_465_recomputed,confirmatory,210,111.4,37.5,-5.31738459729681,-4.5445854359691,0.772799161327709,-0.00036510954544812,-0.000134121831352921,-7.05819599090929e-05,-0.000352034627181221,-0.000613409645237017,-0.00065539966356035
dense_465_recomputed,confirmatory,211,111.4,38.4,-6.28208130845602,-5.50363402372163,0.778447284734394,-0.000379637194603277,-0.000129548688103189,-6.40907525780496e-05,-0.000325433079626003,-0.000644500627796406,-0.000734612824912737
dense_465_recomputed,confirmatory,212,111.4,39.3,-5.4690583874844,-4.82925287031253,0.639805517171864,-0.000150019042076402,8.99393971636143e-05,0.000157704890293209,-6.44849569869998e-05,-0.000399021056436656,-0.000534233484415178
dense_465_recomputed,confirmatory,213,111.4,40.2,-5.09515772596444,-4.47622735831758,0.618930367646852,-4.99303683182071e-05,0.000277432619222899,0.000206664867327224,1.91308562028566e-05,-0.000296104927259766,-0.00045677525708425
dense_465_recomputed,confirmatory,214,111.4,41.1,-7.47132811550268,-6.98221321564082,0.48911489986186,-3.49185405303374e-05,0.000243900195435255,0.000206517390136163,0.000108158946623269,-0.000247840159870398,-0.000485329074975977
dense_465_recomputed,confirmatory,215,111.4,42,-7.46430615068786,-7.19207951968122,0.27222663100664,9.52432792807855e-05,0.000187357340903176,0.000271895206133337,0.000281102682128236,-8.5451554963044e-06,-0.000255593677264517
dense_465_recomputed,confirmatory,216,112.2,22.2,4.62894153437707,3.4760778285511,-1.15286370582597,-0.000309044017311545,-1.78337350231439e-05,-0.000111415718419068,-0.000256120997360037,-0.000478883197287044,-0.000680966438468432
dense_465_recomputed,confirmatory,217,112.2,23.1,4.43409307309761,3.30363375405615,-1.13045931904146,-0.000342644186806688,-7.6809448374145e-05,-0.000170860186779676,-0.000300164909100448,-0.000502053368230963,-0.00066333302154821
dense_465_recomputed,confirmatory,218,112.2,24,4.51360301451175,3.45603106971272,-1.05757194479904,-0.000380694191841702,-0.00014562963718136,-0.000226580957227681,-0.000346309481921029,-0.000531567890779702,-0.000653382992098737
dense_465_recomputed,confirmatory,219,112.2,24.9,2.51238764794129,1.53225257097535,-0.980135076965942,-0.000214128354026292,-9.78493820467755e-05,-0.000113593281858792,-0.000161460831891332,-0.000307986031445757,-0.000389752242888806
dense_465_recomputed,confirmatory,220,112.2,25.8,3.18558267420391,2.32639901541979,-0.859183658784124,-0.000290486823916005,-0.00010759205087335,-0.000210572791207604,-0.000280579695658989,-0.000403229029515436,-0.000450460552324647
dense_465_recomputed,confirmatory,221,112.2,26.7,4.08648548218852,3.46567841440969,-0.620807067778833,-0.000337522866697818,-0.000107604108043739,-0.000269688326493779,-0.000380382943490684,-0.000461298600860827,-0.000468640354600061
dense_465_recomputed,confirmatory,222,112.2,27.6,3.89232849445403,3.53664241062181,-0.355686083832224,-0.000273597325492748,-9.83920691801715e-05,-0.000203184497678097,-0.000330476619437362,-0.000375442920302619,-0.000360490520865491
dense_465_recomputed,confirmatory,223,112.2,28.5,4.20490670489174,4.14162374521777,-0.0632829596739749,-0.000193511829991017,-6.32599301471343e-05,-0.000109334032914235,-0.000254641858219534,-0.000281511484508866,-0.000258811844165314
dense_465_recomputed,confirmatory,224,112.2,29.4,4.15155574115918,4.25816171112686,0.10660596996768,-0.000166137463164518,-0.0001311484997898,-0.000122790224306555,-0.00020492072106402,-0.000198803148361719,-0.000173024722300497
dense_465_recomputed,confirmatory,225,112.2,30.3,3.95527908031262,4.29705591314706,0.341776832834443,-5.60498666475666e-05,-7.97896292343315e-05,-5.39174693513376e-05,-6.23423822570472e-05,-4.67437563426126e-05,-3.74560960525042e-05
dense_465_recomputed,confirmatory,226,112.2,31.2,3.11419061600285,3.60613069092484,0.491940074921985,-7.77656975998876e-05,-0.000173393727903152,-0.000157406067468743,-6.19973493621356e-05,-2.57058677802816e-06,6.53924351262021e-06
dense_465_recomputed,confirmatory,227,112.2,32.1,3.06160842230396,3.69906393334908,0.637455511045121,2.94844324754982e-05,-0.000124218057486796,-5.11704228336914e-05,9.81267140179055e-05,0.000121854106793811,0.000102829821886262
dense_465_recomputed,confirmatory,228,112.2,33,2.19621514808559,2.95350057223797,0.757285424152384,-8.52697695031648e-07,-0.000186477061606865,-8.14743323024808e-05,8.13447355549388e-05,0.000100595844915545,8.17473249637044e-05
dense_465_recomputed,confirmatory,229,112.2,33.9,-1.52727747396828,-0.671196379782231,0.856081094186054,-0.000467346270177266,-0.000459391408821556,-0.000583104444602178,-0.000543665814465253,-0.000413418216827965,-0.000337151466169376
dense_465_recomputed,confirmatory,230,112.2,34.8,0.767025408980248,1.57198756087434,0.804962151894087,-3.50862975527619e-05,-8.37960914174306e-05,-6.31496762935134e-05,1.92205274655971e-05,-1.66942438574506e-05,-3.1012003661012e-05
dense_465_recomputed,confirmatory,231,112.2,35.7,-2.58272679530066,-1.80866428382263,0.774062511478021,-0.000306992192551378,-0.000108235960982586,-0.000224200438525698,-0.000365561857826217,-0.00043109171137825,-0.000405870994044141
dense_465_recomputed,confirmatory,232,112.2,36.6,-3.47986769582976,-2.80340759569132,0.676460100138435,-0.000256113875551914,-1.21590208884684e-05,-6.00183210607229e-05,-0.000293413473030073,-0.00045433810990011,-0.000460640452880198
dense_465_recomputed,confirmatory,233,112.2,37.5,-2.59363068106304,-1.9976900275095,0.595940653553538,-0.000181808167549709,-0.000242400449886508,2.81967320016619e-05,-8.81107342292505e-05,-0.000281487248271054,-0.000325239137363395
dense_465_recomputed,confirmatory,234,112.2,38.4,-6.50999506660898,-5.73418159758526,0.775813469023716,-0.000442456330584624,-0.000260408401428279,-0.000144339315776172,-0.000374930030191001,-0.000674338891205744,-0.000758265014321926
dense_465_recomputed,confirmatory,235,112.2,39.3,-7.13629468216934,-6.42699205528728,0.709302626882062,-0.000324859174642475,-0.000107085554218314,-6.53180973797038e-06,-0.000214491862563938,-0.000574460608247937,-0.000721726038444215
dense_465_recomputed,confirmatory,236,112.2,40.2,-5.99734416018762,-5.37804455086809,0.619299609319532,-0.000119433379593002,0.000138703049984524,0.00014509735918414,-1.27025680071955e-05,-0.000347105998448562,-0.000521158740677917
dense_465_recomputed,confirmatory,237,112.2,41.1,-7.35063511247237,-6.83195184442869,0.518683268043678,-6.95916680872012e-05,0.000186737540255478,0.000174200470358464,7.45580311275612e-05,-0.000276093920839494,-0.000507360461338015
dense_465_recomputed,confirmatory,238,112.2,42,-8.05752996410778,-7.73244610566607,0.325083858441705,8.88384868078624e-05,0.000230670886007048,0.000301805939288867,0.000276079467627249,-4.9605262696854e-05,-0.000314758596186999
dense_465_recomputed,confirmatory,239,113,22.2,4.35776194577679,3.21387311390464,-1.14388883187215,-0.000275676023912988,-1.49134138142902e-05,-8.25252995049445e-05,-0.00021285972362197,-0.000433954598016406,-0.000634127084607331
dense_465_recomputed,confirmatory,240,113,23.1,4.8561372595815,3.71565121870262,-1.14048604087888,-0.000378556416823898,-9.55298702326938e-05,-0.000182662806895769,-0.000331717686402427,-0.000555216499568276,-0.000727655221020326
dense_465_recomputed,confirmatory,241,113,24,4.00641278454542,2.95140333612686,-1.05500944841856,-0.000308487295469101,-9.51649533559619e-05,-0.000143612854869566,-0.000265180403055041,-0.000457269318605783,-0.000581208947459151
dense_465_recomputed,confirmatory,242,113,24.9,0.628537348085588,-0.322721720691322,-0.951259068776909,-1.27202732671724e-05,-5.57719394513169e-05,7.41349262432144e-05,9.86364687891601e-05,-4.60831756699648e-05,-0.000134517646246955
dense_465_recomputed,confirmatory,243,113,25.8,3.4977236625156,2.63501306592484,-0.862710596590762,-0.000305698388457949,-8.94813292764079e-05,-0.000200856116667479,-0.000305662454798909,-0.000441773909397884,-0.000490718132149064
dense_465_recomputed,confirmatory,244,113,26.7,4.24801999455023,3.57976721365211,-0.668252780898121,-0.000338004025267263,-6.70820780132969e-05,-0.000238096221234153,-0.00039273237175455,-0.000491279322722068,-0.000500830132612244
dense_465_recomputed,confirmatory,245,113,27.6,4.20102888430492,3.7532110255208,-0.447817858784124,-0.000308580854114974,-0.000107852572940101,-0.000219420981576409,-0.000371931506300606,-0.000429643618767895,-0.000414055590989857
dense_465_recomputed,confirmatory,246,113,28.5,3.77909314914379,3.50284035380363,-0.276252795340161,-0.000277487812418515,-0.000135899172794182,-0.000222709407169528,-0.000343584005560861,-0.000358350833355385,-0.000326895643212619
dense_465_recomputed,confirmatory,247,113,29.4,4.27160251985086,4.20976547880363,-0.0618370410472314,-0.000262634631442888,-0.000192262442326738,-0.000246299221807059,-0.00031971223355053,-0.000297526866449572,-0.000257372393080542
dense_465_recomputed,confirmatory,248,113,30.3,4.12362699507933,4.33000271112686,0.206375716047526,-0.000157293364733802,-0.000189107146490443,-0.000181904005284616,-0.000172405073710611,-0.000133961059580627,-0.000109089538602714
dense_465_recomputed,confirmatory,249,113,31.2,2.65424550970175,3.02959159243999,0.375346082738242,-0.000214645751801691,-0.000325301050817048,-0.000325035704800305,-0.000223262891240245,-0.000117073727314622,-8.2555384836233e-05
dense_465_recomputed,confirmatory,250,113,32.1,2.68518683711878,3.18858182097535,0.503394983856569,-0.000157262827136423,-0.000335063093855586,-0.000292735631080378,-0.000122534759170276,-2.60895334481227e-05,-9.89111812775253e-06
dense_465_recomputed,confirmatory,251,113,33,2.35551554914379,3.10221351289454,0.746697963750748,-4.6489712119807e-05,-0.00028217172027288,-0.000173436117094985,4.78090076220687e-05,9.5098619108907e-05,8.02516500378537e-05
dense_465_recomputed,confirmatory,252,113,33.9,1.74066547141411,2.57474983612686,0.83408436471275,-2.90582377488663e-05,-0.000196112240188804,-0.000142626292843441,5.76516912159967e-05,7.72498299636727e-05,5.85458231082437e-05
dense_465_recomputed,confirmatory,253,113,34.8,1.34776897834052,2.18583676289454,0.838067784554019,3.327774113941e-05,-4.08246254864568e-05,-2.82245673659928e-05,0.000112711732076176,7.60599536467808e-05,4.66662128265425e-05
dense_465_recomputed,confirmatory,254,113,35.7,-1.7001479919577,-0.948300488368089,0.751847503589613,-0.000245471435978779,-8.93781842128522e-05,-0.000221539308426768,-0.000284385105533623,-0.000324369992152394,-0.000307684589568258
dense_465_recomputed,confirmatory,255,113,36.6,-2.98728296357867,-2.25102974594385,0.736253217634827,-0.000273647314388834,-7.34024727221956e-05,-0.000140351519637398,-0.000302236787169032,-0.000425168127192875,-0.000427077665222671
dense_465_recomputed,confirmatory,256,113,37.5,-5.05982571050027,-4.29250878571658,0.767316924783697,-0.000389959170492628,-0.000203893138315455,-0.000149474022140096,-0.000378027613969644,-0.000592773892837311,-0.000625627185200637
dense_465_recomputed,confirmatory,257,113,38.4,-4.60050447141898,-3.96454777182768,0.635956699591297,-0.000236380923071311,-7.5649081279092e-05,2.84997573096311e-05,-0.000179776486054031,-0.00043881642747973,-0.000516162377853336
dense_465_recomputed,confirmatory,258,113,39.3,-6.43994456822033,-5.82111262220647,0.618831946013856,-0.000238564283691768,-4.39390042683595e-05,7.23342646322706e-05,-0.000135809809346629,-0.000473234956194307,-0.000612171913281817
dense_465_recomputed,confirmatory,259,113,40.2,-5.15993674970181,-4.57391590377213,0.586020845929681,-0.000111849932292716,6.17794112581912e-05,0.000125027608781469,-6.4992999420994e-07,-0.000295528138605344,-0.000449878612903688
dense_465_recomputed,confirmatory,260,113,41.1,-6.74844535645987,-6.19267668723173,0.555768669228141,-0.000106225252202406,0.000126110656598079,0.000119992695778822,2.81185148913109e-05,-0.000295422260846372,-0.00050992586743387
dense_465_recomputed,confirmatory,261,113,42,-7.95663070395866,-7.57193743836809,0.384693265590575,3.68548718532641e-05,0.000181749957937361,0.000258947335500805,0.000220299885691936,-0.00010624052581291,-0.000370482294050871
dense_465_recomputed,confirmatory,262,113.8,23.1,5.01390272846077,3.86964388158141,-1.14425884687936,-0.000387421977681092,-0.000111128227884518,-0.000179492084154968,-0.000329718431741348,-0.000567629487749258,-0.000749141656875369
dense_465_recomputed,confirmatory,263,113.8,24,3.96097760258294,2.87745432476322,-1.08352327781972,-0.000304517218637665,-0.000104207373653118,-0.000128021968485736,-0.000248347364399395,-0.000454741608865558,-0.000587267777784517
dense_465_recomputed,confirmatory,264,113.8,24.9,3.43023776934581,2.46274634622787,-0.967491423117939,-0.000276796559796316,-9.56498894675549e-05,-0.000133386301639403,-0.000238417865950758,-0.000413372631476661,-0.000503156110447201
dense_465_recomputed,confirmatory,265,113.8,25.8,1.1819771613131,0.267081803298577,-0.914895358014524,-2.23905093372964e-05,0.000103962182729499,0.00010268397892242,3.68776193692141e-05,-0.000139228082550694,-0.000216248245156921
dense_465_recomputed,confirmatory,266,113.8,26.7,2.22060371624336,1.46162457981373,-0.758979136429627,-0.000167045340914382,2.02796658995924e-05,-5.7617974351344e-05,-0.000166811713017079,-0.000298432251390242,-0.000332644431712837
dense_465_recomputed,confirmatory,267,113.8,27.6,3.90813480219814,3.37777567198545,-0.530359130212696,-0.000305656070507972,-9.35981422939219e-05,-0.000196826553789068,-0.000366115223650107,-0.00044152586638786,-0.000430214566418905
dense_465_recomputed,confirmatory,268,113.8,28.5,2.28337570070704,1.87361681845009,-0.409758882256948,-0.000201028442457267,1.9247434615076e-06,-0.000129735171015602,-0.000272257176869192,-0.000313038310199733,-0.000292036297663316
dense_465_recomputed,confirmatory,269,113.8,29.4,3.16906112013946,2.98575803562181,-0.18330308451765,-0.000251588990123997,-9.07420145635744e-05,-0.000229081576275462,-0.000338697717161351,-0.000321234969987376,-0.000278188672632222
dense_465_recomputed,confirmatory,270,113.8,30.3,4.1259276541462,4.17805686137938,0.0521292072331919,-0.00025133721514615,-0.000225844821490442,-0.000294591083724989,-0.000300232244762521,-0.000239945628870256,-0.000196072296882541
dense_465_recomputed,confirmatory,271,113.8,31.2,3.66587935231839,3.94616981213696,0.28029045981857,-0.000191530736192566,-0.000299071477322526,-0.000293148101319939,-0.000187728054196568,-0.000102970378857328,-7.473566926647e-05
dense_465_recomputed,confirmatory,272,113.8,32.1,2.0414459555411,2.51587937021777,0.474433414676675,-0.0002282883558075,-0.000333084054184259,-0.000379423938475309,-0.000239824373966222,-0.000112427970887755,-7.66814415239546e-05
dense_465_recomputed,confirmatory,273,113.8,33,2.57480642913417,3.29802144723797,0.723215018103803,-5.06424642879866e-05,-0.000275148385706806,-0.000203409307162089,3.91151890648947e-05,0.000100128513708352,8.61016686557147e-05
dense_465_recomputed,confirmatory,274,113.8,33.9,2.16580559426163,2.98988270733898,0.824077113077348,3.28822555471366e-07,-0.000193186653926324,-0.000140340586392815,0.00010347307627326,0.000129398101885324,0.000102300174937912
dense_465_recomputed,confirmatory,275,113.8,34.8,1.99425838334292,2.79451726289454,0.800258879551614,4.68547820684932e-05,-0.000111714119273328,-6.00949319511999e-05,0.000153725765920704,0.000143745779253068,0.000108611416393222
dense_465_recomputed,confirmatory,276,113.8,35.7,-0.45256655920157,0.347308192187466,0.799874751389036,-0.000186536407482103,-0.000177910216579043,-0.000223513196819876,-0.000166033406623882,-0.000183722007379232,-0.000181503210008481
dense_465_recomputed,confirmatory,277,113.8,36.6,-1.39110520316501,-0.613768354529706,0.777336848635308,-0.000212034895436612,-0.000121614528747549,-0.000171074779796039,-0.000204649029844166,-0.000278340382239818,-0.000284495756555486
dense_465_recomputed,confirmatory,278,113.8,37.5,-2.97838266663303,-2.32085245301455,0.657530213618473,-0.000236823709159815,-2.93662067520358e-05,-9.29738725554372e-05,-0.000245321709195731,-0.000394286603512313,-0.00042217015378356
dense_465_recomputed,confirmatory,279,113.8,38.4,-0.36467587911499,0.146514009106658,0.511189888221648,-0.000198518219086957,-0.0004140386539839,-0.000168842437571796,-8.38037949058029e-05,-0.000148729376502156,-0.000177176832471128
dense_465_recomputed,confirmatory,280,113.8,39.3,-4.83173722625303,-4.25401816829233,0.577719057960705,-0.000157917810171704,4.48530102397096e-05,9.7083295404961e-05,-8.74975830943758e-05,-0.000364551866622085,-0.00047947590678673
dense_465_recomputed,confirmatory,281,113.8,40.2,-5.81685093510345,-5.26568013041354,0.551170804689902,-9.80891681060725e-05,0.000103915185916931,0.000157037018324466,1.24359961242365e-05,-0.00029894213246235,-0.000464891908433645
dense_465_recomputed,confirmatory,282,113.8,41.1,-6.72118515732567,-6.16498065377213,0.556204503553539,-0.000114489161211934,8.70911598271299e-05,0.000105110708204726,2.2921733715637e-05,-0.000288094376396511,-0.000499475031410653
dense_465_recomputed,confirmatory,283,113.8,42,-8.05808668795578,-7.62253858912566,0.435548098830114,-1.36025765126287e-05,0.000151350437965083,0.000213325507033741,0.000161183675369698,-0.000163580016056647,-0.000430292486875018
dense_465_recomputed,confirmatory,284,114.6,23.1,4.99430597574312,3.88917771491474,-1.10512826082838,-0.000354889059264624,-8.58026799287618e-05,-0.000139691415524465,-0.000287651730459,-0.000537122042201134,-0.000724177428209759
dense_465_recomputed,confirmatory,285,114.6,24,3.66914072658487,2.62601561390464,-1.04312511268023,-0.000254323732898315,-6.80983505494328e-05,-8.0535714918225e-05,-0.000189389854571538,-0.000399288909157837,-0.00053430583529454
dense_465_recomputed,confirmatory,286,114.6,24.9,2.69514602134196,1.71127438663191,-0.98387163471005,-0.00020844628765701,-9.16769636667288e-05,-7.27177199957381e-05,-0.000141581108873961,-0.000319656506365327,-0.000416599139383294
dense_465_recomputed,confirmatory,287,114.6,25.8,3.83255150979795,2.93340444976322,-0.899147060034726,-0.000328352179348475,-9.98154734537066e-05,-0.000187495564729868,-0.000322616384209779,-0.000486344540558546,-0.000545488933790477
dense_465_recomputed,confirmatory,288,114.6,26.7,3.66965650840305,2.8865970545612,-0.783059453841844,-0.000309126173105691,-8.13614032223754e-05,-0.000179063415150995,-0.00033046520325678,-0.000464180087871531,-0.000490560756026776
dense_465_recomputed,confirmatory,289,114.6,27.6,3.60255091205865,3.01519905077333,-0.587351861285327,-0.000292387340521928,-9.35849614468604e-05,-0.000168547169967782,-0.000336271200752068,-0.000433163802081458,-0.00043036956836147
dense_465_recomputed,confirmatory,290,114.6,28.5,2.8533601614574,2.42915702804605,-0.424203133411349,-0.000250391443995604,-9.39190288209713e-05,-0.000155045142743647,-0.000306118423906217,-0.000359528304899688,-0.000337346319607498
dense_465_recomputed,confirmatory,291,114.6,29.4,1.84639954519958,1.5405636795612,-0.305835865638381,-0.000160869834750842,8.03625572903029e-05,-7.4582888575167e-05,-0.000258526737303177,-0.000290703235162042,-0.000260898870004126
dense_465_recomputed,confirmatory,292,114.6,30.3,4.03145246766231,4.00256561137939,-0.0288868562829216,-0.0002751967847295,-0.000202908450479395,-0.000293966327122054,-0.000343532522057566,-0.000292428834480348,-0.000243147789508134
dense_465_recomputed,confirmatory,293,114.6,31.2,3.55412323817698,3.71565035127838,0.161527113101398,-0.000237351686015657,-0.000276610994201976,-0.000322204600767648,-0.000269974280281925,-0.000179917915161403,-0.000138050639665333
dense_465_recomputed,confirmatory,294,114.6,32.1,3.12493000460314,3.53475147501575,0.409821470412605,-0.000174849516588431,-0.000296580375899625,-0.000318801675497812,-0.000163286341103134,-5.93299257487224e-05,-3.62492646928605e-05
dense_465_recomputed,confirmatory,295,114.6,33,2.81486002379506,3.47055218966221,0.65569216586715,-5.00374184785184e-05,-0.000231538250855049,-0.000210018979156242,1.97005754281209e-05,9.08949134816434e-05,8.07746487089353e-05
dense_465_recomputed,confirmatory,296,114.6,33.9,2.36885368252522,3.13838939799555,0.769535715470325,-1.23725677172745e-05,-0.000192722010615539,-0.000169793276928017,7.54982597178254e-05,0.000123568602368815,0.000101585586870542
dense_465_recomputed,confirmatory,297,114.6,34.8,1.96906663788838,2.7444225015309,0.775355863642523,4.00424912861336e-07,-0.000168608596706521,-0.000132816274709912,9.27847001604591e-05,0.000118095658622137,9.25466371981436e-05
dense_465_recomputed,confirmatory,298,114.6,35.7,1.64662164327558,2.42563802173292,0.779016378457338,2.55189737777578e-05,-0.000115997765200789,-5.62723828074004e-05,0.000119376595543069,0.000105607006968729,7.48814143851805e-05
dense_465_recomputed,confirmatory,299,114.6,36.6,1.36566123841748,2.13780470481373,0.772143466396251,5.04804811436629e-05,-1.81717489976437e-05,2.54066124511148e-05,0.000126479309495535,7.61538428187565e-05,4.25343899505515e-05
dense_465_recomputed,confirmatory,300,114.6,37.5,0.727907599143788,1.44134718461171,0.71343958546792,-4.31651869302116e-06,-1.55814902662252e-05,1.50082489567181e-05,4.49184516328092e-05,-1.85529785969903e-05,-4.73748251914176e-05
dense_465_recomputed,confirmatory,301,114.6,38.4,0.776679996666636,1.41466758233898,0.637987585672346,4.21959727341534e-06,2.14208666335358e-05,4.27408352468974e-05,4.03859817222031e-05,-2.65431206138895e-05,-5.69065766216701e-05
dense_465_recomputed,confirmatory,302,114.6,39.3,-3.30113595677252,-2.74060674152465,0.560529215247863,-0.00012285007346742,8.45971873058022e-05,5.29275187428944e-05,-8.37469679957831e-05,-0.000289258238588947,-0.000378769866801067
dense_465_recomputed,confirmatory,303,114.6,40.2,-4.07701105828767,-3.58323286021152,0.493778198076145,-6.11733482236873e-05,0.000101460750924757,0.000125749344000317,2.159046655886e-05,-0.00021263908487099,-0.000342028217731382
dense_465_recomputed,confirmatory,304,114.6,41.1,-6.95027811855703,-6.38677318609536,0.563504932461667,-0.000160787146635511,1.41468520738838e-05,5.27910223609844e-05,-1.74829721151723e-05,-0.00031978883866684,-0.000533601796830409
dense_465_recomputed,confirmatory,305,114.6,42,-7.75763496466092,-7.28936937498425,0.468265589676674,-6.21243759865667e-05,9.14416934041408e-05,0.000145066097296191,0.000103110306184611,-0.000196752880021298,-0.000453487096796479
dense_465_recomputed,confirmatory,306,115.4,23.1,4.39532363586818,3.3293573045612,-1.06596633130697,-0.000279817595130654,-5.57240529628317e-05,-8.76028013897406e-05,-0.000201072456644333,-0.000436131537245692,-0.000618557127410671
dense_465_recomputed,confirmatory,307,115.4,24,3.10069523158727,2.01984681339959,-1.08084841818768,-0.000205622565844922,-5.39081936089651e-05,-5.32188875494302e-05,-0.000124952944256205,-0.000328243179964197,-0.000467789623845815
dense_465_recomputed,confirmatory,308,115.4,24.9,2.64873409777294,1.62108308486423,-1.0276510129087,-0.00017869245167138,-4.56350346166447e-05,-2.89888765866438e-05,-0.000103574361925309,-0.000302995359470808,-0.000412268625757497
dense_465_recomputed,confirmatory,309,115.4,25.8,3.51229261908126,2.58513576036928,-0.927156858711974,-0.000280954383450117,-6.87649320120786e-05,-0.000129775322000614,-0.000255827809588304,-0.000439675938342025,-0.000510727915307566
dense_465_recomputed,confirmatory,310,115.4,26.7,2.52270910248674,1.70684419976322,-0.815864902723518,-0.000178755552563628,-6.09832853297929e-06,-3.51796577689578e-05,-0.000154905438344826,-0.000324401398091865,-0.000373192940079513
dense_465_recomputed,confirmatory,311,115.4,27.6,4.10414444390088,3.45205139673292,-0.652093047167962,-0.000330938583703509,-9.72920924858457e-05,-0.000190032434850689,-0.000376472318413287,-0.000495029821503498,-0.000495866251264223
dense_465_recomputed,confirmatory,312,115.4,28.5,4.21383709036553,3.78661606339959,-0.427221026965943,-0.000301224867726228,-9.54599658508216e-05,-0.000179120765551059,-0.00037118727107101,-0.000442467483896184,-0.000417888852262066
dense_465_recomputed,confirmatory,313,115.4,29.4,3.76283184539199,3.49103180708646,-0.271800038305529,-0.00029469133404954,-0.000152708102227434,-0.000211937896051833,-0.000366998186291445,-0.000390966527820621,-0.000350845957856367
dense_465_recomputed,confirmatory,314,115.4,30.3,3.96332830691195,3.89495023006625,-0.0683780768456923,-0.000268919432578425,-0.000190073277732657,-0.000247049877998797,-0.000336871388987047,-0.000308753229629491,-0.000261849388544135
dense_465_recomputed,confirmatory,315,115.4,31.2,2.43253922610387,2.50917226036928,0.0766330342654189,-0.000233947513187145,-0.000158038085519437,-0.000257109119303444,-0.000315021062659969,-0.000244787501890655,-0.00019478179656222
dense_465_recomputed,confirmatory,316,115.4,32.1,3.11323254563249,3.42229058612686,0.309058040494375,-0.000206421924775258,-0.000246384688766449,-0.000325025104526336,-0.000236794186824816,-0.000130096586369691,-9.38090573890003e-05
dense_465_recomputed,confirmatory,317,115.4,33,2.90523552562286,3.50300125279353,0.597765727170662,-7.3479570003795e-05,-0.000210101004175261,-0.000228950496538107,-3.3087478629146e-05,5.23371563951937e-05,5.24039729283457e-05
dense_465_recomputed,confirmatory,318,115.4,33.9,2.44456001706106,3.15044013284403,0.705880115782976,-4.83850270622302e-05,-0.000202239263272728,-0.000211016496523694,1.10819913987173e-05,8.50213613600773e-05,7.52272717264771e-05
dense_465_recomputed,confirmatory,319,115.4,34.8,2.05616837266471,2.78296813789454,0.726799765229825,-3.94977502905627e-05,-0.000193170895823112,-0.000187439593030011,2.73767050910062e-05,8.47318669594983e-05,7.10131653498053e-05
dense_465_recomputed,confirmatory,320,115.4,35.7,1.82316624899949,2.55861128814706,0.735445039147574,-4.72984346711465e-06,-0.00015932910862641,-0.000111598644345882,7.44931906866901e-05,9.727748697828e-05,7.5507857971749e-05
dense_465_recomputed,confirmatory,321,115.4,36.6,1.58714105419429,2.3384885545612,0.75134750036691,3.41461635476796e-05,-8.85831429343108e-05,-1.39412544101998e-05,0.0001131392067556,9.45596803958323e-05,6.55563279314762e-05
dense_465_recomputed,confirmatory,322,115.4,37.5,1.35413183986048,2.11616371365211,0.762031873791633,6.74107527663959e-05,2.18659075572795e-05,9.61582575656107e-05,0.000122383769522968,6.50461842319432e-05,3.15996449541778e-05
dense_465_recomputed,confirmatory,323,115.4,38.4,1.05158996929771,1.73148420986423,0.679894240566525,6.3532348626051e-05,0.000116256769101481,0.000126749270950496,8.02319901676341e-05,1.31184912601338e-05,-1.86947783494904e-05
dense_465_recomputed,confirmatory,324,115.4,39.3,0.481527636156776,1.03996788915716,0.558440253000388,-2.40724676137957e-05,2.95981824011031e-05,1.91483043421986e-05,-4.59735957138371e-06,-6.531764657599e-05,-9.91938186649067e-05
dense_465_recomputed,confirmatory,325,115.4,40.2,-4.29721569710441,-3.71135576362062,0.585859933483793,-0.000116656464712896,6.51153495644103e-05,6.23396272912868e-05,-4.0914861373254e-05,-0.000268314979885006,-0.000401507459161917
dense_465_recomputed,confirmatory,326,115.4,41.1,-7.21818737250123,-6.67815462599435,0.540032746506881,-0.000150606549078538,1.29133438668885e-05,7.35748594679324e-05,-2.31175678073804e-06,-0.000308024081089978,-0.000529185110856795
dense_465_recomputed,confirmatory,327,115.4,42,-7.79820213980282,-7.36318925907516,0.43501288072766,-3.27759475840678e-05,0.000134860640543932,0.000179718008966364,0.000122339008361025,-0.000172524884386921,-0.000428272511404739
dense_465_recomputed,confirmatory,328,116.2,23.1,4.1066939614093,3.0303141265309,-1.0763798348784,-0.000244818670938607,-3.73816384176347e-05,-6.44750714311326e-05,-0.000157420056473135,-0.000388776745853241,-0.000576039842517889
dense_465_recomputed,confirmatory,329,116.2,24,3.18321409060603,2.13300695733898,-1.05020713326705,-0.000199846170066969,-5.03166061388342e-05,-4.95292033976796e-05,-0.0001128723578602,-0.000320351217567522,-0.000466161465370608
dense_465_recomputed,confirmatory,330,116.2,24.9,2.58296098993263,1.55807622375312,-1.02488476617951,-0.000168035167782212,-4.56900211154326e-05,-2.77459514456626e-05,-8.24812525132209e-05,-0.000283969312645641,-0.000400289301191103
dense_465_recomputed,confirmatory,331,116.2,25.8,2.59522656689271,1.63105498006625,-0.964171586826452,-0.000183967036833863,-4.21770308075087e-05,-3.98967074775599e-05,-0.000117253853919779,-0.000316447930794227,-0.00040405966117024
dense_465_recomputed,confirmatory,332,116.2,26.7,3.02042970845115,2.16863789294504,-0.851791815506106,-0.00023054912031528,-3.98912859680091e-05,-8.66950196133043e-05,-0.000204085635593818,-0.000384614417957237,-0.000437459242444034
dense_465_recomputed,confirmatory,333,116.2,27.6,4.19777202903797,3.53292097501575,-0.664851054022219,-0.000306892197628369,-2.65353106479284e-05,-0.00015786257500226,-0.000350294033183595,-0.000494312819350737,-0.000505456249957325
dense_465_recomputed,confirmatory,334,116.2,28.5,4.49806501095235,4.02779771112686,-0.47026729982549,-0.000304774559723367,-4.8876731033198e-05,-0.000166027475494076,-0.000377548138426467,-0.000474881544037727,-0.000456538909625364
dense_465_recomputed,confirmatory,335,116.2,29.4,4.43490809628184,4.07203635001575,-0.362871746266086,-0.000347105423519698,-0.000191811396415697,-0.000242480673976825,-0.000418619127927499,-0.000462217345514931,-0.000420398573763541
dense_465_recomputed,confirmatory,336,116.2,30.3,3.94254854635399,3.87780720102585,-0.0647413453281356,-0.000253970284890916,-0.000171595700456137,-0.000204966302422484,-0.000317731958396109,-0.000309144676117248,-0.000266412787062602
dense_465_recomputed,confirmatory,337,116.2,31.2,0.939005618215458,0.98132581592484,0.0423201977093824,-0.00019471361801634,-3.77284265614133e-05,-0.000157802101248926,-0.000297259316318177,-0.000263882051763101,-0.000216896194190083
dense_465_recomputed,confirmatory,338,116.2,32.1,3.43232680797015,3.73545619092484,0.303129382954693,-0.000173972367185901,-0.000194367904635585,-0.000264453729338013,-0.000206043317734863,-0.000118440541065086,-8.65563431559574e-05
dense_465_recomputed,confirmatory,339,116.2,33,2.91127917449252,3.45945814420767,0.548178969715155,-9.2123509161033e-05,-0.000195574580294561,-0.000227973026139293,-7.62514284706452e-05,1.50461256736403e-05,2.41353634256938e-05
dense_465_recomputed,confirmatory,340,116.2,33.9,2.50057371249155,3.11989312400565,0.619319411514096,-8.3452860808324e-05,-0.000200343710627043,-0.000234479190623043,-5.71932279664888e-05,3.54382889347493e-05,3.93135362402049e-05
dense_465_recomputed,confirmatory,341,116.2,34.8,2.15103882393936,2.80117980708646,0.650140983147093,-6.68109209554254e-05,-0.00018402249030469,-0.00021153452272983,-3.13450160700261e-05,4.74922182770219e-05,4.53552060503977e-05
dense_465_recomputed,confirmatory,342,116.2,35.7,1.86979657074071,2.56238299900565,0.692586428264938,-3.0129640622319e-05,-0.000154638931644318,-0.000140839647250547,2.14245240022051e-05,6.7604945826026e-05,5.58009059550386e-05
dense_465_recomputed,confirmatory,343,116.2,36.6,1.59575577468491,2.31439484243999,0.718639067755077,1.62710543730876e-06,-0.000113031247923099,-5.69326460421689e-05,6.18028019991125e-05,6.83626849121042e-05,4.79339342405946e-05
dense_465_recomputed,confirmatory,344,116.2,37.5,1.39960759106298,2.14008034875312,0.740472757690143,5.56430801651464e-05,-1.83746962416829e-05,7.64699473845352e-05,0.000109843634022613,7.02333547503684e-05,4.00431609098983e-05
dense_465_recomputed,confirmatory,345,116.2,38.4,1.09717950686385,1.81567641440969,0.718496907545842,6.90525843034367e-05,8.0226764370466e-05,0.000150673005560995,9.26574370199047e-05,2.74283438423619e-05,-5.72262927654381e-06
dense_465_recomputed,confirmatory,346,116.2,39.3,0.645256726729166,1.28865694723797,0.643400220508805,6.65922359363738e-05,0.000205089210211781,0.000158948017447196,5.55105759049598e-05,-2.36071821311515e-05,-6.29794417509158e-05
dense_465_recomputed,confirmatory,347,116.2,40.2,-0.0192897787061393,0.428850006581406,0.448139785287545,-8.2242118287174e-05,-7.10062487297269e-05,-5.77846630537123e-05,-4.79030259442771e-05,-9.66014055859329e-05,-0.000137915248122221
dense_465_recomputed,confirmatory,348,116.2,41.1,-5.7790451864262,-5.28826066324183,0.49078452318437,-7.65930151594229e-05,0.000115018697478129,0.000114275005688593,2.97896570856835e-05,-0.0002264350185639,-0.00041561341748562
dense_465_recomputed,confirmatory,349,116.2,42,-7.46501726182302,-7.0564980660196,0.408519195803418,-1.73040041366247e-05,0.000148627356476075,0.000179954524258354,0.000124420415219764,-0.000147473854228662,-0.000392048462408654
dense_465_recomputed,confirmatory,350,117,24,3.4046861580904,2.35329288536928,-1.05139327272111,-0.000209928745787542,-4.55793878663788e-05,-5.65197958731247e-05,-0.000118370747597633,-0.000335585093150852,-0.000493588704449723
dense_465_recomputed,confirmatory,351,117,24.9,1.73350902894177,0.714299174510699,-1.01920985443107,-6.99620529232289e-05,-6.7973967767274e-07,4.36745724810345e-05,3.74419823857196e-05,-0.000153829589085099,-0.000276417490720127
dense_465_recomputed,confirmatory,352,117,25.8,1.37944179830204,0.414063233854133,-0.965378564447905,-3.72714145544316e-05,3.15588910177956e-05,8.89516261472774e-05,6.59496117190638e-05,-0.000135171342262937,-0.000237645859393358
dense_465_recomputed,confirmatory,353,117,26.7,1.86814972668107,1.03527188158141,-0.832877845099661,-9.81031501060129e-05,2.02351614745989e-05,3.81927966454229e-05,-2.93543553926153e-05,-0.000223923010940896,-0.000295666342316575
dense_465_recomputed,confirmatory,354,117,27.6,1.86562782297736,1.10739148637939,-0.758236336597977,-9.64834685735972e-05,7.32574513180947e-05,5.42914363529093e-05,-6.09559687055346e-05,-0.000250401640649928,-0.000298608621183527
dense_465_recomputed,confirmatory,355,117,28.5,4.24362503990858,3.74298107097535,-0.500643968933234,-0.000272727323615458,-2.59196124292473e-06,-0.000127492000532499,-0.000329208140273538,-0.000454845950123616,-0.000449498565904712
dense_465_recomputed,confirmatory,356,117,29.4,3.758893264151,3.35781918082383,-0.401074083327174,-0.000284087809277633,-0.000132812485896274,-0.000153368213884742,-0.000328943409037818,-0.000414468233668661,-0.00039084670390067
dense_465_recomputed,confirmatory,357,117,30.3,3.92681217944682,3.75992959875312,-0.166882580693696,-0.000276882479345913,-0.000184246194769211,-0.000194616312243298,-0.000334362370558981,-0.000355753004805818,-0.000315434514352258
dense_465_recomputed,confirmatory,358,117,31.2,3.05427644505529,3.12758664420767,0.0733101991523839,-0.000227356553118378,-0.000176176796510104,-0.000219552443816432,-0.000284154906153049,-0.000249379756735543,-0.000207518862376764
dense_465_recomputed,confirmatory,359,117,32.1,3.20279236535351,3.51900202173292,0.316209656379416,-0.000154907176183658,-0.000163479114105765,-0.000218200510444164,-0.000188308308879342,-0.000116886729873222,-8.76612176157965e-05
dense_465_recomputed,confirmatory,360,117,33,2.98280268247712,3.44046680961171,0.457664127134587,-0.000119184074527172,-0.00019436030039619,-0.000217549397809102,-0.000125560663644051,-3.84815243289216e-05,-1.99684864575947e-05
dense_465_recomputed,confirmatory,361,117,33.9,2.34867845376139,2.90770110506625,0.559022651304861,-0.000116209591777213,-0.000201138566183725,-0.000239730698046439,-0.000115452324001046,-1.96983230874136e-05,-5.02804756744225e-06
dense_465_recomputed,confirmatory,362,117,34.8,2.26248334385278,2.84025386137939,0.577770517526602,-9.41202383677551e-05,-0.000191025737015367,-0.000224911054829674,-8.37768511166646e-05,9.93750506566625e-06,1.91749460572644e-05
dense_465_recomputed,confirmatory,363,117,35.7,1.658447957417,2.29034014294504,0.631892185528045,-7.8878063522639e-05,-0.000150878143325633,-0.000178115211733253,-6.40214497391349e-05,-1.38791797410752e-06,1.24051589335002e-08
dense_465_recomputed,confirmatory,364,117,36.6,1.18549833755168,1.80556477678343,0.620066439231749,-5.52408070471731e-05,-0.000104324566164144,-0.000107534116218988,-3.57622472329646e-05,-1.05118401352373e-05,-1.80712654845313e-05
dense_465_recomputed,confirmatory,365,117,37.5,1.34865262956707,2.0213623714804,0.672709741913327,1.36649097773051e-05,-6.34296505921792e-05,1.27613547105897e-05,5.4523683507407e-05,4.26028983899897e-05,2.18662628707184e-05
dense_465_recomputed,confirmatory,366,117,38.4,1.04882923865798,1.74574979319757,0.696920554539589,4.99508547727855e-05,3.03371562486434e-05,0.000118438860149292,7.76154863264274e-05,2.70378063128895e-05,-3.67503517332511e-06
dense_465_recomputed,confirmatory,367,117,39.3,0.762190652414592,1.37546303688444,0.613272384469844,4.16124241480642e-05,0.000142233763049648,0.000115153141260994,3.29426183943132e-05,-2.44615458184766e-05,-5.78058561461573e-05
dense_465_recomputed,confirmatory,368,117,40.2,0.0308232701394595,0.508329669460194,0.477506399320734,-4.82252069847907e-05,3.64321270037504e-05,-1.58506050891688e-05,-4.05111680962582e-05,-8.97098798620426e-05,-0.000131486508880234
dense_465_recomputed,confirmatory,369,117,41.1,-2.71940591769123,-2.28752208811556,0.431883829575664,-4.94278077230852e-05,6.56896351926232e-05,4.51073562924436e-05,9.6974403377396e-06,-0.000127264832871033,-0.000240368637567199
dense_465_recomputed,confirmatory,370,117,42,-6.45739943860032,-6.06269325756001,0.394706181040311,-1.65969428091407e-05,0.00014333176986185,0.000147091882854011,0.000101743772188626,-0.000128639806489477,-0.000346512332460713
dense_465_recomputed,confirmatory,371,117.8,24.9,2.06973102211156,1.05675710001575,-1.01297392209581,-9.62758845695033e-05,-9.82509757822605e-06,1.1989408690574e-05,9.23100557556878e-06,-0.000181297693010487,-0.000311477046524946
dense_465_recomputed,confirmatory,372,117.8,25.8,1.53959388449732,0.568052319712719,-0.971541564784605,-5.55453139826314e-05,1.0155804944417e-05,6.12216529078781e-05,5.23296153566474e-05,-0.000146363406744223,-0.000255070236377876
dense_465_recomputed,confirmatory,373,117.8,26.7,2.66637771734966,1.76189526163191,-0.904482455717746,-0.000184904550238887,-6.73225636203378e-05,-4.00892865995479e-05,-0.000105348999497945,-0.000315494810675584,-0.000396267090801021
dense_465_recomputed,confirmatory,374,117.8,27.6,1.97252567175081,1.20803491440969,-0.764490757341123,-9.53380086068807e-05,3.95860529604928e-05,5.74196160581969e-05,-3.78872530738845e-05,-0.000238595026641889,-0.00029721343233732
dense_465_recomputed,confirmatory,375,117.8,28.5,3.44917770873975,2.89188690809656,-0.557290800643191,-0.000235103771113314,-4.09719969794286e-05,-9.3260198142927e-05,-0.000241977321891744,-0.000392959478703579,-0.000406349859848891
dense_465_recomputed,confirmatory,376,117.8,29.4,3.2858185579942,2.87956674016726,-0.406251817826933,-0.000230426872876641,-7.39581771315578e-05,-8.76502566539838e-05,-0.000254828948429902,-0.000371692786023644,-0.000364004196144115
dense_465_recomputed,confirmatory,377,117.8,30.3,2.27739195111589,2.06667077299555,-0.210721178120343,-0.000178695217176837,-6.26852666373912e-05,-6.10852021203045e-05,-0.000216280782374773,-0.000286566502896294,-0.000266858331855423
dense_465_recomputed,confirmatory,378,117.8,31.2,3.83207538829723,3.84869985127838,0.0166244629811477,-0.000223500950521495,-0.000147586629937898,-0.00018963620015472,-0.000278611030351382,-0.000269885654935243,-0.000231785237228231
dense_465_recomputed,confirmatory,379,117.8,32.1,3.28040803057717,3.53872693082383,0.25831890024666,-0.000171074379959685,-0.000170340130742774,-0.000200053306706995,-0.000208572739407654,-0.000154236528349367,-0.000122169194591636
dense_465_recomputed,confirmatory,380,117.8,33,2.96740973187587,3.344645852541,0.37723612066513,-0.00014221238165831,-0.000186412219954355,-0.000203719236687267,-0.000165834825838265,-9.04166967333825e-05,-6.4678929078279e-05
dense_465_recomputed,confirmatory,381,117.8,33.9,2.512225960784,3.02783409622787,0.51560813544387,-0.000110710377497676,-0.000188143217903161,-0.000208448954510631,-0.000118446444694071,-2.83254321799672e-05,-1.01878382005494e-05
dense_465_recomputed,confirmatory,382,117.8,34.8,2.07989970522844,2.66576051163191,0.585860806403466,-8.83186896900928e-05,-0.000162439200778417,-0.000196216775627461,-8.78679048069075e-05,-2.9272006880781e-06,7.85763345039901e-06
dense_465_recomputed,confirmatory,383,117.8,35.7,0.68673946085615,1.27355136895514,0.586811908098993,-0.000139553269408377,-0.000131899772352034,-0.000190553930300602,-0.000159947355130414,-0.000112410549142321,-0.000102954740116513
dense_465_recomputed,confirmatory,384,117.8,36.6,0.22863043019237,0.806980986379386,0.578350556187016,-9.49117914342385e-05,-6.24710887293944e-05,-9.76713421698356e-05,-0.000103417972952875,-0.000101986370850911,-0.000109012182468175
dense_465_recomputed,confirmatory,385,117.8,37.5,1.20544269517553,1.80653661390464,0.601093918729104,-2.02015527833653e-05,-7.78709256242305e-05,-2.84271608153318e-05,2.33310705204335e-06,7.71806983392234e-06,-4.76085436323012e-06
dense_465_recomputed,confirmatory,386,117.8,39.3,0.914276236974477,1.43792542703595,0.523649190061475,-4.11186987994652e-05,-1.03166832193157e-05,-2.19418196556596e-05,-4.07897366904079e-05,-5.63613868494378e-05,-7.6183867582505e-05
dense_465_recomputed,confirmatory,387,117.8,40.2,0.183484027282317,0.609362267313729,0.425878240031412,-6.45442648240292e-05,-1.56552862248229e-05,-3.74004075174216e-05,-5.31089978079361e-05,-9.00533666918235e-05,-0.000126503265878142
dense_465_recomputed,confirmatory,388,117.8,41.1,-2.89902150554597,-2.44145975541354,0.457561750132422,-6.33206322260171e-05,6.45588387758666e-05,2.69561169616648e-05,-5.33378536129831e-06,-0.000141750920012444,-0.000261033411493874
dense_465_recomputed,confirmatory,389,117.8,42,-5.30104151062052,-4.87371033748425,0.42733117313627,-6.5768394565935e-05,4.50650582438561e-05,4.97091626609648e-05,4.21038960035939e-05,-0.000138434129068364,-0.000327285960669726
dense_465_recomputed,confirmatory,390,118.6,24.9,4.34466380190954,3.40842004698545,-0.936243754924095,-0.00026559834964793,-3.02238772989903e-05,-9.43900220566585e-05,-0.000188690073154979,-0.000430615649593528,-0.000584072126135492
dense_465_recomputed,confirmatory,391,118.6,25.8,2.21541127795572,1.27429036011676,-0.941120917838958,-0.000120396948182197,-4.30604322517097e-05,-2.45284522098239e-06,-1.22529890277979e-05,-0.000213798471614767,-0.000330420002795728
dense_465_recomputed,confirmatory,392,118.6,26.7,1.16387114568059,0.289734487642012,-0.874136658038574,-3.49449336913936e-05,-1.40159311192488e-05,8.18432860025609e-05,8.03614862029398e-05,-0.00011473378445336,-0.00020817972508986
dense_465_recomputed,confirmatory,393,118.6,27.6,2.37540114178448,1.58105845481373,-0.794342686970752,-0.000154031027909037,-7.47825026972775e-05,-4.54268640875367e-06,-7.20537483102529e-05,-0.000276475763354374,-0.000342300438774528
dense_465_recomputed,confirmatory,394,118.6,28.5,2.17476327848482,1.61098847627838,-0.563774802206443,-0.000130249491099575,-1.06095120984834e-05,1.02906158100377e-05,-9.10545822638271e-05,-0.000261673827870353,-0.00029820014907525
dense_465_recomputed,confirmatory,395,118.6,29.4,3.31232799228953,2.99391347375312,-0.318414518536409,-0.00019418825442,-1.40901908721488e-05,-6.86327275492473e-05,-0.000215432207088188,-0.000335580759119638,-0.000337205387470778
dense_465_recomputed,confirmatory,396,118.6,30.3,2.2947843577056,2.09906866440969,-0.195715693295909,-0.000176426705265688,-6.7827464098219e-05,-6.98459390042144e-05,-0.000198193919731159,-0.00027925763003411,-0.000267008573460738
dense_465_recomputed,confirmatory,397,118.6,31.2,3.60703509955264,3.58155465304605,-0.0254804465065867,-0.00021422122753194,-0.000126168804773208,-0.000156307970374427,-0.00025906131545937,-0.000280220324362059,-0.000249347722690636
dense_465_recomputed,confirmatory,398,118.6,32.1,3.22069896920151,3.41302796491474,0.19232899571323,-0.000178226364032589,-0.000164761794625582,-0.000172718559666959,-0.000213673475530293,-0.000185535182951994,-0.000154442807388115
dense_465_recomputed,confirmatory,399,118.6,33,2.97211468921113,3.36420644723797,0.392091758026843,-0.000119191777090582,-0.00017198523780107,-0.000163922057696655,-0.000135921084543918,-7.3388456534326e-05,-5.07420488769401e-05
dense_465_recomputed,confirmatory,400,118.6,33.9,2.54434522932657,3.02216521238949,0.477819983062918,-0.000115757626443876,-0.000183789377514996,-0.000191012323934493,-0.000128408669295826,-4.82871923453219e-05,-2.72905691287439e-05
dense_465_recomputed,confirmatory,401,118.6,34.8,2.04040155491579,2.58955780708646,0.549156252170662,-0.000107762175821975,-0.000169348879732629,-0.000190278909693141,-0.00011793899391146,-3.88341975799798e-05,-2.24098981926647e-05
dense_465_recomputed,confirmatory,402,118.6,35.7,1.07369020147664,1.64826762905615,0.574577427579512,-0.000117313480615755,-0.000127400370360164,-0.000162484317787319,-0.00013281968650849,-8.63421758202246e-05,-7.75208526025751e-05
dense_465_recomputed,confirmatory,403,118.6,36.6,0.780570633775823,1.39381899016726,0.613248356391441,-7.49585779715198e-05,-0.000100085981634505,-9.15746464937881e-05,-6.78388688049923e-05,-5.45809984204928e-05,-6.0712394503821e-05
dense_465_recomputed,confirmatory,404,118.6,37.5,1.14604636621931,1.73087924395514,0.584832877735837,-2.34538648780891e-05,-5.8638521726058e-05,-2.16824880317656e-05,-1.05644849534448e-05,-7.63019132699828e-06,-1.87536383521788e-05
dense_465_recomputed,confirmatory,405,118.6,39.3,0.650300697628637,1.07006515178343,0.419764454154789,-8.68645298782169e-05,-7.53296462510079e-05,-8.10645485470482e-05,-8.29809351351436e-05,-8.90749120194789e-05,-0.000105872607438406
dense_465_recomputed,confirmatory,406,118.6,40.2,-0.26670851983168,0.2043272755208,0.47103579535248,-3.52188279105547e-05,5.53806490899255e-05,1.81170097221138e-05,-2.64655638609231e-05,-8.65562020572295e-05,-0.00013657003244666
dense_465_recomputed,confirmatory,407,118.6,41.1,-3.1460829351275,-2.72196254834284,0.424120386784659,-7.16842544821216e-05,1.14971796228134e-05,1.53901441484564e-05,1.81281995594468e-06,-0.000131654053539259,-0.000255467362598563
dense_465_recomputed,confirmatory,408,118.6,42,-4.64489614888411,-4.24493157422668,0.399964574657434,-5.8605530371068e-05,2.03881213839194e-05,2.69077734514297e-05,3.98431298914323e-05,-0.000106403691133426,-0.000273762985448696
dense_465_recomputed,confirmatory,409,119.4,25.8,3.79815992110146,2.9175443285511,-0.880615592550358,-0.000237580651134571,-7.27184428057847e-05,-8.7281219311985e-05,-0.000146740890593598,-0.000374975711679063,-0.000506186991282424
dense_465_recomputed,confirmatory,410,119.4,26.7,1.60066498079362,0.754747390419789,-0.845917590373831,-8.58788630503329e-05,-6.50109075342332e-05,2.23323422425909e-05,2.99232221400422e-05,-0.000158960690405544,-0.000257678281694521
dense_465_recomputed,confirmatory,411,119.4,27.6,-0.218460387941349,-0.932118912610514,-0.713658524669165,6.11234322426828e-05,3.47490263958498e-05,0.000153983122641923,0.000174111555568228,1.01526213964947e-05,-6.73791647890817e-05
dense_465_recomputed,confirmatory,412,119.4,28.5,2.34205868728713,1.77985858107635,-0.562200106210772,-0.000140859357488705,-1.52379136615786e-05,-6.78918968997085e-06,-9.49888221044502e-05,-0.000270925380572456,-0.000316355481415069
dense_465_recomputed,confirmatory,413,119.4,29.4,3.13281205299179,2.68718485001575,-0.445627202976043,-0.000189620319373472,-3.75267926564283e-05,-4.65748372409124e-05,-0.000176474520368316,-0.000333681920720707,-0.000353843525880997
dense_465_recomputed,confirmatory,414,119.4,30.3,1.8797924638143,1.62503858233898,-0.254753881475322,-0.000135339592227762,8.90771684790742e-06,-1.72019181689899e-05,-0.000146848129245168,-0.00025921337954497,-0.000262342251027593
dense_465_recomputed,confirmatory,415,119.4,31.2,3.16936584539198,3.15185975910666,-0.0175060862853266,-0.000180542955479651,-8.32581087843907e-05,-0.000106277323551065,-0.000211992537532969,-0.000260242702492204,-0.000240944105037626
dense_465_recomputed,confirmatory,416,119.4,32.1,3.17460411768636,3.34766770481373,0.173063587127372,-0.000162498304906967,-0.000140643459695758,-0.000132951376666931,-0.000190234805517328,-0.000186918143493234,-0.000161743739161584
dense_465_recomputed,confirmatory,417,119.4,33,2.9979505606397,3.28778649016726,0.289835929527564,-0.000137872516022522,-0.000168530418579173,-0.000151825640802681,-0.00015965471281748,-0.000117854283254114,-9.14975246591635e-05
dense_465_recomputed,confirmatory,418,119.4,33.9,2.48652040234244,2.94010661011676,0.453586207774317,-0.000116877839391926,-0.000161377535921133,-0.000169062150379641,-0.000135224536243897,-7.05985046020684e-05,-4.81264698128894e-05
dense_465_recomputed,confirmatory,419,119.4,35.7,1.06661325294369,1.53975819976322,0.473144946819532,-0.000116051140182496,-7.60313891341767e-05,-0.000123294303027553,-0.000152206002485519,-0.000120212981195141,-0.000108511025070091
dense_465_recomputed,confirmatory,420,119.4,36.6,1.18231468781623,1.74598697312181,0.563672285305583,-5.36853794248633e-05,-5.47767334369081e-05,-6.58290398652659e-05,-6.12552232064421e-05,-4.26718951630927e-05,-4.38940054526076e-05
dense_465_recomputed,confirmatory,421,119.4,40.2,-1.63922197901879,-1.16533131854486,0.473890660473933,-9.98522777783636e-05,-6.80763608075751e-05,-2.83533527303924e-05,-4.56274775328734e-05,-0.000138634572939384,-0.000218569624881592
dense_465_recomputed,confirmatory,422,119.4,41.1,-2.63900986906208,-2.21893296185294,0.420076907209142,-6.76623334281587e-05,-3.95400573210065e-05,6.05579731701256e-06,9.69811824844821e-06,-0.000101560887814692,-0.000212964637570556
dense_465_recomputed,confirmatory,423,119.4,42,-3.3412182842136,-2.94206818470647,0.399150099507122,-6.06852981292326e-05,-2.34035970023725e-05,1.3700696370935e-06,2.30453699826672e-05,-8.50411792589501e-05,-0.000219397154004601
dense_465_recomputed,confirmatory,424,120.2,23.1,4.57445251090425,3.40292525026828,-1.17152726063598,-0.00025197328812385,-5.78024672877236e-05,-7.25275860768259e-05,-0.000125833832779321,-0.000372859964763593,-0.000630842589711788
dense_465_recomputed,confirmatory,425,120.2,27.6,2.53932969142373,1.89364606339959,-0.645683628024143,-0.000146813988415019,-4.10325939116499e-05,-3.05065422831659e-05,-7.23037905025595e-05,-0.000256023697239837,-0.000334203318137883
dense_465_recomputed,confirmatory,426,120.2,28.5,1.16062062898987,0.5885866505208,-0.572033978469069,-4.56900481202672e-05,5.16134035459125e-05,6.95180340269858e-05,1.72086967908185e-05,-0.000153140096108542,-0.000213650278856511
dense_465_recomputed,confirmatory,427,120.2,29.4,2.48754591672436,2.02228588158141,-0.465260035142951,-0.000131348810880972,2.32193774813525e-05,7.18207065161473e-06,-0.000103592206603037,-0.00027328597834945,-0.000310267317585338
dense_465_recomputed,confirmatory,428,120.2,30.3,3.61092293038477,3.34002766314706,-0.270895267237708,-0.000200438295923941,-5.76448510056315e-05,-7.51773762275555e-05,-0.000200031954445965,-0.000330378027239156,-0.0003389592707014
dense_465_recomputed,confirmatory,429,120.2,31.2,3.35684502817217,3.33678002047029,-0.020065007701873,-0.000159466555572217,-4.99398189318119e-05,-6.9366191402042e-05,-0.000181827654977693,-0.000252893353520671,-0.000243305759028868
dense_465_recomputed,confirmatory,430,120.2,32.1,3.19146549753244,3.35859723385413,0.167131736321696,-0.000146003495373522,-0.000107858012387359,-9.88897678330794e-05,-0.000167937145514993,-0.000186950455604299,-0.000168382095527879
dense_465_recomputed,confirmatory,431,120.2,33,2.79880673630108,3.11490478688444,0.31609805058336,-0.000133517141757792,-0.000140400928240293,-0.000132080543995317,-0.000154224236132812,-0.000131704558551863,-0.000109175441868676
dense_465_recomputed,confirmatory,432,120.2,33.9,2.39125991725346,2.77210926289454,0.38084934564108,-0.000126563234119577,-0.000121180494912949,-0.000149296602284898,-0.000155410984884861,-0.000115220754576568,-9.17073339386098e-05
dense_465_recomputed,confirmatory,433,120.2,36.6,1.21294141484845,1.6390645545612,0.426123139712749,-7.7899680859966e-05,-4.15997061336146e-05,-6.10982584233806e-05,-0.000101088197970748,-9.42473195346696e-05,-9.14649222374167e-05
dense_465_recomputed,confirmatory,434,120.2,37.5,1.07869863812888,1.4265945545612,0.347895916432326,-8.16503494928067e-05,-4.46266495636508e-05,-6.32043118262427e-05,-0.000104478510742791,-9.86967484959141e-05,-9.72455268354346e-05
dense_465_recomputed,confirmatory,435,120.2,40.2,0.098521806599296,0.322401697237971,0.223879890638675,-0.000128627125467477,-0.000190005010108467,-9.76904773932343e-05,-8.95581152765009e-05,-0.000117232811394847,-0.000148649213164334
dense_465_recomputed,confirmatory,436,120.2,41.1,-1.91017809967776,-1.47843372889839,0.431744370779368,-7.38284222850056e-05,-8.2002097891207e-05,-1.03290915225351e-05,-1.21278111794025e-06,-9.01398942941865e-05,-0.000185458246599159
dense_465_recomputed,confirmatory,437,120.2,42,-3.81995161790768,-3.31369431854486,0.506257299362821,-0.000130198472128421,-0.000184258882920664,-7.38623893105092e-05,-4.86244803172431e-06,-0.000116448394161557,-0.000271560246217649
dense_465_recomputed,confirmatory,438,121,23.1,-3.26261650023091,-4.41796370427718,-1.15534720404627,0.000276222268024862,7.5099196255124e-05,0.000110268858363871,0.000300544841687701,0.000450407127712441,0.000444791316105173
dense_465_recomputed,confirmatory,439,121,24,0.99694132086096,0.0169774674399915,-0.979963853420969,-2.7857677395209e-05,-3.97695891520657e-06,-5.58762327381159e-06,5.14926899930594e-05,-2.60656910826783e-05,-0.000155150803697408
dense_465_recomputed,confirmatory,440,121,28.5,2.63014461797496,2.0806462755208,-0.549498342454158,-0.000156276414630148,-1.79419469017679e-05,-3.37378629875745e-05,-9.9899819064859e-05,-0.000281704294153019,-0.000348098150043521
dense_465_recomputed,confirmatory,441,121,29.4,2.36855840022604,1.93590188158141,-0.432656518644634,-0.0001340043402455,1.21524879393411e-05,-9.92707093413113e-06,-9.86133192873994e-05,-0.000264084405783959,-0.000309549393161351
dense_465_recomputed,confirmatory,442,121,31.2,3.43282839570464,3.40187071743999,-0.0309576782646435,-0.000151508005194357,-4.32888163664915e-05,-5.50606934252956e-05,-0.000159086012812203,-0.000249158856127895,-0.000250945647239898
dense_465_recomputed,confirmatory,443,121,32.1,3.11346239551224,3.26723229824807,0.153769902735838,-0.000142081232731143,-9.02390832758027e-05,-8.58955431545215e-05,-0.000156746553836377,-0.000194689918265602,-0.000182835065123411
dense_465_recomputed,confirmatory,444,121,37.5,0.447713367157257,0.802764163147062,0.355050795989806,-6.54666143384227e-05,4.30203550758567e-06,-1.34660153833085e-05,-7.88095425530997e-05,-0.000112301925160556,-0.000127057624102736
dense_465_recomputed,confirmatory,445,121,41.1,-0.250820160596471,0.0340711442076682,0.28489130480414,-8.05187312373416e-05,-0.000117393649077662,-3.56922878488095e-05,-3.60551774246184e-05,-8.15507994632733e-05,-0.000131901742372344
dense_465_recomputed,confirmatory,446,121,42,-1.62616136357867,-1.24960931917617,0.376552044402504,-6.25730792715856e-05,-7.72050609552539e-05,-1.46476850230172e-05,1.93280335511393e-06,-6.50069876596467e-05,-0.000157938466075124
dense_465_recomputed,confirmatory,447,121.8,24.9,3.26126908728713,2.19312459243999,-1.06814449484714,-0.000158562114231855,-1.72845709338499e-05,-4.0403139442759e-05,-4.81751474225786e-05,-0.000246581138265584,-0.000440366575094502
dense_465_recomputed,confirmatory,448,121.8,29.4,3.33474047545452,2.93177158107636,-0.40296889437816,-0.000176184152041502,-4.79804363831181e-06,-4.15717328308443e-05,-0.000137086303171106,-0.000319846564173584,-0.000377618116393661
dense_465_recomputed,confirmatory,449,121.8,31.2,3.21800002764307,3.14667799269252,-0.0713220349505503,-0.000153993163405168,-2.93762289590208e-05,-4.85026621824839e-05,-0.000152812627683648,-0.000263784488678065,-0.000275489809522621
dense_465_recomputed,confirmatory,450,121.8,39.3,0.253114497724837,0.375594661884436,0.122480164159599,-9.0838619358852e-05,-4.35234194589752e-05,-5.65119881304418e-05,-7.9391418603358e-05,-0.000122771103842081,-0.000151995166759404
dense_465_recomputed,confirmatory,451,121.8,41.1,-0.20956929972586,0.0271802641571633,0.236749563883024,-7.63390375926541e-05,-7.67118381162071e-05,-3.89361399349485e-05,-3.99867586171815e-05,-8.7081020913385e-05,-0.000138979430381548
dense_465_recomputed,confirmatory,452,121.8,42,-1.42609241648873,-1.12056150225698,0.305530914231749,-5.83977099330829e-05,-5.45080791583853e-05,-1.69477259571056e-05,-5.20202985654743e-06,-6.47415372210525e-05,-0.000150589177472323
dense_465_recomputed,confirmatory,453,122.6,40.2,-0.660999938518549,-0.426348233317584,0.234651705200965,-5.8724145013496e-05,2.75398922327229e-06,-7.44735015491912e-06,-2.86397791622302e-05,-9.87304869167392e-05,-0.000161557098056864
dense_465_recomputed,confirmatory,454,122.6,41.1,-0.0491434681962788,0.194264175773325,0.243407643969604,-5.01682466641117e-05,2.00843497689988e-05,-1.48403220878373e-05,-3.34050022020096e-05,-8.45737960753887e-05,-0.000138106462724322
dense_465_recomputed,confirmatory,455,122.6,42,-0.376435152251113,-0.177760844428695,0.198674307822418,-6.08739648582203e-05,-3.35142462212345e-05,-3.31986421763537e-05,-3.1656957017459e-05,-7.35856049559947e-05,-0.00013241437392006
dense_465_recomputed,confirmatory,456,123.4,40.2,-0.487778263819174,-0.356776398721625,0.13100186509755,-5.80910920414765e-05,8.08680303664499e-06,-1.24108869213334e-05,-2.81342808150971e-05,-9.7598829470308e-05,-0.000160398266037289
dense_465_recomputed,confirmatory,457,123.4,41.1,-0.877144356267467,-0.748908323595362,0.128236032672105,-5.10428868521216e-05,1.14859456414677e-05,-1.31895728961798e-05,-1.80246676854241e-05,-8.14103913449701e-05,-0.000154075747975502
dense_465_recomputed,confirmatory,458,123.4,42,-0.292980350735961,-0.165200315388291,0.12778003534767,-5.92254471159334e-05,-1.33462367893617e-05,-3.36657339362599e-05,-3.50324391443187e-05,-7.77003666923706e-05,-0.000136382459017356
dense_465_recomputed,confirmatory,459,124.2,40.2,-0.582519283059194,-0.555325481423645,0.0271938016355489,-5.61362056524137e-05,-2.07250506820472e-05,-1.10411861904877e-05,-1.5457203040686e-05,-8.36834377591043e-05,-0.000149774150589743
dense_465_recomputed,confirmatory,460,124.2,41.1,-2.53737750850412,-2.4528286379893,0.0845488705148176,-2.77249990592534e-05,2.87848579645712e-05,2.05322047514e-05,2.5095241315198e-05,-5.27171581795477e-05,-0.000160320141147889
dense_465_recomputed,confirmatory,461,124.2,42,-1.04970829765756,-1.00600491261051,0.0437033850470448,-4.87754976365666e-05,1.1340671473476e-07,-1.59943557367597e-05,-1.59096166527045e-05,-6.71500336739963e-05,-0.000144936888834107
dense_465_recomputed,confirmatory,462,125,38.4,-0.37025853885525,-0.495488355792332,-0.125229816937082,-6.05015741079936e-05,-2.45654354137072e-05,-2.00981274772177e-05,-1.23988360001859e-05,-9.19671672534106e-05,-0.000153478304395446
dense_465_recomputed,confirmatory,463,125,40.2,-1.69421987351133,-1.68908793028728,0.00513194322405287,-3.54428836042415e-05,-1.38727811239065e-05,9.46355756834703e-06,1.90743140684121e-05,-5.2572940662205e-05,-0.000139306567871855
dense_465_recomputed,confirmatory,464,125,41.1,-2.41681798195289,-2.42177360137314,-0.00495561942024713,-6.43789993262236e-06,5.08854706754059e-05,3.78072851462754e-05,3.78485125887433e-05,-2.89157860797335e-05,-0.000129814981993803
dense_465_recomputed,confirmatory,465,125,42,-2.26693633447814,-2.22945428950445,0.0374820449736922,-3.02064198640857e-05,1.17988931031903e-05,9.78897617815878e-06,1.42698031697591e-05,-4.16457555919698e-05,-0.000145244016179567
dense_465_recomputed,discovery,1,105,20.4,3.7747802261048,2.00807101041667,-1.76670921568813,-0.000221471451769369,3.6230667058125e-06,-4.02718600976718e-05,-9.4159907167086e-05,-0.000306130423692132,-0.000670418134595765
dense_465_recomputed,discovery,2,105,21.3,4.5630020276921,3.03798717708334,-1.52501485060876,-0.00028272069484421,-3.21607805580062e-05,-7.46199286332667e-05,-0.000144620451384694,-0.000400364014201994,-0.000761838299443089
dense_465_recomputed,discovery,3,105,22.2,3.77166520388257,2.35148921875,-1.42017598513257,-0.000265938237791693,-5.9226013921898e-05,-0.00010409110208245,-0.000136815446964667,-0.000369823577072276,-0.000659735048917172
dense_465_recomputed,discovery,4,105,23.1,1.32904696102543,-0.191677989583332,-1.52072495060876,-0.000162583884191141,-0.000157283943708919,-0.000129563220849441,-3.2828484113561e-05,-0.000162638515509852,-0.000330605256773931
dense_465_recomputed,discovery,5,105,24,-0.237418166752347,-1.40019696875,-1.16277880199765,-0.00020664034688962,-0.000405341042215296,-0.000308709583331527,-6.72636961424299e-05,-8.96557796969115e-05,-0.000162231633061937
dense_465_recomputed,discovery,6,105,24.9,0.837926075311145,-0.379466593749998,-1.21739266906114,-0.000236024363973946,-0.000351005138285183,-0.000235867671993493,-9.39497983187933e-05,-0.00020046306788396,-0.0002988361433883
dense_465_recomputed,discovery,7,105,25.8,-1.65171822786346,-2.40735584375,-0.75563761588654,-0.000274663000071583,-0.000482249878814467,-0.000404049499599398,-0.000212948614297015,-0.000140253412611279,-0.000133813595035755
dense_465_recomputed,discovery,8,105,26.7,-2.77395004056187,-3.11729640625,-0.343346365688128,-0.000455669588069733,-0.000607371991775873,-0.000698554273890215,-0.000504567515414153,-0.000275157600842249,-0.000192696558426173
dense_465_recomputed,discovery,9,105,27.6,-2.49763685167298,-2.47559826041667,0.0220385912563173,-0.000552445231368253,-0.000539376098532316,-0.000785205331229765,-0.000697139415374265,-0.000427556573362821,-0.000312948738342096
dense_465_recomputed,discovery,10,105,28.5,2.87945559197781,2.92122055208333,0.0417649601055235,2.10864572380287e-05,0.000471230874491454,0.000294838534304428,-0.000105865715221136,-0.000269087840400165,-0.000285683566984439
dense_465_recomputed,discovery,11,105,29.4,2.62912731975559,2.82771076041667,0.198583440661079,-5.20012946033317e-05,0.000180410788413537,0.000204780935238659,-0.000139333072130098,-0.000256510993471745,-0.00024935413106701
dense_465_recomputed,discovery,12,105,30.3,1.90300753007305,2.32356051041667,0.420552980343619,-8.88031330565998e-05,7.410462468423e-06,0.000123237933186185,-0.000154233450845841,-0.000223274740018262,-0.000197155870073504
dense_465_recomputed,discovery,13,105,31.2,1.51439191102543,1.72777469791667,0.213382786891238,-0.000212220491125253,-3.90295546968733e-06,-0.000132295556281554,-0.000329668531550508,-0.000322962747716994,-0.000272272664607522
dense_465_recomputed,discovery,14,105,32.1,-0.838923696117427,-0.765652614583332,0.0732710815340947,-0.000277620108212353,-2.85668549247116e-05,-0.000248623771347415,-0.000416266303759885,-0.000380583317265727,-0.000314060293764025
dense_465_recomputed,discovery,15,105,33,-4.36747707508568,-3.91309967708333,0.454377398002349,-0.00050426745874913,-0.00037968935068583,-0.000394836792952824,-0.000573212554564941,-0.000622799482100085,-0.000550799113441968
dense_465_recomputed,discovery,16,105,33.9,-4.99814516357774,-4.61738423958333,0.380760923994412,-0.000404553822463875,-0.00016578859869259,-0.000244442697085167,-0.000456462494448381,-0.000594301806304796,-0.000561773515788441
dense_465_recomputed,discovery,17,105,34.8,-5.94505046278409,-5.32627067708333,0.618779785700761,-0.000468096822831317,-0.000154773947955922,-0.000230751980877453,-0.00048898777465755,-0.000730960411269443,-0.000735009999396216
dense_465_recomputed,discovery,18,105,35.7,-6.72489324968886,-5.79236823958333,0.932525010105524,-0.000587480900927198,-0.000152406355830761,-0.000272676677625397,-0.000603807943662433,-0.000935269174011326,-0.000973244353506075
dense_465_recomputed,discovery,19,105,36.6,-7.56737566437139,-6.39254851041667,1.17482715395473,-0.000699475876534514,-6.89979229807559e-05,-0.000291902169237858,-0.000724760067135797,-0.00115989734532404,-0.00125182187799412
dense_465_recomputed,discovery,20,105,37.5,-6.3858444723079,-5.026076875,1.3597675973079,-0.000651294862413105,-8.11451472911666e-05,-0.000221887195723347,-0.000618007926434124,-0.0010923157123492,-0.00124311833026769
dense_465_recomputed,discovery,21,105,38.4,-6.7337733643714,-4.95379346875,1.7799798956214,-0.000743769687373462,-5.32091542051974e-05,-0.000173656106844535,-0.000664136015192519,-0.00128935501539907,-0.00153849214522598
dense_465_recomputed,discovery,22,105,39.3,-6.76808517310155,-4.96616582291667,1.80191935018489,-0.000604625862288838,5.84481461690212e-05,-1.9026458290878e-05,-0.000464864045317098,-0.00113417884033309,-0.00146350811367215
dense_465_recomputed,discovery,23,105,40.2,-7.82008332627616,-6.18626745833333,1.63381586794283,-0.000539586734644012,0.000164595589903603,2.5270722693151e-05,-0.000362810671739267,-0.00105463230367515,-0.0014703570104024
dense_465_recomputed,discovery,24,105,41.1,-7.84130282310155,-6.63620970833333,1.20509311476822,-0.000328948424098662,0.00014311042968391,0.00010451323223716,-0.000119939746204129,-0.000676399354509894,-0.00109602668170036
dense_465_recomputed,discovery,25,105,42,-7.5468614409587,-6.76890398958333,0.777957451375364,-0.000170083862234016,0.000110338245507693,0.000157997149524574,3.14563504438786e-05,-0.000379884143257198,-0.000770326913389026
dense_465_recomputed,discovery,26,105.8,20.4,5.50418960150162,3.76778321875,-1.73640638275162,-0.000340460665146054,-3.05527534569614e-05,-8.26179586533689e-05,-0.000179898770723412,-0.000475708131427948,-0.000933525711468578
dense_465_recomputed,discovery,27,105.8,21.3,5.52321617372384,3.76802994791667,-1.75518622580718,-0.000443349970922806,-0.000166217865732052,-0.000193630049808556,-0.000268900806912759,-0.00057940496840321,-0.00100859616375745
dense_465_recomputed,discovery,28,105.8,22.2,3.78334451816829,2.09569205208334,-1.68765246608495,-0.000345672274051145,-0.000185231856045438,-0.000187820023010903,-0.000191494393012078,-0.000429648708079149,-0.000734166390108156
dense_465_recomputed,discovery,29,105.8,23.1,1.96472275785083,0.414815593750002,-1.54990716410083,-0.000236724723738863,-0.000221235400326233,-0.000172738686315427,-8.61580696128545e-05,-0.000253818207242172,-0.000449673255197627
dense_465_recomputed,discovery,30,105.8,24,1.1552795261048,-0.180933156249998,-1.33621268235479,-0.000260354830923109,-0.000376875750635579,-0.000269940889717289,-9.72798764994102e-05,-0.000213524437806091,-0.000344153199957178
dense_465_recomputed,discovery,31,105.8,24.9,0.765139564993685,-0.443233052083332,-1.20837261707702,-0.000277291426569165,-0.000451592078032902,-0.000290695705298368,-0.000116703710165359,-0.000216865848709103,-0.000310599790640092
dense_465_recomputed,discovery,32,105.8,25.8,1.15850205705718,0.192768489583335,-0.965733567473841,-0.000322343690680118,-0.000493300117264282,-0.000283082150524644,-0.000195059940663665,-0.000286997620651807,-0.000353278624296191
dense_465_recomputed,discovery,33,105.8,26.7,-1.52488218857774,-2.18069673958333,-0.655814551005588,-0.000242420498246543,-0.000316356426473849,-0.000335318476148583,-0.000254471263098313,-0.000165464226144197,-0.000140492099367771
dense_465_recomputed,discovery,34,105.8,27.6,-0.566656194530125,-0.872363677083332,-0.305707482553207,-0.000274308105641457,-3.67271054508088e-05,-0.000332402706018543,-0.000406372812946632,-0.000319911557678,-0.000276126346113304
dense_465_recomputed,discovery,35,105.8,28.5,1.70280356816829,1.76015261458334,0.0573490464150472,4.98194105493717e-07,0.000603979142909818,0.000154402337582811,-0.000212192494360128,-0.000280007523262936,-0.000263690492342097
dense_465_recomputed,discovery,36,105.8,29.4,2.61302578562861,2.64176084375,0.0287350581213962,-0.000112144436144756,0.00021496268255745,9.55021281181939e-05,-0.000242350161077443,-0.000325096907026641,-0.000303739923295338
dense_465_recomputed,discovery,37,105.8,30.3,2.86554566578734,3.02909496875,0.163549302962666,-0.000149082692090675,4.97468675994809e-05,2.77272877879543e-05,-0.000248776793447135,-0.00030221581841579,-0.000271895003977882
dense_465_recomputed,discovery,38,105.8,31.2,1.98149801261273,2.31034636458334,0.328848351970603,-0.00016468741531054,6.87850853185228e-05,-4.81229408413859e-05,-0.000290821491558709,-0.000299099328013152,-0.000254178401457978
dense_465_recomputed,discovery,39,105.8,32.1,0.43077737054924,0.606153218750002,0.175375848200762,-0.000386298858708562,-0.000255121367332896,-0.000401844718324439,-0.000506102221389233,-0.000423209702155638,-0.000345216284340606
dense_465_recomputed,discovery,40,105.8,33,-1.98849884691108,-1.68628144791667,0.302217398994412,-0.000462932951934706,-0.000364932475831311,-0.000450539737700797,-0.000553524588635874,-0.000512069294581613,-0.000433598662923934
dense_465_recomputed,discovery,41,105.8,33.9,-2.46798127151425,-2.19757921875,0.270402052764254,-0.000513365339171721,-0.000585952054209105,-0.000498228173118711,-0.000522266322411918,-0.00050991110931844,-0.000450469036800431
dense_465_recomputed,discovery,42,105.8,34.8,-5.01991542191108,-4.36202842708333,0.657886994827746,-0.000614419982688871,-0.000397115784903901,-0.000480806290136428,-0.000653569512288999,-0.000789221372113145,-0.00075138695400188
dense_465_recomputed,discovery,43,105.8,35.7,-6.72593537905393,-5.82766433333333,0.898271045720603,-0.000650495941475728,-0.000179554125346259,-0.000365469306873605,-0.000711974647022623,-0.0009947556169067,-0.00100072601122945
dense_465_recomputed,discovery,44,105.8,36.6,-7.19435489810155,-5.97575594791667,1.21859895018489,-0.000824036407595785,-0.000242959392032989,-0.000475715170405554,-0.000876706842014435,-0.00123904512777086,-0.00128575550575509
dense_465_recomputed,discovery,45,105.8,37.5,-5.78688420643489,-4.26160519791667,1.52527900851822,-0.000655694697241644,-1.39721094755436e-05,-0.000213955096033471,-0.000677128567408593,-0.00112897038562837,-0.00124444732766224
dense_465_recomputed,discovery,46,105.8,38.4,-7.65147221476822,-5.77292213541667,1.87855007935155,-0.00097112560924779,-0.000201950446697883,-0.000365037021404561,-0.000941954416157853,-0.00156535886947716,-0.00178132729250149
dense_465_recomputed,discovery,47,105.8,39.3,-7.18657123579997,-5.37421121875,1.81236001704997,-0.000676634665388178,7.52882240379234e-05,-4.81636913987523e-05,-0.000584553372491233,-0.00126082769323448,-0.00156491679385435
dense_465_recomputed,discovery,48,105.8,40.2,-6.87855177587933,-5.21752122916667,1.66103054671267,-0.000445516378227221,0.000292344736622812,0.000121305636874506,-0.000319883933035708,-0.000979301641355224,-0.00134204669024249
dense_465_recomputed,discovery,49,105.8,41.1,-7.78267643222854,-6.623824625,1.15885180722854,-0.000299648598906605,0.000272471062727315,0.00015415500115007,-0.000136976199274917,-0.000696050203205803,-0.00109184265592969
dense_465_recomputed,discovery,50,105.8,42,-6.75284551000632,-6.02619765625,0.726647853756317,-0.000186641248913976,-2.18800101439573e-06,0.000102349874563632,9.87368907727274e-06,-0.000351487849134807,-0.000691753958061581
dense_465_recomputed,discovery,51,106.6,20.4,5.60582639991432,3.68647557291667,-1.91935082699765,-0.000418789311996315,-8.33791971849927e-05,-0.000145794085098808,-0.000250894988445115,-0.00056744291348185,-0.00104643537577081
dense_465_recomputed,discovery,52,106.6,21.3,5.16426320467622,3.32098684375,-1.84327636092622,-0.000449534147734767,-0.000157352558013472,-0.000218487800249253,-0.000287441342988829,-0.000585097342349203,-0.000999291695073077
dense_465_recomputed,discovery,53,106.6,22.2,4.41603937372384,2.58871496875,-1.82732440497384,-0.000454628019207011,-0.000257934958462826,-0.000273112673820026,-0.000282714077571805,-0.000557817341925914,-0.000901561044254485
dense_465_recomputed,discovery,54,106.6,23.1,2.00156997213654,0.506803322916668,-1.49476664921987,-0.000268860650505815,-0.000310710103474757,-0.000205968199128184,-0.000102590514912788,-0.000266772103873082,-0.000458262331140265
dense_465_recomputed,discovery,55,106.6,24,4.00057038483495,2.55442978125,-1.44614060358495,-0.000473597232258184,-0.000348750899765935,-0.000375638808481823,-0.000310017707047299,-0.000558922887616423,-0.000774655858379442
dense_465_recomputed,discovery,56,106.6,24.9,0.907935114993684,-0.418541864583332,-1.32647697957702,-0.000265128924818143,-0.000481253121631267,-0.000264116540218155,-7.84811605787018e-05,-0.000199024786988729,-0.000302769014673861
dense_465_recomputed,discovery,57,106.6,25.8,0.334512297533367,-0.705136260416665,-1.03964855795003,-0.000291028492864029,-0.00052714184611445,-0.000296855746542471,-0.00015015207386818,-0.000213831412934439,-0.000267161384860605
dense_465_recomputed,discovery,58,106.6,26.7,-0.837169417545998,-1.80278230208333,-0.965612884537334,-8.90377177319738e-05,-0.000102691858066742,-4.25670258130849e-05,-6.76988283846805e-05,-0.00010487303190874,-0.000127357844486621
dense_465_recomputed,discovery,59,106.6,27.6,0.0512249380095572,-0.661844614583332,-0.713069552592889,-0.000158659517883636,6.74924574922776e-05,-9.75608424449997e-05,-0.000242038878743951,-0.000262490424932226,-0.000258699900789282
dense_465_recomputed,discovery,60,106.6,28.5,-0.820245217545998,-1.16486830208333,-0.344623084537334,-0.00017686362514283,0.000238545845842486,-0.000184343755485553,-0.000383158472366548,-0.000305102547232363,-0.000250259196472169
dense_465_recomputed,discovery,61,106.6,29.4,2.87425035229527,2.81793371875,-0.0563166335452703,-0.000101950728829297,0.000332831028805958,8.01382544368796e-05,-0.000261506576029269,-0.000342653662198397,-0.000318562689161657
dense_465_recomputed,discovery,62,106.6,30.3,3.20739816420003,3.24609548958334,0.0386973253833015,-0.000189085639467779,6.26604180990345e-05,-4.11774938864279e-05,-0.000310614634396023,-0.000347737690962403,-0.000308558796193074
dense_465_recomputed,discovery,63,106.6,31.2,2.42701085943813,2.54563186458334,0.118621005145206,-0.00031955699450787,-0.000153820521126966,-0.000292673946767369,-0.000444150044779592,-0.000386699681980188,-0.000320440777885235
dense_465_recomputed,discovery,64,106.6,32.1,0.885226775311145,1.09621715625,0.210990380938857,-0.000433425240341206,-0.000398241344912748,-0.000473694680828123,-0.000535625784279471,-0.000422355683233281,-0.000337208708452406
dense_465_recomputed,discovery,65,106.6,33,-0.326394488974569,0.0482741354166685,0.374668624391238,-0.000460228400426059,-0.000400006498638299,-0.000466544396650421,-0.000560085830501686,-0.000478658370195356,-0.000395846906144534
dense_465_recomputed,discovery,66,106.6,33.9,-2.8335755723079,-2.25752344791667,0.576052124391238,-0.000590616394736185,-0.000496754966176142,-0.000588323200277804,-0.000671427458854917,-0.000640703772903959,-0.000555872575468102
dense_465_recomputed,discovery,67,106.6,34.8,-5.75711268222854,-4.97896401041667,0.778148671811873,-0.000739432833289578,-0.000449172617999621,-0.000630942837159156,-0.000825150965158529,-0.000930908008156931,-0.000860989737973653
dense_465_recomputed,discovery,68,106.6,35.7,-5.44435515167298,-4.57335373958333,0.871001412089651,-0.000588451408949937,-0.000153097842818005,-0.00038594877329412,-0.00067069569968376,-0.000873564990707069,-0.000858949738246731
dense_465_recomputed,discovery,69,106.6,36.6,-7.25484301238727,-5.89934884375,1.35549416863727,-0.00101661488482311,-0.000447783076526211,-0.000702024310032419,-0.00111428137805494,-0.0014098892671347,-0.00140909639236731
dense_465_recomputed,discovery,70,106.6,37.5,-6.12597323857775,-4.69320639583333,1.43276684274441,-0.000747995854443174,-0.000134818842875106,-0.000351857571373641,-0.0007998763765629,-0.00118766031334003,-0.00126576616806419
dense_465_recomputed,discovery,71,106.6,38.4,-5.46234344135552,-3.94668155208333,1.51566188927219,-0.00058947128919448,-0.0001486177129013,-9.20030396557545e-05,-0.000540849444684469,-0.00100687552614566,-0.00115901072258522
dense_465_recomputed,discovery,72,106.6,39.3,-7.64807817032378,-5.73060948958333,1.91746868074044,-0.000907229212558366,-0.000146863519983476,-0.000240685748303388,-0.000846260246810531,-0.00151458246940473,-0.00178775407828971
dense_465_recomputed,discovery,73,106.6,40.2,-6.39172112627616,-4.60555236458333,1.78616876169283,-0.000403130016927734,0.000531906667186941,0.000233452587783604,-0.00035862664955347,-0.00104226454128957,-0.00138011814876617
dense_465_recomputed,discovery,74,106.6,41.1,-10.5439270477047,-9.05997683333333,1.4839502143714,-0.000803079870264982,-0.000148553752766201,-9.68694853176286e-05,-0.00056529716571744,-0.00134652776632293,-0.00185815118120071
dense_465_recomputed,discovery,75,106.6,42,-7.06332432429203,-6.2268775,0.836446824292031,-0.000211443828933836,8.89514921195491e-05,0.000141309313905839,-2.77687918071013e-05,-0.000450238023808052,-0.000809473135079417
dense_465_recomputed,discovery,76,107.4,22.2,4.3749600840413,2.66891263541667,-1.70604744862464,-0.000394916843720023,-0.00012618606928614,-0.000218591096517923,-0.000256483431847498,-0.000524806107151963,-0.00084851751379659
dense_465_recomputed,discovery,77,107.4,23.1,3.73982982293019,2.15830776041667,-1.58152206251352,-0.000387749308619001,-0.000196139558369257,-0.000273187097602237,-0.000243342385903464,-0.000485746190195791,-0.000740331311024254
dense_465_recomputed,discovery,78,107.4,24,4.08616933880321,2.46281596875,-1.62335337005321,-0.000561630085218548,-0.0005168178630865,-0.000495529094499792,-0.000360062641701345,-0.000606208572243746,-0.000829532254561354
dense_465_recomputed,discovery,79,107.4,24.9,2.55271179673972,1.06008311458333,-1.49262868215638,-0.000394712560862592,-0.000497627197683861,-0.0003424154885846,-0.000195954276209888,-0.000395904156964836,-0.000541661684869771
dense_465_recomputed,discovery,80,107.4,25.8,0.962281372136541,-0.135952885416665,-1.09823425755321,-0.000278783578014375,-0.000443901397902725,-0.000258317990382373,-0.000133493680879549,-0.000243585410334622,-0.000314619410572608
dense_465_recomputed,discovery,81,107.4,26.7,-0.0565162627840932,-1.10891551041667,-1.05239924763257,-8.0208291399132e-05,-4.94708104055641e-05,3.78130112751275e-06,-3.91016914155612e-05,-0.000136170637727548,-0.000180079618574499
dense_465_recomputed,discovery,82,107.4,27.6,0.0995416062635257,-0.740334427083332,-0.839876033346858,-0.000123709120910674,8.93522738901269e-05,-2.24675234552992e-05,-0.000184448517703957,-0.000245810714648134,-0.000255171122636106
dense_465_recomputed,discovery,83,107.4,28.5,0.81176613007305,0.205184135416668,-0.606581994656381,-0.000165410375426764,0.000240202775204625,-6.27654584595445e-05,-0.000316971414819802,-0.000354144233711864,-0.000333373545347232
dense_465_recomputed,discovery,84,107.4,29.4,1.19586781658099,0.944572927083335,-0.251294889497652,-0.000230681583040901,0.00015043256625826,-0.000156671596393246,-0.000411664994020666,-0.000394832351358417,-0.000340671539690438
dense_465_recomputed,discovery,85,107.4,30.3,2.90242357451749,2.80214984375,-0.100273730767492,-0.00028249207863089,-5.17415739186497e-05,-0.000206454111264164,-0.000408333238689869,-0.000400768626633564,-0.000345162842648201
dense_465_recomputed,discovery,86,107.4,31.2,2.32809658880321,2.35884382291667,0.0307472341134598,-0.000357852383903705,-0.000237145004116986,-0.000351449201639707,-0.000478101860156294,-0.000398403026484269,-0.000324162827121267
dense_465_recomputed,discovery,87,107.4,32.1,0.91107106102543,1.12712776041667,0.216056699391238,-0.000439760891859887,-0.000380845165095273,-0.000470287734752924,-0.000563821718248553,-0.000437783898655744,-0.000346065942546941
dense_465_recomputed,discovery,88,107.4,33,1.07542661420003,1.61374955208334,0.538322937883301,-0.000343581612059482,-0.000174834705849667,-0.000367506682870334,-0.000488330930709937,-0.00038230807073336,-0.000304927670134113
dense_465_recomputed,discovery,89,107.4,33.9,-6.34540978381584,-5.53937621875,0.806033565065841,-0.00122949138560702,-0.00157999546145403,-0.00128116429121547,-0.00123423618364946,-0.00110997589805732,-0.000942085093658808
dense_465_recomputed,discovery,90,107.4,34.8,-3.76812591516505,-2.84002898958333,0.928096925581714,-0.000710683366036073,-0.000389373670719316,-0.000715689829887144,-0.000851320751649797,-0.000844972328825344,-0.000752060249098762
dense_465_recomputed,discovery,91,107.4,35.7,-3.82790160683171,-2.96701651041667,0.860885096415047,-0.000604402013440643,-0.000326696958345214,-0.000536942470271223,-0.000680942521904786,-0.000760233406413429,-0.000717194710268562
dense_465_recomputed,discovery,92,107.4,36.6,-5.24851313897457,-4.01054088541667,1.2379722535579,-0.000779620481129026,-0.000324397643784898,-0.000550247364127463,-0.000879726745572886,-0.00108015547552537,-0.00106357517663451
dense_465_recomputed,discovery,93,107.4,37.5,-6.00572537786346,-4.42984221875,1.57588315911346,-0.000908423117911109,-0.000333486446703891,-0.000544440936359789,-0.000997548875826151,-0.00131564006500088,-0.00135099926566484
dense_465_recomputed,discovery,94,107.4,38.4,-6.02254367111743,-4.54585472916667,1.47668894195076,-0.000687365882148273,-0.000141032940103595,-0.000227771253962574,-0.000700731134963675,-0.00112269583727474,-0.00124459824443679
dense_465_recomputed,discovery,95,107.4,39.3,-6.43741538619679,-4.65916265625,1.77825272994679,-0.000647996321256125,0.000154281398752477,-1.42090252756924e-06,-0.000672941307735851,-0.00125265866273406,-0.00146724213203562
dense_465_recomputed,discovery,96,107.4,40.2,-6.87798018500632,-5.19040251041667,1.68757767458965,-0.00051068992995247,0.000384955264278498,0.000134691395430934,-0.000487316699838858,-0.00113761533275179,-0.00144816427688113
dense_465_recomputed,discovery,97,107.4,41.1,-6.35985031040314,-5.11246326041667,1.24738704998648,-0.000285994172518005,0.000288284650581686,0.000170640796524797,-0.000177930151880854,-0.000695261296049674,-0.00101570486176598
dense_465_recomputed,discovery,98,107.4,42,-8.439899567546,-7.4581574375,0.981742130046,-0.000291549683050589,0.000218940485515752,0.000204601563325601,-0.000115318416492168,-0.000670424824145535,-0.00109554722345659
dense_465_recomputed,discovery,99,108.2,22.2,4.97844139912067,3.15190930208333,-1.82653209703733,-0.000475544129417853,-0.000113821416329911,-0.000276901917339878,-0.000344494198171124,-0.000644153153627895,-0.000998349961620458
dense_465_recomputed,discovery,100,108.2,23.1,4.73420201340638,3.05041296875,-1.68378904465638,-0.000521856976812492,-0.000216846295592829,-0.00039316218177364,-0.000385649437770452,-0.000664245921011621,-0.000949381047913917
dense_465_recomputed,discovery,101,108.2,24,3.37367001340638,1.71878721875,-1.65488279465638,-0.00041414209119143,-0.000233762802374443,-0.000355144083279605,-0.000266285825487426,-0.000503613289133575,-0.000711904455682099
dense_465_recomputed,discovery,102,108.2,24.9,3.5529212340413,2.07169253125,-1.4812287027913,-0.0005190746794841,-0.000515309328830672,-0.000465774589066643,-0.000329179102258939,-0.000561492223970164,-0.000723618153294083
dense_465_recomputed,discovery,103,108.2,25.8,1.90999370546988,0.738708822916669,-1.17128488255321,-0.000360033270313053,-0.000454826692452216,-0.000329791491023252,-0.000206538961481517,-0.000360206855193661,-0.000448802351414621
dense_465_recomputed,discovery,104,108.2,26.7,1.31417031023178,0.384172177083335,-0.929998133148445,-0.000309061680054305,-0.000287848359610348,-0.000280473413933552,-0.000247523910029671,-0.000344777608280678,-0.000384685108417277
dense_465_recomputed,discovery,105,108.2,27.6,1.26570370546988,0.506437072916668,-0.759266632553207,-0.000282017174259906,-0.000137558247373738,-0.000215054819863465,-0.00030328207595346,-0.000373121870644097,-0.000381068857464769
dense_465_recomputed,discovery,106,108.2,28.5,0.103273163406383,-0.568830739583332,-0.672103902989714,-8.86702087287392e-05,0.000285156706468341,3.28571403901903e-05,-0.0002357571417716,-0.000271462740889467,-0.000254145007841161
dense_465_recomputed,discovery,107,108.2,29.4,1.36539358880321,1.01543086458334,-0.349962724219873,-0.000304864172361587,-5.6090726372332e-05,-0.000234204424196983,-0.000443634545103437,-0.000422552723219818,-0.000367838442915364
dense_465_recomputed,discovery,108,108.2,30.3,1.6922598308667,1.50077721875,-0.191482612116699,-0.000330870853525366,-0.000111981922468445,-0.000263470694445051,-0.000476998883477339,-0.000436139544753767,-0.000365763222482229
dense_465_recomputed,discovery,109,108.2,31.2,1.55354959594607,1.51187173958334,-0.0416778563627305,-0.000346905916602731,-0.000225435596947399,-0.000326470406396305,-0.000481800125217324,-0.000390500225048841,-0.000310323229403786
dense_465_recomputed,discovery,110,108.2,32.1,-1.58527430167298,-1.44568334375,0.139590957922984,-0.000423087712622749,-0.000300325582301407,-0.000402763750681705,-0.000586632141178127,-0.000464516828811419,-0.000361200260141089
dense_465_recomputed,discovery,111,108.2,33,0.727692819755589,0.899865864583335,0.172173044827746,-0.000624201797056042,-0.000994859945661676,-0.000733989450011324,-0.000631184291968606,-0.000430892998629745,-0.000330082299008856
dense_465_recomputed,discovery,112,108.2,33.9,-4.13233608024441,-3.53246773958333,0.599868340661079,-0.000793106501206268,-0.000745548635521683,-0.00083518115013025,-0.000911184589298903,-0.000801505834488651,-0.000672112296591854
dense_465_recomputed,discovery,113,108.2,34.8,-2.3758413238952,-1.47890686458333,0.896934459311873,-0.000574747354534398,-0.000269784921420864,-0.000611812676225282,-0.00072861311054162,-0.000675771266637715,-0.000587754797846509
dense_465_recomputed,discovery,114,108.2,35.7,-3.79272845048251,-2.88638521875,0.906343231732508,-0.000684261484913525,-0.000394108333518184,-0.000678324723005928,-0.000795589022741607,-0.000810907075624447,-0.000742378269677459
dense_465_recomputed,discovery,115,108.2,36.6,-5.4566727988952,-4.37443126041667,1.08224153847854,-0.000781459525654369,-0.000328603364568811,-0.000597289244487234,-0.000903984047755131,-0.00105519426880635,-0.00102222670265432
dense_465_recomputed,discovery,116,108.2,37.5,-5.79417446833965,-4.35984386458333,1.43433060375632,-0.000874398805476874,-0.000358590275969499,-0.000542011196472254,-0.000981536743656676,-0.00123866366955775,-0.00125119214172819
dense_465_recomputed,discovery,117,108.2,38.4,-6.12781784770473,-4.62640717708333,1.5014106706214,-0.000768391600194526,-0.000185456805224004,-0.000323983451562489,-0.000831632776466996,-0.00120457890036791,-0.00129630606735123
dense_465_recomputed,discovery,118,108.2,39.3,-6.79793945683171,-5.15590889583333,1.64203056099838,-0.000696558232977978,8.30988676678478e-05,-0.000110974856151906,-0.000754349012906866,-0.00125914113731241,-0.00144142502618655
dense_465_recomputed,discovery,119,108.2,40.2,-6.79332196675235,-5.24892652083333,1.54439544591902,-0.000497621056270779,0.000388903261677178,0.000107312759823353,-0.000520311081984883,-0.00109758243933279,-0.00136642778153675
dense_465_recomputed,discovery,120,108.2,41.1,-5.9179065441333,-4.68433972916666,1.23356681496663,-0.000208271239765452,0.000379632053109316,0.000259512282615071,-0.000133157238851257,-0.000628656575406151,-0.000918686720294238
dense_465_recomputed,discovery,121,108.2,42,-8.28219251675235,-7.30277721875,0.979415298002349,-0.000310906326772433,0.000219486707515954,0.000192498183125473,-0.000157024576856905,-0.000703167964715265,-0.00110632398293142
dense_465_recomputed,discovery,122,109,22.2,5.21229992451749,3.45319534375,-1.75910458076749,-0.00047794880439375,-8.64934037017797e-05,-0.000253472842749383,-0.000356707893446677,-0.000669240879052296,-0.00102382900301862
dense_465_recomputed,discovery,123,109,23.1,4.89304680546988,3.26853740625,-1.62450939921987,-0.000499482422744968,-0.000143835843191214,-0.00033309818226463,-0.000382529174697027,-0.000675929702378464,-0.000962019211193506
dense_465_recomputed,discovery,124,109,24,4.08247866737464,2.45055432291667,-1.63192434445797,-0.000498779980147572,-0.00029156959985288,-0.000420129863326773,-0.000355609040777583,-0.000605304577337238,-0.000821286819443385
dense_465_recomputed,discovery,125,109,24.9,3.89123508959686,2.56972288541667,-1.32151220418019,-0.000481664080758264,-0.000358461384827155,-0.000395059072801706,-0.000335697230706292,-0.000580120817183394,-0.000738981898272773
dense_465_recomputed,discovery,126,109,25.8,2.63027142689845,1.51279482291667,-1.11747660398178,-0.000406496749481167,-0.000388583832754239,-0.000360416722073869,-0.00027288214665902,-0.000456561221410414,-0.000554039824508293
dense_465_recomputed,discovery,127,109,26.7,1.70556006340638,0.931174427083335,-0.774385636323048,-0.00031710943736136,-0.000235387199826851,-0.000297378826704596,-0.000270492250031354,-0.00037231299556772,-0.000409975914676279
dense_465_recomputed,discovery,128,109,27.6,1.24010266658099,0.557641781250002,-0.682460885330985,-0.000304258122987412,-0.000167720516037938,-0.000275608356386378,-0.000324966604490957,-0.000376101483231704,-0.000376893654790082
dense_465_recomputed,discovery,129,109,28.5,2.38913739991432,2.03986017708333,-0.349277222830985,-0.000292054338767199,-5.32126530541679e-06,-0.000187440559396643,-0.000389611859088126,-0.000450475508287474,-0.000427422501758333
dense_465_recomputed,discovery,130,109,29.4,-0.712925353260284,-0.939799864583332,-0.226874511323048,-0.000276772788927857,-0.000161298586243322,-0.000251745823740399,-0.000409940838711704,-0.000312852011572059,-0.000248026684371801
dense_465_recomputed,discovery,131,109,30.3,-0.633484908815839,-0.899547177083332,-0.266062268267492,-0.000139710340650229,0.000202539317926342,-1.67009301888843e-06,-0.000339801131605987,-0.000309661742167574,-0.000249958054385037
dense_465_recomputed,discovery,132,109,31.2,0.218420738803208,0.0851101145833349,-0.133310624219873,-0.00031065612865518,-0.000119712863337915,-0.000238733396035822,-0.000485302381509693,-0.000397151794111515,-0.000312380208280955
dense_465_recomputed,discovery,133,109,32.1,-2.83921127468886,-2.34053767708333,0.498673597605524,-0.000907222664961068,-0.00137698625648496,-0.00103395700808102,-0.000951686990065944,-0.00066809659595746,-0.000505386474215957
dense_465_recomputed,discovery,134,109,33,-0.972148291355522,-0.860886510416665,0.111261780938857,-0.000504137940070703,-0.000546737723674598,-0.000528715018357441,-0.000614317216512179,-0.000466068676677833,-0.000364851065131465
dense_465_recomputed,discovery,135,109,33.9,-4.42829101516505,-3.67988926041667,0.748401754748381,-0.00109991721192782,-0.00137497027468896,-0.00122504974870431,-0.00117008008429461,-0.000950670119356096,-0.000778815832595128
dense_465_recomputed,discovery,136,109,34.8,-0.754785223895205,0.000357656250001545,0.755142880145206,-0.000526060206394228,-0.000432980577208082,-0.000657316425991799,-0.000627979123704791,-0.000497411728668567,-0.000414613176397901
dense_465_recomputed,discovery,137,109,35.7,-3.30770275524441,-2.37728205208333,0.930420703161079,-0.000642035822449412,-0.00031790238739641,-0.000668417848785784,-0.000777118410855671,-0.000760317700385171,-0.000686422764824023
dense_465_recomputed,discovery,138,109,36.6,-4.47310188659362,-3.38370988541667,1.08939200117695,-0.00075636464782477,-0.000365236520688543,-0.000666199359453677,-0.000883612494317655,-0.000958048184846784,-0.000908726679817191
dense_465_recomputed,discovery,139,109,37.5,-5.60963747468886,-4.21183860416667,1.39779887052219,-0.000880312387340707,-0.000389028856095567,-0.000598271467214487,-0.0010047502969233,-0.00120797569300869,-0.00120153562346149
dense_465_recomputed,discovery,140,109,38.4,-5.36296452667298,-4.0415594375,1.32140508917298,-0.000642145126138929,-0.000219632467365312,-0.000278922960140784,-0.00068095550361527,-0.00097927690821664,-0.00105193779135664
dense_465_recomputed,discovery,141,109,39.3,-6.34684553857774,-4.69392863541667,1.65291690316108,-0.000687453543126317,7.6625499396744e-05,-0.000142253201004608,-0.000786319428883674,-0.00121939552948324,-0.00136592505565681
dense_465_recomputed,discovery,142,109,40.2,-6.68255264135552,-5.08732182291667,1.59523081843886,-0.000489277553636544,0.000526021696276854,0.000104811836061433,-0.000587518222394078,-0.00112478223686714,-0.00136492084125979
dense_465_recomputed,discovery,143,109,41.1,-6.42235325484759,-5.30012348958333,1.12222976526425,-0.000215015208786124,0.000436460155307275,0.000246750579758247,-0.000168822139298595,-0.000652929414796794,-0.000936535224900754
dense_465_recomputed,discovery,144,109,42,-8.76385664929203,-7.95471025,0.809146399292031,-0.000115974516430317,0.000549478252311108,0.000426433187413035,-1.23532499036002e-05,-0.000574654918164172,-0.000968775853807953
dense_465_recomputed,discovery,145,109.8,21.3,4.92951604515242,3.42934971875,-1.50016632640241,-0.000320422189843711,-3.90432125816634e-05,-6.64742808223714e-05,-0.000179779286076699,-0.00047726141486348,-0.000839552754874341
dense_465_recomputed,discovery,146,109.8,22.2,4.95829144197781,3.23156653125,-1.72672491072781,-0.000450680788340386,-9.69600747420543e-05,-0.000217411200458383,-0.000326341271403616,-0.000634404783554768,-0.00097828661154311
dense_465_recomputed,discovery,147,109.8,23.1,5.00546274515242,3.45277957291667,-1.55268317223575,-0.000511582499077127,-0.000166871130137523,-0.000314534575081625,-0.000396028852675218,-0.000697709724487162,-0.000982768213004105
dense_465_recomputed,discovery,148,109.8,24,4.80816041816829,3.32594603125,-1.48221438691829,-0.000528428676147482,-0.000241228095858921,-0.000368522403313308,-0.000408017462379209,-0.00069851823454181,-0.000925857184644164
dense_465_recomputed,discovery,149,109.8,24.9,3.48483079515241,2.34333967708334,-1.14149111806908,-0.000353758376822257,-0.000171737535015887,-0.000212966739186562,-0.000239451073088812,-0.000496726721713028,-0.000647909815106994
dense_465_recomputed,discovery,150,109.8,25.8,2.68830943721591,1.49878098958333,-1.18952844763257,-0.000447973281350025,-0.000436463347305355,-0.00039862068981523,-0.00030496161511562,-0.000499929095228405,-0.000599891659285512
dense_465_recomputed,discovery,151,109.8,26.7,2.21857287213654,1.26460557291667,-0.953967299219873,-0.00034493500786133,-0.000225199509050631,-0.000277425749590791,-0.000284928999338427,-0.000443250385525214,-0.000493870395801589
dense_465_recomputed,discovery,152,109.8,27.6,2.67867149515241,2.09885440625,-0.579817088902413,-0.00038294940204549,-0.000206439563098401,-0.000319617438431085,-0.00040145596590331,-0.000492737534006191,-0.000494496508788463
dense_465_recomputed,discovery,153,109.8,28.5,1.89223080864448,1.59318061458334,-0.299050194061143,-0.00027083790684444,-7.55840330476305e-05,-0.000171319742777142,-0.000342871413139907,-0.000393337587132645,-0.000371076758124878
dense_465_recomputed,discovery,154,109.8,29.4,1.37869255150162,1.19113569791667,-0.187556853584952,-0.000237502693541925,-2.06975318736501e-05,-0.000112610870043604,-0.000348666152192372,-0.000373084685455743,-0.000332454228144256
dense_465_recomputed,discovery,155,109.8,30.3,-0.626199683419014,-0.822263906249999,-0.196064222830985,-0.000214107423644385,9.13394274591667e-05,-0.000130983877602578,-0.000406449948701854,-0.000346935752082708,-0.000277506967293949
dense_465_recomputed,discovery,156,109.8,31.2,0.70649177054924,0.660923406250002,-0.0455683642992381,-0.000258778560755717,4.14263196848936e-05,-0.00017971449036129,-0.000455902814688707,-0.000389382104164187,-0.000310319714249297
dense_465_recomputed,discovery,157,109.8,32.1,0.0485006268984464,0.177140968750001,0.128640341851555,-0.00042034152637903,-0.000261675799057981,-0.000436837475795658,-0.00060237171191088,-0.000452662736875177,-0.000348159908255455
dense_465_recomputed,discovery,158,109.8,33,0.527310786422256,0.414154302083335,-0.113156484338921,-0.000679445973938653,-0.000954603697177489,-0.000788905916924819,-0.000751344841651745,-0.000512565957846534,-0.000389809456092678
dense_465_recomputed,discovery,159,109.8,33.9,-1.18007464532378,-0.861007302083332,0.319067343240444,-0.000674874307343027,-0.000797486546476196,-0.000823098314043595,-0.000759631592691141,-0.000554752682417623,-0.000439402401086578
dense_465_recomputed,discovery,160,109.8,34.8,-0.295540246911078,0.414795343750002,0.710335590661079,-0.000499879382219365,-0.000392150596251242,-0.000681498856812735,-0.000612512875145335,-0.00044880588844926,-0.000364428694438253
dense_465_recomputed,discovery,161,109.8,35.7,-3.63562820286346,-2.82859373958333,0.807034463280127,-0.000641573891394402,-0.000386152529644867,-0.000716867824117701,-0.000748601754124616,-0.000714393353274545,-0.00064185399581028
dense_465_recomputed,discovery,162,109.8,36.6,-3.35391907032378,-2.26188361458333,1.09203545574044,-0.000640505861372801,-0.000341121456671577,-0.000639865169629888,-0.000736980646705876,-0.000765494579112573,-0.000719067454744091
dense_465_recomputed,discovery,163,109.8,37.5,-4.14345542746663,-2.94413601041667,1.19931941704997,-0.000595582158579713,-0.000207198965913432,-0.000439415367989728,-0.000679705565043188,-0.00082509162951247,-0.000826499264439746
dense_465_recomputed,discovery,164,109.8,38.4,-4.8322487941333,-3.50477819791667,1.32747059621663,-0.000606373847611194,-0.000236891315240971,-0.00031205850755961,-0.000650929365298233,-0.000889440602530326,-0.000942549447426833
dense_465_recomputed,discovery,165,109.8,39.3,-6.31009029810156,-4.80006627083333,1.51002402726822,-0.000657055434610339,0.00012224250335305,-0.000198353083950034,-0.000784370518487161,-0.00115067191653486,-0.00127412415743269
dense_465_recomputed,discovery,166,109.8,40.2,-6.29109543183171,-4.74178914583333,1.54930628599838,-0.000455582551308721,0.000623586172414472,6.48492410485706e-05,-0.000606100449212354,-0.00107593907130945,-0.00128430864948484
dense_465_recomputed,discovery,167,109.8,41.1,-8.21211918818092,-7.04373373958333,1.16838544859759,-0.00029306080283571,0.000665588732357967,0.00026141022206778,-0.00031662649151294,-0.000876953769318816,-0.00119872270777254
dense_465_recomputed,discovery,168,109.8,42,-8.66857848619679,-8.12119628125,0.547382204946794,6.94563312823445e-05,0.000730420443929951,0.000582690222696355,0.00015861954731377,-0.000377722919873667,-0.000746725637654686
dense_465_recomputed,discovery,169,110.6,21.3,5.29244275785083,3.70664257291667,-1.58580018493416,-0.000365657794220626,-3.32783574749736e-05,-8.07708659633464e-05,-0.000224279676862049,-0.000550719689052597,-0.000939240381750164
dense_465_recomputed,discovery,170,110.6,22.2,4.78768506658099,3.19735371875,-1.59033134783098,-0.000376222955064309,-4.49724713131471e-05,-0.000126076490630732,-0.000254165827221767,-0.000564087414378044,-0.000891812571777854
dense_465_recomputed,discovery,171,110.6,23.1,4.70646077293019,3.16720111458334,-1.53925965834686,-0.000484822241542393,-0.000187266736621507,-0.00026629845652134,-0.000358377024370793,-0.000664900380102282,-0.000947268610096042
dense_465_recomputed,discovery,172,110.6,24,3.572689982454,2.18193734375,-1.390752638704,-0.000388632169291527,-0.000209495691581642,-0.000236304719270173,-0.000256432727076403,-0.000518342760235176,-0.000722584948294241
dense_465_recomputed,discovery,173,110.6,24.9,2.95245335467622,1.60329359375,-1.34915976092622,-0.000354732319668608,-0.000209226892323484,-0.000231873385665168,-0.000225714856495946,-0.000476448183478887,-0.000630398280379555
dense_465_recomputed,discovery,174,110.6,25.8,1.77164077848575,0.658539218750001,-1.11310155973575,-0.000295293205064046,-0.000238059769417752,-0.000248506837317602,-0.000179652220741261,-0.000360042349154408,-0.000450204848689206
dense_465_recomputed,discovery,175,110.6,26.7,2.40912612134289,1.55456703125,-0.854559090092889,-0.000347905110526439,-0.000201230093507859,-0.000284182932570313,-0.000301411831293476,-0.000453470788046351,-0.000499229907214198
dense_465_recomputed,discovery,176,110.6,27.6,1.59930044039051,1.04038398958333,-0.558916450807175,-0.000344852332335825,-0.000258273445391112,-0.000317311343460755,-0.000336358931938574,-0.000404578162925342,-0.00040773977796334
dense_465_recomputed,discovery,177,110.6,28.5,2.60516272213654,2.34997094791667,-0.255191774219873,-0.000290129262859255,-0.000120552196326481,-0.000154111995459935,-0.000338548100501097,-0.000427523245157442,-0.000409910776851318
dense_465_recomputed,discovery,178,110.6,29.4,1.97015278324765,1.83164371875,-0.138509064497651,-0.000327202510173031,-0.00017227503624002,-0.000230789700373458,-0.000416437983214491,-0.000432526043738261,-0.000383983787298923
dense_465_recomputed,discovery,179,110.6,30.3,-0.634993695323776,-0.653691281249999,-0.0186975859262224,-0.000408607845737105,-0.000281073039807346,-0.000466128257305209,-0.000558525628525485,-0.000414172293480897,-0.000323140009566589
dense_465_recomputed,discovery,180,110.6,31.2,-2.07850078262536,-1.89671542708333,0.181785355542032,-0.000506148122740981,-0.00050863327655346,-0.000604702362753079,-0.000650147074428413,-0.000441069039391225,-0.000326188860578728
dense_465_recomputed,discovery,181,110.6,32.1,0.53025103007305,0.645840072916668,0.115589042843619,-0.00036971163377267,-0.000158736995884683,-0.000357767187043125,-0.000561327139410261,-0.000434326095085789,-0.000336400751439491
dense_465_recomputed,discovery,182,110.6,33,0.553430146739716,0.407838614583335,-0.145591532156381,-0.000578560027779727,-0.000690939355165715,-0.000639392719477022,-0.000701314806581739,-0.000489260352532375,-0.000371892905141783
dense_465_recomputed,discovery,183,110.6,33.9,-1.60309324135552,-1.23637855208333,0.36671468927219,-0.000591949799103354,-0.000651292059872416,-0.000674777707645513,-0.000688443401708038,-0.000525465777344189,-0.000419770048946612
dense_465_recomputed,discovery,184,110.6,34.8,-2.01603415524441,-1.31989759375,0.696136561494412,-0.000630237164061442,-0.000588901376139957,-0.000780907467774637,-0.000719978961044184,-0.000578971566786939,-0.000482426448561492
dense_465_recomputed,discovery,185,110.6,35.7,-1.2507303207206,-0.458509635416665,0.792220685303936,-0.000509562974849181,-0.000483905285341773,-0.000718325658226444,-0.000545021251071834,-0.000429537671814718,-0.000371025007791136
dense_465_recomputed,discovery,186,110.6,36.6,-2.88854946516505,-1.98210617708333,0.906443288081714,-0.000616573527033678,-0.000454561176938807,-0.000727369172225492,-0.000668856081669882,-0.000639754396986788,-0.000592326807347423
dense_465_recomputed,discovery,187,110.6,37.5,-3.42341685484759,-2.37487761458333,1.04853924026425,-0.000572079809485872,-0.000392462922577668,-0.000544258468198555,-0.000591139442723488,-0.000668322445067192,-0.000664215768862455
dense_465_recomputed,discovery,188,110.6,38.4,-4.08056017667298,-2.81240046875,1.26815970792298,-0.000505301470858548,-0.000190036758538397,-0.000262242257317296,-0.00053945723224647,-0.000743998962580895,-0.000790772143609683
dense_465_recomputed,discovery,189,110.6,39.3,-5.60577747865711,-4.03198330208333,1.57379417657378,-0.00054367805188931,0.000338225693220903,-0.000111530028221491,-0.00072267838631747,-0.00105773076260039,-0.0011646767755281
dense_465_recomputed,discovery,190,110.6,40.2,-5.36975847429203,-3.90860073958333,1.4611577347087,-0.000290176399710384,0.000831769119064453,0.000140662983950582,-0.000486601803462319,-0.00088145378204538,-0.00105525851605926
dense_465_recomputed,discovery,191,110.6,41.1,-9.55662031079997,-8.48875775,1.06786256079997,-0.000264752205230159,0.000806949124618704,0.000347339918116502,-0.000304098899448276,-0.000914037010164683,-0.00125991415927304
dense_465_recomputed,discovery,192,110.6,42,-7.98264443659362,-7.486971125,0.495673311593619,8.23598515759541e-06,0.000464527812911257,0.00045551246265329,0.000144104457864254,-0.000341531020767107,-0.000681433786873718
dense_465_recomputed,discovery,193,111.4,22.2,3.50062647531114,1.96855963541667,-1.53206683989448,-0.000287656588658371,-0.000102588688306523,-9.61010864180982e-05,-0.000151404542673977,-0.000402497660395737,-0.000685690965497521
dense_465_recomputed,discovery,194,111.4,23.1,4.26811829594607,2.66209323958333,-1.60602505636273,-0.000395684435264452,-0.000103763224186135,-0.000173864087128794,-0.000272563298435307,-0.000576113379903672,-0.000852118186668354
dense_465_recomputed,discovery,195,111.4,24,4.128952632454,2.63214028125,-1.496812351204,-0.000449335690014134,-0.000231391905477287,-0.000263175639096771,-0.00031611136204069,-0.000606283922549135,-0.000829715620906785
dense_465_recomputed,discovery,196,111.4,24.9,3.57625519039051,2.28594501041667,-1.29031017997384,-0.000405377535703736,-0.000193670116307914,-0.000261155827060467,-0.000298122016531104,-0.000558914157520066,-0.00071502556109913
dense_465_recomputed,discovery,197,111.4,25.8,1.4352238792794,0.071023614583335,-1.36420026469606,-0.000105252913845672,0.000179110693211922,3.23868215131421e-05,-3.57012979600458e-05,-0.000292649558231776,-0.000409411227761601
dense_465_recomputed,discovery,198,111.4,26.7,2.91322670785083,1.96765176041667,-0.945574947434159,-0.0003690055370817,-0.000142267818169315,-0.000252711335597645,-0.000335724654220083,-0.00053037798897287,-0.000583945888448585
dense_465_recomputed,discovery,199,111.4,27.6,2.58127109515242,1.96544307291667,-0.615828022235746,-0.000360658239045442,-0.000199695916219835,-0.000255950314154505,-0.000360181991807433,-0.000489073478902175,-0.000498389494143263
dense_465_recomputed,discovery,200,111.4,28.5,3.06916313721591,2.99082857291667,-0.0783345642992384,-0.00025409605762614,-0.000117592138892197,-7.25898097070319e-05,-0.00027676980818413,-0.0004050038981284,-0.00039852463321894
dense_465_recomputed,discovery,201,111.4,29.4,3.49307950388257,3.38874723958334,-0.104332264299238,-0.000235655873030423,-3.04796425626248e-05,-6.31812360255135e-06,-0.000297710707995602,-0.000433958899250174,-0.000409811991741163
dense_465_recomputed,discovery,202,111.4,30.3,3.62094579197781,3.65564263541667,0.0346968434388571,-0.000143103833776188,0.000214234246577843,0.000103522126684076,-0.000278429918401393,-0.000395586552899474,-0.000359259070841992
dense_465_recomputed,discovery,203,111.4,31.2,1.41869904832702,1.77233796875,0.353638920422984,-0.000290243640955128,-9.15290327340919e-05,-0.000242459231919233,-0.000440278052437555,-0.000375803422266184,-0.000301148465418578
dense_465_recomputed,discovery,204,111.4,32.1,1.60211063562861,1.53819180208333,-0.0639188335452703,-0.000327832235305507,-0.000107598459097466,-0.000248031023282238,-0.000521711656343539,-0.000426899641994247,-0.000334920395810042
dense_465_recomputed,discovery,205,111.4,33,2.10552688166035,2.07091692708333,-0.0346099545770165,-0.000605992436821211,-0.000793145638327015,-0.000706312801483053,-0.000719751203926862,-0.000466163045621101,-0.000344589494748024
dense_465_recomputed,discovery,206,111.4,33.9,-2.97692258659362,-2.40428630208333,0.572636284510285,-0.000957526687313065,-0.00158247675318535,-0.00105884239660201,-0.00090496058313159,-0.000689090729265406,-0.000552262974380967
dense_465_recomputed,discovery,207,111.4,34.8,-0.113158050879331,0.207966135416668,0.321124186296,-0.00044631268879111,-0.000662568987976616,-0.000646722096644042,-0.000433184266638047,-0.000274008630178605,-0.00021507946251824
dense_465_recomputed,discovery,208,111.4,35.7,-0.429130877863458,0.109480947916668,0.538611825780127,-0.000631492393406128,-0.000865412844334922,-0.000973168555168693,-0.000615111105045193,-0.000390413124106986,-0.000313356338374847
dense_465_recomputed,discovery,209,111.4,36.6,-4.23240004611743,-3.35406321875,0.878336827367428,-0.000725113312264868,-0.000633385933981996,-0.000811409755001742,-0.000752778226314807,-0.000739882651991396,-0.000688109994034397
dense_465_recomputed,discovery,210,111.4,37.5,-5.34553592111743,-4.44145282291667,0.904083098200761,-0.000581464796578341,-0.000233246684669365,-0.000495720215362328,-0.000641345884416278,-0.000766781639532273,-0.000770229558911459
dense_465_recomputed,discovery,211,111.4,38.4,-6.29807728897457,-5.11324398958333,1.18483329939124,-0.000687136106903634,-0.000238196073479121,-0.000462351659012879,-0.00075063268313476,-0.000967867984507951,-0.00101663213438346
dense_465_recomputed,discovery,212,111.4,39.3,-5.80513666714917,-4.52831863541667,1.27681803173251,-0.000576313834418722,7.36319071146718e-05,-0.000264359546011212,-0.000680421742420976,-0.000955203446309105,-0.00105521634446699
dense_465_recomputed,discovery,213,111.4,40.2,-5.54850054016505,-4.22518503125,1.32331550891505,-0.000349741801175859,0.000647058057267358,-4.17533794600135e-06,-0.000515279376784121,-0.000857398032175614,-0.00101891431624092
dense_465_recomputed,discovery,214,111.4,41.1,-7.98809536556187,-7.00781972916666,0.980275636395205,-0.000151218654626982,0.000768316036120483,0.000351145243379115,-0.000181871658988506,-0.000699522833185605,-0.000994160060460398
dense_465_recomputed,discovery,215,111.4,42,-8.07191520722854,-7.63982096875,0.43209423847854,4.84038081876098e-05,0.000405908887961718,0.000500097195124704,0.000217637759498234,-0.000272338038745688,-0.00060928676290092
dense_465_recomputed,discovery,216,112.2,22.2,4.86801052293019,3.16302159375,-1.70498892918019,-0.000414216460831382,-6.37709825073945e-05,-0.000144887209023266,-0.000284644715923508,-0.00061546768553165,-0.000962311711171093
dense_465_recomputed,discovery,217,112.2,23.1,4.75057388880321,3.07226090625,-1.67831298255321,-0.000473244184324256,-0.000158045812769405,-0.000229610139022121,-0.000346258006857316,-0.000668133731515017,-0.000964173231457423
dense_465_recomputed,discovery,218,112.2,24,4.68837311658099,3.27852805208333,-1.40984506449765,-0.000435785902803925,-9.38730268815887e-05,-0.000206410353335986,-0.000334367670499189,-0.000655738325358062,-0.000888540137944797
dense_465_recomputed,discovery,219,112.2,24.9,2.58620619673972,1.11220717708333,-1.47399901965638,-0.000249066686522735,-6.54007185453106e-05,-6.77312063680501e-05,-0.000126698528309746,-0.000409506002787219,-0.000575996976603349
dense_465_recomputed,discovery,220,112.2,25.8,3.22409670229527,1.97001298958334,-1.25408371271194,-0.000357067991876714,-7.32958882998692e-05,-0.000191532836606987,-0.000292397248022801,-0.000557954413643775,-0.000670159572810136
dense_465_recomputed,discovery,221,112.2,26.7,4.02105588880321,3.04944646875,-0.971609420053207,-0.000427891208716057,-7.73819912340532e-05,-0.00024683368430557,-0.000426277903762181,-0.000666296322781484,-0.000722666141496997
dense_465_recomputed,discovery,222,112.2,27.6,3.83438923642226,3.03183021875,-0.802559017672254,-0.000485139807403815,-0.000251809829970987,-0.000312251683151607,-0.00049374584144953,-0.000679078282049496,-0.000688813400397455
dense_465_recomputed,discovery,223,112.2,28.5,4.33324977372384,4.06091984375,-0.272329929973842,-0.000259171692094073,-4.17336109145846e-06,2.95372792384167e-05,-0.000288479614250937,-0.000514231700344904,-0.000518511064021481
dense_465_recomputed,discovery,224,112.2,29.4,4.18605495150162,4.08834748958333,-0.097707461918286,-0.000169577699421734,8.09089406774726e-05,0.000128264139413091,-0.000219211273409431,-0.000423611421318967,-0.000414238882470834
dense_465_recomputed,discovery,225,112.2,30.3,4.19604730070797,4.08922236458334,-0.106824936124635,-0.000252664402362696,8.22918457012912e-06,-5.68609532219272e-06,-0.000360933576160348,-0.000476046445611618,-0.000428885079289449
dense_465_recomputed,discovery,226,112.2,31.2,3.52094970626353,3.34576194791667,-0.175187758346857,-0.000289616855099018,4.96681565465011e-05,-0.000152618430694863,-0.000481912221376975,-0.000471984314221733,-0.00039123746574802
dense_465_recomputed,discovery,227,112.2,32.1,3.66765397451749,3.30589588541667,-0.361758089100826,-0.000630994907161967,-0.000565749447701889,-0.000674612806443945,-0.000832423452114501,-0.000612394187991298,-0.000469794641558201
dense_465_recomputed,discovery,228,112.2,33,2.42924647531115,2.40710621875,-0.0221402565611434,-0.000538797401863424,-0.000611847676785994,-0.000612069409233009,-0.000686429830724562,-0.000450930983295577,-0.00033270910927798
dense_465_recomputed,discovery,229,112.2,33.9,-1.29073037468886,-0.937588552083332,0.353141822605523,-0.000561012395780923,-0.000889908461742937,-0.000580405210487408,-0.00055685381544265,-0.000431736349927569,-0.00034615814130405
dense_465_recomputed,discovery,230,112.2,34.8,0.768506522136542,1.19636067708333,0.427854154946793,-0.000435930729729108,-0.000638217485420509,-0.000662500713752788,-0.000447413664499769,-0.000248873744786651,-0.000182648040185823
dense_465_recomputed,discovery,231,112.2,35.7,-2.55649071357774,-2.02922026041667,0.52727045316108,-0.000497641166556226,-0.000534406999134648,-0.000633234280831803,-0.00049753893614027,-0.000436084554287451,-0.00038694106238696
dense_465_recomputed,discovery,232,112.2,36.6,-3.47366246714917,-2.81467915625,0.658983310899174,-0.000518701715430671,-0.000468864350889361,-0.000593867642338346,-0.000518509560649804,-0.000520300978723466,-0.000491966044552376
dense_465_recomputed,discovery,233,112.2,37.5,-2.80521110564124,-1.88208863541666,0.923122470224572,-0.000555152385189694,-0.000563885086297059,-0.000601746181678829,-0.000534014483516797,-0.000545207941520672,-0.00053090823293511
dense_465_recomputed,discovery,234,112.2,38.4,-6.71050809214917,-5.52324136458333,1.18726672756584,-0.000833003236184084,-0.000577574326860725,-0.000658925257297272,-0.000838597685016732,-0.0010246837855119,-0.00106523512623379
dense_465_recomputed,discovery,235,112.2,39.3,-7.29394918976822,-6.12232552083333,1.17162366893489,-0.000683555188206614,-8.10638870434822e-05,-0.000383992593898065,-0.000748752453000488,-0.00104392041223872,-0.00116004659485232
dense_465_recomputed,discovery,236,112.2,40.2,-6.40214807587933,-5.11391398958333,1.288234086296,-0.000520679942877564,0.000338530362494854,-0.000210031711574172,-0.000638190444509759,-0.000964192653738937,-0.00112951526705981
dense_465_recomputed,discovery,237,112.2,41.1,-8.01758686516505,-7.13491522916667,0.882671635998382,-0.000162659743426047,0.000575928654754495,0.000314040698728526,-0.000137681933995468,-0.000637501427843908,-0.000928084708773878
dense_465_recomputed,discovery,238,112.2,42,-8.59770663683171,-8.14982817708333,0.44787845974838,0.000118461401002963,0.00052978351653492,0.000631577893446747,0.000294612218853662,-0.00025206773166642,-0.000611598892154094
dense_465_recomputed,discovery,239,113,22.2,4.50157609515242,2.98424326041667,-1.51733283473575,-0.000326365333556194,-3.99758374694751e-05,-7.44579130258838e-05,-0.00019170414670526,-0.000501528319375622,-0.00082416045120473
dense_465_recomputed,discovery,240,113,23.1,5.11288540467622,3.47009813541667,-1.64278726925956,-0.000501429181684815,-0.000178642208466355,-0.00023517879278375,-0.000367841559193324,-0.000708340400250506,-0.00101714294773014
dense_465_recomputed,discovery,241,113,24,4.29877075070797,2.72863930208334,-1.57013144862464,-0.000432255384903098,-0.000183936384393196,-0.000204802494845962,-0.000299029282603893,-0.000615347217658144,-0.000858161545014294
dense_465_recomputed,discovery,242,113,24.9,0.790392971342891,-0.692636760416665,-1.48302973175956,3.50542698819311e-05,0.00012671597422469,0.000215012760142353,0.000186346091875644,-9.26130482511643e-05,-0.000260190428581867
dense_465_recomputed,discovery,243,113,25.8,3.51449145229527,2.08845432291667,-1.4260371293786,-0.000423900423496219,-0.000154730356489484,-0.00023332015088096,-0.000343183758450156,-0.000631299615232969,-0.000756968236427529
dense_465_recomputed,discovery,244,113,26.7,4.27602330864448,3.20156638541667,-1.07445692322781,-0.000494157889979461,-0.000117155787497371,-0.000312252519880818,-0.00049205189744788,-0.000743730735997362,-0.000805598509073871
dense_465_recomputed,discovery,245,113,27.6,4.29329914277146,3.49635863541667,-0.796940507354794,-0.000465380458493416,-0.000156754130149831,-0.000253197476688879,-0.000485306959916423,-0.000706935632381061,-0.000724708093330888
dense_465_recomputed,discovery,246,113,28.5,3.96879955150162,3.35708405208334,-0.611715499418286,-0.000431980553922012,-0.000202268218773129,-0.000222008009849931,-0.000464921873554974,-0.000643437466683056,-0.00062726720074897
dense_465_recomputed,discovery,247,113,29.4,4.26289243007305,4.11782369791667,-0.145068732156382,-0.000188459165838194,8.36738242621856e-05,9.84328406026781e-05,-0.000234024562393754,-0.000449513594337604,-0.000440864337324477
dense_465_recomputed,discovery,248,113,30.3,4.15539808483496,4.18216096875,0.0267628839150471,-7.82807324638337e-05,0.000257390970141199,0.00021895249197976,-0.000166961218839308,-0.000358533837255558,-0.000342252068345261
dense_465_recomputed,discovery,249,113,31.2,2.8585163261048,2.87027144791667,0.0117551218118725,-0.000181611100342519,0.000144227913018986,-1.27947155035093e-05,-0.000337615810315827,-0.00037944802193987,-0.000322424866972376
dense_465_recomputed,discovery,250,113,32.1,3.17806405388257,2.80267246875,-0.375391585132572,-0.000528735960752478,-0.000199441631804557,-0.000524803988305675,-0.000799982339324312,-0.000629209421898691,-0.000490242422429154
dense_465_recomputed,discovery,251,113,33,2.78128044991432,2.60857292708334,-0.172707522830984,-0.000547179092070151,-0.000482016458752183,-0.00062614875582367,-0.00075343341804293,-0.000503467832185328,-0.000370828995546644
dense_465_recomputed,discovery,252,113,33.9,1.71390314515242,2.02035444791667,0.306451302764253,-0.000378512031181312,-0.000508058031355877,-0.000487539701329651,-0.000447076754946573,-0.000262339059587856,-0.000187546608686601
dense_465_recomputed,discovery,253,113,34.8,1.41827865308892,1.86541530208334,0.447136648994412,-0.00037703013746288,-0.000519464380519861,-0.000584027329798728,-0.000413931145085578,-0.000215875182178059,-0.000151852649732175
dense_465_recomputed,discovery,254,113,35.7,-1.66224093897457,-1.27352984375,0.388711095224571,-0.000535533820099394,-0.000597063025668987,-0.000722265888749207,-0.000562604355047674,-0.00043048934763434,-0.000365246483396761
dense_465_recomputed,discovery,255,113,36.6,-3.04527080881584,-2.39148538541666,0.653785423399174,-0.000596841670628823,-0.000655825699156386,-0.000727144531116045,-0.000580385396407283,-0.000530840938467988,-0.000490011787996413
dense_465_recomputed,discovery,256,113,37.5,-5.17717963699044,-4.20419396875,0.972985668240444,-0.000787866408985057,-0.000817938198806452,-0.000796044112280326,-0.000744261362639119,-0.000797089955340564,-0.000783998415858822
dense_465_recomputed,discovery,257,113,38.4,-4.64774973064124,-3.62759482291667,1.02015490772457,-0.00070626311725655,-0.000682918826643434,-0.000629495624043431,-0.000670590984555139,-0.000762040580139482,-0.000786269570901265
dense_465_recomputed,discovery,258,113,39.3,-6.70775512627616,-5.50606120833333,1.20169391794283,-0.000884465620093604,-0.000583285084135425,-0.000670043147346553,-0.000887705458470517,-0.00109574593577453,-0.001185548474741
dense_465_recomputed,discovery,259,113,40.2,-5.42059069453013,-4.21268435416667,1.20790634036346,-0.000442722705887085,0.000321838464371657,-0.000173621200886537,-0.00055271854949312,-0.000831448124319597,-0.000977664119107829
dense_465_recomputed,discovery,260,113,41.1,-7.2805803159587,-6.57953979166667,0.701040524292032,-0.000120013885539377,0.000437260969383532,0.000320339303379839,-6.25390476773841e-05,-0.000513724020132026,-0.000781406632650847
dense_465_recomputed,discovery,261,113,42,-8.53205982468885,-8.0259433125,0.506116512188857,6.00081849781566e-05,0.00038628964868887,0.000561863307286395,0.000259565658355501,-0.000275759649040529,-0.000631918040399454
dense_465_recomputed,discovery,262,113.8,23.1,5.28350814356511,3.61617573958334,-1.66733240398178,-0.000527890254381015,-0.000222577661465182,-0.00025061310754575,-0.00038135524087185,-0.000732301613932296,-0.00105260364809
dense_465_recomputed,discovery,263,113.8,24,4.17564853007305,2.69199286458334,-1.48365566548971,-0.000387179737010512,-0.000160865721900684,-0.000150123768243922,-0.000247789462250551,-0.000568517395152433,-0.00080860233750497
dense_465_recomputed,discovery,264,113.8,24.9,3.56634559594607,2.16615588541667,-1.4001897105294,-0.00037710377594876,-0.000153407790723483,-0.000178580460500261,-0.000260179620933461,-0.00055734661696761,-0.000736004390618986
dense_465_recomputed,discovery,265,113.8,25.8,1.2502291261048,-0.185163697916665,-1.43539282402146,9.50561492692325e-06,0.000268156715249603,0.000250906580179223,0.000115750994198513,-0.000217297355231212,-0.000369988859761511
dense_465_recomputed,discovery,266,113.8,26.7,2.2114481840413,1.06239359375,-1.1490545902913,-0.000209157332463351,5.48265027520844e-05,2.8052941396077e-06,-0.000147549442400267,-0.000432117029408451,-0.000523751987399728
dense_465_recomputed,discovery,267,113.8,27.6,4.03880318800956,3.09231738541667,-0.946485802592889,-0.000465214647174849,-0.00016477483624532,-0.000249027815789021,-0.000467161698729091,-0.000708513216331606,-0.000736595668779208
dense_465_recomputed,discovery,268,113.8,28.5,2.40115711102543,1.62049653125,-0.780660579775429,-0.00024147240871303,0.000137350128773142,-3.95401159042053e-05,-0.000294194987476342,-0.000501144406065094,-0.000509832662892649
dense_465_recomputed,discovery,269,113.8,29.4,3.14350421578733,2.81442051041667,-0.329083705370667,-0.000277894467844553,-3.72746045497863e-05,-8.68888395197532e-05,-0.000322476916254354,-0.000481648721464848,-0.000461183257434023
dense_465_recomputed,discovery,270,113.8,30.3,4.13147668166035,3.97172592708333,-0.159750754577016,-0.000220923484550222,8.2715546951933e-05,3.52208664352734e-05,-0.000310064505653165,-0.000473673256287868,-0.000438816074197284
dense_465_recomputed,discovery,271,113.8,31.2,3.83909182531114,3.71360176041667,-0.125490064894476,-0.000192421113326125,0.000272426087807592,1.53295771177986e-05,-0.000386082780816589,-0.000463295355197998,-0.000400483095541425
dense_465_recomputed,discovery,272,113.8,32.1,2.57593392213654,2.19886567708333,-0.377068245053207,-0.000296999195141488,0.00025587490134615,-0.000167537778060945,-0.000598937646148241,-0.000541121590687041,-0.000433273862157363
dense_465_recomputed,discovery,273,113.8,33,3.11835519435876,2.92847228125,-0.189882913108762,-0.00042966597234024,-0.0001776925465716,-0.000454511284744906,-0.000680009036136104,-0.000479909916108938,-0.000356207078139652
dense_465_recomputed,discovery,274,113.8,33.9,2.34558871420003,2.58846582291667,0.242877108716634,-0.000450022061566978,-0.000483710601636732,-0.000604511014733661,-0.000578952491428308,-0.000341179345382817,-0.000241756854653372
dense_465_recomputed,discovery,275,113.8,34.8,2.10721748642226,2.49923494791667,0.392017461494412,-0.000443139652730589,-0.00053553012355972,-0.000676142187001252,-0.000534170797372181,-0.000278400630230409,-0.000191454525489383
dense_465_recomputed,discovery,276,113.8,35.7,-0.606841765958697,-0.00582463541666511,0.601017130542031,-0.000513886130436441,-0.000772014984926152,-0.000735709383685219,-0.000474836687605529,-0.000321274217192332,-0.000265595378772973
dense_465_recomputed,discovery,277,113.8,36.6,-1.54421578659362,-0.713294531249999,0.830921255343619,-0.000584572485654813,-0.000808820290773945,-0.000800117838963852,-0.000525221680316512,-0.000416254305376295,-0.000372448312843462
dense_465_recomputed,discovery,278,113.8,37.5,-3.10326342905393,-2.42763096875,0.675632460303937,-0.000533730919561337,-0.000520290684881772,-0.000612455446286538,-0.000520847854921192,-0.000513782653344029,-0.000501277958373153
dense_465_recomputed,discovery,279,113.8,38.4,-0.510524548498379,0.202791010416668,0.713315558915047,-0.0005495819211059,-0.00111251869139557,-0.000681934596360133,-0.000414626853210406,-0.000281748075287004,-0.000257081389276382
dense_465_recomputed,discovery,280,113.8,39.3,-4.8084598473079,-3.85049401041667,0.957965836891237,-0.000628126128231372,-0.000480033501820609,-0.000459919350639653,-0.000611421006998383,-0.000758662964221268,-0.000830593817476946
dense_465_recomputed,discovery,281,113.8,40.2,-5.98491229929203,-4.98560552083333,0.999306778458698,-0.000432489474413018,0.000111958419855419,-0.000150863035996252,-0.000458145906196039,-0.000752018150491275,-0.000913378699236945
dense_465_recomputed,discovery,282,113.8,41.1,-7.00177596476822,-6.1899779375,0.811798027268222,-0.000156624941477792,0.000424340200985175,0.00025189720978157,-0.000119585057856036,-0.000541385070098454,-0.000798391990201213
dense_465_recomputed,discovery,283,113.8,42,-8.5874498409587,-7.97559444791667,0.611855393042032,-5.02880813973847e-05,0.000265787483565149,0.000454174485920261,0.000147309805993791,-0.000380252389167185,-0.000738459793298939
dense_465_recomputed,discovery,284,114.6,23.1,5.30226088880321,3.80398082291667,-1.49828006588654,-0.000430569396599085,-8.16882645630089e-05,-0.000137946394577676,-0.00029816675872267,-0.000658024562042639,-0.00097702100308943
dense_465_recomputed,discovery,285,114.6,24,3.8993143808667,2.39594432291667,-1.50337005795003,-0.000357962699477919,-0.000145575602594744,-0.000125906814309107,-0.000212050191467315,-0.00053081920005603,-0.0007754616889624
dense_465_recomputed,discovery,286,114.6,24.9,2.72525059356511,1.35639471875,-1.36885587481511,-0.000283113014023401,-0.000175324870935343,-0.000103528545404982,-0.000132654771309953,-0.000413114733098558,-0.000590942149368166
dense_465_recomputed,discovery,287,114.6,25.8,3.91388150546988,2.53237694791667,-1.38150455755321,-0.000482671928005738,-0.000254334985875037,-0.000290478329784792,-0.000377168598059283,-0.000675189413033709,-0.000816188313275867
dense_465_recomputed,discovery,288,114.6,26.7,3.76736400150162,2.61607648958334,-1.15128751191829,-0.000401394077159634,-5.82985707413488e-05,-0.000193930516799018,-0.00036384073597689,-0.000651445060114837,-0.000739455502166078
dense_465_recomputed,discovery,289,114.6,27.6,3.69302621102543,2.87191301041667,-0.821113200608762,-0.000348212321672818,-4.90615593115028e-05,-0.000125486558459038,-0.00033330607774177,-0.000593449462456518,-0.000639757950395259
dense_465_recomputed,discovery,290,114.6,28.5,2.93111619356511,2.20414007291667,-0.726976120648445,-0.00029021153615209,-4.21770334220586e-05,-6.49330818915702e-05,-0.000284963734228561,-0.000520152791523874,-0.000538831039694387
dense_465_recomputed,discovery,291,114.6,29.4,1.83250519118416,1.36182698958334,-0.470678201600826,-0.000176048885400772,0.0001501498428223,-1.42618299322322e-05,-0.000230326672828208,-0.000396140456301914,-0.000389665310763808
dense_465_recomputed,discovery,292,114.6,30.3,4.09117315070797,4.05437384375,-0.0367993069579682,-0.000101092493493037,0.000178088552978463,0.00018457465549536,-0.00015045353775997,-0.000363257418197225,-0.000354414719981814
dense_465_recomputed,discovery,293,114.6,31.2,3.68520852531115,3.62713278125,-0.0580757440611435,-0.000153758579937152,0.000254742563536799,6.55594381284614e-05,-0.000304215298837173,-0.000416020886438106,-0.000368858716075742
dense_465_recomputed,discovery,294,114.6,32.1,3.41966582213654,3.12255138541667,-0.297114436719874,-0.000254964740699287,0.000251522525674857,-9.5003527474876e-05,-0.000514706127164126,-0.000504734943196969,-0.000411901631335321
dense_465_recomputed,discovery,295,114.6,33,3.32469150229527,3.07561530208333,-0.249076200211937,-0.000414268512640124,-9.20470374284687e-05,-0.000392173143833169,-0.000677755615979415,-0.000516659803524033,-0.000392706962435534
dense_465_recomputed,discovery,296,114.6,33.9,2.61186709594607,2.82254455208334,0.21067745613727,-0.00038518589267372,-0.000283918363213944,-0.000482422725289078,-0.000554566437877084,-0.000351713636892934,-0.000253308300095563
dense_465_recomputed,discovery,297,114.6,34.8,2.19540346816829,2.49316828125,0.297764813081714,-0.000457846186412849,-0.00047299428438445,-0.00065706211901939,-0.000590100466499475,-0.000333912596076347,-0.000235161466084585
dense_465_recomputed,discovery,298,114.6,35.7,1.62113227293019,2.09782571875,0.47669344581981,-0.000508187580716052,-0.000744527385920956,-0.00081190542901025,-0.000538417689387304,-0.000264450328716942,-0.000181637070544805
dense_465_recomputed,discovery,299,114.6,36.6,1.26396746896194,2.03918365625,0.775216187288063,-0.00034777707580706,-0.000464116777208701,-0.000597900471622278,-0.000363575362498076,-0.000181238974107068,-0.000132053793599178
dense_465_recomputed,discovery,300,114.6,37.5,0.718648027692097,1.45101848958334,0.732370461891238,-0.000407194077154362,-0.000637859515317557,-0.000627512321375763,-0.000387604054379794,-0.000214627196226668,-0.000168367298472027
dense_465_recomputed,discovery,301,114.6,38.4,0.685883453882573,1.54181328125,0.855929827367428,-0.000209159495812154,-0.000396085896547492,-0.00020855467815949,-0.000197159233992922,-0.000129324390826019,-0.00011467327953485
dense_465_recomputed,discovery,302,114.6,39.3,-3.37401306318092,-2.53557423958333,0.838438823597587,-0.000526721672205264,-0.000381368955776199,-0.000427670626269624,-0.000547743165783572,-0.000616206473408261,-0.000660619139788664
dense_465_recomputed,discovery,303,114.6,40.2,-4.11708720484759,-3.22259869791667,0.89448850693092,-0.00024408150687593,0.000367300870297162,-2.18651441093367e-05,-0.000333840956858814,-0.000554875419346774,-0.000677126884361888
dense_465_recomputed,discovery,304,114.6,41.1,-7.10984820762536,-6.3698523125,0.739995895125366,-0.000125309628864195,0.000471907098488606,0.000275311808584686,-9.52743111524799e-05,-0.000510183201640894,-0.000768309538600896
dense_465_recomputed,discovery,305,114.6,42,-8.06768137111743,-7.61058254166666,0.457098829450762,9.60807980286178e-05,0.000419071062627551,0.000610850752088298,0.000272199532157512,-0.000239903697965112,-0.000581813658765159
dense_465_recomputed,discovery,306,115.4,23.1,4.63584684753337,3.33817211458334,-1.29767473295003,-0.000293905728613655,1.57896130493023e-05,-2.3995317801005e-05,-0.000167415601456735,-0.000499397103167357,-0.000794510233692478
dense_465_recomputed,discovery,307,115.4,24,3.35995969594607,1.94839515625,-1.41156453969606,-0.00026704589191725,-9.54040201301613e-05,-6.73758256272489e-05,-0.000117254413983951,-0.000411361052925418,-0.000643834146919473
dense_465_recomputed,discovery,308,115.4,24.9,2.8318065292794,1.35615332291667,-1.47565320636273,-0.000264116797521486,-0.000117157877954674,-6.78689951468978e-05,-0.0001100797440219,-0.000414136225913841,-0.000611341144570116
dense_465_recomputed,discovery,309,115.4,25.8,3.67025767689845,2.27148603125,-1.39877164564844,-0.000404022439884433,-0.000159694987098124,-0.000199728108017702,-0.000291254597911515,-0.000607379834410028,-0.000762054671984796
dense_465_recomputed,discovery,310,115.4,26.7,2.72217527689845,1.34051428125,-1.38166099564844,-0.000242258642057794,5.41912907588026e-05,2.25906687154198e-05,-0.000157820765733507,-0.000504838029164057,-0.000625416374865628
dense_465_recomputed,discovery,311,115.4,27.6,4.20241323007305,3.10125401041667,-1.10115921965638,-0.000473301696874164,-0.000144469429019654,-0.000258125843636776,-0.000443631894431319,-0.000733018960944256,-0.000787262356338812
dense_465_recomputed,discovery,312,115.4,28.5,4.29973300150162,3.68428590625,-0.61544709525162,-0.000322421453975099,-4.15292955723003e-05,-6.69409469082253e-05,-0.000310296535445581,-0.000583314584166963,-0.000610025907782424
dense_465_recomputed,discovery,313,115.4,29.4,3.78966578166035,3.50816630208334,-0.281499479577017,-0.00022656715916645,-5.99661009098139e-05,2.72620014823846e-05,-0.000209634913618168,-0.000441373244193208,-0.000449123538593444
dense_465_recomputed,discovery,314,115.4,30.3,4.05364870070797,4.03347182291667,-0.0201768777913019,-0.000113917091975092,0.000101373208786502,0.000166437936666354,-0.00013225031814924,-0.000352750807960273,-0.000352395479218802
dense_465_recomputed,discovery,315,115.4,31.2,2.59924864515242,2.58722976041667,-0.0120188847357461,-0.000236851820220562,-3.6519100654071e-06,-7.90964991644253e-05,-0.000328304234742022,-0.000410092551358425,-0.000363113905772528
dense_465_recomputed,discovery,316,115.4,32.1,3.21864086737464,2.80655711458333,-0.412083752791302,-0.000250672576270622,0.000354417674542499,-2.80438307708704e-05,-0.000535001034488574,-0.000569108589416537,-0.000475627101219629
dense_465_recomputed,discovery,317,115.4,33,3.32249725626353,3.10321726041667,-0.219279995846857,-0.00035857229751029,-2.69417525940423e-05,-0.000280572973359684,-0.000597719322503612,-0.000498657527513128,-0.000388969911580984
dense_465_recomputed,discovery,318,115.4,33.9,2.78194134277146,2.85690219791667,0.0749608551452063,-0.000393465109415499,-0.000252992229433254,-0.000439506704346472,-0.000579856692845022,-0.000399965360382877,-0.000295004560069869
dense_465_recomputed,discovery,319,115.4,34.8,2.29054286420003,2.52360576041667,0.233062896216634,-0.000441500270730987,-0.000412823712069959,-0.000590151325132257,-0.000592080078216849,-0.000357287043968501,-0.000255159194267368
dense_465_recomputed,discovery,320,115.4,35.7,1.981379832454,2.37785009375,0.396470261295999,-0.00046140903003907,-0.000584972434377738,-0.000706616646403805,-0.000542711017952009,-0.000280928824608141,-0.000191816226853656
dense_465_recomputed,discovery,321,115.4,36.6,1.73527107372384,2.29842038541667,0.563149311692825,-0.000426106366040488,-0.000563664605510916,-0.000702209485399288,-0.000474868289611708,-0.000232101598288917,-0.000157687851391612
dense_465_recomputed,discovery,322,115.4,37.5,1.33969538959686,2.03340826041667,0.69371287081981,-0.000365215211640296,-0.000532951452992136,-0.000570113826141331,-0.000382213073698254,-0.000197962232019346,-0.000142835473350411
dense_465_recomputed,discovery,323,115.4,38.4,1.06764139197781,1.86308323958333,0.795441847605523,-0.000224164193279843,-0.000356918887346537,-0.000244451813946253,-0.000243127476613614,-0.000152404342310606,-0.000123918446182207
dense_465_recomputed,discovery,324,115.4,39.3,0.198876175311145,1.05844157291667,0.859565397605523,-8.40581351425781e-05,0.000112474530811863,4.37039311640959e-05,-0.000185630740584154,-0.000193171942683952,-0.000197666454420743
dense_465_recomputed,discovery,325,115.4,40.2,-4.32542258381584,-3.61360261458333,0.711819969232508,-0.000195841336050404,0.000566225939948774,-7.25806729185579e-06,-0.000325301791637844,-0.000543815878544051,-0.000669056882727043
dense_465_recomputed,discovery,326,115.4,41.1,-7.37157023659362,-6.78621001041667,0.585360226176952,0.000158285632096555,0.00111948906828615,0.000611340666878662,9.42256352308877e-05,-0.000378304365542121,-0.000655322844370809
dense_465_recomputed,discovery,327,115.4,42,-8.00794477270473,-7.62641613541667,0.381528637288062,0.000227896041910468,0.000686162913898778,0.000764396870067605,0.000354483458440449,-0.000162352060078501,-0.000503210972775991
dense_465_recomputed,discovery,328,116.2,23.1,4.41194356499368,3.05285301041667,-1.35909055457702,-0.000296417234823766,-2.28046983646003e-05,-5.45273075427206e-05,-0.000151538499291138,-0.000473765566950822,-0.000779450101969552
dense_465_recomputed,discovery,329,116.2,24,3.452787682454,2.10087501041667,-1.35191267203733,-0.000267300784502613,-7.87011108572455e-05,-7.28491133076842e-05,-0.000120057657664191,-0.00041336036787592,-0.000651535672808026
dense_465_recomputed,discovery,330,116.2,24.9,2.81223173007305,1.38346388541667,-1.42876784465638,-0.000241504815530635,-9.69748728991019e-05,-4.80145488693839e-05,-8.23200689086656e-05,-0.000388278462642231,-0.000591936124333794
dense_465_recomputed,discovery,331,116.2,25.8,2.81075415467622,1.39930771875,-1.41144643592622,-0.000253459348436194,-7.60987455502871e-05,-3.33327889626021e-05,-0.000104037937907425,-0.000440332204262807,-0.000613495065497849
dense_465_recomputed,discovery,332,116.2,26.7,3.35269021658099,1.82013615625,-1.53255406033098,-0.000358473465675484,-0.000114403255548056,-0.000100816217687012,-0.000231619659648617,-0.000603328195783453,-0.000742199999710282
dense_465_recomputed,discovery,333,116.2,27.6,4.31290849356511,3.22725965625,-1.08564883731511,-0.000446013547523853,-9.08732840824353e-05,-0.000249749312081349,-0.000403112008153984,-0.000708919476146169,-0.000777413657155327
dense_465_recomputed,discovery,334,116.2,28.5,4.53803569435876,3.92111498958333,-0.616920704775429,-0.00027501763444719,9.94503781047927e-05,-2.24086766449145e-05,-0.000270355712924846,-0.000569959735875853,-0.000611814424895132
dense_465_recomputed,discovery,335,116.2,29.4,4.5319928776921,4.09461894791667,-0.437373929775429,-0.000292619768330505,-0.00010937204173162,1.13771754843718e-05,-0.000267241951864369,-0.000542781090363047,-0.000555080933177862
dense_465_recomputed,discovery,336,116.2,30.3,4.06659572689845,4.22964640625,0.163050679351555,-1.64823464268378e-05,0.00018787625511788,0.000260957963286301,-9.64624647711734e-06,-0.000249876631522221,-0.000271723072539031
dense_465_recomputed,discovery,337,116.2,31.2,1.10699745150162,1.02739755208333,-0.0795998994182862,-0.00021750593475082,8.24102853220091e-05,-8.41314880776899e-05,-0.000324360047721919,-0.000402335725835389,-0.000359112697441112
dense_465_recomputed,discovery,338,116.2,32.1,3.53917368880321,3.39308328125,-0.146090407553207,-0.000167391192234942,0.000194362156438432,2.09948197573073e-05,-0.000319106155335087,-0.000394031106621514,-0.000339175675413848
dense_465_recomputed,discovery,339,116.2,33,3.24631341102543,3.14625476041667,-0.100058650608762,-0.000318347614101785,-5.86916514111948e-05,-0.000228533265521422,-0.000500299103767869,-0.000447525476986622,-0.000356688572821815
dense_465_recomputed,discovery,340,116.2,33.9,2.81320650864448,2.86139588541667,0.0481893767721903,-0.000324598500863613,-0.000136919094387438,-0.000302521688714446,-0.000506151424123962,-0.000385296984575273,-0.000292103312516946
dense_465_recomputed,discovery,341,116.2,34.8,2.42647594356511,2.63243526041667,0.205959316851555,-0.000415548981740218,-0.000379824609782241,-0.00051259571718566,-0.000558856075766899,-0.000362129784625464,-0.000264338721340826
dense_465_recomputed,discovery,342,116.2,35.7,2.06750066261273,2.43744948958333,0.369948826970603,-0.00045494963283414,-0.000541147690324237,-0.000633460573474124,-0.000551730958173844,-0.000320426957114144,-0.000227981985084351
dense_465_recomputed,discovery,343,116.2,36.6,1.77972611340638,2.20896059375,0.429234480343619,-0.000470336917871283,-0.0005724793861232,-0.000708548056967965,-0.000548800449169034,-0.000304679918530685,-0.000217176778565532
dense_465_recomputed,discovery,344,116.2,37.5,1.47135220467622,2.04591151041667,0.574559305740444,-0.000421971654478566,-0.000562578246100778,-0.000639899743985129,-0.000462348684907591,-0.000257204688420851,-0.00018782690897848
dense_465_recomputed,discovery,345,116.2,38.4,1.08604649991432,1.83909896875,0.753052468835682,-0.000248423997663689,-0.000340641560968765,-0.000266021535848291,-0.000280085297693109,-0.000194351472015554,-0.000161020121792725
dense_465_recomputed,discovery,346,116.2,39.3,0.373523041977811,1.44308261458333,1.06955957260552,0.000149763010806117,0.000567100760632589,0.000438647844401147,-2.71445192226319e-06,-0.000112533057291432,-0.000141686041789456
dense_465_recomputed,discovery,347,116.2,40.2,-0.365343492942823,0.677524927083335,1.04286842002616,0.00024343351606782,0.00129888660607104,0.000437024724961942,-6.28271886685811e-05,-0.000200696445736775,-0.000255220116288521
dense_465_recomputed,discovery,348,116.2,41.1,-5.9748893941333,-5.36305451041667,0.611834883716635,1.45176234515944e-05,0.000988933676777495,0.000331194027212537,-9.56171380072926e-05,-0.000460021155755344,-0.000691901292969424
dense_465_recomputed,discovery,349,116.2,42,-7.61914096079997,-7.25260119791667,0.366539762883301,0.000218482937018068,0.000802606701547472,0.00072422660573378,0.000289025962347341,-0.000197871431460693,-0.000525573153077559
dense_465_recomputed,discovery,350,117,24,3.62661262451749,2.26725063541667,-1.35936198910083,-0.000244650311668085,-4.18484823075966e-06,-4.92432688829903e-05,-0.000102404599773619,-0.000404500942562273,-0.000662917898890781
dense_465_recomputed,discovery,351,117,24.9,1.9484023276921,0.486111093750002,-1.4622912339421,-6.41423406325998e-05,6.5443678303491e-05,0.00010919255453572,0.000107651744505153,-0.000194638921258922,-0.000408360759248441
dense_465_recomputed,discovery,352,117,25.8,1.59605467134289,0.318118135416668,-1.27793653592622,-0.000147770774415371,-0.000157465635551696,3.0586710383329e-05,4.27626355419252e-05,-0.000245476631550402,-0.000409260950900013
dense_465_recomputed,discovery,353,117,26.7,2.13719008959686,0.800823510416669,-1.33636657918019,-0.000110157726179836,7.42211329155785e-05,0.000165340493902435,3.60987651969377e-05,-0.000335463017811036,-0.000490986005103095
dense_465_recomputed,discovery,354,117,27.6,2.05026433959686,0.691948281250002,-1.35831605834686,-6.87519826936503e-06,0.000439033091262491,0.000340036104049672,5.58282690445266e-05,-0.000369063075356645,-0.00050021038034687
dense_465_recomputed,discovery,355,117,28.5,4.29877951658099,3.36958726041667,-0.929192256164318,-0.000434516370756388,-0.000204573781441978,-0.000210126722968113,-0.000359803384895132,-0.000673307211363166,-0.00072477075311355
dense_465_recomputed,discovery,356,117,29.4,3.79306207451749,3.37629232291667,-0.416769751600826,-0.000226223390986302,-6.45089929200687e-05,4.0577674520867e-05,-0.000176858646154537,-0.000449566422469963,-0.000480760567907811
dense_465_recomputed,discovery,357,117,30.3,3.93558328880321,3.97385446875,0.0382711799467936,-6.73519397429329e-05,0.000128581824202009,0.000216449748380915,-5.48231011052211e-05,-0.000302006899509841,-0.000324961270682527
dense_465_recomputed,discovery,358,117,31.2,3.22628509594607,3.14058986458334,-0.0856952313627302,-0.000183279462361598,7.50972766918013e-05,1.12317424811661e-05,-0.000244789482220655,-0.000391213635462958,-0.000366723213297346
dense_465_recomputed,discovery,359,117,32.1,3.3470939276921,3.45907628125,0.111982353557904,-4.27544411602375e-05,0.000276989775873889,0.00015262315437826,-0.00014016784575275,-0.000261814876381638,-0.000241402413918949
dense_465_recomputed,discovery,360,117,33,3.30880990626353,3.34726619791667,0.0384562916531425,-0.000228879549758911,-1.96859748378356e-05,-0.00013021536641722,-0.000354813210949576,-0.000351538472259622,-0.000288144724330303
dense_465_recomputed,discovery,361,117,33.9,2.60212592689845,2.78828219791667,0.186156271018222,-0.000227834800328399,-0.000119388107803759,-0.000188364964764694,-0.000338965017253515,-0.000277730963029669,-0.000214724948790357
dense_465_recomputed,discovery,362,117,34.8,2.42235996420003,2.76926838541667,0.346908421216634,-0.000325409554957997,-0.000335688111260622,-0.000383864991087948,-0.000417055206788454,-0.000282025260004826,-0.000208414205648134
dense_465_recomputed,discovery,363,117,35.7,1.93515900467622,2.26312161458334,0.327962609907111,-0.000413098975275241,-0.000478062346793245,-0.000511556493666143,-0.000503423062984367,-0.000328022442775241,-0.000244430530157212
dense_465_recomputed,discovery,364,117,36.6,1.32615738324765,1.88423957291667,0.558082189669015,-0.000370455105670602,-0.000475527605283398,-0.000500073744210562,-0.000412743490328323,-0.000262207994805371,-0.000201722693725357
dense_465_recomputed,discovery,365,117,37.5,1.38439010943813,2.00697746875,0.622587359311873,-0.000322201661696565,-0.000419789699530263,-0.000446634536841516,-0.00035392402813752,-0.000220759809183519,-0.000169900234790007
dense_465_recomputed,discovery,366,117,38.4,0.991143554676224,1.80081223958333,0.809668684907111,-0.000190964033579008,-0.000263404683315849,-0.000157660073103513,-0.000210053143421733,-0.000171842867969902,-0.000151859400084043
dense_465_recomputed,discovery,367,117,39.3,0.574925206263526,1.52865640625,0.953731199986476,-2.67962620595564e-05,0.000204466402502351,0.000175153727292375,-0.000128340917470065,-0.000187075004324646,-0.000198185518297798
dense_465_recomputed,discovery,368,117,40.2,-0.26115537945076,0.806334489583335,1.0674898690341,0.000232949129365325,0.00114240522975269,0.000465957530393361,-2.38273763447104e-05,-0.00018000749509623,-0.000239782241878487
dense_465_recomputed,discovery,369,117,41.1,-2.9280113659587,-2.19241665625,0.735594709708698,-9.14192258137347e-07,0.000902940161136282,0.000197104601922601,-0.000168145900183476,-0.000396266777638537,-0.000540203046527557
dense_465_recomputed,discovery,370,117,42,-6.70414437191108,-6.23434282291666,0.469801548994412,0.000100391716129714,0.000688597629724436,0.000517629053830216,0.000140763943643549,-0.000273229152774242,-0.00057180289377539
dense_465_recomputed,discovery,371,117.8,24.9,2.31323619356511,0.912000406250002,-1.40123578731511,-0.00013619499347689,-4.89926124003054e-06,3.21272111268033e-05,3.13517941398556e-05,-0.000260776325570114,-0.000478778385840962
dense_465_recomputed,discovery,372,117.8,25.8,1.69168981658099,0.468058614583335,-1.22363120199765,-0.000169064202654919,-0.00017807969552854,-1.29260190016296e-05,1.87342541694986e-05,-0.000252827985266168,-0.000420221567647755
dense_465_recomputed,discovery,373,117.8,26.7,3.02845539673972,1.66758384375,-1.36087155298971,-0.000270670305747059,-0.000132022712783261,-2.62992789014726e-05,-9.57004673899223e-05,-0.000466238232379479,-0.000633090837281158
dense_465_recomputed,discovery,374,117.8,27.6,2.16856559515241,1.04289153125,-1.12567406390241,-0.000152654002864495,3.07581180097609e-05,0.000104747372887417,-2.83772206759172e-05,-0.000374961606442487,-0.000495436678101249
dense_465_recomputed,discovery,375,117.8,28.5,3.59837544912067,2.69596521875,-0.902410230370667,-0.00030248813455966,-9.35862276887006e-05,-5.17353807729078e-05,-0.000204860903510391,-0.000541618924155492,-0.000620639236670811
dense_465_recomputed,discovery,376,117.8,29.4,3.35059442372384,3.07684111458334,-0.273753309140508,-0.000233779142797938,-0.000133961332010746,-3.7068202198012e-05,-0.00016379784562466,-0.000397931223667012,-0.000436137110489258
dense_465_recomputed,discovery,377,117.8,30.3,2.4178705276921,2.26579701041667,-0.152073517275429,-0.000189835855666524,-2.04273232374255e-05,-5.74029029948803e-06,-0.000179839592802962,-0.000366389433229555,-0.000376782638763189
dense_465_recomputed,discovery,378,117.8,31.2,3.94495591975559,3.88235646875,-0.0625994510055872,-0.000157752696474604,4.32829482011918e-05,5.09865167333866e-05,-0.000175384355056885,-0.000356769588631938,-0.000350879003618773
dense_465_recomputed,discovery,379,117.8,32.1,3.3770616792794,3.50619928125,0.129137601970603,-5.57662054687684e-05,0.000190636144433281,0.000117988920422466,-0.000115790134575641,-0.00024158039300133,-0.000230085564622619
dense_465_recomputed,discovery,380,117.8,33,3.24001313959686,3.34086138541667,0.100848245819809,-0.000177746749069052,-1.13087146008011e-05,-6.36737410104884e-05,-0.000264384576802991,-0.00029713492098742,-0.000252231791943561
dense_465_recomputed,discovery,381,117.8,33.9,2.66151711181908,2.93565276041667,0.274135648597587,-0.000197201605998291,-0.000149183888943792,-0.000160730457211127,-0.000266707503322046,-0.000229287028943821,-0.000180099151570669
dense_465_recomputed,discovery,382,117.8,34.8,2.24436284912067,2.65970144791667,0.415338598796,-0.000268594035925594,-0.000298530382073546,-0.000297639953619832,-0.000329326176621832,-0.000237402533597371,-0.000180071133715389
dense_465_recomputed,discovery,383,117.8,35.7,0.991978703088923,1.42028857291667,0.428309869827746,-0.000337729694505798,-0.000334073702995359,-0.000368111021661878,-0.000405951947135132,-0.000318288744352089,-0.000262223056384531
dense_465_recomputed,discovery,384,117.8,36.6,0.339340157057177,0.970622177083335,0.631282020026158,-0.000322646454153928,-0.000335091360083981,-0.000365709857951959,-0.000357160115613556,-0.000295400597178845,-0.0002598703399413
dense_465_recomputed,discovery,385,117.8,37.5,1.17045742134289,2.01171151041667,0.841254089073777,-0.000242119031679109,-0.000331771887897434,-0.000271920241298047,-0.000239329234093774,-0.000195674323941661,-0.000171899471164627
dense_465_recomputed,discovery,386,117.8,39.3,0.814961472136542,1.59844761458333,0.783486142446793,-0.000121981595573712,-6.57660754354071e-05,-1.09666753774222e-05,-0.000170665913795214,-0.000183514424559462,-0.000178994888701057
dense_465_recomputed,discovery,387,117.8,40.2,-0.131036873895205,0.849749697916668,0.980786571811873,0.000121006579723204,0.000749356979858178,0.000316664053249926,-5.39230530154853e-05,-0.000178595418691487,-0.00022846966278511
dense_465_recomputed,discovery,388,117.8,41.1,-3.14372463460949,-2.48862294791666,0.655101686692825,-1.27081974034996e-05,0.00069356530835012,0.000208298413263041,-0.000112873434675403,-0.000349486991140426,-0.000503044282814831
dense_465_recomputed,discovery,389,117.8,42,-5.52152450048251,-5.22422238541667,0.297302115065841,0.000168472441645629,0.000761340751062138,0.000539348135290922,0.000169735782994824,-0.000186487308872642,-0.000441575152247099
dense_465_recomputed,discovery,390,118.6,24.9,4.67239990388257,3.23813292708334,-1.43426697679924,-0.000398463699396337,-0.000181028042504522,-0.00017350471229613,-0.000211184445766546,-0.000572700029361226,-0.00085390126705326
dense_465_recomputed,discovery,391,118.6,25.8,2.50655820388257,1.31224471875,-1.19431348513257,-0.000195925653151904,-6.87586536083851e-05,-2.05345556383764e-05,-3.47458440227783e-05,-0.000332861031933211,-0.00052272818055677
dense_465_recomputed,discovery,392,118.6,26.7,1.53034886023178,0.346863156250002,-1.18348570398178,-9.30147800058862e-05,-3.76227793987554e-05,0.000122048021108029,8.03429438940534e-05,-0.000234565691167643,-0.000395276394465115
dense_465_recomputed,discovery,393,118.6,27.6,2.60933336896194,1.44665559375,-1.16267777521194,-0.000204659531463183,-6.50326857424601e-05,6.42108235729887e-05,-4.83729037767758e-05,-0.000416621283582159,-0.000557481607787507
dense_465_recomputed,discovery,394,118.6,28.5,2.34885602689845,1.70788615625,-0.640969870648445,-0.000194057185178466,-4.34010243114382e-05,6.53158407286243e-06,-0.000107486926025424,-0.00037403297005575,-0.000451896589572578
dense_465_recomputed,discovery,395,118.6,29.4,3.58169327054924,3.50370951041667,-0.0779837601325717,-0.000153700749101846,4.61020148985311e-05,7.23436426836798e-06,-0.000118065866368378,-0.00032890601346513,-0.000374868244842623
dense_465_recomputed,discovery,396,118.6,30.3,2.4920664276921,2.52858390625,0.0365174785579043,-0.000190376358031082,-0.000105016676259555,-5.13130249349722e-05,-0.000154569764395963,-0.000311470256461892,-0.000329512068103028
dense_465_recomputed,discovery,397,118.6,31.2,3.66068058642226,3.55844792708334,-0.102232659338921,-0.000164653997502689,3.10722008645845e-05,3.20036714742971e-05,-0.000164146047078979,-0.000358050550412808,-0.000364149262360537
dense_465_recomputed,discovery,398,118.6,32.1,3.30562797451749,3.30375594791667,-0.00187202660082557,-0.000132719813672528,6.70659288348996e-05,3.5849194274347e-05,-0.000170356242266045,-0.000304164814308293,-0.00029199313489755
dense_465_recomputed,discovery,399,118.6,33,3.06865984356511,3.32373344791667,0.255073604351555,-9.5351631832631e-05,1.03740987805626e-06,1.43419831744362e-05,-0.000134354193705353,-0.000189544568102696,-0.000168238790407599
dense_465_recomputed,discovery,400,118.6,33.9,2.56364704515241,2.97465298958333,0.41100594443092,-0.000159319908177341,-0.000172846758707438,-0.000138690433535789,-0.000188267002283971,-0.000165392414173684,-0.000131402932185823
dense_465_recomputed,discovery,401,118.6,34.8,2.10687250943813,2.65347076041667,0.54659825097854,-0.00020485428043049,-0.000263288582017594,-0.000240144361868389,-0.000227850896716611,-0.000165682438817193,-0.000127305122732664
dense_465_recomputed,discovery,402,118.6,35.7,1.27058825546987,1.87285153125,0.602263275780127,-0.000274464864747885,-0.000337912223597343,-0.000324336717710098,-0.000292776319748264,-0.000227880879298628,-0.000189418183385093
dense_465_recomputed,discovery,403,118.6,36.6,0.827568264200034,1.66637078125,0.838802517049968,-0.000241834964593719,-0.000300024979008994,-0.000300101943959029,-0.000236792290731241,-0.000196494597563139,-0.000175761011706192
dense_465_recomputed,discovery,404,118.6,37.5,1.12387623721591,2.07418601041667,0.950309773200761,-0.000190513625378787,-0.000244837560889739,-0.000211350644403243,-0.000183033954239317,-0.000163551656081721,-0.000149794311279913
dense_465_recomputed,discovery,405,118.6,39.3,0.507398944358764,1.34554321875,0.838144274391238,-0.000106892314020865,-4.53194067423363e-05,1.56231977522965e-05,-0.000136314413716887,-0.000180423294549047,-0.000188027652848348
dense_465_recomputed,discovery,406,118.6,40.2,-0.539433703260284,0.414656802083335,0.954090505343618,5.06755802297999e-06,0.000422772053967608,0.000182559158476871,-8.64539411385153e-05,-0.000216029368934591,-0.000277510112256472
dense_465_recomputed,discovery,407,118.6,41.1,-3.28805748738727,-2.67837861458333,0.609678872803936,-5.80260119297529e-06,0.000567551236013447,0.000240751757634797,-5.53033568953611e-05,-0.000308494699223525,-0.000473517943494234
dense_465_recomputed,discovery,408,118.6,42,-4.79994304135552,-4.46357044791666,0.336372593438857,7.03707576956094e-05,0.000568250606207855,0.000401085596840793,8.83499661885363e-05,-0.000233951207949703,-0.000471881172809434
dense_465_recomputed,discovery,409,119.4,25.8,4.00769357848575,2.84979790625,-1.15789567223575,-0.000307468334393295,-0.000115827817485236,-0.000113510152836449,-0.000142617060176647,-0.000469438143425604,-0.000695948498042539
dense_465_recomputed,discovery,410,119.4,26.7,1.74289091737464,0.767205968750001,-0.975684948624636,-0.000174382202936564,-0.000143804383265762,-2.28614632249371e-05,-1.63697656242679e-05,-0.000270407651438323,-0.00041846775112953
dense_465_recomputed,discovery,411,119.4,27.6,-0.0209352723079028,-0.799293072916665,-0.778357800608762,-9.66265266363022e-05,-7.59095894671703e-05,2.63080809221243e-05,1.58186035402174e-05,-0.000178028357839452,-0.00027132137033723
dense_465_recomputed,discovery,412,119.4,28.5,2.4015141308667,1.94612038541667,-0.455393745450032,-0.000223505228587602,-0.00011461616301061,-7.27431945824002e-05,-0.00013206773855669,-0.000360002255009907,-0.000438096791778403
dense_465_recomputed,discovery,413,119.4,29.4,3.18566802451749,2.81909601041667,-0.366572014100826,-0.000211041328428406,-4.02263195986922e-05,-1.05482393867952e-05,-0.000140373986054835,-0.00039850247781195,-0.000465555619289758
dense_465_recomputed,discovery,414,119.4,30.3,2.10709002372384,2.09998361458334,-0.00710640914050827,-0.000238765906737361,-0.000160842065438769,-0.000143138533636377,-0.000201623376160289,-0.000334899259937568,-0.000353326298513802
dense_465_recomputed,discovery,415,119.4,31.2,3.24649970467622,3.20950230208334,-0.0369974025928893,-0.000116804747431941,0.000125708496109013,5.32148847542682e-05,-0.00011920956085379,-0.000311027094914108,-0.000332710462255086
dense_465_recomputed,discovery,416,119.4,32.1,3.16679025785083,3.20686132291667,0.0400710650658412,-0.000127578671332933,2.61240921150432e-05,1.58280617566336e-05,-0.000139924150264342,-0.000270888682811043,-0.000269032677460954
dense_465_recomputed,discovery,417,119.4,33,3.07540770070797,3.34697755208334,0.271569851375365,-0.000109704119001008,-7.94711118227044e-05,-1.93522236305197e-05,-0.000118512315562221,-0.000173168553861643,-0.00015801639012795
dense_465_recomputed,discovery,418,119.4,33.9,2.39935220546988,2.95897582291667,0.559623617446793,-0.00014794727522332,-0.000232905472842554,-0.000156216885671852,-0.000139685376940489,-0.000117112755837608,-9.38158848240985e-05
dense_465_recomputed,discovery,419,119.4,35.7,1.21253321261273,1.73431057291667,0.521777360303936,-0.000251388361863653,-0.00022940944855247,-0.00028516886358165,-0.000290875512498628,-0.000243541715381634,-0.000207946269303884
dense_465_recomputed,discovery,420,119.4,36.6,1.184810982454,2.04420513541667,0.859394152962667,-0.000197575482294079,-0.000191377473097578,-0.000265716264724317,-0.000206319893662843,-0.000171241521689469,-0.000153222258296188
dense_465_recomputed,discovery,421,119.4,40.2,-1.87786155722854,-0.969187031249998,0.908674525978539,-0.000159309253564731,0.000140068747986455,3.10981769839296e-05,-0.000169823108357611,-0.000346407029065651,-0.000451483055370777
dense_465_recomputed,discovery,422,119.4,41.1,-2.87173410484759,-2.14758386458333,0.724150240264254,-7.21635152108289e-05,0.000364730507690046,0.000156827478311119,-8.09142669105687e-05,-0.000319812237588041,-0.0004816490575567
dense_465_recomputed,discovery,423,119.4,42,-3.59119768262536,-3.27764215625,0.313555526375365,6.09788583698108e-05,0.000491317160044697,0.000333755215599896,6.57534726026288e-05,-0.000196686037919345,-0.000389245518478822
dense_465_recomputed,discovery,424,120.2,23.1,4.6773208840413,3.36068769791667,-1.31663318612464,-0.000234751941997706,7.17928102923339e-05,-2.0247962594891e-05,-8.78171261698579e-05,-0.000385891262639668,-0.000751596168876446
dense_465_recomputed,discovery,425,120.2,27.6,2.60685592054924,2.04649642708334,-0.560359493465905,-0.000187795815765561,-3.11814117058173e-05,-5.93299915702106e-05,-8.92862260050056e-05,-0.000319636877187935,-0.000439544572358836
dense_465_recomputed,discovery,426,120.2,28.5,1.23254645864448,0.783157739583335,-0.449388719061143,-0.000156315789661274,-2.76417931027418e-05,-5.80413496249632e-05,-8.86199871884542e-05,-0.000265497009132712,-0.000341778809257499
dense_465_recomputed,discovery,427,120.2,29.4,2.41793666499368,2.16177534375,-0.256161321243683,-0.000132081367997021,8.36557214050381e-05,2.62960642772286e-05,-8.36509245798947e-05,-0.000306870221094265,-0.000379837479993213
dense_465_recomputed,discovery,428,120.2,30.3,3.70734178324765,3.88326426041667,0.175922477169016,1.14466152639076e-06,0.000270607749081372,0.000158869499974913,1.06470193993587e-05,-0.000189220514366436,-0.000245180446457254
dense_465_recomputed,discovery,429,120.2,31.2,3.46183871102543,3.48412611458334,0.0222874035579047,-0.000139761318546376,5.45227573330662e-05,2.14764908179372e-05,-0.000123117578466753,-0.000311511370789358,-0.00034017689162677
dense_465_recomputed,discovery,430,120.2,32.1,3.18269569118416,3.28791086458334,0.105215173399174,-0.000118206463179839,8.69911091776545e-06,1.93721642345265e-06,-0.000118263668374014,-0.00023903482830505,-0.000244370146561347
dense_465_recomputed,discovery,431,120.2,33,2.83330129832702,3.16482586458334,0.331524566256317,-7.19839851069402e-05,-4.04136050316835e-05,1.47813162561279e-05,-7.00670265238274e-05,-0.000133985473691459,-0.000130235136543859
dense_465_recomputed,discovery,432,120.2,33.9,2.34424175785083,2.87126332291667,0.527021565065841,-0.000130537208023561,-0.000157524928800588,-0.00012519495241589,-0.000132629322389358,-0.000127824317449305,-0.000109512519062665
dense_465_recomputed,discovery,433,120.2,36.6,1.22754138007305,1.87424507291667,0.646703692843619,-0.000195546375758537,-0.000123942551787823,-0.000231585103317841,-0.000232026292599008,-0.000205631019815104,-0.000184546911272907
dense_465_recomputed,discovery,434,120.2,37.5,1.07018284673972,1.78547963541667,0.715296788676952,-0.000185686847961868,-0.000127864507248986,-0.000203466185389179,-0.00021139253505879,-0.000200345339809569,-0.000185365672302816
dense_465_recomputed,discovery,435,120.2,40.2,-0.0846781782602838,0.604638864583335,0.689317042843619,-0.000141830563281054,-7.72675845940733e-05,-4.03705665707235e-05,-0.000136152957912413,-0.000209475313289639,-0.00024588639403842
dense_465_recomputed,discovery,436,120.2,41.1,-2.2326680143714,-1.33506484375,0.897603170621396,-0.0001118197185982,0.000157010327759472,7.65355220318496e-05,-7.87406241900594e-05,-0.000282865823773603,-0.000431037994818658
dense_465_recomputed,discovery,437,120.2,42,-3.89110479849838,-3.39250654166667,0.498598256831714,-2.00798730435348e-05,0.000386260161533838,0.000226833710821535,1.57173862117191e-05,-0.00025311250516351,-0.000476098118621257
dense_465_recomputed,discovery,438,121,23.1,-3.07756633579997,-4.59165794791667,-1.5140916121167,0.000347517781242258,0.000240234213915149,0.000183170063814175,0.000364544298437843,0.000488675687846692,0.00046096464219743
dense_465_recomputed,discovery,439,121,24,1.09672883324765,-0.129684031249998,-1.22641286449765,-4.0404101282807e-05,3.43207246433126e-05,4.8168551550036e-06,6.5765415931196e-05,-5.27052945961049e-05,-0.000254218207547442
dense_465_recomputed,discovery,440,121,28.5,2.67233897848575,2.44929269791667,-0.22304628056908,-9.04733719700596e-05,0.000102084070158967,4.29668397448521e-05,-2.77525771408334e-05,-0.000234449820430574,-0.00033521537218271
dense_465_recomputed,discovery,441,121,29.4,2.31967505388257,2.23882330208333,-0.0808517517992384,-0.000127937760475849,4.69451886294035e-05,-1.12596460987085e-05,-8.11941293627206e-05,-0.000261115175091186,-0.000333065040456034
dense_465_recomputed,discovery,442,121,31.2,3.46718815150162,3.79422798958333,0.327039838081714,-2.20642788016405e-05,0.000112890506455055,8.89029060430869e-05,3.736618126204e-06,-0.000138749854915957,-0.000177101569716592
dense_465_recomputed,discovery,443,121,32.1,3.22481902293019,3.45718173958334,0.232362716653142,-5.27728940581343e-05,5.55421349100182e-05,5.35370685962567e-05,-4.32638666824937e-05,-0.000156828462766426,-0.000172851344348026
dense_465_recomputed,discovery,444,121,37.5,0.295393245946065,1.11307048958333,0.817677243637269,-0.000196412666969693,-8.41086774064221e-05,-0.000167990754624875,-0.00021379129406828,-0.00025286417185854,-0.000263308436890347
dense_465_recomputed,discovery,445,121,41.1,-0.668073177863458,0.104806697916668,0.772879875780127,-8.5860389944181e-05,6.74881953574796e-05,4.84059169638376e-05,-6.53828862589106e-05,-0.000196287135481007,-0.000283526040302304
dense_465_recomputed,discovery,446,121,42,-1.81833409929203,-1.06399371875,0.754340380542031,-9.59068502147452e-05,0.00011256327273208,6.6986268285859e-05,-4.12147208933919e-05,-0.000229513715844631,-0.000388355355353642
dense_465_recomputed,discovery,447,121.8,24.9,3.47112967451749,2.33326251041667,-1.13786716410083,-0.000181254583085709,3.04575945545773e-05,-2.33023088437605e-05,-4.46418116765678e-05,-0.000295240918051713,-0.000573545471411081
dense_465_recomputed,discovery,448,121.8,29.4,3.23856195150162,3.46844526041667,0.229883308915048,-2.95307996105224e-05,0.000130475630670082,9.50272022421667e-05,1.95650680940884e-05,-0.000154613580996747,-0.000238108318062202
dense_465_recomputed,discovery,449,121.8,31.2,3.186975982454,3.66625505208333,0.479279069629333,-3.2299442959134e-06,7.10813560302512e-05,8.73676507385117e-05,2.82576954518721e-05,-8.23802196005073e-05,-0.000120476204099695
dense_465_recomputed,discovery,450,121.8,39.3,0.212434827692097,0.881870656250002,0.669435828557904,-0.000186234272531404,-0.00012818464225209,-0.000119480907067193,-0.000170008072723228,-0.00024045834280461,-0.0002730393978099
dense_465_recomputed,discovery,451,121.8,41.1,-0.405388369926951,0.386211802083335,0.791600172010285,-9.56385354233356e-05,1.03333774563851e-05,2.18208740763603e-05,-6.72912913350686e-05,-0.00018263637236338,-0.000260419264950975
dense_465_recomputed,discovery,452,121.8,42,-1.70101274135552,-1.01835971875,0.682653022605524,-0.000149525138394675,1.65759664089863e-06,-6.30472827513681e-06,-7.47502867820435e-05,-0.000253488273263782,-0.000414740000293314
dense_465_recomputed,discovery,453,122.6,40.2,-1.00166024214917,-0.112553510416665,0.889106731732508,-0.000163610483509318,-8.15256639732309e-05,-3.23471870901165e-05,-0.000105268092231257,-0.000248037789312271,-0.000350873684939715
dense_465_recomputed,discovery,454,122.6,41.1,-0.393271566752347,0.508728406250001,0.901999973002349,-2.17026768951578e-05,0.000160615350471371,8.77528048290115e-05,-1.40872554777843e-05,-0.000130438954180054,-0.000212355330118333
dense_465_recomputed,discovery,455,122.6,42,-0.611766814371395,0.0431077812500016,0.654874595621396,-0.000153243122440209,-8.40026405285731e-05,-4.43388958688665e-05,-7.89171085199195e-05,-0.000218261154704955,-0.000340695812578729
dense_465_recomputed,discovery,456,123.4,40.2,-0.788701276276157,-0.0556420104166651,0.733059265859492,-0.000129935817985201,-1.15133224428002e-05,-1.29024250225809e-05,-8.00066375669625e-05,-0.000221211183909279,-0.000324045520984382
dense_465_recomputed,discovery,457,123.4,41.1,-1.19665650802219,-0.447847572916665,0.748808935105524,-0.000135808314255214,-5.8555553229818e-05,-8.98501605450642e-06,-5.61417909784914e-05,-0.000210556857280066,-0.000344802353733186
dense_465_recomputed,discovery,458,123.4,42,-0.609505623895204,0.0934885312500016,0.702994155145206,-0.000100039981808336,5.93133050212303e-06,1.49373822497337e-06,-4.34562892969835e-05,-0.000172662939594626,-0.000291505748877165
dense_465_recomputed,discovery,459,124.2,40.2,-0.833130296911078,-0.302290197916665,0.530840098994412,-0.000123691409225696,-3.0335605110006e-05,-1.0366097622131e-05,-6.03130511025792e-05,-0.000203039198450453,-0.00031440309384331
dense_465_recomputed,discovery,460,124.2,41.1,-2.86899963103806,-2.17722286458333,0.69177676645473,-0.00014620285465947,-4.16511572065672e-06,1.27660491182319e-05,-3.92218534070184e-05,-0.000245097043968185,-0.000455296309319723
dense_465_recomputed,discovery,461,124.2,42,-1.35299429214917,-0.749690677083331,0.603303615065841,-0.000105644010844049,-1.55308960234188e-05,2.24635896448694e-06,-2.7664796618279e-05,-0.000168320681813039,-0.000318950038729996
dense_465_recomputed,discovery,462,125,38.4,-0.480455147704728,-0.202907114583332,0.277548033121396,-0.000125954957541097,-1.55874425183512e-05,-3.58773837585632e-05,-7.76883897203632e-05,-0.000205868746048383,-0.000294752825659822
dense_465_recomputed,discovery,463,125,40.2,-1.84778136675235,-1.38049146875,0.467289898002349,-0.000135977850216293,-2.20364564243981e-05,-1.90422496529943e-06,-4.8171251585869e-05,-0.000223490630865043,-0.000384286687240855
dense_465_recomputed,discovery,464,125,41.1,-2.749957892546,-2.13372123958333,0.616236652962667,-0.000130769022696034,-1.14398693092387e-06,1.69085272492935e-05,-2.29815621055682e-05,-0.000216929127278602,-0.000429698964414371
dense_465_recomputed,discovery,465,125,42,-2.538195167546,-1.84486736458333,0.693327802962667,-0.000120526436729755,-1.73282093221347e-05,1.11612938342927e-05,-8.80254229461307e-06,-0.000183867055074638,-0.000403795670791682
