basis,record_id,year,month,analysis_role,bandwidth_km,total_effect,structured_component,residual_component
latitude,199106,1991,6,held_out,125.799765,0.08371187655285596,-0.0038017556620598258,0.08751363221491539
latitude,199107,1991,7,held_out,125.799765,0.0963914539930687,-0.02742056280665567,0.12381201679972466
latitude,199108,1991,8,held_out,125.799765,0.038327900457745985,-0.016250461231421577,0.054578361689169054
latitude,199206,1992,6,held_out,125.799765,0.029506156464861596,-0.013868095993489184,0.04337425245834947
latitude,199207,1992,7,held_out,125.799765,0.019222659607279088,-0.0209989282142957,0.04022158782157618
latitude,199208,1992,8,held_out,125.799765,0.09215781473356643,-0.03373405949972381,0.12589187423329226
latitude,199306,1993,6,held_out,125.799765,-0.0866718304789495,-0.03828922634725335,-0.04838260413169588
latitude,199307,1993,7,held_out,125.799765,0.07912739888034184,-0.018492679840251047,0.09762007872059358
latitude,199308,1993,8,held_out,125.799765,-0.0430975471143597,-0.02848587804792936,-0.014611669066430515
latitude,199406,1994,6,held_out,125.799765,0.09275410553264471,-0.020163412772400927,0.11291751830504392
latitude,199407,1994,7,held_out,125.799765,-0.03391208048639457,-0.022702030431869368,-0.011210050054523999
latitude,199408,1994,8,held_out,125.799765,0.055975367616936667,-0.011915618706073489,0.06789098632300865
latitude,199506,1995,6,held_out,125.799765,0.09444151499206141,0.035152051943112196,0.059289463048948596
latitude,199507,1995,7,held_out,125.799765,0.019076192753893703,-0.029772132245403676,0.04884832499929796
latitude,199508,1995,8,held_out,125.799765,-0.09195303299457903,-0.020839527880435152,-0.07111350511414456
latitude,199606,1996,6,held_out,125.799765,-0.1298518964556923,-0.04032265199173013,-0.08952924446396139
latitude,199607,1996,7,held_out,125.799765,0.015719153438204448,-0.033342845363874635,0.04906199880207788
latitude,199608,1996,8,held_out,125.799765,-0.09358665720976193,-0.03490221424410622,-0.058684442965655635
latitude,199706,1997,6,held_out,125.799765,-0.17250021685005543,-0.0502947726576055,-0.1222054441924509
latitude,199707,1997,7,held_out,125.799765,0.06981012056596178,-0.010568133230123133,0.08037825379608467
latitude,199708,1997,8,held_out,125.799765,-0.12028757377972187,-0.018443530601142368,-0.10184404317857994
latitude,199806,1998,6,held_out,125.799765,-0.12989611040576526,-0.06391574755626807,-0.06598036284949577
latitude,199807,1998,7,held_out,125.799765,0.04426463796450573,0.0035508346673023493,0.04071380329720305
latitude,199808,1998,8,held_out,125.799765,0.0821730838122658,-0.0036188158792494957,0.08579189969151572
latitude,199906,1999,6,held_out,125.799765,-0.1697585136389411,-0.059717877869594704,-0.11004063576934704
latitude,199907,1999,7,held_out,125.799765,-0.000349965308419993,-0.014634885302019547,0.014284919993600171
latitude,199908,1999,8,held_out,125.799765,-0.1514386842623608,-0.05812999957475916,-0.09330868468760213
latitude,200006,2000,6,held_out,125.799765,0.0028817902351598343,-0.019039754490341326,0.021921544725502198
latitude,200007,2000,7,held_out,125.799765,-0.1535131147016426,-0.04047904281983382,-0.11303407188180893
latitude,200008,2000,8,held_out,125.799765,-0.18044906581750317,-0.039626909981696386,-0.14082215583580668
latitude,200106,2001,6,held_out,125.799765,-0.006244274209636319,-0.03318913223344099,0.026944858023806206
latitude,200107,2001,7,held_out,125.799765,-0.03313110604531836,-0.005910203229971577,-0.027220902815346622
latitude,200108,2001,8,held_out,125.799765,-0.16392685676041294,-0.04930862743439459,-0.1146182293260187
latitude,200206,2002,6,held_out,125.799765,0.014058693748048795,-0.003876175282476736,0.01793486903052567
latitude,200207,2002,7,held_out,125.799765,0.20269406816048147,0.013242936970057528,0.18945113119042278
latitude,200208,2002,8,held_out,125.799765,-0.14089307361015962,-0.04460158445973423,-0.09629148915042725
latitude,200306,2003,6,held_out,125.799765,-0.08881178499704992,-0.03929750515519787,-0.049514279841853
latitude,200307,2003,7,held_out,125.799765,0.02821191038118029,-0.02642588734346801,0.054637797724649176
latitude,200308,2003,8,held_out,125.799765,0.08939397813210481,-0.01886015608318804,0.10825413421529469
latitude,200406,2004,6,held_out,125.799765,0.056156429406920894,0.0046889689755072765,0.05146746043141282
latitude,200407,2004,7,held_out,125.799765,-0.031243811176637083,-0.0371345002324807,0.005890689055842929
latitude,200408,2004,8,held_out,125.799765,-0.025177080867715477,-0.057033169187798397,0.03185608832008463
latitude,200506,2005,6,held_out,125.799765,-0.09700719569607875,-0.031203417901149458,-0.06580377779492806
latitude,200507,2005,7,held_out,125.799765,-0.053736344324005675,-0.030465940979876815,-0.02327040334412917
latitude,200508,2005,8,held_out,125.799765,-0.0007227591074150805,-0.045994317614039125,0.04527155850662512
latitude,200606,2006,6,held_out,125.799765,-0.06148056614259318,-0.04350714099551179,-0.0179734251470811
latitude,200607,2006,7,held_out,125.799765,0.08118659297103166,0.009324298567242486,0.07186229440378873
latitude,200608,2006,8,held_out,125.799765,-0.13987016129788632,-0.027270307749907286,-0.11259985354797963
latitude,200706,2007,6,held_out,125.799765,0.14284801858310714,-0.03904984879755378,0.18189786738066116
latitude,200707,2007,7,held_out,125.799765,-0.0660815620500888,-0.02817589225342604,-0.03790566979666246
latitude,200708,2007,8,held_out,125.799765,0.0639183140276384,-0.038985744541073404,0.10290405856871226
latitude,200806,2008,6,held_out,125.799765,0.08512739277007096,-0.013560005912361194,0.09868739868243237
latitude,200807,2008,7,held_out,125.799765,0.021959669228587622,-0.005607170762013748,0.02756683999060124
latitude,200808,2008,8,held_out,125.799765,-0.010735100202822192,-0.036976465102135786,0.026241364899313602
latitude,200906,2009,6,held_out,125.799765,-0.07630578090220229,-0.009921672786146876,-0.06638410811605527
latitude,200907,2009,7,held_out,125.799765,-0.004331769371287046,-0.03299311982728401,0.02866135045599725
latitude,200908,2009,8,held_out,125.799765,-0.17178764279665223,-0.03138521778700956,-0.14040242500964253
latitude,201006,2010,6,held_out,125.799765,0.02805560246706406,-0.02498232050968337,0.05303792297674615
latitude,201007,2010,7,held_out,125.799765,-0.031146365367227456,-0.043345955700116366,0.012199590332889752
latitude,201008,2010,8,held_out,125.799765,-0.02219167836275497,-0.03680973578025268,0.014618057417498973
latitude,201106,2011,6,held_out,125.799765,-0.048286088305980156,-0.05843753586861059,0.010151447562631895
latitude,201107,2011,7,held_out,125.799765,-0.02134507313573216,-0.02955372597003461,0.008208652834300464
latitude,201108,2011,8,held_out,125.799765,0.022087515847145904,-0.02050117107616215,0.042588686923307494
latitude,201206,2012,6,held_out,125.799765,-0.17394907742765675,-0.06676195343533195,-0.10718712399232516
latitude,201207,2012,7,held_out,125.799765,-0.12434466495354897,-0.01830281292075073,-0.10604185203279584
latitude,201208,2012,8,held_out,125.799765,-0.17329858030308504,-0.03898597635645665,-0.134312603946629
latitude,201306,2013,6,held_out,125.799765,0.04108178919960866,-0.005598909542621808,0.04668069874223163
latitude,201307,2013,7,held_out,125.799765,-0.016082647456785303,-0.011024819640708389,-0.005057827816077148
latitude,201308,2013,8,held_out,125.799765,-0.00047088997857633146,-0.0368907472390757,0.03641985726050072
latitude,201406,2014,6,held_out,125.799765,-0.010398060383658802,0.002296062853039856,-0.012694123236698275
latitude,201407,2014,7,held_out,125.799765,-0.01049815636841284,-0.03451890163800392,0.024020745269590048
latitude,201408,2014,8,held_out,125.799765,0.00202663599264849,-0.011336790846109788,0.01336342683875753
latitude,201506,2015,6,development,125.799765,-0.10004535665398748,-0.06818954925101779,-0.03185580740297068
latitude,201507,2015,7,development,125.799765,-0.15841407745026298,-0.03668247607796806,-0.12173160137229576
latitude,201508,2015,8,development,125.799765,-0.11077884728819805,-0.024504644791095497,-0.08627420249710371
latitude,201606,2016,6,held_out,125.799765,0.0334933137167197,-0.021660513571136315,0.05515382728785669
latitude,201607,2016,7,held_out,125.799765,0.05624939016105429,-0.00662329676626611,0.0628726869273199
latitude,201608,2016,8,held_out,125.799765,0.14762803201611704,0.011057295797387215,0.13657073621872687
latitude,201706,2017,6,held_out,125.799765,-0.04569326361740815,-0.044273926492784,-0.001419337124623402
latitude,201707,2017,7,held_out,125.799765,-0.06954390075090619,-0.02300666315878508,-0.046537237592120036
latitude,201708,2017,8,held_out,125.799765,0.021557242592813913,-0.00872687030520096,0.030284112898015785
latitude,201806,2018,6,held_out,125.799765,-0.08190852714596661,-0.039665898932872916,-0.042242628213094005
latitude,201807,2018,7,held_out,125.799765,-0.09927404921906786,-0.031414633894804866,-0.06785941532426396
latitude,201808,2018,8,held_out,125.799765,-0.10030905766581331,-0.03749522417481134,-0.06281383349100199
latitude,201906,2019,6,held_out,125.799765,-0.07484721137517827,-0.026344450911011185,-0.04850276046416627
latitude,201907,2019,7,held_out,125.799765,-0.04406258109583929,-0.025148193612546783,-0.0189143874832918
latitude,201908,2019,8,held_out,125.799765,-0.0825359293724705,-0.03592433188523353,-0.04661159748723549
latitude,202006,2020,6,held_out,125.799765,-0.06879807552948076,-0.025989724521309123,-0.042808351008171666
latitude,202007,2020,7,held_out,125.799765,-0.0037032018731419725,-0.023353357017933923,0.019650155144791
latitude,202008,2020,8,held_out,125.799765,0.008704718079504648,0.004941658019356706,0.003763060060147932
latitude,202106,2021,6,held_out,125.799765,-0.16809079252732936,-0.05000048383458311,-0.11809030869274421
latitude,202107,2021,7,held_out,125.799765,-0.026184619124471974,-0.012487051341949305,-0.013697567782523297
latitude,202108,2021,8,held_out,125.799765,-0.01622562470684199,-0.01583071431897046,-0.00039491038787194756
latitude,202206,2022,6,development,125.799765,-0.012631709547713433,-0.0359215533068916,0.023289843759175796
latitude,202207,2022,7,development,125.799765,0.20548952111671998,-0.0001385063602357142,0.20562802747695574
latitude,202208,2022,8,development,125.799765,-0.09229524454685574,-0.05770608971457389,-0.03458915483228115
latitude,202306,2023,6,held_out,125.799765,-0.040498284842691,0.0004919082635779615,-0.040990193106268155
latitude,202307,2023,7,held_out,125.799765,-0.10306495300832565,-0.03049496313350915,-0.07256998987481915
latitude,202308,2023,8,held_out,125.799765,-0.26495650319848385,-0.054808906587292865,-0.21014759661118987
latitude,202406,2024,6,held_out,125.799765,-0.0699915826766969,-0.04853000995439879,-0.021461572722296762
latitude,202407,2024,7,held_out,125.799765,0.13498511887182787,-0.012930898226872349,0.14791601709869856
latitude,202408,2024,8,held_out,125.799765,0.055687231277360714,0.0007711610590663539,0.05491607021829255
latitude,202506,2025,6,held_out,125.799765,-0.09514119861612344,-0.07663730566516615,-0.01850389295095823
latitude,202507,2025,7,held_out,125.799765,-0.14155943019958783,-0.007238594114905797,-0.1343208360846812
latitude,202508,2025,8,held_out,125.799765,-0.12294776445510146,-0.019834213438470832,-0.10311355101663179
latitude_longitude,199106,1991,6,held_out,125.799765,0.08371187655285596,0.009302442081398127,0.07440943447145684
latitude_longitude,199107,1991,7,held_out,125.799765,0.0963914539930687,-0.054302729976871245,0.1506941839699408
latitude_longitude,199108,1991,8,held_out,125.799765,0.038327900457745985,0.0077202110366147445,0.030607689421133132
latitude_longitude,199206,1992,6,held_out,125.799765,0.029506156464861596,-0.012655294312433198,0.04216145077729353
latitude_longitude,199207,1992,7,held_out,125.799765,0.019222659607279088,-0.0198488031828721,0.03907146279015055
latitude_longitude,199208,1992,8,held_out,125.799765,0.09215781473356643,-0.03994756578162413,0.1321053805151905
latitude_longitude,199306,1993,6,held_out,125.799765,-0.0866718304789495,-0.041762276007204294,-0.0449095544717454
latitude_longitude,199307,1993,7,held_out,125.799765,0.07912739888034184,0.001737307766469007,0.07739009111387432
latitude_longitude,199308,1993,8,held_out,125.799765,-0.0430975471143597,-0.0467384404314424,0.0036408933170826207
latitude_longitude,199406,1994,6,held_out,125.799765,0.09275410553264471,0.039183739724414364,0.05357036580822986
latitude_longitude,199407,1994,7,held_out,125.799765,-0.03391208048639457,-0.0521517002310489,0.018239619744653907
latitude_longitude,199408,1994,8,held_out,125.799765,0.055975367616936667,-0.01091387164658933,0.06688923926352364
latitude_longitude,199506,1995,6,held_out,125.799765,0.09444151499206141,0.050492224416626076,0.043949290575435895
latitude_longitude,199507,1995,7,held_out,125.799765,0.019076192753893703,-0.04079813572759563,0.0598743284814908
latitude_longitude,199508,1995,8,held_out,125.799765,-0.09195303299457903,-0.03763912907761327,-0.05431390391696576
latitude_longitude,199606,1996,6,held_out,125.799765,-0.1298518964556923,-0.060017941868300305,-0.06983395458739067
latitude_longitude,199607,1996,7,held_out,125.799765,0.015719153438204448,-0.02691850065084689,0.04263765408905132
latitude_longitude,199608,1996,8,held_out,125.799765,-0.09358665720976193,-0.048181946025568315,-0.04540471118419486
latitude_longitude,199706,1997,6,held_out,125.799765,-0.17250021685005543,-0.06598108392943715,-0.10651913292061894
latitude_longitude,199707,1997,7,held_out,125.799765,0.06981012056596178,-0.005668101198257347,0.07547822176421987
latitude_longitude,199708,1997,8,held_out,125.799765,-0.12028757377972187,-0.03487581693418652,-0.08541175684553615
latitude_longitude,199806,1998,6,held_out,125.799765,-0.12989611040576526,-0.05262496859101861,-0.07727114181474674
latitude_longitude,199807,1998,7,held_out,125.799765,0.04426463796450573,0.003996124107271235,0.040268513857235615
latitude_longitude,199808,1998,8,held_out,125.799765,0.0821730838122658,0.014117138805084911,0.06805594500718219
latitude_longitude,199906,1999,6,held_out,125.799765,-0.1697585136389411,-0.08704265097264688,-0.08271586266629462
latitude_longitude,199907,1999,7,held_out,125.799765,-0.000349965308419993,-0.020287042850726193,0.019937077542308074
latitude_longitude,199908,1999,8,held_out,125.799765,-0.1514386842623608,-0.07859924750486623,-0.07283943675749573
latitude_longitude,200006,2000,6,held_out,125.799765,0.0028817902351598343,-0.0074528319448278245,0.010334622179987589
latitude_longitude,200007,2000,7,held_out,125.799765,-0.1535131147016426,-0.06035990173967409,-0.09315321296196849
latitude_longitude,200008,2000,8,held_out,125.799765,-0.18044906581750317,-0.04466927789389842,-0.13577978792360426
latitude_longitude,200106,2001,6,held_out,125.799765,-0.006244274209636319,-0.01925508354870303,0.013010809339066773
latitude_longitude,200107,2001,7,held_out,125.799765,-0.03313110604531836,-0.008959488956854054,-0.024171617088465183
latitude_longitude,200108,2001,8,held_out,125.799765,-0.16392685676041294,-0.06786212848983456,-0.09606472827057859
latitude_longitude,200206,2002,6,held_out,125.799765,0.014058693748048795,-0.0029188685319713544,0.016977562280019776
latitude_longitude,200207,2002,7,held_out,125.799765,0.20269406816048147,0.019788959107717396,0.18290510905276386
latitude_longitude,200208,2002,8,held_out,125.799765,-0.14089307361015962,-0.055171452708540486,-0.0857216209016202
latitude_longitude,200306,2003,6,held_out,125.799765,-0.08881178499704992,-0.043989902640343505,-0.044821882356707345
latitude_longitude,200307,2003,7,held_out,125.799765,0.02821191038118029,-0.010014630289583217,0.038226540670763656
latitude_longitude,200308,2003,8,held_out,125.799765,0.08939397813210481,-0.03223975954458438,0.12163373767669038
latitude_longitude,200406,2004,6,held_out,125.799765,0.056156429406920894,0.0022742870520214477,0.053882142354898195
latitude_longitude,200407,2004,7,held_out,125.799765,-0.031243811176637083,-0.03624660001899267,0.0050027888423531735
latitude_longitude,200408,2004,8,held_out,125.799765,-0.025177080867715477,-0.04800454695993662,0.022827466092222262
latitude_longitude,200506,2005,6,held_out,125.799765,-0.09700719569607875,-0.018213427526013348,-0.07879376817006527
latitude_longitude,200507,2005,7,held_out,125.799765,-0.053736344324005675,-0.03858249119363879,-0.015153853130367151
latitude_longitude,200508,2005,8,held_out,125.799765,-0.0007227591074150805,-0.038163152198254835,0.037440393090840754
latitude_longitude,200606,2006,6,held_out,125.799765,-0.06148056614259318,-0.0356369861871804,-0.025843579955413705
latitude_longitude,200607,2006,7,held_out,125.799765,0.08118659297103166,-0.01185253149874743,0.09303912446977743
latitude_longitude,200608,2006,8,held_out,125.799765,-0.13987016129788632,-0.04543538179924727,-0.09443477949863832
latitude_longitude,200706,2007,6,held_out,125.799765,0.14284801858310714,-0.013902450799568894,0.15675046938267534
latitude_longitude,200707,2007,7,held_out,125.799765,-0.0660815620500888,-0.022349381594371245,-0.043732180455717126
latitude_longitude,200708,2007,8,held_out,125.799765,0.0639183140276384,-0.035076061308335196,0.09899437533597343
latitude_longitude,200806,2008,6,held_out,125.799765,0.08512739277007096,0.005126746377028963,0.08000064639304395
latitude_longitude,200807,2008,7,held_out,125.799765,0.021959669228587622,-0.016066235129232845,0.03802590435782031
latitude_longitude,200808,2008,8,held_out,125.799765,-0.010735100202822192,-0.061026365812518336,0.05029126560969624
latitude_longitude,200906,2009,6,held_out,125.799765,-0.07630578090220229,-0.020489512478193344,-0.0558162684240094
latitude_longitude,200907,2009,7,held_out,125.799765,-0.004331769371287046,-0.041115102995764256,0.03678333362447717
latitude_longitude,200908,2009,8,held_out,125.799765,-0.17178764279665223,-0.03990434952309185,-0.13188329327356058
latitude_longitude,201006,2010,6,held_out,125.799765,0.02805560246706406,-0.01202662665668599,0.040082229123748654
latitude_longitude,201007,2010,7,held_out,125.799765,-0.031146365367227456,-0.05865988216743822,0.027513516800210767
latitude_longitude,201008,2010,8,held_out,125.799765,-0.02219167836275497,-0.05139817347505374,0.029206495112298957
latitude_longitude,201106,2011,6,held_out,125.799765,-0.048286088305980156,-0.052225807743403345,0.003939719437424337
latitude_longitude,201107,2011,7,held_out,125.799765,-0.02134507313573216,-0.035622117440459566,0.014277044304726616
latitude_longitude,201108,2011,8,held_out,125.799765,0.022087515847145904,-0.0319647712276847,0.0540522870748309
latitude_longitude,201206,2012,6,held_out,125.799765,-0.17394907742765675,-0.08713491386806134,-0.08681416355959638
latitude_longitude,201207,2012,7,held_out,125.799765,-0.12434466495354897,-0.03128026533095935,-0.09306439962258789
latitude_longitude,201208,2012,8,held_out,125.799765,-0.17329858030308504,-0.057072264113157155,-0.11622631618992753
latitude_longitude,201306,2013,6,held_out,125.799765,0.04108178919960866,0.0006796566199952361,0.04040213257961441
latitude_longitude,201307,2013,7,held_out,125.799765,-0.016082647456785303,-0.018161744790207893,0.002079097333422524
latitude_longitude,201308,2013,8,held_out,125.799765,-0.00047088997857633146,-0.03858904915839872,0.03811815917982369
latitude_longitude,201406,2014,6,held_out,125.799765,-0.010398060383658802,-0.012360910566880238,0.001962850183221571
latitude_longitude,201407,2014,7,held_out,125.799765,-0.01049815636841284,-0.02996190734925783,0.01946375098084444
latitude_longitude,201408,2014,8,held_out,125.799765,0.00202663599264849,-0.0283775218609926,0.030404157853640534
latitude_longitude,201506,2015,6,development,125.799765,-0.10004535665398748,-0.09952775662046036,-0.0005176000335272864
latitude_longitude,201507,2015,7,development,125.799765,-0.15841407745026298,-0.0393547449893298,-0.11905933246093346
latitude_longitude,201508,2015,8,development,125.799765,-0.11077884728819805,-0.04185698838407913,-0.06892185890411955
latitude_longitude,201606,2016,6,held_out,125.799765,0.0334933137167197,-0.006198689904938279,0.03969200362165937
latitude_longitude,201607,2016,7,held_out,125.799765,0.05624939016105429,-0.01047819183119968,0.06672758199225405
latitude_longitude,201608,2016,8,held_out,125.799765,0.14762803201611704,0.03218793299891678,0.1154400990171963
latitude_longitude,201706,2017,6,held_out,125.799765,-0.04569326361740815,-0.02660412752062403,-0.01908913609678344
latitude_longitude,201707,2017,7,held_out,125.799765,-0.06954390075090619,-0.04394566114363016,-0.025598239607276866
latitude_longitude,201708,2017,8,held_out,125.799765,0.021557242592813913,-0.00996700314031735,0.031524245733130285
latitude_longitude,201806,2018,6,held_out,125.799765,-0.08190852714596661,-0.04963605469105248,-0.032272472454913124
latitude_longitude,201807,2018,7,held_out,125.799765,-0.09927404921906786,-0.0442388123979726,-0.05503523682109736
latitude_longitude,201808,2018,8,held_out,125.799765,-0.10030905766581331,-0.027917411016276168,-0.07239164664953722
latitude_longitude,201906,2019,6,held_out,125.799765,-0.07484721137517827,-0.021705220496986335,-0.053141990878192186
latitude_longitude,201907,2019,7,held_out,125.799765,-0.04406258109583929,-0.036529800179731994,-0.007532780916106703
latitude_longitude,201908,2019,8,held_out,125.799765,-0.0825359293724705,-0.009524910540582467,-0.07301101883188753
latitude_longitude,202006,2020,6,held_out,125.799765,-0.06879807552948076,-0.027992736959347127,-0.04080533857013302
latitude_longitude,202007,2020,7,held_out,125.799765,-0.0037032018731419725,-0.018419589457287996,0.01471638758414636
latitude_longitude,202008,2020,8,held_out,125.799765,0.008704718079504648,-0.021587527766353455,0.03029224584585948
latitude_longitude,202106,2021,6,held_out,125.799765,-0.16809079252732936,-0.057954699509228574,-0.11013609301810061
latitude_longitude,202107,2021,7,held_out,125.799765,-0.026184619124471974,-0.000321687652762732,-0.025862931471710985
latitude_longitude,202108,2021,8,held_out,125.799765,-0.01622562470684199,-0.02535294011674779,0.009127315409906179
latitude_longitude,202206,2022,6,development,125.799765,-0.012631709547713433,-0.03545169685003614,0.022819987302322334
latitude_longitude,202207,2022,7,development,125.799765,0.20548952111671998,-0.01390593111735802,0.21939545223407567
latitude_longitude,202208,2022,8,development,125.799765,-0.09229524454685574,-0.05474846065204138,-0.037546783894815465
latitude_longitude,202306,2023,6,held_out,125.799765,-0.040498284842691,0.019841224728215548,-0.06033950957090704
latitude_longitude,202307,2023,7,held_out,125.799765,-0.10306495300832565,-0.05029413985434076,-0.05277081315398705
latitude_longitude,202308,2023,8,held_out,125.799765,-0.26495650319848385,-0.08152377201644498,-0.18343273118203804
latitude_longitude,202406,2024,6,held_out,125.799765,-0.0699915826766969,-0.03468829865123622,-0.03530328402545975
latitude_longitude,202407,2024,7,held_out,125.799765,0.13498511887182787,0.0010538788974122516,0.13393123997441514
latitude_longitude,202408,2024,8,held_out,125.799765,0.055687231277360714,0.0010013661079501667,0.054685865169410125
latitude_longitude,202506,2025,6,held_out,125.799765,-0.09514119861612344,-0.06501947744424068,-0.03012172117188465
latitude_longitude,202507,2025,7,held_out,125.799765,-0.14155943019958783,-0.02177969795287928,-0.11977973224670879
latitude_longitude,202508,2025,8,held_out,125.799765,-0.12294776445510146,-0.04448383904296797,-0.07846392541213412
latitude_longitude_elevation,199106,1991,6,held_out,125.799765,0.08371187655285596,0.031705148111094185,0.05200672844176195
latitude_longitude_elevation,199107,1991,7,held_out,125.799765,0.0963914539930687,0.05522087826499477,0.041170575728074976
latitude_longitude_elevation,199108,1991,8,held_out,125.799765,0.038327900457745985,0.02583394897720576,0.01249395148054118
latitude_longitude_elevation,199206,1992,6,held_out,125.799765,0.029506156464861596,0.009005228194039873,0.020500928270820687
latitude_longitude_elevation,199207,1992,7,held_out,125.799765,0.019222659607279088,0.005215545628114293,0.014007113979164508
latitude_longitude_elevation,199208,1992,8,held_out,125.799765,0.09215781473356643,0.005093489612404887,0.08706432512116113
latitude_longitude_elevation,199306,1993,6,held_out,125.799765,-0.0866718304789495,-0.10352266701975434,0.01685083654080496
latitude_longitude_elevation,199307,1993,7,held_out,125.799765,0.07912739888034184,0.09052257583589014,-0.011395176955547754
latitude_longitude_elevation,199308,1993,8,held_out,125.799765,-0.0430975471143597,0.026851599681951038,-0.06994914679631081
latitude_longitude_elevation,199406,1994,6,held_out,125.799765,0.09275410553264471,0.10757761819381967,-0.014823512661175138
latitude_longitude_elevation,199407,1994,7,held_out,125.799765,-0.03391208048639457,-0.06286254330983664,0.028950462823442193
latitude_longitude_elevation,199408,1994,8,held_out,125.799765,0.055975367616936667,-0.006734973233941592,0.06271034085087851
latitude_longitude_elevation,199506,1995,6,held_out,125.799765,0.09444151499206141,0.05978946986044514,0.03465204513161496
latitude_longitude_elevation,199507,1995,7,held_out,125.799765,0.019076192753893703,-0.008778692218455815,0.027854884972350263
latitude_longitude_elevation,199508,1995,8,held_out,125.799765,-0.09195303299457903,-0.06583110312348461,-0.026121929871094844
latitude_longitude_elevation,199606,1996,6,held_out,125.799765,-0.1298518964556923,-0.07115337180648476,-0.0586985246492068
latitude_longitude_elevation,199607,1996,7,held_out,125.799765,0.015719153438204448,0.00984353837983593,0.005875615058368562
latitude_longitude_elevation,199608,1996,8,held_out,125.799765,-0.09358665720976193,-0.0664373824723017,-0.027149274737461183
latitude_longitude_elevation,199706,1997,6,held_out,125.799765,-0.17250021685005543,-0.15836400692421898,-0.014136209925836946
latitude_longitude_elevation,199707,1997,7,held_out,125.799765,0.06981012056596178,0.052674743669256244,0.01713537689670559
latitude_longitude_elevation,199708,1997,8,held_out,125.799765,-0.12028757377972187,-0.06750577343748088,-0.052781800342241184
latitude_longitude_elevation,199806,1998,6,held_out,125.799765,-0.12989611040576526,-0.03718299549776432,-0.09271311490800062
latitude_longitude_elevation,199807,1998,7,held_out,125.799765,0.04426463796450573,-0.004140712497803584,0.0484053504623094
latitude_longitude_elevation,199808,1998,8,held_out,125.799765,0.0821730838122658,0.08298347480591052,-0.0008103909936443967
latitude_longitude_elevation,199906,1999,6,held_out,125.799765,-0.1697585136389411,-0.10832120332206939,-0.0614373103168724
latitude_longitude_elevation,199907,1999,7,held_out,125.799765,-0.000349965308419993,0.041194845960093714,-0.04154481126851415
latitude_longitude_elevation,199908,1999,8,held_out,125.799765,-0.1514386842623608,-0.0046600197315638985,-0.14677866453079869
latitude_longitude_elevation,200006,2000,6,held_out,125.799765,0.0028817902351598343,-0.0027976014106639645,0.00567939164582306
latitude_longitude_elevation,200007,2000,7,held_out,125.799765,-0.1535131147016426,-0.060819438906459286,-0.09269367579518344
latitude_longitude_elevation,200008,2000,8,held_out,125.799765,-0.18044906581750317,-0.14343152561035663,-0.03701754020714676
latitude_longitude_elevation,200106,2001,6,held_out,125.799765,-0.006244274209636319,0.03993618992643124,-0.046180464136067266
latitude_longitude_elevation,200107,2001,7,held_out,125.799765,-0.03313110604531836,0.0034996502951392186,-0.0366307563404568
latitude_longitude_elevation,200108,2001,8,held_out,125.799765,-0.16392685676041294,-0.03643985880312162,-0.12748699795729165
latitude_longitude_elevation,200206,2002,6,held_out,125.799765,0.014058693748048795,0.027656077403666934,-0.013597383655617723
latitude_longitude_elevation,200207,2002,7,held_out,125.799765,0.20269406816048147,0.12055967635642151,0.08213439180405831
latitude_longitude_elevation,200208,2002,8,held_out,125.799765,-0.14089307361015962,-0.08904074368090499,-0.05185232992925511
latitude_longitude_elevation,200306,2003,6,held_out,125.799765,-0.08881178499704992,-0.021556354777214785,-0.06725543021983525
latitude_longitude_elevation,200307,2003,7,held_out,125.799765,0.02821191038118029,0.03393408288660259,-0.005722172505421951
latitude_longitude_elevation,200308,2003,8,held_out,125.799765,0.08939397813210481,0.08590488922585077,0.003489088906255206
latitude_longitude_elevation,200406,2004,6,held_out,125.799765,0.056156429406920894,0.11722731945380355,-0.06107089004688324
latitude_longitude_elevation,200407,2004,7,held_out,125.799765,-0.031243811176637083,-0.009013510540949779,-0.02223030063568797
latitude_longitude_elevation,200408,2004,8,held_out,125.799765,-0.025177080867715477,-0.0004005607099427095,-0.02477652015777202
latitude_longitude_elevation,200506,2005,6,held_out,125.799765,-0.09700719569607875,-0.0794762675081711,-0.017530928187907645
latitude_longitude_elevation,200507,2005,7,held_out,125.799765,-0.053736344324005675,-0.011081111705887006,-0.042655232618118585
latitude_longitude_elevation,200508,2005,8,held_out,125.799765,-0.0007227591074150805,-0.0035625992944917674,0.0028398401870760506
latitude_longitude_elevation,200606,2006,6,held_out,125.799765,-0.06148056614259318,0.002054925188022102,-0.06353549133061574
latitude_longitude_elevation,200607,2006,7,held_out,125.799765,0.08118659297103166,0.002877913114302017,0.07830867985672792
latitude_longitude_elevation,200608,2006,8,held_out,125.799765,-0.13987016129788632,-0.12661888161607407,-0.013251279681812247
latitude_longitude_elevation,200706,2007,6,held_out,125.799765,0.14284801858310714,0.1540916034429188,-0.011243584859812982
latitude_longitude_elevation,200707,2007,7,held_out,125.799765,-0.0660815620500888,-0.03155352454804747,-0.03452803750204199
latitude_longitude_elevation,200708,2007,8,held_out,125.799765,0.0639183140276384,0.1062671372054421,-0.04234882317780407
latitude_longitude_elevation,200806,2008,6,held_out,125.799765,0.08512739277007096,0.1107020494544156,-0.02557465668434294
latitude_longitude_elevation,200807,2008,7,held_out,125.799765,0.021959669228587622,-0.023159107166345203,0.045118776394933356
latitude_longitude_elevation,200808,2008,8,held_out,125.799765,-0.010735100202822192,-0.007772707323638463,-0.002962392879185836
latitude_longitude_elevation,200906,2009,6,held_out,125.799765,-0.07630578090220229,-0.06235819144066447,-0.013947589461538273
latitude_longitude_elevation,200907,2009,7,held_out,125.799765,-0.004331769371287046,0.008095898463725411,-0.012427667835012337
latitude_longitude_elevation,200908,2009,8,held_out,125.799765,-0.17178764279665223,-0.12663505489533552,-0.04515258790131513
latitude_longitude_elevation,201006,2010,6,held_out,125.799765,0.02805560246706406,0.02573741948473823,0.002318182982324902
latitude_longitude_elevation,201007,2010,7,held_out,125.799765,-0.031146365367227456,0.002727859142740132,-0.03387422450996844
latitude_longitude_elevation,201008,2010,8,held_out,125.799765,-0.02219167836275497,-0.06494216788130554,0.0427504895185501
latitude_longitude_elevation,201106,2011,6,held_out,125.799765,-0.048286088305980156,-0.012344542092833206,-0.03594154621314628
latitude_longitude_elevation,201107,2011,7,held_out,125.799765,-0.02134507313573216,0.02146466487248644,-0.04280973800821827
latitude_longitude_elevation,201108,2011,8,held_out,125.799765,0.022087515847145904,0.08736646520379579,-0.06527894935665031
latitude_longitude_elevation,201206,2012,6,held_out,125.799765,-0.17394907742765675,-0.13161389477342994,-0.04233518265422741
latitude_longitude_elevation,201207,2012,7,held_out,125.799765,-0.12434466495354897,-0.0877758581471332,-0.03656880680641447
latitude_longitude_elevation,201208,2012,8,held_out,125.799765,-0.17329858030308504,-0.08325182067103688,-0.09004675963204904
latitude_longitude_elevation,201306,2013,6,held_out,125.799765,0.04108178919960866,0.04309631559189494,-0.0020145263922856623
latitude_longitude_elevation,201307,2013,7,held_out,125.799765,-0.016082647456785303,-0.044418306096898647,0.02833565864011156
latitude_longitude_elevation,201308,2013,8,held_out,125.799765,-0.00047088997857633146,0.008404259624246204,-0.008875149602820835
latitude_longitude_elevation,201406,2014,6,held_out,125.799765,-0.010398060383658802,-0.015391443954937115,0.004993383571278896
latitude_longitude_elevation,201407,2014,7,held_out,125.799765,-0.01049815636841284,0.0018471515163193115,-0.012345307884734449
latitude_longitude_elevation,201408,2014,8,held_out,125.799765,0.00202663599264849,-0.042172335411656915,0.044198971404305405
latitude_longitude_elevation,201506,2015,6,development,125.799765,-0.10004535665398748,-0.16777337562189645,0.06772801896790857
latitude_longitude_elevation,201507,2015,7,development,125.799765,-0.15841407745026298,-0.12249562280722594,-0.035918454643037
latitude_longitude_elevation,201508,2015,8,development,125.799765,-0.11077884728819805,-0.08993840091623381,-0.020840446371965735
latitude_longitude_elevation,201606,2016,6,held_out,125.799765,0.0334933137167197,0.05790263444316544,-0.024409320726445045
latitude_longitude_elevation,201607,2016,7,held_out,125.799765,0.05624939016105429,0.01648245660642438,0.039766933554628806
latitude_longitude_elevation,201608,2016,8,held_out,125.799765,0.14762803201611704,0.06825036796574832,0.07937766405036542
latitude_longitude_elevation,201706,2017,6,held_out,125.799765,-0.04569326361740815,-0.0011362286205408945,-0.04455703499686616
latitude_longitude_elevation,201707,2017,7,held_out,125.799765,-0.06954390075090619,-0.08489067727195886,0.015346776521054038
latitude_longitude_elevation,201708,2017,8,held_out,125.799765,0.021557242592813913,0.02681052408992069,-0.005253281497107897
latitude_longitude_elevation,201806,2018,6,held_out,125.799765,-0.08190852714596661,-0.05136659727516325,-0.030541929870804098
latitude_longitude_elevation,201807,2018,7,held_out,125.799765,-0.09927404921906786,-0.04302929543600427,-0.05624475378306561
latitude_longitude_elevation,201808,2018,8,held_out,125.799765,-0.10030905766581331,-0.05795705217678273,-0.04235200548903125
latitude_longitude_elevation,201906,2019,6,held_out,125.799765,-0.07484721137517827,-0.04540860504793589,-0.0294386063272436
latitude_longitude_elevation,201907,2019,7,held_out,125.799765,-0.04406258109583929,-0.064576565648688,0.020513984552849623
latitude_longitude_elevation,201908,2019,8,held_out,125.799765,-0.0825359293724705,-0.03461923261746949,-0.04791669675499957
latitude_longitude_elevation,202006,2020,6,held_out,125.799765,-0.06879807552948076,-0.011772461335913535,-0.0570256141935667
latitude_longitude_elevation,202007,2020,7,held_out,125.799765,-0.0037032018731419725,-0.02198980629965983,0.018286604426518194
latitude_longitude_elevation,202008,2020,8,held_out,125.799765,0.008704718079504648,0.012651116488714479,-0.0039463984092093585
latitude_longitude_elevation,202106,2021,6,held_out,125.799765,-0.16809079252732936,-0.02623809095693872,-0.14185270157039045
latitude_longitude_elevation,202107,2021,7,held_out,125.799765,-0.026184619124471974,-0.03650712688526945,0.010322507760797937
latitude_longitude_elevation,202108,2021,8,held_out,125.799765,-0.01622562470684199,-0.017102207999294437,0.0008765832924518026
latitude_longitude_elevation,202206,2022,6,development,125.799765,-0.012631709547713433,-0.0010795703710666975,-0.011552139176647783
latitude_longitude_elevation,202207,2022,7,development,125.799765,0.20548952111671998,0.10459976911707179,0.10088975199964681
latitude_longitude_elevation,202208,2022,8,development,125.799765,-0.09229524454685574,-0.004835963930555887,-0.08745928061630011
latitude_longitude_elevation,202306,2023,6,held_out,125.799765,-0.040498284842691,0.006166367959273042,-0.04666465280196365
latitude_longitude_elevation,202307,2023,7,held_out,125.799765,-0.10306495300832565,-0.0491328798183028,-0.053932073190024084
latitude_longitude_elevation,202308,2023,8,held_out,125.799765,-0.26495650319848385,-0.19231869287960096,-0.07263781031888276
latitude_longitude_elevation,202406,2024,6,held_out,125.799765,-0.0699915826766969,0.015145021503803034,-0.08513660418049852
latitude_longitude_elevation,202407,2024,7,held_out,125.799765,0.13498511887182787,0.07564455804978393,0.05934056082204455
latitude_longitude_elevation,202408,2024,8,held_out,125.799765,0.055687231277360714,0.018118633196010342,0.03756859808135033
latitude_longitude_elevation,202506,2025,6,held_out,125.799765,-0.09514119861612344,-0.040448833447115286,-0.05469236516900988
latitude_longitude_elevation,202507,2025,7,held_out,125.799765,-0.14155943019958783,-0.10161611276969815,-0.03994331742989088
latitude_longitude_elevation,202508,2025,8,held_out,125.799765,-0.12294776445510146,-0.0933666503259715,-0.02958111412913103
latitude,199106,1991,6,held_out,251.59953,0.13309670115827116,-0.014604211590010574,0.14770091274828126
latitude,199107,1991,7,held_out,251.59953,0.03166054864524714,-0.05528401105703238,0.08694455970228046
latitude,199108,1991,8,held_out,251.59953,0.06690066337433738,-0.023012723978267546,0.08991338735260551
latitude,199206,1992,6,held_out,251.59953,0.005728163273364096,-0.030584760837894135,0.03631292411125691
latitude,199207,1992,7,held_out,251.59953,-0.0241554704792415,-0.043517673797262006,0.019362203318020334
latitude,199208,1992,8,held_out,251.59953,0.12571364163506996,-0.06032399528571325,0.18603763692078348
latitude,199306,1993,6,held_out,251.59953,-0.08426163359733636,-0.04939816136904255,-0.03486347222829365
latitude,199307,1993,7,held_out,251.59953,0.10992815773445103,-0.037044965551561004,0.14697312328601453
latitude,199308,1993,8,held_out,251.59953,-0.04895974721160898,-0.050259977466088956,0.0013002302544802193
latitude,199406,1994,6,held_out,251.59953,0.18064376122971323,-0.033666857924181996,0.21431061915389574
latitude,199407,1994,7,held_out,251.59953,-0.11059297723159925,-0.04652514320384914,-0.06406783402774804
latitude,199408,1994,8,held_out,251.59953,0.06457234526838536,-0.029462445024307605,0.09403479029269231
latitude,199506,1995,6,held_out,251.59953,0.08869391833410348,0.041711232145975094,0.04698268618812787
latitude,199507,1995,7,held_out,251.59953,-0.026657522787498743,-0.05540324736459512,0.028745724577094914
latitude,199508,1995,8,held_out,251.59953,-0.09961445729009082,-0.03702922327211434,-0.06258523401797458
latitude,199606,1996,6,held_out,251.59953,-0.11916164142358324,-0.056205944088471696,-0.06295569733511092
latitude,199607,1996,7,held_out,251.59953,0.02308578004511113,-0.06652624171031672,0.08961202175542829
latitude,199608,1996,8,held_out,251.59953,-0.08956278585888551,-0.05880815276190367,-0.030754633096980875
latitude,199706,1997,6,held_out,251.59953,-0.23905594777840972,-0.09376609838389463,-0.14528984939451478
latitude,199707,1997,7,held_out,251.59953,0.04609671102371528,-0.027948801713382255,0.07404551273709663
latitude,199708,1997,8,held_out,251.59953,-0.11166958756582582,-0.024738141794982002,-0.08693144577084365
latitude,199806,1998,6,held_out,251.59953,-0.14762409028253634,-0.10709404238283388,-0.04053004789970178
latitude,199807,1998,7,held_out,251.59953,0.09254758787274035,0.004272023449528792,0.08827556442321165
latitude,199808,1998,8,held_out,251.59953,0.06055960876749699,-0.009377399493936268,0.06993700826143445
latitude,199906,1999,6,held_out,251.59953,-0.21535002312731094,-0.0931148541555688,-0.12223516897174204
latitude,199907,1999,7,held_out,251.59953,-0.0030053166179256504,-0.030093637813361784,0.027088321195437796
latitude,199908,1999,8,held_out,251.59953,-0.1948572358250729,-0.08842988930593348,-0.10642734651914006
latitude,200006,2000,6,held_out,251.59953,-0.013165043585009506,-0.04362498949620079,0.030459945911192207
latitude,200007,2000,7,held_out,251.59953,-0.2140302656365165,-0.06882986512380647,-0.14520040051271108
latitude,200008,2000,8,held_out,251.59953,-0.1703392330210612,-0.06212649870426785,-0.10821273431679405
latitude,200106,2001,6,held_out,251.59953,0.006215219435333281,-0.04935932926433068,0.05557454869966374
latitude,200107,2001,7,held_out,251.59953,-0.04327813459476837,-0.015389642120961795,-0.02788849247380641
latitude,200108,2001,8,held_out,251.59953,-0.1794026975073244,-0.0847929670359788,-0.09460973047134506
latitude,200206,2002,6,held_out,251.59953,-0.005976209154142731,-0.01633288201264641,0.010356672858504275
latitude,200207,2002,7,held_out,251.59953,0.23958532540864394,0.018990918557970308,0.22059440685067463
latitude,200208,2002,8,held_out,251.59953,-0.16472235276127095,-0.07509720110816102,-0.08962515165311052
latitude,200306,2003,6,held_out,251.59953,-0.13216717895558233,-0.05421790743026826,-0.07794927152531383
latitude,200307,2003,7,held_out,251.59953,0.059316761760784806,-0.058494749765731054,0.11781151152651621
latitude,200308,2003,8,held_out,251.59953,0.0945316136239909,-0.03172356322306469,0.12625517684705626
latitude,200406,2004,6,held_out,251.59953,0.08978984319477763,-6.889930669603273e-05,0.08985874250147295
latitude,200407,2004,7,held_out,251.59953,-0.07499263614568817,-0.06693697699160638,-0.008055659154082427
latitude,200408,2004,8,held_out,251.59953,-0.044813950972232536,-0.11338664773081415,0.06857269675858212
latitude,200506,2005,6,held_out,251.59953,-0.09740503581009652,-0.054004379831714876,-0.043400655978381705
latitude,200507,2005,7,held_out,251.59953,-0.10934983347862154,-0.04904718701322148,-0.060302646465401614
latitude,200508,2005,8,held_out,251.59953,0.011538357029954482,-0.07955566769158194,0.0910940247215359
latitude,200606,2006,6,held_out,251.59953,-0.006766049680777971,-0.06729131012551241,0.06052526044473357
latitude,200607,2006,7,held_out,251.59953,0.03634906590093547,-0.01259208102326276,0.0489411469242003
latitude,200608,2006,8,held_out,251.59953,-0.1887343275602996,-0.04766150792168998,-0.14107281963860854
latitude,200706,2007,6,held_out,251.59953,0.1634038675535098,-0.06490834510353095,0.22831221265704174
latitude,200707,2007,7,held_out,251.59953,-0.053607847301850774,-0.05410633229164554,0.0004984849897950767
latitude,200708,2007,8,held_out,251.59953,0.0229732473290664,-0.06754561143185511,0.09051885876092092
latitude,200806,2008,6,held_out,251.59953,0.07963199931531291,-0.019617647858297713,0.09924964717361029
latitude,200807,2008,7,held_out,251.59953,0.02848163103037693,-0.01408353337213725,0.04256516440251449
latitude,200808,2008,8,held_out,251.59953,-0.0698500402167535,-0.059179290791483166,-0.010670749425270715
latitude,200906,2009,6,held_out,251.59953,-0.07934019988500782,-0.03296322335877411,-0.046376976526233446
latitude,200907,2009,7,held_out,251.59953,0.0013272597037180481,-0.055866816316684095,0.05719407602040203
latitude,200908,2009,8,held_out,251.59953,-0.1815853196368179,-0.04823153592389547,-0.13335378371292167
latitude,201006,2010,6,held_out,251.59953,0.07813225312167775,-0.017729492492492234,0.09586174561417037
latitude,201007,2010,7,held_out,251.59953,-0.08144428015090818,-0.08175336246261727,0.00030908231170869945
latitude,201008,2010,8,held_out,251.59953,-0.05307385254087561,-0.06529617351803207,0.012222320977156663
latitude,201106,2011,6,held_out,251.59953,-0.06382124114601977,-0.09558054167549887,0.031759300529477494
latitude,201107,2011,7,held_out,251.59953,-0.03135150569348538,-0.0490015275139395,0.01765002182045535
latitude,201108,2011,8,held_out,251.59953,0.017068202102925055,-0.0394014170697107,0.056469619172635356
latitude,201206,2012,6,held_out,251.59953,-0.2506264947158017,-0.1165098376366775,-0.13411665707912562
latitude,201207,2012,7,held_out,251.59953,-0.18190275432440267,-0.0436778422919775,-0.13822491203242668
latitude,201208,2012,8,held_out,251.59953,-0.2292537477802984,-0.06852278846413393,-0.16073095931616543
latitude,201306,2013,6,held_out,251.59953,0.07339272084261995,-0.008697087340587394,0.08208980818320866
latitude,201307,2013,7,held_out,251.59953,-0.024193649260312332,-0.01611322285259133,-0.008080426407719983
latitude,201308,2013,8,held_out,251.59953,-0.07959699476320652,-0.06234927593175686,-0.01724771883145008
latitude,201406,2014,6,held_out,251.59953,-0.01471065957784566,0.0037506785232117577,-0.01846133810105782
latitude,201407,2014,7,held_out,251.59953,-0.01598716406830914,-0.06052465260745806,0.04453748853914884
latitude,201408,2014,8,held_out,251.59953,0.03023414721852395,-0.013090265490847512,0.04332441270937285
latitude,201506,2015,6,development,251.59953,-0.16950669070463437,-0.11759474154050888,-0.051911949164125275
latitude,201507,2015,7,development,251.59953,-0.17991427015700845,-0.06890150328946788,-0.11101276686754022
latitude,201508,2015,8,development,251.59953,-0.15042891406593284,-0.054643469122645894,-0.09578544494328667
latitude,201606,2016,6,held_out,251.59953,0.06277084819265265,-0.04094119991899124,0.10371204811164438
latitude,201607,2016,7,held_out,251.59953,0.014011106192999698,-0.025169598656784926,0.039180704849786176
latitude,201608,2016,8,held_out,251.59953,0.17079505537931916,0.006301732779856781,0.16449332259946264
latitude,201706,2017,6,held_out,251.59953,-0.06613996063422203,-0.08139913618909315,0.015259175554870738
latitude,201707,2017,7,held_out,251.59953,-0.08124224022249472,-0.037969140250416075,-0.04327309997207796
latitude,201708,2017,8,held_out,251.59953,0.05174130651363078,-0.013422715021642075,0.06516402153527108
latitude,201806,2018,6,held_out,251.59953,-0.06279261237114889,-0.05943224435187278,-0.003360368019275297
latitude,201807,2018,7,held_out,251.59953,-0.1589129416009421,-0.05160937030067852,-0.10730357130026374
latitude,201808,2018,8,held_out,251.59953,-0.11658426173705735,-0.073341636779606,-0.043242624957450536
latitude,201906,2019,6,held_out,251.59953,-0.0868155322363985,-0.049964315182178115,-0.03685121705421912
latitude,201907,2019,7,held_out,251.59953,-0.0733024296311949,-0.040037769381570526,-0.03326466024962248
latitude,201908,2019,8,held_out,251.59953,-0.0678431337608604,-0.06631130939790113,-0.0015318243629587895
latitude,202006,2020,6,held_out,251.59953,-0.04429074697414468,-0.04014646391412477,-0.004144283060020064
latitude,202007,2020,7,held_out,251.59953,-0.047363835567668135,-0.04732466334343698,-3.917222423136648e-05
latitude,202008,2020,8,held_out,251.59953,0.0023200724000947276,-0.0003210998455239688,0.0026411722456178618
latitude,202106,2021,6,held_out,251.59953,-0.16526122583092903,-0.0862296361440369,-0.07903158968689189
latitude,202107,2021,7,held_out,251.59953,-0.009138480386367949,-0.02082557511459178,0.011687094728224984
latitude,202108,2021,8,held_out,251.59953,-0.029887893408474947,-0.02536332741027193,-0.004524565998202498
latitude,202206,2022,6,development,251.59953,-0.026383357390960236,-0.07603986941111537,0.049656512020155814
latitude,202207,2022,7,development,251.59953,0.15131743301168404,-0.007751574983834362,0.15906900799551887
latitude,202208,2022,8,development,251.59953,-0.14447129723414037,-0.10079580392777805,-0.043675493306361717
latitude,202306,2023,6,held_out,251.59953,-0.035503611918030864,-0.010688716485330482,-0.024814895432700573
latitude,202307,2023,7,held_out,251.59953,-0.17669889197173524,-0.0571745573297192,-0.11952433464201571
latitude,202308,2023,8,held_out,251.59953,-0.3114726836081451,-0.09431104067002323,-0.21716164293812132
latitude,202406,2024,6,held_out,251.59953,-0.09234765937023783,-0.0782349585164389,-0.014112700853799787
latitude,202407,2024,7,held_out,251.59953,0.1409929740732358,-0.028195025460166265,0.16918799953340216
latitude,202408,2024,8,held_out,251.59953,0.031347926428494384,-0.010056929154248112,0.04140485558274253
latitude,202506,2025,6,held_out,251.59953,-0.11622360092416516,-0.11439992083077287,-0.001823680093392479
latitude,202507,2025,7,held_out,251.59953,-0.173998632541842,-0.015548387101702298,-0.15845024544014036
latitude,202508,2025,8,held_out,251.59953,-0.15461013241049865,-0.034842545871551105,-0.11976758653894763
latitude_longitude,199106,1991,6,held_out,251.59953,0.13309670115827116,0.0030509559137388096,0.1300457452445325
latitude_longitude,199107,1991,7,held_out,251.59953,0.03166054864524714,-0.10195452310455287,0.13361507174979959
latitude_longitude,199108,1991,8,held_out,251.59953,0.06690066337433738,0.020670495176948894,0.046230168197388934
latitude_longitude,199206,1992,6,held_out,251.59953,0.005728163273364096,-0.02776633754726866,0.033494500820632475
latitude_longitude,199207,1992,7,held_out,251.59953,-0.0241554704792415,-0.04725576287682934,0.02310029239758884
latitude_longitude,199208,1992,8,held_out,251.59953,0.12571364163506996,-0.06300017368091404,0.1887138153159841
latitude_longitude,199306,1993,6,held_out,251.59953,-0.08426163359733636,-0.05291012458012091,-0.03135150901721629
latitude_longitude,199307,1993,7,held_out,251.59953,0.10992815773445103,-0.0023504769598266203,0.11227863469427987
latitude_longitude,199308,1993,8,held_out,251.59953,-0.04895974721160898,-0.08075658255116354,0.031796835339553256
latitude_longitude,199406,1994,6,held_out,251.59953,0.18064376122971323,0.0688519111046413,0.11179185012507259
latitude_longitude,199407,1994,7,held_out,251.59953,-0.11059297723159925,-0.09369421819858552,-0.016898759033012665
latitude_longitude,199408,1994,8,held_out,251.59953,0.06457234526838536,-0.03418591056182733,0.0987582558302133
latitude_longitude,199506,1995,6,held_out,251.59953,0.08869391833410348,0.06393801913742637,0.02475589919667589
latitude_longitude,199507,1995,7,held_out,251.59953,-0.026657522787498743,-0.08478424826273905,0.05812672547523933
latitude_longitude,199508,1995,8,held_out,251.59953,-0.09961445729009082,-0.06846436837110552,-0.03115008891898447
latitude_longitude,199606,1996,6,held_out,251.59953,-0.11916164142358324,-0.08674744036167502,-0.03241420106190737
latitude_longitude,199607,1996,7,held_out,251.59953,0.02308578004511113,-0.05638664024250442,0.07947242028761538
latitude_longitude,199608,1996,8,held_out,251.59953,-0.08956278585888551,-0.08135816022655012,-0.008204625632334492
latitude_longitude,199706,1997,6,held_out,251.59953,-0.23905594777840972,-0.1178453166452828,-0.12121063113312669
latitude_longitude,199707,1997,7,held_out,251.59953,0.04609671102371528,-0.020522916204111844,0.06661962722782594
latitude_longitude,199708,1997,8,held_out,251.59953,-0.11166958756582582,-0.0526548854432689,-0.05901470212255655
latitude_longitude,199806,1998,6,held_out,251.59953,-0.14762409028253634,-0.09070960447579259,-0.0569144858067444
latitude_longitude,199807,1998,7,held_out,251.59953,0.09254758787274035,0.007108165468623927,0.08543942240411528
latitude_longitude,199808,1998,8,held_out,251.59953,0.06055960876749699,0.01791910738753119,0.04264050137996655
latitude_longitude,199906,1999,6,held_out,251.59953,-0.21535002312731094,-0.13660851215094974,-0.07874151097636121
latitude_longitude,199907,1999,7,held_out,251.59953,-0.0030053166179256504,-0.0388098045916491,0.035804487973724125
latitude_longitude,199908,1999,8,held_out,251.59953,-0.1948572358250729,-0.11787552906447009,-0.07698170676060362
latitude_longitude,200006,2000,6,held_out,251.59953,-0.013165043585009506,-0.029491651423492443,0.01632660783848455
latitude_longitude,200007,2000,7,held_out,251.59953,-0.2140302656365165,-0.10204513775688936,-0.111985127879627
latitude_longitude,200008,2000,8,held_out,251.59953,-0.1703392330210612,-0.07365181922964627,-0.09668741379141431
latitude_longitude,200106,2001,6,held_out,251.59953,0.006215219435333281,-0.028042242911504006,0.034257462346837235
latitude_longitude,200107,2001,7,held_out,251.59953,-0.04327813459476837,-0.01935281678437382,-0.023925317810394833
latitude_longitude,200108,2001,8,held_out,251.59953,-0.1794026975073244,-0.11636545963872268,-0.06303723786860094
latitude_longitude,200206,2002,6,held_out,251.59953,-0.005976209154142731,-0.016809137252661026,0.01083292809851821
latitude_longitude,200207,2002,7,held_out,251.59953,0.23958532540864394,0.03506943407825513,0.2045158913303896
latitude_longitude,200208,2002,8,held_out,251.59953,-0.16472235276127095,-0.09680325192029375,-0.06791910084097637
latitude_longitude,200306,2003,6,held_out,251.59953,-0.13216717895558233,-0.06447628357941997,-0.06769089537616091
latitude_longitude,200307,2003,7,held_out,251.59953,0.059316761760784806,-0.03133285810429097,0.09064961986507492
latitude_longitude,200308,2003,8,held_out,251.59953,0.0945316136239909,-0.05348003687611499,0.14801165050010648
latitude_longitude,200406,2004,6,held_out,251.59953,0.08978984319477763,-0.0025682823764034443,0.09235812557118
latitude_longitude,200407,2004,7,held_out,251.59953,-0.07499263614568817,-0.06580683151672545,-0.009185804628962957
latitude_longitude,200408,2004,8,held_out,251.59953,-0.044813950972232536,-0.10390046978735877,0.0590865188151254
latitude_longitude,200506,2005,6,held_out,251.59953,-0.09740503581009652,-0.03468686915766804,-0.0627181666524282
latitude_longitude,200507,2005,7,held_out,251.59953,-0.10934983347862154,-0.06680817074079433,-0.04254166273782718
latitude_longitude,200508,2005,8,held_out,251.59953,0.011538357029954482,-0.06650241675028218,0.07804077378023555
latitude_longitude,200606,2006,6,held_out,251.59953,-0.006766049680777971,-0.05525237309928251,0.048486323418504694
latitude_longitude,200607,2006,7,held_out,251.59953,0.03634906590093547,-0.05066590077876494,0.08701496667970046
latitude_longitude,200608,2006,8,held_out,251.59953,-0.1887343275602996,-0.07857437259856205,-0.11015995496173674
latitude_longitude,200706,2007,6,held_out,251.59953,0.1634038675535098,-0.025623225347913017,0.18902709290142333
latitude_longitude,200707,2007,7,held_out,251.59953,-0.053607847301850774,-0.04049705039552636,-0.013110796906324258
latitude_longitude,200708,2007,8,held_out,251.59953,0.0229732473290664,-0.06203522583345475,0.08500847316251994
latitude_longitude,200806,2008,6,held_out,251.59953,0.07963199931531291,0.01407038394725629,0.06556161536805663
latitude_longitude,200807,2008,7,held_out,251.59953,0.02848163103037693,-0.03838440060838886,0.0668660316387652
latitude_longitude,200808,2008,8,held_out,251.59953,-0.0698500402167535,-0.09792751081030308,0.02807747059354935
latitude_longitude,200906,2009,6,held_out,251.59953,-0.07934019988500782,-0.04956901984871042,-0.029771180036297445
latitude_longitude,200907,2009,7,held_out,251.59953,0.0013272597037180481,-0.07318457521953946,0.07451183492325918
latitude_longitude,200908,2009,8,held_out,251.59953,-0.1815853196368179,-0.0634433270818043,-0.11814199255501373
latitude_longitude,201006,2010,6,held_out,251.59953,0.07813225312167775,0.006662481012544517,0.0714697721091345
latitude_longitude,201007,2010,7,held_out,251.59953,-0.08144428015090818,-0.10520743745263073,0.023763157301722897
latitude_longitude,201008,2010,8,held_out,251.59953,-0.05307385254087561,-0.08957336956360804,0.03649951702273141
latitude_longitude,201106,2011,6,held_out,251.59953,-0.06382124114601977,-0.08238666299184538,0.01856542184582385
latitude_longitude,201107,2011,7,held_out,251.59953,-0.03135150569348538,-0.05639252937274015,0.025041023679256025
latitude_longitude,201108,2011,8,held_out,251.59953,0.017068202102925055,-0.06502579446407783,0.08209399656700295
latitude_longitude,201206,2012,6,held_out,251.59953,-0.2506264947158017,-0.15060625141723977,-0.10002024329856196
latitude_longitude,201207,2012,7,held_out,251.59953,-0.18190275432440267,-0.06661326581200105,-0.11528948851240343
latitude_longitude,201208,2012,8,held_out,251.59953,-0.2292537477802984,-0.10136707689496997,-0.1278866708853282
latitude_longitude,201306,2013,6,held_out,251.59953,0.07339272084261995,-0.0005683750999888834,0.07396109594260952
latitude_longitude,201307,2013,7,held_out,251.59953,-0.024193649260312332,-0.03257017057978372,0.00837652131947225
latitude_longitude,201308,2013,8,held_out,251.59953,-0.07959699476320652,-0.07394141863267926,-0.005655576130526575
latitude_longitude,201406,2014,6,held_out,251.59953,-0.01471065957784566,-0.02295944222819606,0.00824878265035051
latitude_longitude,201407,2014,7,held_out,251.59953,-0.01598716406830914,-0.05041901075962674,0.03443184669131743
latitude_longitude,201408,2014,8,held_out,251.59953,0.03023414721852395,-0.04564931964725912,0.0758834668657829
latitude_longitude,201506,2015,6,development,251.59953,-0.16950669070463437,-0.163662403314848,-0.005844287389786723
latitude_longitude,201507,2015,7,development,251.59953,-0.17991427015700845,-0.06973602261027899,-0.11017824754672847
latitude_longitude,201508,2015,8,development,251.59953,-0.15042891406593284,-0.08657630594233817,-0.06385260812359406
latitude_longitude,201606,2016,6,held_out,251.59953,0.06277084819265265,-0.01188403698647023,0.07465488517912268
latitude_longitude,201607,2016,7,held_out,251.59953,0.014011106192999698,-0.03796747675776185,0.05197858295076264
latitude_longitude,201608,2016,8,held_out,251.59953,0.17079505537931916,0.03588180500181655,0.13491325037750318
latitude_longitude,201706,2017,6,held_out,251.59953,-0.06613996063422203,-0.05517015915683869,-0.010969801477383244
latitude_longitude,201707,2017,7,held_out,251.59953,-0.08124224022249472,-0.07556720729240461,-0.005675032930090408
latitude_longitude,201708,2017,8,held_out,251.59953,0.05174130651363078,-0.016711265700779368,0.06845257221440927
latitude_longitude,201806,2018,6,held_out,251.59953,-0.06279261237114889,-0.07493182769599385,0.012139215324845545
latitude_longitude,201807,2018,7,held_out,251.59953,-0.1589129416009421,-0.07247088345313733,-0.08644205814780351
latitude_longitude,201808,2018,8,held_out,251.59953,-0.11658426173705735,-0.05045616165194538,-0.0661281000851125
latitude_longitude,201906,2019,6,held_out,251.59953,-0.0868155322363985,-0.03979482031649843,-0.047020711919899864
latitude_longitude,201907,2019,7,held_out,251.59953,-0.0733024296311949,-0.06196354225242592,-0.011338887378767964
latitude_longitude,201908,2019,8,held_out,251.59953,-0.0678431337608604,-0.020301689146904667,-0.047541444613954584
latitude_longitude,202006,2020,6,held_out,251.59953,-0.04429074697414468,-0.04135107226880005,-0.0029396747053444367
latitude_longitude,202007,2020,7,held_out,251.59953,-0.047363835567668135,-0.04369746538058654,-0.003666370187083304
latitude_longitude,202008,2020,8,held_out,251.59953,0.0023200724000947276,-0.045324178795488786,0.04764425119558312
latitude_longitude,202106,2021,6,held_out,251.59953,-0.16526122583092903,-0.09315519934375932,-0.07210602648716981
latitude_longitude,202107,2021,7,held_out,251.59953,-0.009138480386367949,-0.0021794264609737357,-0.006959053925392025
latitude_longitude,202108,2021,8,held_out,251.59953,-0.029887893408474947,-0.045253608133865815,0.015365714725391682
latitude_longitude,202206,2022,6,development,251.59953,-0.026383357390960236,-0.07872543031512104,0.05234207292416093
latitude_longitude,202207,2022,7,development,251.59953,0.15131743301168404,-0.03389841201711224,0.1852158450287966
latitude_longitude,202208,2022,8,development,251.59953,-0.14447129723414037,-0.09671044050823216,-0.04776085672590713
latitude_longitude,202306,2023,6,held_out,251.59953,-0.035503611918030864,0.021046202171618716,-0.05654981408964972
latitude_longitude,202307,2023,7,held_out,251.59953,-0.17669889197173524,-0.09118846755340804,-0.08551042441832607
latitude_longitude,202308,2023,8,held_out,251.59953,-0.3114726836081451,-0.13582021260737256,-0.175652471000774
latitude_longitude,202406,2024,6,held_out,251.59953,-0.09234765937023783,-0.05403965822915368,-0.038308001141083806
latitude_longitude,202407,2024,7,held_out,251.59953,0.1409929740732358,-0.006701525570398229,0.14769449964363424
latitude_longitude,202408,2024,8,held_out,251.59953,0.031347926428494384,-0.011523015266607263,0.04287094169510107
latitude_longitude,202506,2025,6,held_out,251.59953,-0.11622360092416516,-0.09813966331497827,-0.01808393760918757
latitude_longitude,202507,2025,7,held_out,251.59953,-0.173998632541842,-0.04435206434549007,-0.12964656819635145
latitude_longitude,202508,2025,8,held_out,251.59953,-0.15461013241049865,-0.07959608040469648,-0.07501405200580091
latitude_longitude_elevation,199106,1991,6,held_out,251.59953,0.13309670115827116,0.04998219287143499,0.08311450828683638
latitude_longitude_elevation,199107,1991,7,held_out,251.59953,0.03166054864524714,-0.024163330418860703,0.055823879064107414
latitude_longitude_elevation,199108,1991,8,held_out,251.59953,0.06690066337433738,0.05157085793318951,0.0153298054411475
latitude_longitude_elevation,199206,1992,6,held_out,251.59953,0.005728163273364096,0.005211117384260461,0.0005170458891036909
latitude_longitude_elevation,199207,1992,7,held_out,251.59953,-0.0241554704792415,-0.05151803843954489,0.027362567960303
latitude_longitude_elevation,199208,1992,8,held_out,251.59953,0.12571364163506996,0.019186866820551682,0.106526774814519
latitude_longitude_elevation,199306,1993,6,held_out,251.59953,-0.08426163359733636,-0.09821720746591549,0.0139555738685794
latitude_longitude_elevation,199307,1993,7,held_out,251.59953,0.10992815773445103,0.10802178336780563,0.0019063743666476295
latitude_longitude_elevation,199308,1993,8,held_out,251.59953,-0.04895974721160898,0.009036634692753936,-0.05799638190436325
latitude_longitude_elevation,199406,1994,6,held_out,251.59953,0.18064376122971323,0.1810754635258996,-0.00043170229618545323
latitude_longitude_elevation,199407,1994,7,held_out,251.59953,-0.11059297723159925,-0.13552553607476536,0.024932558843166974
latitude_longitude_elevation,199408,1994,8,held_out,251.59953,0.06457234526838536,0.0029956652582785815,0.06157668001010667
latitude_longitude_elevation,199506,1995,6,held_out,251.59953,0.08869391833410348,0.06003199282323649,0.028661925510866385
latitude_longitude_elevation,199507,1995,7,held_out,251.59953,-0.026657522787498743,-0.04677374018307407,0.020116217395574097
latitude_longitude_elevation,199508,1995,8,held_out,251.59953,-0.09961445729009082,-0.0767282342892728,-0.022886223000818044
latitude_longitude_elevation,199606,1996,6,held_out,251.59953,-0.11916164142358324,-0.08985961156319563,-0.02930202986038719
latitude_longitude_elevation,199607,1996,7,held_out,251.59953,0.02308578004511113,0.017766752615107767,0.005319027430003361
latitude_longitude_elevation,199608,1996,8,held_out,251.59953,-0.08956278585888551,-0.06551254577498537,-0.024050240083900533
latitude_longitude_elevation,199706,1997,6,held_out,251.59953,-0.23905594777840972,-0.21846615807518885,-0.020589789703220597
latitude_longitude_elevation,199707,1997,7,held_out,251.59953,0.04609671102371528,0.037710873511348296,0.008385837512365504
latitude_longitude_elevation,199708,1997,8,held_out,251.59953,-0.11166958756582582,-0.07062310386747503,-0.04104648369835074
latitude_longitude_elevation,199806,1998,6,held_out,251.59953,-0.14762409028253634,-0.052880624298952746,-0.0947434659835848
latitude_longitude_elevation,199807,1998,7,held_out,251.59953,0.09254758787274035,0.027757577768931525,0.06479001010380918
latitude_longitude_elevation,199808,1998,8,held_out,251.59953,0.06055960876749699,0.07431595360996739,-0.013756344842468956
latitude_longitude_elevation,199906,1999,6,held_out,251.59953,-0.21535002312731094,-0.15819147638588957,-0.05715854674142142
latitude_longitude_elevation,199907,1999,7,held_out,251.59953,-0.0030053166179256504,0.06749920149607154,-0.07050451811399473
latitude_longitude_elevation,199908,1999,8,held_out,251.59953,-0.1948572358250729,-0.058124612479709285,-0.1367326233453644
latitude_longitude_elevation,200006,2000,6,held_out,251.59953,-0.013165043585009506,-0.0182484255327161,0.005083381947708316
latitude_longitude_elevation,200007,2000,7,held_out,251.59953,-0.2140302656365165,-0.12995793893996094,-0.08407232669655543
latitude_longitude_elevation,200008,2000,8,held_out,251.59953,-0.1703392330210612,-0.1427063162667766,-0.027632916754284653
latitude_longitude_elevation,200106,2001,6,held_out,251.59953,0.006215219435333281,0.04114299662994034,-0.03492777719460691
latitude_longitude_elevation,200107,2001,7,held_out,251.59953,-0.04327813459476837,-0.008826604112051582,-0.03445153048271783
latitude_longitude_elevation,200108,2001,8,held_out,251.59953,-0.1794026975073244,-0.06834466626142142,-0.11105803124590277
latitude_longitude_elevation,200206,2002,6,held_out,251.59953,-0.005976209154142731,0.005015202279212544,-0.010991411433354425
latitude_longitude_elevation,200207,2002,7,held_out,251.59953,0.23958532540864394,0.14149648371542123,0.09808884169322339
latitude_longitude_elevation,200208,2002,8,held_out,251.59953,-0.16472235276127095,-0.11205166434286054,-0.052670688418410584
latitude_longitude_elevation,200306,2003,6,held_out,251.59953,-0.13216717895558233,-0.06602584395622824,-0.06614133499935337
latitude_longitude_elevation,200307,2003,7,held_out,251.59953,0.059316761760784806,0.05862443123910766,0.0006923305216770965
latitude_longitude_elevation,200308,2003,8,held_out,251.59953,0.0945316136239909,0.07636846497771647,0.018163148646273743
latitude_longitude_elevation,200406,2004,6,held_out,251.59953,0.08978984319477763,0.11504728261634731,-0.025257439421569487
latitude_longitude_elevation,200407,2004,7,held_out,251.59953,-0.07499263614568817,-0.05457452043286194,-0.020418115712826933
latitude_longitude_elevation,200408,2004,8,held_out,251.59953,-0.044813950972232536,-0.010198339381813859,-0.034615611590419273
latitude_longitude_elevation,200506,2005,6,held_out,251.59953,-0.09740503581009652,-0.10152703884866926,0.004122003038573276
latitude_longitude_elevation,200507,2005,7,held_out,251.59953,-0.10934983347862154,-0.056458533374264167,-0.05289130010435903
latitude_longitude_elevation,200508,2005,8,held_out,251.59953,0.011538357029954482,-0.007755421490859852,0.019293778520813192
latitude_longitude_elevation,200606,2006,6,held_out,251.59953,-0.006766049680777971,0.029811891327998906,-0.0365779410087763
latitude_longitude_elevation,200607,2006,7,held_out,251.59953,0.03634906590093547,-0.03424902856296435,0.07059809446390053
latitude_longitude_elevation,200608,2006,8,held_out,251.59953,-0.1887343275602996,-0.17100041766125137,-0.01773390989904759
latitude_longitude_elevation,200706,2007,6,held_out,251.59953,0.1634038675535098,0.1892353621827505,-0.025831494629240177
latitude_longitude_elevation,200707,2007,7,held_out,251.59953,-0.053607847301850774,-0.02372233057242984,-0.02988551672942075
latitude_longitude_elevation,200708,2007,8,held_out,251.59953,0.0229732473290664,0.07138702330699376,-0.048413775977928515
latitude_longitude_elevation,200806,2008,6,held_out,251.59953,0.07963199931531291,0.09563714989979694,-0.016005150584484432
latitude_longitude_elevation,200807,2008,7,held_out,251.59953,0.02848163103037693,-0.0068171384207586505,0.03529876945113454
latitude_longitude_elevation,200808,2008,8,held_out,251.59953,-0.0698500402167535,-0.05658356990052443,-0.013266470316229026
latitude_longitude_elevation,200906,2009,6,held_out,251.59953,-0.07934019988500782,-0.0788688965126638,-0.00047130337234402953
latitude_longitude_elevation,200907,2009,7,held_out,251.59953,0.0013272597037180481,-0.010849501401086228,0.012176761104804276
latitude_longitude_elevation,200908,2009,8,held_out,251.59953,-0.1815853196368179,-0.14900757846554116,-0.0325777411712766
latitude_longitude_elevation,201006,2010,6,held_out,251.59953,0.07813225312167775,0.06273442416308384,0.015397828958594763
latitude_longitude_elevation,201007,2010,7,held_out,251.59953,-0.08144428015090818,-0.04856395049916762,-0.032880329651741244
latitude_longitude_elevation,201008,2010,8,held_out,251.59953,-0.05307385254087561,-0.1140720863750353,0.060998233834159366
latitude_longitude_elevation,201106,2011,6,held_out,251.59953,-0.06382124114601977,-0.03415292555057057,-0.029668315595450266
latitude_longitude_elevation,201107,2011,7,held_out,251.59953,-0.03135150569348538,0.011087301623708214,-0.04243880731719335
latitude_longitude_elevation,201108,2011,8,held_out,251.59953,0.017068202102925055,0.07659646015916041,-0.05952825805623639
latitude_longitude_elevation,201206,2012,6,held_out,251.59953,-0.2506264947158017,-0.21485151519341442,-0.035774979522388596
latitude_longitude_elevation,201207,2012,7,held_out,251.59953,-0.18190275432440267,-0.15204069991770305,-0.029862054406700547
latitude_longitude_elevation,201208,2012,8,held_out,251.59953,-0.2292537477802984,-0.13084114441226416,-0.09841260336803559
latitude_longitude_elevation,201306,2013,6,held_out,251.59953,0.07339272084261995,0.048914783893853085,0.024477936948768594
latitude_longitude_elevation,201307,2013,7,held_out,251.59953,-0.024193649260312332,-0.06658526403550408,0.04239161477519264
latitude_longitude_elevation,201308,2013,8,held_out,251.59953,-0.07959699476320652,-0.04891525547292123,-0.030681739290285618
latitude_longitude_elevation,201406,2014,6,held_out,251.59953,-0.01471065957784566,-0.026473076567781487,0.011762416989935718
latitude_longitude_elevation,201407,2014,7,held_out,251.59953,-0.01598716406830914,-0.011989464597238564,-0.00399769947107035
latitude_longitude_elevation,201408,2014,8,held_out,251.59953,0.03023414721852395,-0.03337144674724502,0.06360559396576934
latitude_longitude_elevation,201506,2015,6,development,251.59953,-0.16950669070463437,-0.24796110093145424,0.07845441022682
latitude_longitude_elevation,201507,2015,7,development,251.59953,-0.17991427015700845,-0.1643773863800664,-0.015536883776942487
latitude_longitude_elevation,201508,2015,8,development,251.59953,-0.15042891406593284,-0.1504035423391062,-2.5371726826939924e-05
latitude_longitude_elevation,201606,2016,6,held_out,251.59953,0.06277084819265265,0.06908881163695318,-0.006317963444299722
latitude_longitude_elevation,201607,2016,7,held_out,251.59953,0.014011106192999698,-0.028552886436820923,0.04256399262982155
latitude_longitude_elevation,201608,2016,8,held_out,251.59953,0.17079505537931916,0.071439330954808,0.0993557244245095
latitude_longitude_elevation,201706,2017,6,held_out,251.59953,-0.06613996063422203,-0.02802202929956212,-0.03811793133466089
latitude_longitude_elevation,201707,2017,7,held_out,251.59953,-0.08124224022249472,-0.1033073758486617,0.02206513562616688
latitude_longitude_elevation,201708,2017,8,held_out,251.59953,0.05174130651363078,0.041646738671460945,0.0100945678421685
latitude_longitude_elevation,201806,2018,6,held_out,251.59953,-0.06279261237114889,-0.07552635193229804,0.012733739561148849
latitude_longitude_elevation,201807,2018,7,held_out,251.59953,-0.1589129416009421,-0.09008910006507803,-0.06882384153586382
latitude_longitude_elevation,201808,2018,8,held_out,251.59953,-0.11658426173705735,-0.05481346381176516,-0.061770797925292185
latitude_longitude_elevation,201906,2019,6,held_out,251.59953,-0.0868155322363985,-0.06847410822749732,-0.01834142400889986
latitude_longitude_elevation,201907,2019,7,held_out,251.59953,-0.0733024296311949,-0.10526360252174924,0.03196117289055568
latitude_longitude_elevation,201908,2019,8,held_out,251.59953,-0.0678431337608604,-0.02637532309418621,-0.04146781066667328
latitude_longitude_elevation,202006,2020,6,held_out,251.59953,-0.04429074697414468,-0.002040579443216762,-0.04225016753092802
latitude_longitude_elevation,202007,2020,7,held_out,251.59953,-0.047363835567668135,-0.05852270754882124,0.011158871981151763
latitude_longitude_elevation,202008,2020,8,held_out,251.59953,0.0023200724000947276,-0.02064973028398965,0.02296980268408447
latitude_longitude_elevation,202106,2021,6,held_out,251.59953,-0.16526122583092903,-0.05459338461684466,-0.11066784121408452
latitude_longitude_elevation,202107,2021,7,held_out,251.59953,-0.009138480386367949,-0.021630427427062532,0.012491947040696507
latitude_longitude_elevation,202108,2021,8,held_out,251.59953,-0.029887893408474947,-0.034087492261328935,0.004199598852852721
latitude_longitude_elevation,202206,2022,6,development,251.59953,-0.026383357390960236,-0.023846163867478322,-0.002537193523481563
latitude_longitude_elevation,202207,2022,7,development,251.59953,0.15131743301168404,0.06020043635042191,0.09111699666126186
latitude_longitude_elevation,202208,2022,8,development,251.59953,-0.14447129723414037,-0.04146223124946363,-0.1030090659846762
latitude_longitude_elevation,202306,2023,6,held_out,251.59953,-0.035503611918030864,0.01277492847308005,-0.04827854039111177
latitude_longitude_elevation,202307,2023,7,held_out,251.59953,-0.17669889197173524,-0.11297642254078052,-0.06372246943095414
latitude_longitude_elevation,202308,2023,8,held_out,251.59953,-0.3114726836081451,-0.2560752300094555,-0.05539745359869018
latitude_longitude_elevation,202406,2024,6,held_out,251.59953,-0.09234765937023783,-0.014336254484086994,-0.07801140488615078
latitude_longitude_elevation,202407,2024,7,held_out,251.59953,0.1409929740732358,0.07762725382285769,0.06336572025037912
latitude_longitude_elevation,202408,2024,8,held_out,251.59953,0.031347926428494384,-0.011118453261298216,0.04246637968979205
latitude_longitude_elevation,202506,2025,6,held_out,251.59953,-0.11622360092416516,-0.0682652059759125,-0.04795839494825316
latitude_longitude_elevation,202507,2025,7,held_out,251.59953,-0.173998632541842,-0.1274064168812618,-0.04659221566057939
latitude_longitude_elevation,202508,2025,8,held_out,251.59953,-0.15461013241049865,-0.1303679092129103,-0.024242223197589157
latitude,199106,1991,6,held_out,503.19906,0.1851535255250518,-0.02710576267190675,0.21225928819695838
latitude,199107,1991,7,held_out,503.19906,-0.049653797251304005,-0.11284033250872122,0.06318653525741645
latitude,199108,1991,8,held_out,503.19906,0.11707911674427042,-0.017278801743041507,0.13435791848731196
latitude,199206,1992,6,held_out,503.19906,0.013285827273252485,-0.02429186386284226,0.037577691136094805
latitude,199207,1992,7,held_out,503.19906,-0.07108715067377927,-0.09496442920868674,0.02387727853490684
latitude,199208,1992,8,held_out,503.19906,0.14490590633512196,-0.11779001332614328,0.2626959196612645
latitude,199306,1993,6,held_out,503.19906,-0.06136018928132588,-0.045641106033346784,-0.015719083247978872
latitude,199307,1993,7,held_out,503.19906,0.11349345137525786,-0.0690950883854749,0.18258853976073225
latitude,199308,1993,8,held_out,503.19906,-0.06573343032437297,-0.09175608556207492,0.026022655237701645
latitude,199406,1994,6,held_out,503.19906,0.2980427716482711,-0.045616082870129415,0.34365885451840084
latitude,199407,1994,7,held_out,503.19906,-0.20926747653178152,-0.09531908328035778,-0.11394839325142284
latitude,199408,1994,8,held_out,503.19906,0.02479183430216373,-0.08236047010650241,0.10715230440866545
latitude,199506,1995,6,held_out,503.19906,0.08779652151970892,0.04472981339969032,0.04306670812001849
latitude,199507,1995,7,held_out,503.19906,-0.1159826086640563,-0.1141628017581466,-0.0018198069059098133
latitude,199508,1995,8,held_out,503.19906,-0.1350241500207799,-0.07851420470432284,-0.0565099453164575
latitude,199606,1996,6,held_out,503.19906,-0.0867345586554979,-0.07236948695921407,-0.014365071696285132
latitude,199607,1996,7,held_out,503.19906,0.005430121622044425,-0.12261722317993892,0.1280473448019843
latitude,199608,1996,8,held_out,503.19906,-0.107998423923042,-0.11312693917610694,0.005128515253065353
latitude,199706,1997,6,held_out,503.19906,-0.298083238961384,-0.15038450902888198,-0.14769872993250338
latitude,199707,1997,7,held_out,503.19906,-0.003962649030953178,-0.06460212707213045,0.06063947804117721
latitude,199708,1997,8,held_out,503.19906,-0.10949679811520995,-0.04175178859014234,-0.06774500952506848
latitude,199806,1998,6,held_out,503.19906,-0.1857595552309486,-0.18202617288203396,-0.003733382348915
latitude,199807,1998,7,held_out,503.19906,0.13893343351382564,-0.003600288872701779,0.14253372238652803
latitude,199808,1998,8,held_out,503.19906,0.03919883918687909,-0.026901646159042544,0.06610048534592086
latitude,199906,1999,6,held_out,503.19906,-0.26516481775677986,-0.14780570598618964,-0.11735911177059069
latitude,199907,1999,7,held_out,503.19906,0.011207206462685972,-0.05824765110181796,0.06945485756450358
latitude,199908,1999,8,held_out,503.19906,-0.24500586480312278,-0.1369111956687044,-0.10809466913441879
latitude,200006,2000,6,held_out,503.19906,-0.03388000772117891,-0.09130678104015184,0.05742677331897218
latitude,200007,2000,7,held_out,503.19906,-0.30205976825459363,-0.12863208807026746,-0.17342768018432694
latitude,200008,2000,8,held_out,503.19906,-0.16645653674446106,-0.10845781773558383,-0.05799871900887752
latitude,200106,2001,6,held_out,503.19906,0.014996956003640934,-0.07769728983617234,0.09269424583981355
latitude,200107,2001,7,held_out,503.19906,-0.04058500112591514,-0.037710087743194204,-0.0028749133827208296
latitude,200108,2001,8,held_out,503.19906,-0.22463963320846037,-0.14631021831062754,-0.0783294148978325
latitude,200206,2002,6,held_out,503.19906,-0.030384678203250078,-0.030738686787501867,0.0003540085842530081
latitude,200207,2002,7,held_out,503.19906,0.3091046139619084,0.04264241938510839,0.26646219457679976
latitude,200208,2002,8,held_out,503.19906,-0.18120115443388773,-0.12683738365628505,-0.054363770777602564
latitude,200306,2003,6,held_out,503.19906,-0.13765954849898313,-0.06513212216230788,-0.07252742633667547
latitude,200307,2003,7,held_out,503.19906,0.05764357559365268,-0.15637605646120753,0.2140196320548591
latitude,200308,2003,8,held_out,503.19906,0.0661614953985544,-0.06875446243281676,0.13491595783137067
latitude,200406,2004,6,held_out,503.19906,0.14755022105005858,0.010402078861442754,0.13714814218861654
latitude,200407,2004,7,held_out,503.19906,-0.13165791556625123,-0.13467915956541798,0.0030212439991662973
latitude,200408,2004,8,held_out,503.19906,-0.11073193626534684,-0.22426147510452868,0.11352953883918247
latitude,200506,2005,6,held_out,503.19906,-0.08137296302615153,-0.09496565235108352,0.013592689324931304
latitude,200507,2005,7,held_out,503.19906,-0.17637074183945134,-0.08629106390036856,-0.09007967793908325
latitude,200508,2005,8,held_out,503.19906,-0.011874945845580418,-0.15572414232313095,0.14384919647755018
latitude,200606,2006,6,held_out,503.19906,0.05114554655215927,-0.09165206118064292,0.14279760773280215
latitude,200607,2006,7,held_out,503.19906,-0.05596085692056947,-0.04167928216076098,-0.014281574759808341
latitude,200608,2006,8,held_out,503.19906,-0.2564960638547061,-0.10270531823986465,-0.15379074561484016
latitude,200706,2007,6,held_out,503.19906,0.14360970335859613,-0.10684956412108558,0.2504592674796817
latitude,200707,2007,7,held_out,503.19906,-0.062400730937947846,-0.11733322545769345,0.0549324945197449
latitude,200708,2007,8,held_out,503.19906,-0.0489640547497888,-0.11882495153250981,0.06986089678272081
latitude,200806,2008,6,held_out,503.19906,0.10856559145204299,-0.025718551204101263,0.13428414265614425
latitude,200807,2008,7,held_out,503.19906,-0.016245288186571904,-0.048862800885024364,0.03261751269845254
latitude,200808,2008,8,held_out,503.19906,-0.14762831032781062,-0.10853948491538726,-0.03908882541242397
latitude,200906,2009,6,held_out,503.19906,-0.08210707201308172,-0.07161189044414332,-0.010495181568938788
latitude,200907,2009,7,held_out,503.19906,-0.04082172248165628,-0.10752836391849734,0.06670664143684142
latitude,200908,2009,8,held_out,503.19906,-0.1925929654678121,-0.08611344231179585,-0.10647952315601625
latitude,201006,2010,6,held_out,503.19906,0.18456391468607353,0.032771554129071054,0.15179236055700396
latitude,201007,2010,7,held_out,503.19906,-0.1916990967946338,-0.16627163593206373,-0.025427460862570365
latitude,201008,2010,8,held_out,503.19906,-0.11642232691454145,-0.1251901318174529,0.008767804902911602
latitude,201106,2011,6,held_out,503.19906,-0.08069662484182431,-0.15175241534816258,0.07105579050633766
latitude,201107,2011,7,held_out,503.19906,-0.03632962694954999,-0.07834293053373267,0.04201330358418334
latitude,201108,2011,8,held_out,503.19906,-0.0185294445284027,-0.08714254459373319,0.06861310006533224
latitude,201206,2012,6,held_out,503.19906,-0.3274767311274132,-0.1979267351353906,-0.12954999599202302
latitude,201207,2012,7,held_out,503.19906,-0.26118227626531976,-0.10602064110522308,-0.15516163516009793
latitude,201208,2012,8,held_out,503.19906,-0.3135012236371806,-0.13407233317568734,-0.1794288904614936
latitude,201306,2013,6,held_out,503.19906,0.13689483273852257,-0.006565005418168752,0.14345983815669194
latitude,201307,2013,7,held_out,503.19906,-0.05938440714441456,-0.041983658926897344,-0.017400748217516474
latitude,201308,2013,8,held_out,503.19906,-0.1804789488187955,-0.11769882140286594,-0.06278012741592946
latitude,201406,2014,6,held_out,503.19906,-0.01714897471043127,0.01334305696074073,-0.030492031671172995
latitude,201407,2014,7,held_out,503.19906,-0.00410352007535434,-0.12002837225545099,0.11592485218009592
latitude,201408,2014,8,held_out,503.19906,0.07615602341375056,0.0015177956218900609,0.07463822779186075
latitude,201506,2015,6,development,503.19906,-0.247949985083476,-0.17409667193262326,-0.07385331315085274
latitude,201507,2015,7,development,503.19906,-0.18813381781123664,-0.13402670491528595,-0.05410711289595075
latitude,201508,2015,8,development,503.19906,-0.23220220292877863,-0.11837790065596797,-0.11382430227281078
latitude,201606,2016,6,held_out,503.19906,0.10734524841227927,-0.07558906983808222,0.18293431825036127
latitude,201607,2016,7,held_out,503.19906,-0.07111672111624909,-0.07449326598927705,0.0033765448730285075
latitude,201608,2016,8,held_out,503.19906,0.1799555668467365,-0.012012864160476215,0.19196843100721356
latitude,201706,2017,6,held_out,503.19906,-0.09240408858552752,-0.1341620670576077,0.04175797847207964
latitude,201707,2017,7,held_out,503.19906,-0.13476101780514574,-0.0830314535481819,-0.051729564256962283
latitude,201708,2017,8,held_out,503.19906,0.08926506226890163,-0.013722947551437792,0.10298800982033883
latitude,201806,2018,6,held_out,503.19906,-0.013424188507483104,-0.08290133954577834,0.0694771510382944
latitude,201807,2018,7,held_out,503.19906,-0.23896553684460983,-0.09791261540172402,-0.14105292144288595
latitude,201808,2018,8,held_out,503.19906,-0.14818611031556667,-0.14502917207108465,-0.0031569382444818334
latitude,201906,2019,6,held_out,503.19906,-0.09879325497594188,-0.0718120588473377,-0.026981196128604817
latitude,201907,2019,7,held_out,503.19906,-0.09856784448514552,-0.06520129940218959,-0.033366545082954786
latitude,201908,2019,8,held_out,503.19906,-0.05936937159741142,-0.13006649637123327,0.07069712477382185
latitude,202006,2020,6,held_out,503.19906,-0.05054596771316703,-0.07194138538562109,0.021395417672454158
latitude,202007,2020,7,held_out,503.19906,-0.10475289495209157,-0.09778538636914556,-0.006967508582946217
latitude,202008,2020,8,held_out,503.19906,-0.02009485875610557,-0.01819993318284772,-0.0018949255732573715
latitude,202106,2021,6,held_out,503.19906,-0.17119163512233979,-0.13704279433268765,-0.03414884078965404
latitude,202107,2021,7,held_out,503.19906,0.005009192015855751,-0.043302978800079286,0.048312170815934266
latitude,202108,2021,8,held_out,503.19906,-0.04584749574310552,-0.0471286396714469,0.0012811439283404679
latitude,202206,2022,6,development,503.19906,-0.07726016028582049,-0.13418876188853754,0.05692860160271714
latitude,202207,2022,7,development,503.19906,0.08051217580834158,-0.020629797063826776,0.10114197287216721
latitude,202208,2022,8,development,503.19906,-0.2615321241380441,-0.18252186732927483,-0.07901025680876826
latitude,202306,2023,6,held_out,503.19906,0.005991615207789825,-0.017404705656596155,0.02339632086438536
latitude,202307,2023,7,held_out,503.19906,-0.26811615026539015,-0.12214437177203692,-0.14597177849335302
latitude,202308,2023,8,held_out,503.19906,-0.3869532832598876,-0.17200436704294472,-0.2149489162169435
latitude,202406,2024,6,held_out,503.19906,-0.10693268098693012,-0.11734935522859581,0.010416674241665131
latitude,202407,2024,7,held_out,503.19906,0.1128615971079066,-0.06685475462316574,0.17971635173107223
latitude,202408,2024,8,held_out,503.19906,-0.003097569974429219,-0.04048050702619682,0.03738293705176817
latitude,202506,2025,6,held_out,503.19906,-0.1401333318122944,-0.17644317575760918,0.03630984394531506
latitude,202507,2025,7,held_out,503.19906,-0.22359271473657819,-0.03619508670782547,-0.18739762802875357
latitude,202508,2025,8,held_out,503.19906,-0.19754862805615694,-0.064609964369633,-0.13293866368652393
latitude_longitude,199106,1991,6,held_out,503.19906,0.1851535255250518,0.002127534345184907,0.18302599117986765
latitude_longitude,199107,1991,7,held_out,503.19906,-0.049653797251304005,-0.19269014930802442,0.14303635205672033
latitude_longitude,199108,1991,8,held_out,503.19906,0.11707911674427042,0.06608740801880804,0.050991708725462166
latitude_longitude,199206,1992,6,held_out,503.19906,0.013285827273252485,-0.01589679728270923,0.029182624555961347
latitude_longitude,199207,1992,7,held_out,503.19906,-0.07108715067377927,-0.11072908305851194,0.03964193238473341
latitude_longitude,199208,1992,8,held_out,503.19906,0.14490590633512196,-0.11691916462154568,0.26182507095666757
latitude_longitude,199306,1993,6,held_out,503.19906,-0.06136018928132588,-0.043621117132380365,-0.017739072148945153
latitude_longitude,199307,1993,7,held_out,503.19906,0.11349345137525786,-0.018089045847060205,0.1315824972223175
latitude_longitude,199308,1993,8,held_out,503.19906,-0.06573343032437297,-0.14178901624226734,0.07605558591789406
latitude_longitude,199406,1994,6,held_out,503.19906,0.2980427716482711,0.11932193245094967,0.17872083919732187
latitude_longitude,199407,1994,7,held_out,503.19906,-0.20926747653178152,-0.16470421224450593,-0.0445632642872751
latitude_longitude,199408,1994,8,held_out,503.19906,0.02479183430216373,-0.10444732010987183,0.12923915441203526
latitude_longitude,199506,1995,6,held_out,503.19906,0.08779652151970892,0.07485657880998145,0.012939942709727358
latitude_longitude,199507,1995,7,held_out,503.19906,-0.1159826086640563,-0.17266209056082016,0.05667948189676381
latitude_longitude,199508,1995,8,held_out,503.19906,-0.1350241500207799,-0.13529293803426964,0.00026878801349039224
latitude_longitude,199606,1996,6,held_out,503.19906,-0.0867345586554979,-0.11779768415139005,0.031063125495891353
latitude_longitude,199607,1996,7,held_out,503.19906,0.005430121622044425,-0.11256674539533203,0.11799686701737686
latitude_longitude,199608,1996,8,held_out,503.19906,-0.107998423923042,-0.1519380000809423,0.043939576157901554
latitude_longitude,199706,1997,6,held_out,503.19906,-0.298083238961384,-0.18865389811311228,-0.10942934084827236
latitude_longitude,199707,1997,7,held_out,503.19906,-0.003962649030953178,-0.056267492164538656,0.05230484313358515
latitude_longitude,199708,1997,8,held_out,503.19906,-0.10949679811520995,-0.09238531329050549,-0.017111484824705512
latitude_longitude,199806,1998,6,held_out,503.19906,-0.1857595552309486,-0.15964127489499522,-0.02611828033595331
latitude_longitude,199807,1998,7,held_out,503.19906,0.13893343351382564,-0.005126922796114695,0.14406035630993982
latitude_longitude,199808,1998,8,held_out,503.19906,0.03919883918687909,0.012660066900551084,0.026538772286326996
latitude_longitude,199906,1999,6,held_out,503.19906,-0.26516481775677986,-0.21084328177787562,-0.05432153597890431
latitude_longitude,199907,1999,7,held_out,503.19906,0.011207206462685972,-0.07365533006177818,0.0848625365244646
latitude_longitude,199908,1999,8,held_out,503.19906,-0.24500586480312278,-0.1778363914831916,-0.06716947331993123
latitude_longitude,200006,2000,6,held_out,503.19906,-0.03388000772117891,-0.07372897958106137,0.03984897185988269
latitude_longitude,200007,2000,7,held_out,503.19906,-0.30205976825459363,-0.18629148698010636,-0.11576828127448803
latitude_longitude,200008,2000,8,held_out,503.19906,-0.16645653674446106,-0.1330181156676382,-0.03343842107682352
latitude_longitude,200106,2001,6,held_out,503.19906,0.014996956003640934,-0.04637642727135272,0.06137338327499328
latitude_longitude,200107,2001,7,held_out,503.19906,-0.04058500112591514,-0.04925657513348465,0.008671574007569412
latitude_longitude,200108,2001,8,held_out,503.19906,-0.22463963320846037,-0.19540716938158503,-0.029232463826873938
latitude_longitude,200206,2002,6,held_out,503.19906,-0.030384678203250078,-0.0336833795996405,0.0032987013963912196
latitude_longitude,200207,2002,7,held_out,503.19906,0.3091046139619084,0.07811668565455437,0.23098792830735412
latitude_longitude,200208,2002,8,held_out,503.19906,-0.18120115443388773,-0.16576012613089974,-0.015441028302986758
latitude_longitude,200306,2003,6,held_out,503.19906,-0.13765954849898313,-0.07958321820351756,-0.05807633029546541
latitude_longitude,200307,2003,7,held_out,503.19906,0.05764357559365268,-0.12632714769159065,0.18397072328524258
latitude_longitude,200308,2003,8,held_out,503.19906,0.0661614953985544,-0.10282688172049384,0.1689883771190484
latitude_longitude,200406,2004,6,held_out,503.19906,0.14755022105005858,0.011079626812787851,0.13647059423727056
latitude_longitude,200407,2004,7,held_out,503.19906,-0.13165791556625123,-0.13769554299981404,0.006037627433562314
latitude_longitude,200408,2004,8,held_out,503.19906,-0.11073193626534684,-0.2196613176896344,0.10892938142428743
latitude_longitude,200506,2005,6,held_out,503.19906,-0.08137296302615153,-0.06637372432580808,-0.014999238700343132
latitude_longitude,200507,2005,7,held_out,503.19906,-0.17637074183945134,-0.12077417275484084,-0.0555965690846102
latitude_longitude,200508,2005,8,held_out,503.19906,-0.011874945845580418,-0.1426334758610055,0.13075853001542442
latitude_longitude,200606,2006,6,held_out,503.19906,0.05114554655215927,-0.07593483328899453,0.1270803798411537
latitude_longitude,200607,2006,7,held_out,503.19906,-0.05596085692056947,-0.1038390999477919,0.047878243027222794
latitude_longitude,200608,2006,8,held_out,503.19906,-0.2564960638547061,-0.15675523827383225,-0.09974082558087376
latitude_longitude,200706,2007,6,held_out,503.19906,0.14360970335859613,-0.048905114400751494,0.1925148177593482
latitude_longitude,200707,2007,7,held_out,503.19906,-0.062400730937947846,-0.09989095603367626,0.037490225095727935
latitude_longitude,200708,2007,8,held_out,503.19906,-0.0489640547497888,-0.11424091467643398,0.06527685992664528
latitude_longitude,200806,2008,6,held_out,503.19906,0.10856559145204299,0.035622430838186336,0.07294316061385726
latitude_longitude,200807,2008,7,held_out,503.19906,-0.016245288186571904,-0.09734844186851743,0.08110315368194496
latitude_longitude,200808,2008,8,held_out,503.19906,-0.14762831032781062,-0.17053268146762487,0.022904371139814094
latitude_longitude,200906,2009,6,held_out,503.19906,-0.08210707201308172,-0.09333363828421716,0.011226566271135061
latitude_longitude,200907,2009,7,held_out,503.19906,-0.04082172248165628,-0.14555736308702455,0.10473564060536747
latitude_longitude,200908,2009,8,held_out,503.19906,-0.1925929654678121,-0.11492254960733868,-0.07767041586047324
latitude_longitude,201006,2010,6,held_out,503.19906,0.18456391468607353,0.08300973216208797,0.10155418252398646
latitude_longitude,201007,2010,7,held_out,503.19906,-0.1916990967946338,-0.20491729433673184,0.013218197542098447
latitude_longitude,201008,2010,8,held_out,503.19906,-0.11642232691454145,-0.16716604981661887,0.05074372290207771
latitude_longitude,201106,2011,6,held_out,503.19906,-0.08069662484182431,-0.1277373360859025,0.047040711244078985
latitude_longitude,201107,2011,7,held_out,503.19906,-0.03632962694954999,-0.08517672648685759,0.04884709953730743
latitude_longitude,201108,2011,8,held_out,503.19906,-0.0185294445284027,-0.13788173345974972,0.11935228893134782
latitude_longitude,201206,2012,6,held_out,503.19906,-0.3274767311274132,-0.25045200965579983,-0.077024721471614
latitude_longitude,201207,2012,7,held_out,503.19906,-0.26118227626531976,-0.14736644914037839,-0.11381582712494162
latitude_longitude,201208,2012,8,held_out,503.19906,-0.3135012236371806,-0.18871945093333864,-0.12478177270384198
latitude_longitude,201306,2013,6,held_out,503.19906,0.13689483273852257,0.007332497134604115,0.12956233560391872
latitude_longitude,201307,2013,7,held_out,503.19906,-0.05938440714441456,-0.07426174664600284,0.014877339501589518
latitude_longitude,201308,2013,8,held_out,503.19906,-0.1804789488187955,-0.14748658082080054,-0.03299236799799507
latitude_longitude,201406,2014,6,held_out,503.19906,-0.01714897471043127,-0.026599330720121144,0.009450356009689057
latitude_longitude,201407,2014,7,held_out,503.19906,-0.00410352007535434,-0.10420431657716062,0.10010079650180526
latitude_longitude,201408,2014,8,held_out,503.19906,0.07615602341375056,-0.053593217396758694,0.1297492408105086
latitude_longitude,201506,2015,6,development,503.19906,-0.247949985083476,-0.23897958181564782,-0.008970403267827822
latitude_longitude,201507,2015,7,development,503.19906,-0.18813381781123664,-0.13176414357507987,-0.05636967423615688
latitude_longitude,201508,2015,8,development,503.19906,-0.23220220292877863,-0.17589948963126023,-0.05630271329751851
latitude_longitude,201606,2016,6,held_out,503.19906,0.10734524841227927,-0.020626114665813357,0.12797136307809243
latitude_longitude,201607,2016,7,held_out,503.19906,-0.07111672111624909,-0.10262965363654708,0.031512932520298784
latitude_longitude,201608,2016,8,held_out,503.19906,0.1799555668467365,0.029217549594555955,0.15073801725217956
latitude_longitude,201706,2017,6,held_out,503.19906,-0.09240408858552752,-0.09080348929851174,-0.0016005992870153972
latitude_longitude,201707,2017,7,held_out,503.19906,-0.13476101780514574,-0.15030074702597224,0.015539729220827967
latitude_longitude,201708,2017,8,held_out,503.19906,0.08926506226890163,-0.017382735381758517,0.10664779765065997
latitude_longitude,201806,2018,6,held_out,503.19906,-0.013424188507483104,-0.10218128138859756,0.08875709288111333
latitude_longitude,201807,2018,7,held_out,503.19906,-0.23896553684460983,-0.13078160007381,-0.10818393677079934
latitude_longitude,201808,2018,8,held_out,503.19906,-0.14818611031556667,-0.10646712456874649,-0.0417189857468196
latitude_longitude,201906,2019,6,held_out,503.19906,-0.09879325497594188,-0.0540238787258623,-0.04476937625008
latitude_longitude,201907,2019,7,held_out,503.19906,-0.09856784448514552,-0.104072125836282,0.005504281351137082
latitude_longitude,201908,2019,8,held_out,503.19906,-0.05936937159741142,-0.05593681527321107,-0.0034325563241998534
latitude_longitude,202006,2020,6,held_out,503.19906,-0.05054596771316703,-0.07744892280326719,0.026902955090100978
latitude_longitude,202007,2020,7,held_out,503.19906,-0.10475289495209157,-0.09678398842853106,-0.007968906523562224
latitude_longitude,202008,2020,8,held_out,503.19906,-0.02009485875610557,-0.0907315976787408,0.07063673892263578
latitude_longitude,202106,2021,6,held_out,503.19906,-0.17119163512233979,-0.1424409220837746,-0.028750713038565075
latitude_longitude,202107,2021,7,held_out,503.19906,0.005009192015855751,-0.01824389334057089,0.023253085356425483
latitude_longitude,202108,2021,8,held_out,503.19906,-0.04584749574310552,-0.08321775746529696,0.03737026172219106
latitude_longitude,202206,2022,6,development,503.19906,-0.07726016028582049,-0.1376381591427812,0.0603779988569612
latitude_longitude,202207,2022,7,development,503.19906,0.08051217580834158,-0.06324987117481656,0.14376204698315773
latitude_longitude,202208,2022,8,development,503.19906,-0.2615321241380441,-0.17816998292880787,-0.08336214120923595
latitude_longitude,202306,2023,6,held_out,503.19906,0.005991615207789825,0.032991068493560774,-0.026999453285771566
latitude_longitude,202307,2023,7,held_out,503.19906,-0.26811615026539015,-0.1781562103902856,-0.08995993987510446
latitude_longitude,202308,2023,8,held_out,503.19906,-0.3869532832598876,-0.23828010137431102,-0.14867318188557566
latitude_longitude,202406,2024,6,held_out,503.19906,-0.10693268098693012,-0.07757309940688205,-0.029359581580048477
latitude_longitude,202407,2024,7,held_out,503.19906,0.1128615971079066,-0.03763975736646075,0.1505013544743677
latitude_longitude,202408,2024,8,held_out,503.19906,-0.003097569974429219,-0.04656942136601431,0.04347185139158515
latitude_longitude,202506,2025,6,held_out,503.19906,-0.1401333318122944,-0.15396215306891042,0.013828821256616339
latitude_longitude,202507,2025,7,held_out,503.19906,-0.22359271473657819,-0.08754990938717408,-0.13604280534940502
latitude_longitude,202508,2025,8,held_out,503.19906,-0.19754862805615694,-0.14024452790388328,-0.05730410015227316
latitude_longitude_elevation,199106,1991,6,held_out,503.19906,0.1851535255250518,0.08035047594671327,0.10480304957833794
latitude_longitude_elevation,199107,1991,7,held_out,503.19906,-0.049653797251304005,-0.12622176845402516,0.07656797120272131
latitude_longitude_elevation,199108,1991,8,held_out,503.19906,0.11707911674427042,0.10841249688195759,0.008666619862312791
latitude_longitude_elevation,199206,1992,6,held_out,503.19906,0.013285827273252485,0.02405492852724838,-0.01076910125399645
latitude_longitude_elevation,199207,1992,7,held_out,503.19906,-0.07108715067377927,-0.1145457507584857,0.043458600084705735
latitude_longitude_elevation,199208,1992,8,held_out,503.19906,0.14490590633512196,0.014760878102881764,0.13014502823224022
latitude_longitude_elevation,199306,1993,6,held_out,503.19906,-0.06136018928132588,-0.07178600342431145,0.010425814142985266
latitude_longitude_elevation,199307,1993,7,held_out,503.19906,0.11349345137525786,0.09755403777457236,0.015939413600684682
latitude_longitude_elevation,199308,1993,8,held_out,503.19906,-0.06573343032437297,-0.04250291646488015,-0.02323051385949377
latitude_longitude_elevation,199406,1994,6,held_out,503.19906,0.2980427716482711,0.2753634316482944,0.022679339999976504
latitude_longitude_elevation,199407,1994,7,held_out,503.19906,-0.20926747653178152,-0.22106237191236,0.011794895380578601
latitude_longitude_elevation,199408,1994,8,held_out,503.19906,0.02479183430216373,-0.036624787025508455,0.06141662132767073
latitude_longitude_elevation,199506,1995,6,held_out,503.19906,0.08779652151970892,0.07321661523551518,0.014579906284194127
latitude_longitude_elevation,199507,1995,7,held_out,503.19906,-0.1159826086640563,-0.12705263054949295,0.011070021885435438
latitude_longitude_elevation,199508,1995,8,held_out,503.19906,-0.1350241500207799,-0.12613032573483332,-0.008893824285945472
latitude_longitude_elevation,199606,1996,6,held_out,503.19906,-0.0867345586554979,-0.09809122762275939,0.011356668967260664
latitude_longitude_elevation,199607,1996,7,held_out,503.19906,0.005430121622044425,-0.004921418598130161,0.010351540220173105
latitude_longitude_elevation,199608,1996,8,held_out,503.19906,-0.107998423923042,-0.09620099243466551,-0.01179743148837752
latitude_longitude_elevation,199706,1997,6,held_out,503.19906,-0.298083238961384,-0.2766345219218217,-0.021448717039563938
latitude_longitude_elevation,199707,1997,7,held_out,503.19906,-0.003962649030953178,-0.004623940650329974,0.0006612916193753097
latitude_longitude_elevation,199708,1997,8,held_out,503.19906,-0.10949679811520995,-0.09057633232074266,-0.018920465794467187
latitude_longitude_elevation,199806,1998,6,held_out,503.19906,-0.1857595552309486,-0.11668758154007249,-0.06907197369087702
latitude_longitude_elevation,199807,1998,7,held_out,503.19906,0.13893343351382564,0.05445518164355029,0.08447825187027519
latitude_longitude_elevation,199808,1998,8,held_out,503.19906,0.03919883918687909,0.05898143494316443,-0.01978259575628632
latitude_longitude_elevation,199906,1999,6,held_out,503.19906,-0.26516481775677986,-0.23685935512692827,-0.028305462629852365
latitude_longitude_elevation,199907,1999,7,held_out,503.19906,0.011207206462685972,0.07636947282446263,-0.06516226636177519
latitude_longitude_elevation,199908,1999,8,held_out,503.19906,-0.24500586480312278,-0.14184334084580352,-0.1031625239573188
latitude_longitude_elevation,200006,2000,6,held_out,503.19906,-0.03388000772117891,-0.04219457460497474,0.008314566883795279
latitude_longitude_elevation,200007,2000,7,held_out,503.19906,-0.30205976825459363,-0.2276583466349441,-0.07440142161965208
latitude_longitude_elevation,200008,2000,8,held_out,503.19906,-0.16645653674446106,-0.15479458506248964,-0.011661951681971892
latitude_longitude_elevation,200106,2001,6,held_out,503.19906,0.014996956003640934,0.02907697400833774,-0.014080018004698373
latitude_longitude_elevation,200107,2001,7,held_out,503.19906,-0.04058500112591514,-0.03340540095203161,-0.007179600173884486
latitude_longitude_elevation,200108,2001,8,held_out,503.19906,-0.22463963320846037,-0.154970763942095,-0.06966886926636416
latitude_longitude_elevation,200206,2002,6,held_out,503.19906,-0.030384678203250078,-0.027179266919649076,-0.0032054112836007293
latitude_longitude_elevation,200207,2002,7,held_out,503.19906,0.3091046139619084,0.19539196497543548,0.11371264898647324
latitude_longitude_elevation,200208,2002,8,held_out,503.19906,-0.18120115443388773,-0.14883299254493595,-0.03236816188895258
latitude_longitude_elevation,200306,2003,6,held_out,503.19906,-0.13765954849898313,-0.08809673206265502,-0.049562816436328566
latitude_longitude_elevation,200307,2003,7,held_out,503.19906,0.05764357559365268,0.015257784384582652,0.04238579120906985
latitude_longitude_elevation,200308,2003,8,held_out,503.19906,0.0661614953985544,0.02883011554701591,0.03733137985153889
latitude_longitude_elevation,200406,2004,6,held_out,503.19906,0.14755022105005858,0.13713073167218967,0.010419489377869092
latitude_longitude_elevation,200407,2004,7,held_out,503.19906,-0.13165791556625123,-0.1296334994064872,-0.002024416159764714
latitude_longitude_elevation,200408,2004,8,held_out,503.19906,-0.11073193626534684,-0.09500098285816332,-0.01573095340718278
latitude_longitude_elevation,200506,2005,6,held_out,503.19906,-0.08137296302615153,-0.11302386828752921,0.03165090526137731
latitude_longitude_elevation,200507,2005,7,held_out,503.19906,-0.17637074183945134,-0.1255817088796174,-0.05078903295983301
latitude_longitude_elevation,200508,2005,8,held_out,503.19906,-0.011874945845580418,-0.057083611838339106,0.04520866599275803
latitude_longitude_elevation,200606,2006,6,held_out,503.19906,0.05114554655215927,0.04174784871146474,0.009397697840693385
latitude_longitude_elevation,200607,2006,7,held_out,503.19906,-0.05596085692056947,-0.09804919319677889,0.04208833627620925
latitude_longitude_elevation,200608,2006,8,held_out,503.19906,-0.2564960638547061,-0.23635409889242787,-0.0201419649622778
latitude_longitude_elevation,200706,2007,6,held_out,503.19906,0.14360970335859613,0.1557840197927959,-0.012174316434199316
latitude_longitude_elevation,200707,2007,7,held_out,503.19906,-0.062400730937947846,-0.050621294850993745,-0.011779436086954777
latitude_longitude_elevation,200708,2007,8,held_out,503.19906,-0.0489640547497888,-0.008757214207575274,-0.040206840542214295
latitude_longitude_elevation,200806,2008,6,held_out,503.19906,0.10856559145204299,0.11243020935031163,-0.003864617898268892
latitude_longitude_elevation,200807,2008,7,held_out,503.19906,-0.016245288186571904,-0.04293218327299209,0.02668689508641962
latitude_longitude_elevation,200808,2008,8,held_out,503.19906,-0.14762831032781062,-0.14707904650399714,-0.0005492638238132404
latitude_longitude_elevation,200906,2009,6,held_out,503.19906,-0.08210707201308172,-0.098859642838646,0.016752570825564153
latitude_longitude_elevation,200907,2009,7,held_out,503.19906,-0.04082172248165628,-0.07832873089468383,0.03750700841302668
latitude_longitude_elevation,200908,2009,8,held_out,503.19906,-0.1925929654678121,-0.17612786629990132,-0.01646509916791001
latitude_longitude_elevation,201006,2010,6,held_out,503.19906,0.18456391468607353,0.1654991243885361,0.019064790297536573
latitude_longitude_elevation,201007,2010,7,held_out,503.19906,-0.1916990967946338,-0.17040496451403403,-0.021294132280600536
latitude_longitude_elevation,201008,2010,8,held_out,503.19906,-0.11642232691454145,-0.1879794140750189,0.07155708716047837
latitude_longitude_elevation,201106,2011,6,held_out,503.19906,-0.08069662484182431,-0.06754804909582234,-0.013148575746001975
latitude_longitude_elevation,201107,2011,7,held_out,503.19906,-0.03632962694954999,-0.014441309446502876,-0.02188831750304682
latitude_longitude_elevation,201108,2011,8,held_out,503.19906,-0.0185294445284027,0.007162933711105467,-0.025692378239507555
latitude_longitude_elevation,201206,2012,6,held_out,503.19906,-0.3274767311274132,-0.3032926630686347,-0.024184068058778714
latitude_longitude_elevation,201207,2012,7,held_out,503.19906,-0.26118227626531976,-0.23714758952161405,-0.024034686743706467
latitude_longitude_elevation,201208,2012,8,held_out,503.19906,-0.3135012236371806,-0.2245940360819467,-0.08890718755523444
latitude_longitude_elevation,201306,2013,6,held_out,503.19906,0.13689483273852257,0.08084260373797987,0.05605222900054318
latitude_longitude_elevation,201307,2013,7,held_out,503.19906,-0.05938440714441456,-0.1074946853270548,0.04811027818264028
latitude_longitude_elevation,201308,2013,8,held_out,503.19906,-0.1804789488187955,-0.144289623002659,-0.03618932581613643
latitude_longitude_elevation,201406,2014,6,held_out,503.19906,-0.01714897471043127,-0.026833298941934966,0.00968432423150419
latitude_longitude_elevation,201407,2014,7,held_out,503.19906,-0.00410352007535434,-0.027375017919462372,0.023271497844107078
latitude_longitude_elevation,201408,2014,8,held_out,503.19906,0.07615602341375056,-0.006403589362534402,0.08255961277628394
latitude_longitude_elevation,201506,2015,6,development,503.19906,-0.247949985083476,-0.31126604846321543,0.06331606337974034
latitude_longitude_elevation,201507,2015,7,development,503.19906,-0.18813381781123664,-0.19241416495586167,0.004280347144625951
latitude_longitude_elevation,201508,2015,8,development,503.19906,-0.23220220292877863,-0.24197386421904418,0.00977166129026529
latitude_longitude_elevation,201606,2016,6,held_out,503.19906,0.10734524841227927,0.08142069524681726,0.025924553165462143
latitude_longitude_elevation,201607,2016,7,held_out,503.19906,-0.07111672111624909,-0.10530399144537603,0.03418727032912646
latitude_longitude_elevation,201608,2016,8,held_out,503.19906,0.1799555668467365,0.08149060792819261,0.09846495891854364
latitude_longitude_elevation,201706,2017,6,held_out,503.19906,-0.09240408858552752,-0.057051601868519555,-0.03535248671700888
latitude_longitude_elevation,201707,2017,7,held_out,503.19906,-0.13476101780514574,-0.15742322526657268,0.0226622074614286
latitude_longitude_elevation,201708,2017,8,held_out,503.19906,0.08926506226890163,0.05774638440920705,0.03151867785969323
latitude_longitude_elevation,201806,2018,6,held_out,503.19906,-0.013424188507483104,-0.08420732757194793,0.07078313906446401
latitude_longitude_elevation,201807,2018,7,held_out,503.19906,-0.23896553684460983,-0.16992634768948894,-0.06903918915512058
latitude_longitude_elevation,201808,2018,8,held_out,503.19906,-0.14818611031556667,-0.09048302396274867,-0.057703086352817394
latitude_longitude_elevation,201906,2019,6,held_out,503.19906,-0.09879325497594188,-0.0798787266481449,-0.018914528327798094
latitude_longitude_elevation,201907,2019,7,held_out,503.19906,-0.09856784448514552,-0.1369409104799531,0.03837306599480817
latitude_longitude_elevation,201908,2019,8,held_out,503.19906,-0.05936937159741142,-0.029073353667169826,-0.03029601793024042
latitude_longitude_elevation,202006,2020,6,held_out,503.19906,-0.05054596771316703,-0.026313797145065675,-0.024232170568101254
latitude_longitude_elevation,202007,2020,7,held_out,503.19906,-0.10475289495209157,-0.11374702930403971,0.008994134351947559
latitude_longitude_elevation,202008,2020,8,held_out,503.19906,-0.02009485875610557,-0.07097061891298354,0.05087576015687799
latitude_longitude_elevation,202106,2021,6,held_out,503.19906,-0.17119163512233979,-0.10823414767531005,-0.06295748744703068
latitude_longitude_elevation,202107,2021,7,held_out,503.19906,0.005009192015855751,-0.014520371606067504,0.019529563621921958
latitude_longitude_elevation,202108,2021,8,held_out,503.19906,-0.04584749574310552,-0.06159147109284251,0.015743975349736965
latitude_longitude_elevation,202206,2022,6,development,503.19906,-0.07726016028582049,-0.08371078857406587,0.006450628288244799
latitude_longitude_elevation,202207,2022,7,development,503.19906,0.08051217580834158,-0.0010850888272238282,0.08159726463556415
latitude_longitude_elevation,202208,2022,8,development,503.19906,-0.2615321241380441,-0.1486080781842017,-0.1129240459538431
latitude_longitude_elevation,202306,2023,6,held_out,503.19906,0.005991615207789825,0.04230864123865381,-0.0363170260308652
latitude_longitude_elevation,202307,2023,7,held_out,503.19906,-0.26811615026539015,-0.21333157112023257,-0.054784579145157684
latitude_longitude_elevation,202308,2023,8,held_out,503.19906,-0.3869532832598876,-0.34578238250137133,-0.04117090075851638
latitude_longitude_elevation,202406,2024,6,held_out,503.19906,-0.10693268098693012,-0.04794729465302435,-0.058985386333905945
latitude_longitude_elevation,202407,2024,7,held_out,503.19906,0.1128615971079066,0.047058479322016435,0.06580311778589118
latitude_longitude_elevation,202408,2024,8,held_out,503.19906,-0.003097569974429219,-0.04923144933829991,0.046133879363870665
latitude_longitude_elevation,202506,2025,6,held_out,503.19906,-0.1401333318122944,-0.11280986421369898,-0.027323467598595753
latitude_longitude_elevation,202507,2025,7,held_out,503.19906,-0.22359271473657819,-0.17439610663489905,-0.04919660810167985
latitude_longitude_elevation,202508,2025,8,held_out,503.19906,-0.19754862805615694,-0.18030624065315776,-0.017242387402998098
latitude,199106,1991,6,held_out,1006.39812,0.15385180577863972,-0.040465352485004095,0.19431715826364435
latitude,199107,1991,7,held_out,1006.39812,-0.14524664822944708,-0.17672896105941305,0.03148231282996647
latitude,199108,1991,8,held_out,1006.39812,0.11653002427512318,-0.0169088185437922,0.1334388428189158
latitude,199206,1992,6,held_out,1006.39812,0.020472682818786607,-0.01802924570688344,0.03850192852567005
latitude,199207,1992,7,held_out,1006.39812,-0.12055378451978727,-0.15346622024424253,0.03291243572445587
latitude,199208,1992,8,held_out,1006.39812,0.03908249737344082,-0.18152834853066135,0.22061084590410382
latitude,199306,1993,6,held_out,1006.39812,-0.05808504744187029,-0.046219377148843,-0.011865670293027292
latitude,199307,1993,7,held_out,1006.39812,0.053985759261183514,-0.10529765832388162,0.15928341758506437
latitude,199308,1993,8,held_out,1006.39812,-0.11202571518716278,-0.13200900210772562,0.01998328692056277
latitude,199406,1994,6,held_out,1006.39812,0.2686994292520683,-0.05482692146720882,0.3235263507192766
latitude,199407,1994,7,held_out,1006.39812,-0.27590882086117374,-0.15664428918873213,-0.11926453167244117
latitude,199408,1994,8,held_out,1006.39812,-0.04373903166627733,-0.14352247214013555,0.09978344047385834
latitude,199506,1995,6,held_out,1006.39812,0.10409659810034094,0.05283517290776893,0.05126142519257139
latitude,199507,1995,7,held_out,1006.39812,-0.20497315950842274,-0.18556668979346333,-0.019406469714958945
latitude,199508,1995,8,held_out,1006.39812,-0.18773721617487113,-0.1314862196750897,-0.05625099649978123
latitude,199606,1996,6,held_out,1006.39812,-0.0961437398608348,-0.08549868292995323,-0.010645056930881563
latitude,199607,1996,7,held_out,1006.39812,-0.08732251151075028,-0.1911679401946428,0.1038454286838926
latitude,199608,1996,8,held_out,1006.39812,-0.19399506317744933,-0.18348868261573056,-0.010506380561719686
latitude,199706,1997,6,held_out,1006.39812,-0.32917384624403034,-0.20196176129723248,-0.1272120849467969
latitude,199707,1997,7,held_out,1006.39812,-0.05614101966588017,-0.10834870542975285,0.052207685763872545
latitude,199708,1997,8,held_out,1006.39812,-0.14070539589450065,-0.06351432632362675,-0.07719106957087371
latitude,199806,1998,6,held_out,1006.39812,-0.2446662178064466,-0.25627823187814364,0.011612014071696953
latitude,199807,1998,7,held_out,1006.39812,0.11437972283639714,-0.010912246014254333,0.12529196885065128
latitude,199808,1998,8,held_out,1006.39812,0.024087046134239825,-0.04992652153706195,0.07401356767130138
latitude,199906,1999,6,held_out,1006.39812,-0.2958131376961754,-0.20612722167661204,-0.08968591601956308
latitude,199907,1999,7,held_out,1006.39812,-0.017660154644010835,-0.09708331244038897,0.07942315779637786
latitude,199908,1999,8,held_out,1006.39812,-0.3012395873565685,-0.19745224701647562,-0.10378734034009156
latitude,200006,2000,6,held_out,1006.39812,-0.07206117681676312,-0.1325914587904712,0.06053028197370816
latitude,200007,2000,7,held_out,1006.39812,-0.3741192573898097,-0.20493299783718805,-0.16918625955262043
latitude,200008,2000,8,held_out,1006.39812,-0.21089431449372828,-0.16406067408566619,-0.04683364040806127
latitude,200106,2001,6,held_out,1006.39812,-0.022369140203113477,-0.11524639459986769,0.09287725439675364
latitude,200107,2001,7,held_out,1006.39812,-0.05100625231866281,-0.06031677910592212,0.009310526787259172
latitude,200108,2001,8,held_out,1006.39812,-0.2900953071082243,-0.22087124833628322,-0.06922405877194013
latitude,200206,2002,6,held_out,1006.39812,-0.03920658451700283,-0.03750854116176501,-0.0016980433552382496
latitude,200207,2002,7,held_out,1006.39812,0.3309126259797516,0.07694129200689973,0.2539713339728523
latitude,200208,2002,8,held_out,1006.39812,-0.2283586699626757,-0.18962726692283982,-0.03873140303983614
latitude,200306,2003,6,held_out,1006.39812,-0.13430206369254494,-0.08212565372194351,-0.05217640997060149
latitude,200307,2003,7,held_out,1006.39812,-0.061022301503895496,-0.26976870512894263,0.20874640362504665
latitude,200308,2003,8,held_out,1006.39812,-0.01463147692969567,-0.11219549858313817,0.09756402165344256
latitude,200406,2004,6,held_out,1006.39812,0.15339714303275126,0.032904777217596624,0.12049236581515388
latitude,200407,2004,7,held_out,1006.39812,-0.20630289034065225,-0.2219259944154328,0.015623104074780547
latitude,200408,2004,8,held_out,1006.39812,-0.23965158705024553,-0.3400891168705063,0.10043752982026094
latitude,200506,2005,6,held_out,1006.39812,-0.09253532858795413,-0.14218008045646052,0.04964475186850606
latitude,200507,2005,7,held_out,1006.39812,-0.23401741309091262,-0.1381710771646194,-0.09584633592629344
latitude,200508,2005,8,held_out,1006.39812,-0.10696583550494868,-0.24505500491968543,0.13808916941473667
latitude,200606,2006,6,held_out,1006.39812,0.007402036262702363,-0.11363361142652109,0.12103564768922291
latitude,200607,2006,7,held_out,1006.39812,-0.10596216271436244,-0.06870326099853481,-0.03725890171582697
latitude,200608,2006,8,held_out,1006.39812,-0.31288462898884833,-0.17513345796353688,-0.13775117102531087
latitude,200706,2007,6,held_out,1006.39812,0.047485597551992734,-0.150494998143476,0.19798059569546897
latitude,200707,2007,7,held_out,1006.39812,-0.1386693989158452,-0.19391928933222388,0.05524989041637838
latitude,200708,2007,8,held_out,1006.39812,-0.14208168112488262,-0.18531465192472585,0.0432329707998432
latitude,200806,2008,6,held_out,1006.39812,0.09790798956856445,-0.03532713013443291,0.13323511970299787
latitude,200807,2008,7,held_out,1006.39812,-0.07465309983671019,-0.08701264629880213,0.012359546462092023
latitude,200808,2008,8,held_out,1006.39812,-0.2128997594065973,-0.1689696144637669,-0.04393014494283115
latitude,200906,2009,6,held_out,1006.39812,-0.10153093367661975,-0.10578093725292499,0.004250003576305418
latitude,200907,2009,7,held_out,1006.39812,-0.1251236713982916,-0.1659931712683604,0.040869499870069555
latitude,200908,2009,8,held_out,1006.39812,-0.2069409697316811,-0.12858240769732882,-0.07835856203435254
latitude,201006,2010,6,held_out,1006.39812,0.20858306578072844,0.07293239553011183,0.13565067025061592
latitude,201007,2010,7,held_out,1006.39812,-0.31485105201148655,-0.2674557219752101,-0.04739533003627558
latitude,201008,2010,8,held_out,1006.39812,-0.18637278937547128,-0.18820149285759857,0.0018287034821281428
latitude,201106,2011,6,held_out,1006.39812,-0.1465282488033398,-0.21065161334553403,0.06412336454219389
latitude,201107,2011,7,held_out,1006.39812,-0.08410873061082298,-0.11684229555502226,0.0327335649441986
latitude,201108,2011,8,held_out,1006.39812,-0.0964136599491421,-0.13998629535761062,0.043572635408469035
latitude,201206,2012,6,held_out,1006.39812,-0.37158751675354557,-0.26329216974258524,-0.10829534701096018
latitude,201207,2012,7,held_out,1006.39812,-0.30565705969920615,-0.18305462129667688,-0.12260243840252803
latitude,201208,2012,8,held_out,1006.39812,-0.3756183097758371,-0.209418526463,-0.16619978331283577
latitude,201306,2013,6,held_out,1006.39812,0.130927323853842,-0.0034553430357604597,0.1343826668896027
latitude,201307,2013,7,held_out,1006.39812,-0.09623802255813418,-0.07398316148004164,-0.0222548610780921
latitude,201308,2013,8,held_out,1006.39812,-0.26937773383803826,-0.19528974288166442,-0.07408799095637324
latitude,201406,2014,6,held_out,1006.39812,-0.014222084641237719,0.020534892164047427,-0.03475697680528433
latitude,201407,2014,7,held_out,1006.39812,-0.061935464376412855,-0.18614811957046307,0.12421265519405138
latitude,201408,2014,8,held_out,1006.39812,0.08151509162057345,0.024008792136229952,0.05750629948434186
latitude,201506,2015,6,development,1006.39812,-0.28563591303688185,-0.2138139742992703,-0.07182193873761238
latitude,201507,2015,7,development,1006.39812,-0.23038028358124285,-0.2128891478122565,-0.017491135768985516
latitude,201508,2015,8,development,1006.39812,-0.29692983083798175,-0.18911043739133093,-0.10781939344665062
latitude,201606,2016,6,held_out,1006.39812,0.06395475674523118,-0.11039823841386227,0.17435299515909247
latitude,201607,2016,7,held_out,1006.39812,-0.13434740162713105,-0.1322951129582587,-0.0020522886688731524
latitude,201608,2016,8,held_out,1006.39812,0.17159168908540648,-0.028996511743342494,0.20058820082874812
latitude,201706,2017,6,held_out,1006.39812,-0.14846079105799412,-0.19206374702106416,0.043602955963069914
latitude,201707,2017,7,held_out,1006.39812,-0.20577688069147068,-0.14164061541836953,-0.0641362652731007
latitude,201708,2017,8,held_out,1006.39812,0.07554647982485707,-0.01791108131990305,0.09345756114475984
latitude,201806,2018,6,held_out,1006.39812,-0.04031277823114666,-0.11341933208690044,0.07310655385575439
latitude,201807,2018,7,held_out,1006.39812,-0.30942649978102077,-0.16598870130673307,-0.14343779847428703
latitude,201808,2018,8,held_out,1006.39812,-0.23370969002900502,-0.23969987731657308,0.005990187287569489
latitude,201906,2019,6,held_out,1006.39812,-0.11006101246945549,-0.09076138495352898,-0.019299627515926513
latitude,201907,2019,7,held_out,1006.39812,-0.11525958314768057,-0.0917380811329416,-0.02352150201473863
latitude,201908,2019,8,held_out,1006.39812,-0.11318597032053052,-0.20708131145761605,0.09389534113708557
latitude,202006,2020,6,held_out,1006.39812,-0.09270652797503007,-0.10259140620386954,0.009884878228838736
latitude,202007,2020,7,held_out,1006.39812,-0.15332561909477463,-0.15354375599489478,0.00021813690011999746
latitude,202008,2020,8,held_out,1006.39812,-0.04019189801877877,-0.03391808311898847,-0.00627381489979073
latitude,202106,2021,6,held_out,1006.39812,-0.20612238055904894,-0.18804939691077946,-0.01807298364826941
latitude,202107,2021,7,held_out,1006.39812,-0.019831974121888286,-0.0724435609543847,0.05261158683249599
latitude,202108,2021,8,held_out,1006.39812,-0.0820167061350955,-0.07230061322909943,-0.009716092905995847
latitude,202206,2022,6,development,1006.39812,-0.15401693364269112,-0.19822657184246736,0.04420963819977692
latitude,202207,2022,7,development,1006.39812,0.03329470791782768,-0.0332713782226507,0.06656608614047861
latitude,202208,2022,8,development,1006.39812,-0.3813039407936027,-0.2992431120314476,-0.08206082876215394
latitude,202306,2023,6,held_out,1006.39812,0.04124600478005804,-0.018347749568980276,0.05959375434903844
latitude,202307,2023,7,held_out,1006.39812,-0.33410799370538957,-0.19970265353855998,-0.13440534016682942
latitude,202308,2023,8,held_out,1006.39812,-0.45312393338536433,-0.2630758731903542,-0.19004806019501067
latitude,202406,2024,6,held_out,1006.39812,-0.1335346648268443,-0.153492657359426,0.019957992532582132
latitude,202407,2024,7,held_out,1006.39812,0.03319278932471546,-0.11789809568843256,0.15109088501314885
latitude,202408,2024,8,held_out,1006.39812,-0.03985119388964516,-0.07443613101896863,0.03458493712932406
latitude,202506,2025,6,held_out,1006.39812,-0.19936906385745,-0.2471651807705278,0.047796116913077606
latitude,202507,2025,7,held_out,1006.39812,-0.2418432859344123,-0.06299669012608493,-0.1788465958083275
latitude,202508,2025,8,held_out,1006.39812,-0.2369677030446468,-0.10060855037646343,-0.13635915266818427
latitude_longitude,199106,1991,6,held_out,1006.39812,0.15385180577863972,-0.0032637141306176335,0.15711551990925782
latitude_longitude,199107,1991,7,held_out,1006.39812,-0.14524664822944708,-0.2720805397036103,0.12683389147416277
latitude_longitude,199108,1991,8,held_out,1006.39812,0.11653002427512318,0.0813556402687418,0.0351743840063812
latitude_longitude,199206,1992,6,held_out,1006.39812,0.020472682818786607,-0.00845168595832621,0.0289243687771126
latitude_longitude,199207,1992,7,held_out,1006.39812,-0.12055378451978727,-0.17340889299588666,0.052855108476098596
latitude_longitude,199208,1992,8,held_out,1006.39812,0.03908249737344082,-0.1887183237301408,0.22780082110358266
latitude_longitude,199306,1993,6,held_out,1006.39812,-0.05808504744187029,-0.04723154214764347,-0.010853505294227196
latitude_longitude,199307,1993,7,held_out,1006.39812,0.053985759261183514,-0.053807520620347514,0.10779327988153088
latitude_longitude,199308,1993,8,held_out,1006.39812,-0.11202571518716278,-0.18656465912656192,0.07453894393939914
latitude_longitude,199406,1994,6,held_out,1006.39812,0.2686994292520683,0.12245250725033302,0.14624692200173522
latitude_longitude,199407,1994,7,held_out,1006.39812,-0.27590882086117374,-0.237433915739634,-0.03847490512154028
latitude_longitude,199408,1994,8,held_out,1006.39812,-0.04373903166627733,-0.16785537446142085,0.12411634279514308
latitude_longitude,199506,1995,6,held_out,1006.39812,0.10409659810034094,0.0866686503556668,0.017427947744673915
latitude_longitude,199507,1995,7,held_out,1006.39812,-0.20497315950842274,-0.2528051820087663,0.047832022500342436
latitude_longitude,199508,1995,8,held_out,1006.39812,-0.18773721617487113,-0.19856422181643535,0.010827005641563386
latitude_longitude,199606,1996,6,held_out,1006.39812,-0.0961437398608348,-0.13558783052240675,0.03944409066157084
latitude_longitude,199607,1996,7,held_out,1006.39812,-0.08732251151075028,-0.18398957151472206,0.09666706000397238
latitude_longitude,199608,1996,8,held_out,1006.39812,-0.19399506317744933,-0.23061096804732456,0.03661590486987485
latitude_longitude,199706,1997,6,held_out,1006.39812,-0.32917384624403034,-0.24730636819975746,-0.0818674780442733
latitude_longitude,199707,1997,7,held_out,1006.39812,-0.05614101966588017,-0.1015663473394878,0.04542532767360702
latitude_longitude,199708,1997,8,held_out,1006.39812,-0.14070539589450065,-0.12928484172353413,-0.011420554170967096
latitude_longitude,199806,1998,6,held_out,1006.39812,-0.2446662178064466,-0.23275882608807427,-0.011907391718371841
latitude_longitude,199807,1998,7,held_out,1006.39812,0.11437972283639714,-0.02003348890864925,0.1344132117450464
latitude_longitude,199808,1998,8,held_out,1006.39812,0.024087046134239825,-0.0031450121569328586,0.027232058291172017
latitude_longitude,199906,1999,6,held_out,1006.39812,-0.2958131376961754,-0.26827189893162373,-0.02754123876455267
latitude_longitude,199907,1999,7,held_out,1006.39812,-0.017660154644010835,-0.11630035115686352,0.0986401965128539
latitude_longitude,199908,1999,8,held_out,1006.39812,-0.3012395873565685,-0.24566935917473437,-0.055570228181833894
latitude_longitude,200006,2000,6,held_out,1006.39812,-0.07206117681676312,-0.1121221562558039,0.040060979439040384
latitude_longitude,200007,2000,7,held_out,1006.39812,-0.3741192573898097,-0.2773393438995156,-0.0967799134902946
latitude_longitude,200008,2000,8,held_out,1006.39812,-0.21089431449372828,-0.1961684184794822,-0.014725896014245675
latitude_longitude,200106,2001,6,held_out,1006.39812,-0.022369140203113477,-0.07756463188425812,0.05519549168114382
latitude_longitude,200107,2001,7,held_out,1006.39812,-0.05100625231866281,-0.07713927140999717,0.026133019091333757
latitude_longitude,200108,2001,8,held_out,1006.39812,-0.2900953071082243,-0.27391953926141743,-0.016175767846807697
latitude_longitude,200206,2002,6,held_out,1006.39812,-0.03920658451700283,-0.041105768574690116,0.0018991840576874283
latitude_longitude,200207,2002,7,held_out,1006.39812,0.3309126259797516,0.12431355929425386,0.20659906668549805
latitude_longitude,200208,2002,8,held_out,1006.39812,-0.2283586699626757,-0.24176446089598333,0.013405790933305892
latitude_longitude,200306,2003,6,held_out,1006.39812,-0.13430206369254494,-0.09478689410730555,-0.03951516958523977
latitude_longitude,200307,2003,7,held_out,1006.39812,-0.061022301503895496,-0.24578186058020352,0.18475955907630723
latitude_longitude,200308,2003,8,held_out,1006.39812,-0.01463147692969567,-0.15042928179102524,0.13579780486132992
latitude_longitude,200406,2004,6,held_out,1006.39812,0.15339714303275126,0.03621063743243079,0.11718650560032061
latitude_longitude,200407,2004,7,held_out,1006.39812,-0.20630289034065225,-0.22436133605595965,0.018058445715307014
latitude_longitude,200408,2004,8,held_out,1006.39812,-0.23965158705024553,-0.33903194815639226,0.099380361106146
latitude_longitude,200506,2005,6,held_out,1006.39812,-0.09253532858795413,-0.10536955441013324,0.01283422582217873
latitude_longitude,200507,2005,7,held_out,1006.39812,-0.23401741309091262,-0.1851985871573882,-0.04881882593352613
latitude_longitude,200508,2005,8,held_out,1006.39812,-0.10696583550494868,-0.2302447421115627,0.12327890660661318
latitude_longitude,200606,2006,6,held_out,1006.39812,0.007402036262702363,-0.09966857606089495,0.10707061232359749
latitude_longitude,200607,2006,7,held_out,1006.39812,-0.10596216271436244,-0.14217784495503788,0.03621568224067622
latitude_longitude,200608,2006,8,held_out,1006.39812,-0.31288462898884833,-0.23736409543165127,-0.07552053355719666
latitude_longitude,200706,2007,6,held_out,1006.39812,0.047485597551992734,-0.08968511889606638,0.1371707164480602
latitude_longitude,200707,2007,7,held_out,1006.39812,-0.1386693989158452,-0.1826627485211017,0.04399334960525613
latitude_longitude,200708,2007,8,held_out,1006.39812,-0.14208168112488262,-0.18305150183365412,0.04096982070877219
latitude_longitude,200806,2008,6,held_out,1006.39812,0.09790798956856445,0.03640716883850049,0.06150082073006366
latitude_longitude,200807,2008,7,held_out,1006.39812,-0.07465309983671019,-0.14167302254060443,0.06701992270389433
latitude_longitude,200808,2008,8,held_out,1006.39812,-0.2128997594065973,-0.23968229755538567,0.026782538148787855
latitude_longitude,200906,2009,6,held_out,1006.39812,-0.10153093367661975,-0.12533761354690504,0.02380667987028469
latitude_longitude,200907,2009,7,held_out,1006.39812,-0.1251236713982916,-0.2132145725642831,0.08809090116599136
latitude_longitude,200908,2009,8,held_out,1006.39812,-0.2069409697316811,-0.160556706153523,-0.046384263578158585
latitude_longitude,201006,2010,6,held_out,1006.39812,0.20858306578072844,0.13454573222024127,0.07403733356048692
latitude_longitude,201007,2010,7,held_out,1006.39812,-0.31485105201148655,-0.31960487189581166,0.004753819884324718
latitude_longitude,201008,2010,8,held_out,1006.39812,-0.18637278937547128,-0.23890330973762544,0.05253052036215407
latitude_longitude,201106,2011,6,held_out,1006.39812,-0.1465282488033398,-0.18603113092044538,0.03950288211710535
latitude_longitude,201107,2011,7,held_out,1006.39812,-0.08410873061082298,-0.12597906905785963,0.04187033844703528
latitude_longitude,201108,2011,8,held_out,1006.39812,-0.0964136599491421,-0.20303680494847431,0.10662314499933223
latitude_longitude,201206,2012,6,held_out,1006.39812,-0.37158751675354557,-0.3194582892635435,-0.052129227490002886
latitude_longitude,201207,2012,7,held_out,1006.39812,-0.30565705969920615,-0.22719489563113182,-0.078462164068074
latitude_longitude,201208,2012,8,held_out,1006.39812,-0.3756183097758371,-0.274816821525509,-0.10080148825032768
latitude_longitude,201306,2013,6,held_out,1006.39812,0.130927323853842,0.012081164472464972,0.11884615938137821
latitude_longitude,201307,2013,7,held_out,1006.39812,-0.09623802255813418,-0.1158631585203397,0.019625135962206147
latitude_longitude,201308,2013,8,held_out,1006.39812,-0.26937773383803826,-0.2339812428157068,-0.03539649102233156
latitude_longitude,201406,2014,6,held_out,1006.39812,-0.014222084641237719,-0.019548148287825032,0.0053260636465873815
latitude_longitude,201407,2014,7,held_out,1006.39812,-0.061935464376412855,-0.16924801830269004,0.10731255392627671
latitude_longitude,201408,2014,8,held_out,1006.39812,0.08151509162057345,-0.03558984254950323,0.1171049341700754
latitude_longitude,201506,2015,6,development,1006.39812,-0.28563591303688185,-0.2772064137332825,-0.008429499303600419
latitude_longitude,201507,2015,7,development,1006.39812,-0.23038028358124285,-0.20986544332745707,-0.020514840253786186
latitude_longitude,201508,2015,8,development,1006.39812,-0.29692983083798175,-0.258275469096152,-0.038654361741830415
latitude_longitude,201606,2016,6,held_out,1006.39812,0.06395475674523118,-0.049001405961034736,0.11295616270626516
latitude_longitude,201607,2016,7,held_out,1006.39812,-0.13434740162713105,-0.1626248031052166,0.028277401478084895
latitude_longitude,201608,2016,8,held_out,1006.39812,0.17159168908540648,0.028354751315824784,0.1432369377695826
latitude_longitude,201706,2017,6,held_out,1006.39812,-0.14846079105799412,-0.1429653479418606,-0.005495443116135121
latitude_longitude,201707,2017,7,held_out,1006.39812,-0.20577688069147068,-0.22581267632379848,0.020035795632328383
latitude_longitude,201708,2017,8,held_out,1006.39812,0.07554647982485707,-0.017401760952895633,0.0929482407777518
latitude_longitude,201806,2018,6,held_out,1006.39812,-0.04031277823114666,-0.13146671714727456,0.09115393891612716
latitude_longitude,201807,2018,7,held_out,1006.39812,-0.30942649978102077,-0.2091227057810575,-0.10030379399996393
latitude_longitude,201808,2018,8,held_out,1006.39812,-0.23370969002900502,-0.20289467010207968,-0.030815019926925123
latitude_longitude,201906,2019,6,held_out,1006.39812,-0.11006101246945549,-0.07471824508087883,-0.03534276738857596
latitude_longitude,201907,2019,7,held_out,1006.39812,-0.11525958314768057,-0.13469024731771354,0.01943066417003329
latitude_longitude,201908,2019,8,held_out,1006.39812,-0.11318597032053052,-0.127768526926938,0.014582556606406989
latitude_longitude,202006,2020,6,held_out,1006.39812,-0.09270652797503007,-0.11207020116394166,0.01936367318891142
latitude_longitude,202007,2020,7,held_out,1006.39812,-0.15332561909477463,-0.15057434984608425,-0.002751269248691233
latitude_longitude,202008,2020,8,held_out,1006.39812,-0.04019189801877877,-0.11561956553225097,0.07542766751347181
latitude_longitude,202106,2021,6,held_out,1006.39812,-0.20612238055904894,-0.19721960988286574,-0.008902770676182739
latitude_longitude,202107,2021,7,held_out,1006.39812,-0.019831974121888286,-0.04676760507962799,0.0269356309577385
latitude_longitude,202108,2021,8,held_out,1006.39812,-0.0820167061350955,-0.11124940798594832,0.02923270185085253
latitude_longitude,202206,2022,6,development,1006.39812,-0.15401693364269112,-0.19834467874964082,0.04432774510694994
latitude_longitude,202207,2022,7,development,1006.39812,0.03329470791782768,-0.08395562529357323,0.11725033321140128
latitude_longitude,202208,2022,8,development,1006.39812,-0.3813039407936027,-0.2975319452059001,-0.08377199558770289
latitude_longitude,202306,2023,6,held_out,1006.39812,0.04124600478005804,0.04257100116117444,-0.0013249963811168242
latitude_longitude,202307,2023,7,held_out,1006.39812,-0.33410799370538957,-0.2694563226567388,-0.0646516710486514
latitude_longitude,202308,2023,8,held_out,1006.39812,-0.45312393338536433,-0.3432192340386373,-0.10990469934672842
latitude_longitude,202406,2024,6,held_out,1006.39812,-0.1335346648268443,-0.11497749079144406,-0.0185571740354002
latitude_longitude,202407,2024,7,held_out,1006.39812,0.03319278932471546,-0.08555460462008709,0.11874739394480163
latitude_longitude,202408,2024,8,held_out,1006.39812,-0.03985119388964516,-0.07788208272927619,0.03803088883963103
latitude_longitude,202506,2025,6,held_out,1006.39812,-0.19936906385745,-0.22076244577194856,0.021393381914497408
latitude_longitude,202507,2025,7,held_out,1006.39812,-0.2418432859344123,-0.12458544028068565,-0.11725784565372711
latitude_longitude,202508,2025,8,held_out,1006.39812,-0.2369677030446468,-0.19798029324233837,-0.0389874098023089
latitude_longitude_elevation,199106,1991,6,held_out,1006.39812,0.15385180577863972,0.06447131395116212,0.08938049182747682
latitude_longitude_elevation,199107,1991,7,held_out,1006.39812,-0.14524664822944708,-0.22438691275378864,0.07914026452434234
latitude_longitude_elevation,199108,1991,8,held_out,1006.39812,0.11653002427512318,0.11777173742563071,-0.0012417131505081849
latitude_longitude_elevation,199206,1992,6,held_out,1006.39812,0.020472682818786607,0.023752019439144702,-0.003279336620357773
latitude_longitude_elevation,199207,1992,7,held_out,1006.39812,-0.12055378451978727,-0.17069689886573777,0.05014311434595039
latitude_longitude_elevation,199208,1992,8,held_out,1006.39812,0.03908249737344082,-0.08031441760262353,0.1193969149760656
latitude_longitude_elevation,199306,1993,6,held_out,1006.39812,-0.05808504744187029,-0.06324490710255477,0.005159859660684372
latitude_longitude_elevation,199307,1993,7,held_out,1006.39812,0.053985759261183514,0.0321909651752521,0.021794794085930994
latitude_longitude_elevation,199308,1993,8,held_out,1006.39812,-0.11202571518716278,-0.11248594483112982,0.0004602296439665373
latitude_longitude_elevation,199406,1994,6,held_out,1006.39812,0.2686994292520683,0.242423644225944,0.026275785026123908
latitude_longitude_elevation,199407,1994,7,held_out,1006.39812,-0.27590882086117374,-0.2840324568364316,0.008123635975257839
latitude_longitude_elevation,199408,1994,8,held_out,1006.39812,-0.04373903166627733,-0.10375550891230371,0.06001647724602541
latitude_longitude_elevation,199506,1995,6,held_out,1006.39812,0.10409659810034094,0.09211671735889142,0.01197988074144888
latitude_longitude_elevation,199507,1995,7,held_out,1006.39812,-0.20497315950842274,-0.21391234519373112,0.008939185685308777
latitude_longitude_elevation,199508,1995,8,held_out,1006.39812,-0.18773721617487113,-0.1881772891105012,0.00044007293563013414
latitude_longitude_elevation,199606,1996,6,held_out,1006.39812,-0.0961437398608348,-0.12134281272353035,0.025199072862695446
latitude_longitude_elevation,199607,1996,7,held_out,1006.39812,-0.08732251151075028,-0.10007833134059559,0.012755819829845196
latitude_longitude_elevation,199608,1996,8,held_out,1006.39812,-0.19399506317744933,-0.1836214974139852,-0.010373565763464921
latitude_longitude_elevation,199706,1997,6,held_out,1006.39812,-0.32917384624403034,-0.31105294596348165,-0.018120900280547782
latitude_longitude_elevation,199707,1997,7,held_out,1006.39812,-0.05614101966588017,-0.05788992498410511,0.0017489053182248298
latitude_longitude_elevation,199708,1997,8,held_out,1006.39812,-0.14070539589450065,-0.12969935736837207,-0.011006038526128342
latitude_longitude_elevation,199806,1998,6,held_out,1006.39812,-0.2446662178064466,-0.2040691926560928,-0.04059702515035338
latitude_longitude_elevation,199807,1998,7,held_out,1006.39812,0.11437972283639714,0.032451118595482116,0.08192860424091587
latitude_longitude_elevation,199808,1998,8,held_out,1006.39812,0.024087046134239825,0.03931723679328519,-0.015230190659045668
latitude_longitude_elevation,199906,1999,6,held_out,1006.39812,-0.2958131376961754,-0.28834150059973007,-0.007471637096445477
latitude_longitude_elevation,199907,1999,7,held_out,1006.39812,-0.017660154644010835,0.009659667432963742,-0.027319822076974577
latitude_longitude_elevation,199908,1999,8,held_out,1006.39812,-0.3012395873565685,-0.227221463327645,-0.07401812402892276
latitude_longitude_elevation,200006,2000,6,held_out,1006.39812,-0.07206117681676312,-0.08407246661473607,0.012011289797973878
latitude_longitude_elevation,200007,2000,7,held_out,1006.39812,-0.3741192573898097,-0.3109427064436313,-0.06317655094617797
latitude_longitude_elevation,200008,2000,8,held_out,1006.39812,-0.21089431449372828,-0.20550548550359915,-0.00538882899012842
latitude_longitude_elevation,200106,2001,6,held_out,1006.39812,-0.022369140203113477,-0.01934071847806552,-0.003028421725048416
latitude_longitude_elevation,200107,2001,7,held_out,1006.39812,-0.05100625231866281,-0.06388578764757687,0.012879535328914114
latitude_longitude_elevation,200108,2001,8,held_out,1006.39812,-0.2900953071082243,-0.25134045813275496,-0.038754848975468596
latitude_longitude_elevation,200206,2002,6,held_out,1006.39812,-0.03920658451700283,-0.040381286408486414,0.0011747018914835797
latitude_longitude_elevation,200207,2002,7,held_out,1006.39812,0.3309126259797516,0.22017333284584467,0.11073929313390764
latitude_longitude_elevation,200208,2002,8,held_out,1006.39812,-0.2283586699626757,-0.22310524712885121,-0.005253422833824828
latitude_longitude_elevation,200306,2003,6,held_out,1006.39812,-0.13430206369254494,-0.10395028919256996,-0.030351774499975517
latitude_longitude_elevation,200307,2003,7,held_out,1006.39812,-0.061022301503895496,-0.12757570634594356,0.06655340484204773
latitude_longitude_elevation,200308,2003,8,held_out,1006.39812,-0.01463147692969567,-0.05276650106487892,0.03813502413518325
latitude_longitude_elevation,200406,2004,6,held_out,1006.39812,0.15339714303275126,0.12969359370125316,0.02370354933149763
latitude_longitude_elevation,200407,2004,7,held_out,1006.39812,-0.20630289034065225,-0.219140715314608,0.01283782497395596
latitude_longitude_elevation,200408,2004,8,held_out,1006.39812,-0.23965158705024553,-0.24469241592397123,0.005040828873726162
latitude_longitude_elevation,200506,2005,6,held_out,1006.39812,-0.09253532858795413,-0.12982833617688508,0.037293007588930754
latitude_longitude_elevation,200507,2005,7,held_out,1006.39812,-0.23401741309091262,-0.19323989321665874,-0.04077751987425392
latitude_longitude_elevation,200508,2005,8,held_out,1006.39812,-0.10696583550494868,-0.15647042461297864,0.04950458910802976
latitude_longitude_elevation,200606,2006,6,held_out,1006.39812,0.007402036262702363,-0.015501502308725275,0.022903538571427382
latitude_longitude_elevation,200607,2006,7,held_out,1006.39812,-0.10596216271436244,-0.13842379715785047,0.03246163444348927
latitude_longitude_elevation,200608,2006,8,held_out,1006.39812,-0.31288462898884833,-0.29498846249154576,-0.017896166497302513
latitude_longitude_elevation,200706,2007,6,held_out,1006.39812,0.047485597551992734,0.04514827726368003,0.00233732028831249
latitude_longitude_elevation,200707,2007,7,held_out,1006.39812,-0.1386693989158452,-0.13905225990354084,0.00038286098769623844
latitude_longitude_elevation,200708,2007,8,held_out,1006.39812,-0.14208168112488262,-0.10987684070890864,-0.03220484041597357
latitude_longitude_elevation,200806,2008,6,held_out,1006.39812,0.09790798956856445,0.09556926314567854,0.0023387264228859196
latitude_longitude_elevation,200807,2008,7,held_out,1006.39812,-0.07465309983671019,-0.09935730256914377,0.02470420273243354
latitude_longitude_elevation,200808,2008,8,held_out,1006.39812,-0.2128997594065973,-0.2275564343072311,0.014656674900634024
latitude_longitude_elevation,200906,2009,6,held_out,1006.39812,-0.10153093367661975,-0.1244236208426646,0.02289268716604553
latitude_longitude_elevation,200907,2009,7,held_out,1006.39812,-0.1251236713982916,-0.16449853848100746,0.03937486708271564
latitude_longitude_elevation,200908,2009,8,held_out,1006.39812,-0.2069409697316811,-0.20173489561493735,-0.005206074116743924
latitude_longitude_elevation,201006,2010,6,held_out,1006.39812,0.20858306578072844,0.20058986553526112,0.00799320024546672
latitude_longitude_elevation,201007,2010,7,held_out,1006.39812,-0.31485105201148655,-0.30472169766036544,-0.010129354351121098
latitude_longitude_elevation,201008,2010,8,held_out,1006.39812,-0.18637278937547128,-0.2535018660297231,0.06712907665425179
latitude_longitude_elevation,201106,2011,6,held_out,1006.39812,-0.1465282488033398,-0.14057821503485815,-0.005950033768482191
latitude_longitude_elevation,201107,2011,7,held_out,1006.39812,-0.08410873061082298,-0.07600822940516487,-0.008100501205657843
latitude_longitude_elevation,201108,2011,8,held_out,1006.39812,-0.0964136599491421,-0.09466943998540508,-0.0017442199637366079
latitude_longitude_elevation,201206,2012,6,held_out,1006.39812,-0.37158751675354557,-0.35459518302667914,-0.016992333726866468
latitude_longitude_elevation,201207,2012,7,held_out,1006.39812,-0.30565705969920615,-0.29304576238628066,-0.012611297312924603
latitude_longitude_elevation,201208,2012,8,held_out,1006.39812,-0.3756183097758371,-0.3074134785766692,-0.06820483119916743
latitude_longitude_elevation,201306,2013,6,held_out,1006.39812,0.130927323853842,0.07105547105192087,0.05987185280192181
latitude_longitude_elevation,201307,2013,7,held_out,1006.39812,-0.09623802255813418,-0.14003184651667258,0.04379382395853817
latitude_longitude_elevation,201308,2013,8,held_out,1006.39812,-0.26937773383803826,-0.2348192432352717,-0.03455849060276534
latitude_longitude_elevation,201406,2014,6,held_out,1006.39812,-0.014222084641237719,-0.01953467593049632,0.005312591289259062
latitude_longitude_elevation,201407,2014,7,held_out,1006.39812,-0.061935464376412855,-0.10195806330579366,0.040022598929380426
latitude_longitude_elevation,201408,2014,8,held_out,1006.39812,0.08151509162057345,0.006857186650767358,0.07465790496980516
latitude_longitude_elevation,201506,2015,6,development,1006.39812,-0.28563591303688185,-0.32342844332782195,0.03779253029093924
latitude_longitude_elevation,201507,2015,7,development,1006.39812,-0.23038028358124285,-0.24245687889803455,0.012076595316791961
latitude_longitude_elevation,201508,2015,8,development,1006.39812,-0.29692983083798175,-0.3072244583767385,0.01029462753875566
latitude_longitude_elevation,201606,2016,6,held_out,1006.39812,0.06395475674523118,0.028605752874831296,0.03534900387039823
latitude_longitude_elevation,201607,2016,7,held_out,1006.39812,-0.13434740162713105,-0.16091144151390577,0.026564039886774225
latitude_longitude_elevation,201608,2016,8,held_out,1006.39812,0.17159168908540648,0.08450659324082001,0.08708509584458575
latitude_longitude_elevation,201706,2017,6,held_out,1006.39812,-0.14846079105799412,-0.11675859345353172,-0.03170219760446204
latitude_longitude_elevation,201707,2017,7,held_out,1006.39812,-0.20577688069147068,-0.22759201791978145,0.021815137228311014
latitude_longitude_elevation,201708,2017,8,held_out,1006.39812,0.07554647982485707,0.043051066563406355,0.03249541326145069
latitude_longitude_elevation,201806,2018,6,held_out,1006.39812,-0.04031277823114666,-0.11712856870691199,0.07681579047576623
latitude_longitude_elevation,201807,2018,7,held_out,1006.39812,-0.30942649978102077,-0.2505727537592243,-0.058853746021796736
latitude_longitude_elevation,201808,2018,8,held_out,1006.39812,-0.23370969002900502,-0.19296541210367216,-0.04074427792533179
latitude_longitude_elevation,201906,2019,6,held_out,1006.39812,-0.11006101246945549,-0.09105635077177501,-0.019004661697679854
latitude_longitude_elevation,201907,2019,7,held_out,1006.39812,-0.11525958314768057,-0.15177286889710426,0.0365132857494251
latitude_longitude_elevation,201908,2019,8,held_out,1006.39812,-0.11318597032053052,-0.09580656895266106,-0.017379401367869474
latitude_longitude_elevation,202006,2020,6,held_out,1006.39812,-0.09270652797503007,-0.07833721745170802,-0.014369310523323374
latitude_longitude_elevation,202007,2020,7,held_out,1006.39812,-0.15332561909477463,-0.16051409721481488,0.007188478120040172
latitude_longitude_elevation,202008,2020,8,held_out,1006.39812,-0.04019189801877877,-0.10049960741111696,0.06030770939233786
latitude_longitude_elevation,202106,2021,6,held_out,1006.39812,-0.20612238055904894,-0.1759768691726855,-0.03014551138636292
latitude_longitude_elevation,202107,2021,7,held_out,1006.39812,-0.019831974121888286,-0.03868933355489967,0.01885735943301036
latitude_longitude_elevation,202108,2021,8,held_out,1006.39812,-0.0820167061350955,-0.09544671472123549,0.013430008586140699
latitude_longitude_elevation,202206,2022,6,development,1006.39812,-0.15401693364269112,-0.16086742360965645,0.006850489966966388
latitude_longitude_elevation,202207,2022,7,development,1006.39812,0.03329470791782768,-0.04187080542007583,0.07516551333790401
latitude_longitude_elevation,202208,2022,8,development,1006.39812,-0.3813039407936027,-0.2807181131574344,-0.10058582763616795
latitude_longitude_elevation,202306,2023,6,held_out,1006.39812,0.04124600478005804,0.06050736838499621,-0.019261363604938346
latitude_longitude_elevation,202307,2023,7,held_out,1006.39812,-0.33410799370538957,-0.2988912274206893,-0.03521676628469993
latitude_longitude_elevation,202308,2023,8,held_out,1006.39812,-0.45312393338536433,-0.42496202013956147,-0.028161913245802084
latitude_longitude_elevation,202406,2024,6,held_out,1006.39812,-0.1335346648268443,-0.09396296167647399,-0.039571703150369786
latitude_longitude_elevation,202407,2024,7,held_out,1006.39812,0.03319278932471546,-0.019590936603581556,0.05278372592829673
latitude_longitude_elevation,202408,2024,8,held_out,1006.39812,-0.03985119388964516,-0.08087755525626594,0.04102636136662056
latitude_longitude_elevation,202506,2025,6,held_out,1006.39812,-0.19936906385745,-0.1857994984172645,-0.013569565440186004
latitude_longitude_elevation,202507,2025,7,held_out,1006.39812,-0.2418432859344123,-0.19745810054726265,-0.044385185387150125
latitude_longitude_elevation,202508,2025,8,held_out,1006.39812,-0.2369677030446468,-0.2296184611655278,-0.007349241879119127
latitude,199106,1991,6,held_out,2012.796241,0.11614352097100315,-0.0527023252065846,0.1688458461775875
latitude,199107,1991,7,held_out,2012.796241,-0.1894675121166949,-0.202301599868947,0.012834087752252827
latitude,199108,1991,8,held_out,2012.796241,0.08762206695956268,-0.032743837068398465,0.1203659040279613
latitude,199206,1992,6,held_out,2012.796241,0.004542601040802801,-0.02919101519031534,0.03373361623111814
latitude,199207,1992,7,held_out,2012.796241,-0.1460954263826576,-0.1779931826300327,0.031897756247375585
latitude,199208,1992,8,held_out,2012.796241,-0.03275072401438484,-0.21011980892304927,0.17736908490866407
latitude,199306,1993,6,held_out,2012.796241,-0.07307386739430544,-0.05814790396600316,-0.01492596342830261
latitude,199307,1993,7,held_out,2012.796241,0.010798635090426015,-0.12342741423855778,0.1342260493289841
latitude,199308,1993,8,held_out,2012.796241,-0.13578329737249464,-0.14731417449937564,0.011530877126880286
latitude,199406,1994,6,held_out,2012.796241,0.20756840485829056,-0.06895130618151897,0.27651971103980916
latitude,199407,1994,7,held_out,2012.796241,-0.3021748513575992,-0.19045604997286236,-0.11171880138473618
latitude,199408,1994,8,held_out,2012.796241,-0.07434028432485247,-0.16845823353665812,0.09411794921180616
latitude,199506,1995,6,held_out,2012.796241,0.11338683126886068,0.059289459785000755,0.0540973714838598
latitude,199507,1995,7,held_out,2012.796241,-0.23950864502431957,-0.2155686280767482,-0.023940016947572137
latitude,199508,1995,8,held_out,2012.796241,-0.2113482579789958,-0.1552964385934883,-0.0560518193855072
latitude,199606,1996,6,held_out,2012.796241,-0.11402341277695201,-0.09467168466564707,-0.01935172811130502
latitude,199607,1996,7,held_out,2012.796241,-0.14575826741426315,-0.22854856201617457,0.08279029460191137
latitude,199608,1996,8,held_out,2012.796241,-0.24145057023163075,-0.2183687012873703,-0.02308186894426055
latitude,199706,1997,6,held_out,2012.796241,-0.3422938618255335,-0.22628837794191806,-0.11600548388361642
latitude,199707,1997,7,held_out,2012.796241,-0.0845936766249686,-0.13179846523581115,0.04720478861084381
latitude,199708,1997,8,held_out,2012.796241,-0.15614952020640585,-0.07263933476663978,-0.08351018543976697
latitude,199806,1998,6,held_out,2012.796241,-0.2787614379191619,-0.2900216365356812,0.011260198616519477
latitude,199807,1998,7,held_out,2012.796241,0.09660234977393187,-0.006767243856494376,0.10336959363042623
latitude,199808,1998,8,held_out,2012.796241,0.014323383272149024,-0.06313234722820145,0.07745573050035087
latitude,199906,1999,6,held_out,2012.796241,-0.3126345608318604,-0.23721174998120964,-0.07542281085065045
latitude,199907,1999,7,held_out,2012.796241,-0.04565395251585467,-0.1150631355393887,0.06940918302353498
latitude,199908,1999,8,held_out,2012.796241,-0.331986750221148,-0.23154862148637598,-0.10043812873477127
latitude,200006,2000,6,held_out,2012.796241,-0.09485842797608836,-0.1495027470418622,0.0546443190657739
latitude,200007,2000,7,held_out,2012.796241,-0.4055862627376456,-0.24537886371902107,-0.16020739901862424
latitude,200008,2000,8,held_out,2012.796241,-0.2416879894473536,-0.1936150859671398,-0.048072903480213175
latitude,200106,2001,6,held_out,2012.796241,-0.05575282516528501,-0.13768401942631106,0.08193119426102524
latitude,200107,2001,7,held_out,2012.796241,-0.05761039721055608,-0.06543300183718172,0.007822604626625916
latitude,200108,2001,8,held_out,2012.796241,-0.3291223796597621,-0.2633650971531462,-0.06575728250661637
latitude,200206,2002,6,held_out,2012.796241,-0.04609755203563502,-0.04409338339292557,-0.0020041686427094037
latitude,200207,2002,7,held_out,2012.796241,0.3164426160205749,0.08715578927325675,0.22928682674731762
latitude,200208,2002,8,held_out,2012.796241,-0.2607328850897213,-0.21975029798693702,-0.040982587102783574
latitude,200306,2003,6,held_out,2012.796241,-0.14447829328344,-0.10108629764800338,-0.04339199563543712
latitude,200307,2003,7,held_out,2012.796241,-0.12582655496269046,-0.31039200949332646,0.18456545453063686
latitude,200308,2003,8,held_out,2012.796241,-0.05234663927283902,-0.12717875575595367,0.07483211648311414
latitude,200406,2004,6,held_out,2012.796241,0.1350859545561057,0.03646471808910644,0.09862123646699976
latitude,200407,2004,7,held_out,2012.796241,-0.24907830875431922,-0.26825177037717074,0.019173461622851426
latitude,200408,2004,8,held_out,2012.796241,-0.30787250115729836,-0.3917393171818874,0.08386681602458941
latitude,200506,2005,6,held_out,2012.796241,-0.11390430685337646,-0.169754764260377,0.05585045740700001
latitude,200507,2005,7,held_out,2012.796241,-0.26148183239967304,-0.1659617769069227,-0.09552005549275
latitude,200508,2005,8,held_out,2012.796241,-0.16442405642666053,-0.28744378815022625,0.12301973172356553
latitude,200606,2006,6,held_out,2012.796241,-0.037852651671346375,-0.13007322462547968,0.09222057295413369
latitude,200607,2006,7,held_out,2012.796241,-0.11538012554691222,-0.0780157187591371,-0.03736440678777578
latitude,200608,2006,8,held_out,2012.796241,-0.33286972239255763,-0.2114321533826879,-0.12143756900986857
latitude,200706,2007,6,held_out,2012.796241,-0.01545101979528177,-0.1758746747917325,0.16042365499645023
latitude,200707,2007,7,held_out,2012.796241,-0.1822296477598386,-0.22841397997521012,0.0461843322153709
latitude,200708,2007,8,held_out,2012.796241,-0.19202747237151846,-0.22272869741033174,0.03070122503881306
latitude,200806,2008,6,held_out,2012.796241,0.07223927339453873,-0.04776604759622127,0.1200053209907594
latitude,200807,2008,7,held_out,2012.796241,-0.09102448953239846,-0.09724899874223036,0.0062245092098319145
latitude,200808,2008,8,held_out,2012.796241,-0.24253406894016555,-0.19943794713268287,-0.04309612180748302
latitude,200906,2009,6,held_out,2012.796241,-0.1139394517582323,-0.1200212839012101,0.006081832142977457
latitude,200907,2009,7,held_out,2012.796241,-0.16510212349662912,-0.18863687151095723,0.023534748014327592
latitude,200908,2009,8,held_out,2012.796241,-0.21643501036119903,-0.148530149907547,-0.0679048604536526
latitude,201006,2010,6,held_out,2012.796241,0.1725169785484158,0.06347823614323218,0.1090387424051848
latitude,201007,2010,7,held_out,2012.796241,-0.36682282466310695,-0.31359612050732205,-0.05322670415578496
latitude,201008,2010,8,held_out,2012.796241,-0.21491847272121,-0.21199412648526011,-0.0029243462359497658
latitude,201106,2011,6,held_out,2012.796241,-0.19211092974893315,-0.2440062725639187,0.05189534281498502
latitude,201107,2011,7,held_out,2012.796241,-0.11820907375959637,-0.13905992757287003,0.02085085381327407
latitude,201108,2011,8,held_out,2012.796241,-0.13228583047194917,-0.1587366089482036,0.026450778476255248
latitude,201206,2012,6,held_out,2012.796241,-0.38909252518672105,-0.29057767077385604,-0.0985148544128652
latitude,201207,2012,7,held_out,2012.796241,-0.3212546516661741,-0.22264959134934137,-0.0986050603168329
latitude,201208,2012,8,held_out,2012.796241,-0.3959712922320284,-0.242405149705219,-0.15356614252681006
latitude,201306,2013,6,held_out,2012.796241,0.10652592172372527,-0.006230464929095627,0.11275638665282152
latitude,201307,2013,7,held_out,2012.796241,-0.1070015086323177,-0.0840457979171032,-0.022955710715214964
latitude,201308,2013,8,held_out,2012.796241,-0.3088716917058554,-0.23659967533854984,-0.07227201636730585
latitude,201406,2014,6,held_out,2012.796241,-0.013478032264687112,0.01941568278036766,-0.0328937150450544
latitude,201407,2014,7,held_out,2012.796241,-0.10519238390254058,-0.21460573967387356,0.10941335577133228
latitude,201408,2014,8,held_out,2012.796241,0.07308549290344389,0.03392180271679221,0.03916369018665219
latitude,201506,2015,6,development,2012.796241,-0.3049932048269869,-0.23753380557287654,-0.06745939925411043
latitude,201507,2015,7,development,2012.796241,-0.2623973663957964,-0.2531146207750651,-0.009282745620731616
latitude,201508,2015,8,development,2012.796241,-0.3166217787642282,-0.21615079370366652,-0.10047098506056171
latitude,201606,2016,6,held_out,2012.796241,0.01949552952333827,-0.1310153043028534,0.15051083382619157
latitude,201607,2016,7,held_out,2012.796241,-0.15482884794820695,-0.15818854098286209,0.0033596930346554425
latitude,201608,2016,8,held_out,2012.796241,0.16299143634512034,-0.03673476038589923,0.19972619673101977
latitude,201706,2017,6,held_out,2012.796241,-0.1881671421102572,-0.2278165532731712,0.03964941116291398
latitude,201707,2017,7,held_out,2012.796241,-0.2385035477627892,-0.16776396332138957,-0.07073958444139967
latitude,201708,2017,8,held_out,2012.796241,0.05493161907113469,-0.02611471404710018,0.08104633311823528
latitude,201806,2018,6,held_out,2012.796241,-0.08143629780497115,-0.13812995933471578,0.05669366152974468
latitude,201807,2018,7,held_out,2012.796241,-0.3440282908386581,-0.2061627822021332,-0.13786550863652453
latitude,201808,2018,8,held_out,2012.796241,-0.2902533745368009,-0.29474322491944804,0.004489850382647847
latitude,201906,2019,6,held_out,2012.796241,-0.12207872852870869,-0.10522096586240814,-0.016857762666301408
latitude,201907,2019,7,held_out,2012.796241,-0.12691769798189054,-0.10748941529910301,-0.019428282682788775
latitude,201908,2019,8,held_out,2012.796241,-0.15520175748231776,-0.24638758986574258,0.09118583238342569
latitude,202006,2020,6,held_out,2012.796241,-0.10989628943557397,-0.11209123562807638,0.0021949461925027014
latitude,202007,2020,7,held_out,2012.796241,-0.17773663694693212,-0.18155755785119276,0.003820920904260644
latitude,202008,2020,8,held_out,2012.796241,-0.04444585452215296,-0.034903354618684886,-0.009542499903469264
latitude,202106,2021,6,held_out,2012.796241,-0.23392742478133022,-0.216514928066987,-0.017412496714343265
latitude,202107,2021,7,held_out,2012.796241,-0.0400335536049367,-0.08571672395542397,0.04568317035048731
latitude,202108,2021,8,held_out,2012.796241,-0.0974925779451079,-0.08278711222955897,-0.01470546571554922
latitude,202206,2022,6,development,2012.796241,-0.20017779338873357,-0.23576304685551605,0.03558525346678168
latitude,202207,2022,7,development,2012.796241,0.013872830954729574,-0.03675810845432158,0.05063093940905115
latitude,202208,2022,8,development,2012.796241,-0.44113909854603073,-0.3696537261217823,-0.07148537242424756
latitude,202306,2023,6,held_out,2012.796241,0.03880452964814803,-0.025658068283527406,0.0644625979316751
latitude,202307,2023,7,held_out,2012.796241,-0.3582384381278824,-0.23254811639346779,-0.1256903217344153
latitude,202308,2023,8,held_out,2012.796241,-0.4810612170171814,-0.3073198756036157,-0.17374134141356629
latitude,202406,2024,6,held_out,2012.796241,-0.15435469052545103,-0.17224240136300772,0.017887710837557354
latitude,202407,2024,7,held_out,2012.796241,-0.00957816355715182,-0.14199978692286278,0.13242162336571064
latitude,202408,2024,8,held_out,2012.796241,-0.05615426479711633,-0.08922866494054661,0.03307440014343089
latitude,202506,2025,6,held_out,2012.796241,-0.24065263392298597,-0.2839796314827035,0.04332699755971725
latitude,202507,2025,7,held_out,2012.796241,-0.24106193938771234,-0.07650670621582845,-0.1645552331718828
latitude,202508,2025,8,held_out,2012.796241,-0.25401659031774315,-0.1168403660383615,-0.13717622427938117
latitude_longitude,199106,1991,6,held_out,2012.796241,0.11614352097100315,-0.014022761111897932,0.13016628208290015
latitude_longitude,199107,1991,7,held_out,2012.796241,-0.1894675121166949,-0.29896066583548647,0.1094931537187924
latitude_longitude,199108,1991,8,held_out,2012.796241,0.08762206695956268,0.06121248238910367,0.026409584570459083
latitude_longitude,199206,1992,6,held_out,2012.796241,0.004542601040802801,-0.021509711274663775,0.026052312315466793
latitude_longitude,199207,1992,7,held_out,2012.796241,-0.1460954263826576,-0.19712768687346904,0.05103226049081172
latitude_longitude,199208,1992,8,held_out,2012.796241,-0.03275072401438484,-0.22232817986271314,0.18957745584832816
latitude_longitude,199306,1993,6,held_out,2012.796241,-0.07307386739430544,-0.06454713478276089,-0.008526732611543656
latitude_longitude,199307,1993,7,held_out,2012.796241,0.010798635090426015,-0.07802659411143519,0.08882522920186156
latitude_longitude,199308,1993,8,held_out,2012.796241,-0.13578329737249464,-0.1985361738469044,0.06275287647440922
latitude_longitude,199406,1994,6,held_out,2012.796241,0.20756840485829056,0.09387344511892771,0.11369495973936235
latitude_longitude,199407,1994,7,held_out,2012.796241,-0.3021748513575992,-0.2707189070349597,-0.0314559443226387
latitude_longitude,199408,1994,8,held_out,2012.796241,-0.07434028432485247,-0.1856338989816613,0.11129361465681005
latitude_longitude,199506,1995,6,held_out,2012.796241,0.11338683126886068,0.09482558911768847,0.018561242151171897
latitude_longitude,199507,1995,7,held_out,2012.796241,-0.23950864502431957,-0.2803443825614297,0.04083573753711094
latitude_longitude,199508,1995,8,held_out,2012.796241,-0.2113482579789958,-0.22132894578993573,0.00998068781094127
latitude_longitude,199606,1996,6,held_out,2012.796241,-0.11402341277695201,-0.14434901900390512,0.030325606226952524
latitude_longitude,199607,1996,7,held_out,2012.796241,-0.14575826741426315,-0.224032546449273,0.0782742790350089
latitude_longitude,199608,1996,8,held_out,2012.796241,-0.24145057023163075,-0.26672768305568256,0.025277112824052487
latitude_longitude,199706,1997,6,held_out,2012.796241,-0.3422938618255335,-0.2737738973940254,-0.06851996443150846
latitude_longitude,199707,1997,7,held_out,2012.796241,-0.0845936766249686,-0.12418473839427352,0.03959106176930706
latitude_longitude,199708,1997,8,held_out,2012.796241,-0.15614952020640585,-0.14375783071433743,-0.012391689492068366
latitude_longitude,199806,1998,6,held_out,2012.796241,-0.2787614379191619,-0.2676663542499779,-0.011095083669183202
latitude_longitude,199807,1998,7,held_out,2012.796241,0.09660234977393187,-0.020332931796454377,0.11693528157038685
latitude_longitude,199808,1998,8,held_out,2012.796241,0.014323383272149024,-0.012745747717556355,0.027069130989705103
latitude_longitude,199906,1999,6,held_out,2012.796241,-0.3126345608318604,-0.29420055647875026,-0.018434004353109885
latitude_longitude,199907,1999,7,held_out,2012.796241,-0.04565395251585467,-0.13608247354753622,0.09042852103168224
latitude_longitude,199908,1999,8,held_out,2012.796241,-0.331986750221148,-0.2810369915537521,-0.050949758667394394
latitude_longitude,200006,2000,6,held_out,2012.796241,-0.09485842797608836,-0.12834505460683127,0.03348662663074318
latitude_longitude,200007,2000,7,held_out,2012.796241,-0.4055862627376456,-0.32129419362432576,-0.08429206911331978
latitude_longitude,200008,2000,8,held_out,2012.796241,-0.2416879894473536,-0.22777470878683587,-0.013913280660517396
latitude_longitude,200106,2001,6,held_out,2012.796241,-0.05575282516528501,-0.10073780100331842,0.044984975838032445
latitude_longitude,200107,2001,7,held_out,2012.796241,-0.05761039721055608,-0.08341194231568438,0.025801545105128033
latitude_longitude,200108,2001,8,held_out,2012.796241,-0.3291223796597621,-0.3144236079905968,-0.014698771669164291
latitude_longitude,200206,2002,6,held_out,2012.796241,-0.04609755203563502,-0.04798981353243956,0.0018922614968046988
latitude_longitude,200207,2002,7,held_out,2012.796241,0.3164426160205749,0.13690783795616795,0.17953477806440785
latitude_longitude,200208,2002,8,held_out,2012.796241,-0.2607328850897213,-0.27775465314162623,0.0170217680519055
latitude_longitude,200306,2003,6,held_out,2012.796241,-0.14447829328344,-0.11197534761248701,-0.03250294567095391
latitude_longitude,200307,2003,7,held_out,2012.796241,-0.12582655496269046,-0.2902040610507834,0.16437750608809323
latitude_longitude,200308,2003,8,held_out,2012.796241,-0.05234663927283902,-0.16411961119267482,0.1117729719198359
latitude_longitude,200406,2004,6,held_out,2012.796241,0.1350859545561057,0.04078474099391541,0.09430121356219118
latitude_longitude,200407,2004,7,held_out,2012.796241,-0.24907830875431922,-0.2675914674054514,0.01851315865113268
latitude_longitude,200408,2004,8,held_out,2012.796241,-0.30787250115729836,-0.3895659939763787,0.08169349281908105
latitude_longitude,200506,2005,6,held_out,2012.796241,-0.11390430685337646,-0.13069305773124995,0.016788750877873446
latitude_longitude,200507,2005,7,held_out,2012.796241,-0.26148183239967304,-0.21799307915456503,-0.04348875324510678
latitude_longitude,200508,2005,8,held_out,2012.796241,-0.16442405642666053,-0.26994654619899566,0.10552248977233522
latitude_longitude,200606,2006,6,held_out,2012.796241,-0.037852651671346375,-0.11986159961304965,0.08200894794170398
latitude_longitude,200607,2006,7,held_out,2012.796241,-0.11538012554691222,-0.15261189381472326,0.03723176826781175
latitude_longitude,200608,2006,8,held_out,2012.796241,-0.33286972239255763,-0.27125622998011845,-0.0616134924124394
latitude_longitude,200706,2007,6,held_out,2012.796241,-0.01545101979528177,-0.11924241028895373,0.10379139049367225
latitude_longitude,200707,2007,7,held_out,2012.796241,-0.1822296477598386,-0.22071953462086732,0.03848988686102847
latitude_longitude,200708,2007,8,held_out,2012.796241,-0.19202747237151846,-0.22232079761261636,0.030293325241097572
latitude_longitude,200806,2008,6,held_out,2012.796241,0.07223927339453873,0.02252462112971449,0.04971465226482352
latitude_longitude,200807,2008,7,held_out,2012.796241,-0.09102448953239846,-0.14798789985949892,0.056963410327101074
latitude_longitude,200808,2008,8,held_out,2012.796241,-0.24253406894016555,-0.26689250431127043,0.02435843537110515
latitude_longitude,200906,2009,6,held_out,2012.796241,-0.1139394517582323,-0.1366549528809688,0.02271550112273673
latitude_longitude,200907,2009,7,held_out,2012.796241,-0.16510212349662912,-0.2367748801044178,0.0716727566077889
latitude_longitude,200908,2009,8,held_out,2012.796241,-0.21643501036119903,-0.17778093351149218,-0.03865407684970683
latitude_longitude,201006,2010,6,held_out,2012.796241,0.1725169785484158,0.1208678843999818,0.051649094148434806
latitude_longitude,201007,2010,7,held_out,2012.796241,-0.36682282466310695,-0.37034462894746517,0.003521804284358356
latitude_longitude,201008,2010,8,held_out,2012.796241,-0.21491847272121,-0.26291673696672324,0.04799826424551313
latitude_longitude,201106,2011,6,held_out,2012.796241,-0.19211092974893315,-0.22380226617860915,0.0316913364296765
latitude_longitude,201107,2011,7,held_out,2012.796241,-0.11820907375959637,-0.15075334704303994,0.032544273283443635
latitude_longitude,201108,2011,8,held_out,2012.796241,-0.13228583047194917,-0.22314441596882179,0.09085858549687327
latitude_longitude,201206,2012,6,held_out,2012.796241,-0.38909252518672105,-0.3453477655610174,-0.04374475962570394
latitude_longitude,201207,2012,7,held_out,2012.796241,-0.3212546516661741,-0.25997567394865506,-0.061278977717518585
latitude_longitude,201208,2012,8,held_out,2012.796241,-0.3959712922320284,-0.3097481389114521,-0.08622315332057624
latitude_longitude,201306,2013,6,held_out,2012.796241,0.10652592172372527,0.007708491726558958,0.09881742999716649
latitude_longitude,201307,2013,7,held_out,2012.796241,-0.1070015086323177,-0.1278602649280603,0.0208587562957415
latitude_longitude,201308,2013,8,held_out,2012.796241,-0.3088716917058554,-0.2763094195550533,-0.032562272150802284
latitude_longitude,201406,2014,6,held_out,2012.796241,-0.013478032264687112,-0.01715722864593931,0.00367919638125246
latitude_longitude,201407,2014,7,held_out,2012.796241,-0.10519238390254058,-0.1974278114820647,0.09223542757952385
latitude_longitude,201408,2014,8,held_out,2012.796241,0.07308549290344389,-0.024627446376611215,0.097712939280056
latitude_longitude,201506,2015,6,development,2012.796241,-0.3049932048269869,-0.29665593688481184,-0.008337267942175708
latitude_longitude,201507,2015,7,development,2012.796241,-0.2623973663957964,-0.24932546025456612,-0.013071906141230327
latitude_longitude,201508,2015,8,development,2012.796241,-0.3166217787642282,-0.2870284860690647,-0.02959329269516277
latitude_longitude,201606,2016,6,held_out,2012.796241,0.01949552952333827,-0.07249316213861165,0.09198869166195024
latitude_longitude,201607,2016,7,held_out,2012.796241,-0.15482884794820695,-0.1830812786906396,0.02825243074243319
latitude_longitude,201608,2016,8,held_out,2012.796241,0.16299143634512034,0.031372001256579,0.13161943508854176
latitude_longitude,201706,2017,6,held_out,2012.796241,-0.1881671421102572,-0.1804811147435952,-0.007686027366662034
latitude_longitude,201707,2017,7,held_out,2012.796241,-0.2385035477627892,-0.2554686700478018,0.016965122285012447
latitude_longitude,201708,2017,8,held_out,2012.796241,0.05493161907113469,-0.022924947417542498,0.07785656648867782
latitude_longitude,201806,2018,6,held_out,2012.796241,-0.08143629780497115,-0.15450479634786715,0.0730684985428957
latitude_longitude,201807,2018,7,held_out,2012.796241,-0.3440282908386581,-0.2529972210302395,-0.09103106980841827
latitude_longitude,201808,2018,8,held_out,2012.796241,-0.2902533745368009,-0.2642297019825265,-0.02602367255427412
latitude_longitude,201906,2019,6,held_out,2012.796241,-0.12207872852870869,-0.09221648552860004,-0.02986224300010916
latitude_longitude,201907,2019,7,held_out,2012.796241,-0.12691769798189054,-0.14845338247851017,0.021535684496617708
latitude_longitude,201908,2019,8,held_out,2012.796241,-0.15520175748231776,-0.1706710250324035,0.015469267550087706
latitude_longitude,202006,2020,6,held_out,2012.796241,-0.10989628943557397,-0.12275758372756565,0.012861294291991449
latitude_longitude,202007,2020,7,held_out,2012.796241,-0.17773663694693212,-0.17650913366224152,-0.001227503284690202
latitude_longitude,202008,2020,8,held_out,2012.796241,-0.04444585452215296,-0.11345467578543528,0.06900882126328135
latitude_longitude,202106,2021,6,held_out,2012.796241,-0.23392742478133022,-0.22780091636592198,-0.006126508415408617
latitude_longitude,202107,2021,7,held_out,2012.796241,-0.0400335536049367,-0.062482802732163265,0.022449249127227042
latitude_longitude,202108,2021,8,held_out,2012.796241,-0.0974925779451079,-0.11870232898588613,0.02120975104077827
latitude_longitude,202206,2022,6,development,2012.796241,-0.20017779338873357,-0.23464043755945863,0.03446264417072559
latitude_longitude,202207,2022,7,development,2012.796241,0.013872830954729574,-0.08881950913132962,0.1026923400860595
latitude_longitude,202208,2022,8,development,2012.796241,-0.44113909854603073,-0.3704240921656095,-0.07071500638042014
latitude_longitude,202306,2023,6,held_out,2012.796241,0.03880452964814803,0.03588454588866578,0.0029199837594827863
latitude_longitude,202307,2023,7,held_out,2012.796241,-0.3582384381278824,-0.3047840912264878,-0.05345434690139401
latitude_longitude,202308,2023,8,held_out,2012.796241,-0.4810612170171814,-0.38960866943326894,-0.09145254758391304
latitude_longitude,202406,2024,6,held_out,2012.796241,-0.15435469052545103,-0.13901632554631485,-0.015338364979135646
latitude_longitude,202407,2024,7,held_out,2012.796241,-0.00957816355715182,-0.10895184082403782,0.0993736772668864
latitude_longitude,202408,2024,8,held_out,2012.796241,-0.05615426479711633,-0.08785216463772152,0.03169789984060493
latitude_longitude,202506,2025,6,held_out,2012.796241,-0.24065263392298597,-0.2584886333912465,0.01783599946826023
latitude_longitude,202507,2025,7,held_out,2012.796241,-0.24106193938771234,-0.1381193611914061,-0.1029425781963051
latitude_longitude,202508,2025,8,held_out,2012.796241,-0.25401659031774315,-0.22230351517588903,-0.03171307514185459
latitude_longitude_elevation,199106,1991,6,held_out,2012.796241,0.11614352097100315,0.04053451173206029,0.07560900923894229
latitude_longitude_elevation,199107,1991,7,held_out,2012.796241,-0.1894675121166949,-0.26495552477965295,0.07548801266295814
latitude_longitude_elevation,199108,1991,8,held_out,2012.796241,0.08762206695956268,0.09209379808687028,-0.004471731127308275
latitude_longitude_elevation,199206,1992,6,held_out,2012.796241,0.004542601040802801,0.0037686053674502226,0.0007739956733522206
latitude_longitude_elevation,199207,1992,7,held_out,2012.796241,-0.1460954263826576,-0.19650668812169675,0.050411261739040036
latitude_longitude_elevation,199208,1992,8,held_out,2012.796241,-0.03275072401438484,-0.13879819902049736,0.10604747500611265
latitude_longitude_elevation,199306,1993,6,held_out,2012.796241,-0.07307386739430544,-0.07700824686115951,0.003934379466853559
latitude_longitude_elevation,199307,1993,7,held_out,2012.796241,0.010798635090426015,-0.010524582230646751,0.02132321732107343
latitude_longitude_elevation,199308,1993,8,held_out,2012.796241,-0.13578329737249464,-0.14208095631482764,0.006297658942333179
latitude_longitude_elevation,199406,1994,6,held_out,2012.796241,0.20756840485829056,0.1834725208701462,0.02409588398814421
latitude_longitude_elevation,199407,1994,7,held_out,2012.796241,-0.3021748513575992,-0.3115166397402271,0.009341788382628257
latitude_longitude_elevation,199408,1994,8,held_out,2012.796241,-0.07434028432485247,-0.13292264775764953,0.05858236343279806
latitude_longitude_elevation,199506,1995,6,held_out,2012.796241,0.11338683126886068,0.10111040488242957,0.01227642638643071
latitude_longitude_elevation,199507,1995,7,held_out,2012.796241,-0.23950864502431957,-0.24885934372182275,0.00935069869750382
latitude_longitude_elevation,199508,1995,8,held_out,2012.796241,-0.2113482579789958,-0.21381917223668853,0.0024709142576931254
latitude_longitude_elevation,199606,1996,6,held_out,2012.796241,-0.11402341277695201,-0.13818821641911624,0.024164803642164178
latitude_longitude_elevation,199607,1996,7,held_out,2012.796241,-0.14575826741426315,-0.1590404776247523,0.01328221021048891
latitude_longitude_elevation,199608,1996,8,held_out,2012.796241,-0.24145057023163075,-0.2304949394756552,-0.010955630755975339
latitude_longitude_elevation,199706,1997,6,held_out,2012.796241,-0.3422938618255335,-0.32686738495939216,-0.015426476866142238
latitude_longitude_elevation,199707,1997,7,held_out,2012.796241,-0.0845936766249686,-0.08691602542863038,0.0023223488036616708
latitude_longitude_elevation,199708,1997,8,held_out,2012.796241,-0.15614952020640585,-0.14722587368731177,-0.008923646519093711
latitude_longitude_elevation,199806,1998,6,held_out,2012.796241,-0.2787614379191619,-0.24834077291640652,-0.030420665002754043
latitude_longitude_elevation,199807,1998,7,held_out,2012.796241,0.09660234977393187,0.021446918787712283,0.07515543098622052
latitude_longitude_elevation,199808,1998,8,held_out,2012.796241,0.014323383272149024,0.026852895646478053,-0.012529512374329222
latitude_longitude_elevation,199906,1999,6,held_out,2012.796241,-0.3126345608318604,-0.3099027598730637,-0.002731800958795798
latitude_longitude_elevation,199907,1999,7,held_out,2012.796241,-0.04565395251585467,-0.03337182465233107,-0.012282127863523246
latitude_longitude_elevation,199908,1999,8,held_out,2012.796241,-0.331986750221148,-0.2683078791303974,-0.06367887109075057
latitude_longitude_elevation,200006,2000,6,held_out,2012.796241,-0.09485842797608836,-0.10665119444679295,0.011792766470705386
latitude_longitude_elevation,200007,2000,7,held_out,2012.796241,-0.4055862627376456,-0.3497164815992465,-0.05586978113839895
latitude_longitude_elevation,200008,2000,8,held_out,2012.796241,-0.2416879894473536,-0.23723520843170834,-0.004452781015643455
latitude_longitude_elevation,200106,2001,6,held_out,2012.796241,-0.05575282516528501,-0.05533386578630287,-0.0004189593789833389
latitude_longitude_elevation,200107,2001,7,held_out,2012.796241,-0.05761039721055608,-0.07569153026012783,0.018081133049572134
latitude_longitude_elevation,200108,2001,8,held_out,2012.796241,-0.3291223796597621,-0.2997448173414809,-0.02937756231828152
latitude_longitude_elevation,200206,2002,6,held_out,2012.796241,-0.04609755203563502,-0.0482040731027822,0.0021065210671465462
latitude_longitude_elevation,200207,2002,7,held_out,2012.796241,0.3164426160205749,0.2147965887205751,0.10164602730000108
latitude_longitude_elevation,200208,2002,8,held_out,2012.796241,-0.2607328850897213,-0.2653619699443348,0.004629084854614248
latitude_longitude_elevation,200306,2003,6,held_out,2012.796241,-0.14447829328344,-0.12176761916560931,-0.02271067411783075
latitude_longitude_elevation,200307,2003,7,held_out,2012.796241,-0.12582655496269046,-0.19627166195858184,0.07044510699589197
latitude_longitude_elevation,200308,2003,8,held_out,2012.796241,-0.05234663927283902,-0.08755573411442344,0.03520909484158512
latitude_longitude_elevation,200406,2004,6,held_out,2012.796241,0.1350859545561057,0.10988036900622584,0.025205585549879908
latitude_longitude_elevation,200407,2004,7,held_out,2012.796241,-0.24907830875431922,-0.2655154757753848,0.016437167021066783
latitude_longitude_elevation,200408,2004,8,held_out,2012.796241,-0.30787250115729836,-0.3183210669567333,0.010448565799435443
latitude_longitude_elevation,200506,2005,6,held_out,2012.796241,-0.11390430685337646,-0.14912156279120303,0.03521725593782637
latitude_longitude_elevation,200507,2005,7,held_out,2012.796241,-0.26148183239967304,-0.2257401082589473,-0.035741724140724934
latitude_longitude_elevation,200508,2005,8,held_out,2012.796241,-0.16442405642666053,-0.21168169542091797,0.04725763899425791
latitude_longitude_elevation,200606,2006,6,held_out,2012.796241,-0.037852651671346375,-0.059941702407023324,0.022089050735677306
latitude_longitude_elevation,200607,2006,7,held_out,2012.796241,-0.11538012554691222,-0.14834704523477768,0.03296691968786535
latitude_longitude_elevation,200608,2006,8,held_out,2012.796241,-0.33286972239255763,-0.3180449285914965,-0.014824793801060205
latitude_longitude_elevation,200706,2007,6,held_out,2012.796241,-0.01545101979528177,-0.019656709070358096,0.0042056892750763865
latitude_longitude_elevation,200707,2007,7,held_out,2012.796241,-0.1822296477598386,-0.186347056183574,0.004117408423735108
latitude_longitude_elevation,200708,2007,8,held_out,2012.796241,-0.19202747237151846,-0.16402598017919692,-0.028001492192321724
latitude_longitude_elevation,200806,2008,6,held_out,2012.796241,0.07223927339453873,0.06887313260932056,0.003366140785217743
latitude_longitude_elevation,200807,2008,7,held_out,2012.796241,-0.09102448953239846,-0.1159710143785014,0.024946524846103577
latitude_longitude_elevation,200808,2008,8,held_out,2012.796241,-0.24253406894016555,-0.2614744746057089,0.01894040566554336
latitude_longitude_elevation,200906,2009,6,held_out,2012.796241,-0.1139394517582323,-0.13654999323833208,0.02261054148010057
latitude_longitude_elevation,200907,2009,7,held_out,2012.796241,-0.16510212349662912,-0.20061257868240467,0.03551045518577578
latitude_longitude_elevation,200908,2009,8,held_out,2012.796241,-0.21643501036119903,-0.2137763324943328,-0.002658677866866323
latitude_longitude_elevation,201006,2010,6,held_out,2012.796241,0.1725169785484158,0.17094445928090052,0.0015725192675156191
latitude_longitude_elevation,201007,2010,7,held_out,2012.796241,-0.36682282466310695,-0.3615517001355862,-0.005271124527520571
latitude_longitude_elevation,201008,2010,8,held_out,2012.796241,-0.21491847272121,-0.2771011403614667,0.062182667640257316
latitude_longitude_elevation,201106,2011,6,held_out,2012.796241,-0.19211092974893315,-0.18867475727958136,-0.003436172469351759
latitude_longitude_elevation,201107,2011,7,held_out,2012.796241,-0.11820907375959637,-0.11377845285180088,-0.004430620907795382
latitude_longitude_elevation,201108,2011,8,held_out,2012.796241,-0.13228583047194917,-0.1368808864666903,0.004595055994742805
latitude_longitude_elevation,201206,2012,6,held_out,2012.796241,-0.38909252518672105,-0.37488847702464784,-0.014204048162073404
latitude_longitude_elevation,201207,2012,7,held_out,2012.796241,-0.3212546516661741,-0.31399147348065515,-0.007263178185519112
latitude_longitude_elevation,201208,2012,8,held_out,2012.796241,-0.3959712922320284,-0.3379555177237137,-0.05801577450831467
latitude_longitude_elevation,201306,2013,6,held_out,2012.796241,0.10652592172372527,0.05259269078350967,0.053933230940215814
latitude_longitude_elevation,201307,2013,7,held_out,2012.796241,-0.1070015086323177,-0.14842100089606733,0.04141949226374871
latitude_longitude_elevation,201308,2013,8,held_out,2012.796241,-0.3088716917058554,-0.276649349756623,-0.03222234194923201
latitude_longitude_elevation,201406,2014,6,held_out,2012.796241,-0.013478032264687112,-0.017467041348238052,0.003989009083551932
latitude_longitude_elevation,201407,2014,7,held_out,2012.796241,-0.10519238390254058,-0.1465293945841463,0.041337010681606015
latitude_longitude_elevation,201408,2014,8,held_out,2012.796241,0.07308549290344389,0.007480737103900242,0.06560475579954407
latitude_longitude_elevation,201506,2015,6,development,2012.796241,-0.3049932048269869,-0.3328227124536226,0.027829507626635466
latitude_longitude_elevation,201507,2015,7,development,2012.796241,-0.2623973663957964,-0.275611355214024,0.0132139888182278
latitude_longitude_elevation,201508,2015,8,development,2012.796241,-0.3166217787642282,-0.32660984591889486,0.009988067154667053
latitude_longitude_elevation,201606,2016,6,held_out,2012.796241,0.01949552952333827,-0.013842031033384238,0.03333756055672348
latitude_longitude_elevation,201607,2016,7,held_out,2012.796241,-0.15482884794820695,-0.17891626594284218,0.024087417994636696
latitude_longitude_elevation,201608,2016,8,held_out,2012.796241,0.16299143634512034,0.08157965032740074,0.08141178601772014
latitude_longitude_elevation,201706,2017,6,held_out,2012.796241,-0.1881671421102572,-0.1594984778774859,-0.02866866423277162
latitude_longitude_elevation,201707,2017,7,held_out,2012.796241,-0.2385035477627892,-0.258715465456874,0.02021191769408541
latitude_longitude_elevation,201708,2017,8,held_out,2012.796241,0.05493161907113469,0.026607383963179427,0.02832423510795614
latitude_longitude_elevation,201806,2018,6,held_out,2012.796241,-0.08143629780497115,-0.1475665952649268,0.06613029745995547
latitude_longitude_elevation,201807,2018,7,held_out,2012.796241,-0.3440282908386581,-0.2907252581937457,-0.053303032644912936
latitude_longitude_elevation,201808,2018,8,held_out,2012.796241,-0.2902533745368009,-0.25881690621563175,-0.03143646832116859
latitude_longitude_elevation,201906,2019,6,held_out,2012.796241,-0.12207872852870869,-0.10491704727936983,-0.01716168124933922
latitude_longitude_elevation,201907,2019,7,held_out,2012.796241,-0.12691769798189054,-0.16152547476236628,0.03460777678047438
latitude_longitude_elevation,201908,2019,8,held_out,2012.796241,-0.15520175748231776,-0.14345752024141575,-0.01174423724090114
latitude_longitude_elevation,202006,2020,6,held_out,2012.796241,-0.10989628943557397,-0.09865151510310496,-0.011244774332469629
latitude_longitude_elevation,202007,2020,7,held_out,2012.796241,-0.17773663694693212,-0.18312893391216975,0.005392296965238114
latitude_longitude_elevation,202008,2020,8,held_out,2012.796241,-0.04444585452215296,-0.10459916439910179,0.06015330987694858
latitude_longitude_elevation,202106,2021,6,held_out,2012.796241,-0.23392742478133022,-0.21421049844826603,-0.01971692633306422
latitude_longitude_elevation,202107,2021,7,held_out,2012.796241,-0.0400335536049367,-0.05721569582885147,0.017182142223915224
latitude_longitude_elevation,202108,2021,8,held_out,2012.796241,-0.0974925779451079,-0.10749890832798158,0.010006330382873779
latitude_longitude_elevation,202206,2022,6,development,2012.796241,-0.20017779338873357,-0.2059378325260053,0.005760039137271318
latitude_longitude_elevation,202207,2022,7,development,2012.796241,0.013872830954729574,-0.05567227638223266,0.0695451073369622
latitude_longitude_elevation,202208,2022,8,development,2012.796241,-0.44113909854603073,-0.35334467658978364,-0.08779442195624544
latitude_longitude_elevation,202306,2023,6,held_out,2012.796241,0.03880452964814803,0.05115100186508741,-0.01234647221693981
latitude_longitude_elevation,202307,2023,7,held_out,2012.796241,-0.3582384381278824,-0.3308640406205104,-0.0273743975073725
latitude_longitude_elevation,202308,2023,8,held_out,2012.796241,-0.4810612170171814,-0.4589567603897801,-0.022104456627400963
latitude_longitude_elevation,202406,2024,6,held_out,2012.796241,-0.15435469052545103,-0.12324326024827584,-0.031111430277174487
latitude_longitude_elevation,202407,2024,7,held_out,2012.796241,-0.00957816355715182,-0.05538613430243757,0.04580797074528627
latitude_longitude_elevation,202408,2024,8,held_out,2012.796241,-0.05615426479711633,-0.09336064876386711,0.037206383966751126
latitude_longitude_elevation,202506,2025,6,held_out,2012.796241,-0.24065263392298597,-0.23109378492569585,-0.009558848997290616
latitude_longitude_elevation,202507,2025,7,held_out,2012.796241,-0.24106193938771234,-0.200485403019361,-0.04057653636835055
latitude_longitude_elevation,202508,2025,8,held_out,2012.796241,-0.25401659031774315,-0.2510885742266542,-0.0029280160910893607
