record_id,date,year,month,regional_mean_wbt,peak_time,q25,q75,regime,quantile_type,ties_at_q25,ties_at_q75
199106,1991-06-01,1991,6,19.16171,1991-06-01 07:00:00,19.385024,20.717517,low,linear interpolation (R type 7),False,False
199106,1991-06-02,1991,6,18.487251,1991-06-02 06:00:00,19.385024,20.717517,low,linear interpolation (R type 7),False,False
199106,1991-06-03,1991,6,18.417107,1991-06-03 11:00:00,19.385024,20.717517,low,linear interpolation (R type 7),False,False
199106,1991-06-04,1991,6,18.9756,1991-06-04 10:00:00,19.385024,20.717517,low,linear interpolation (R type 7),False,False
199106,1991-06-05,1991,6,19.335573,1991-06-05 05:00:00,19.385024,20.717517,low,linear interpolation (R type 7),False,False
199106,1991-06-06,1991,6,19.692753,1991-06-06 06:00:00,19.385024,20.717517,middle,linear interpolation (R type 7),False,False
199106,1991-06-07,1991,6,20.215927,1991-06-07 07:00:00,19.385024,20.717517,middle,linear interpolation (R type 7),False,False
199106,1991-06-08,1991,6,20.727886,1991-06-08 06:00:00,19.385024,20.717517,high,linear interpolation (R type 7),False,False
199106,1991-06-09,1991,6,21.301174,1991-06-09 07:00:00,19.385024,20.717517,high,linear interpolation (R type 7),False,False
199106,1991-06-10,1991,6,21.258732,1991-06-10 07:00:00,19.385024,20.717517,high,linear interpolation (R type 7),False,False
199106,1991-06-11,1991,6,20.863379,1991-06-11 07:00:00,19.385024,20.717517,high,linear interpolation (R type 7),False,False
199106,1991-06-12,1991,6,20.552032,1991-06-12 07:00:00,19.385024,20.717517,middle,linear interpolation (R type 7),False,False
199106,1991-06-13,1991,6,20.68641,1991-06-13 10:00:00,19.385024,20.717517,middle,linear interpolation (R type 7),False,False
199106,1991-06-14,1991,6,21.06283,1991-06-14 07:00:00,19.385024,20.717517,high,linear interpolation (R type 7),False,False
199106,1991-06-15,1991,6,20.23663,1991-06-15 05:00:00,19.385024,20.717517,middle,linear interpolation (R type 7),False,False
199106,1991-06-16,1991,6,18.893044,1991-06-16 07:00:00,19.385024,20.717517,low,linear interpolation (R type 7),False,False
199106,1991-06-17,1991,6,19.242458,1991-06-17 10:00:00,19.385024,20.717517,low,linear interpolation (R type 7),False,False
199106,1991-06-18,1991,6,19.87367,1991-06-18 06:00:00,19.385024,20.717517,middle,linear interpolation (R type 7),False,False
199106,1991-06-19,1991,6,19.596638,1991-06-19 07:00:00,19.385024,20.717517,middle,linear interpolation (R type 7),False,False
199106,1991-06-20,1991,6,20.079924,1991-06-20 11:00:00,19.385024,20.717517,middle,linear interpolation (R type 7),False,False
199106,1991-06-21,1991,6,20.124609,1991-06-21 07:00:00,19.385024,20.717517,middle,linear interpolation (R type 7),False,False
199106,1991-06-22,1991,6,19.836643,1991-06-22 05:00:00,19.385024,20.717517,middle,linear interpolation (R type 7),False,False
199106,1991-06-23,1991,6,19.533377,1991-06-23 06:00:00,19.385024,20.717517,middle,linear interpolation (R type 7),False,False
199106,1991-06-24,1991,6,19.310827,1991-06-24 06:00:00,19.385024,20.717517,low,linear interpolation (R type 7),False,False
199106,1991-06-25,1991,6,19.689447,1991-06-25 06:00:00,19.385024,20.717517,middle,linear interpolation (R type 7),False,False
199106,1991-06-26,1991,6,20.645586,1991-06-26 07:00:00,19.385024,20.717517,middle,linear interpolation (R type 7),False,False
199106,1991-06-27,1991,6,21.90272,1991-06-27 07:00:00,19.385024,20.717517,high,linear interpolation (R type 7),False,False
199106,1991-06-28,1991,6,21.516521,1991-06-28 07:00:00,19.385024,20.717517,high,linear interpolation (R type 7),False,False
199106,1991-06-29,1991,6,21.06381,1991-06-29 06:00:00,19.385024,20.717517,high,linear interpolation (R type 7),False,False
199106,1991-06-30,1991,6,19.89402,1991-06-30 07:00:00,19.385024,20.717517,middle,linear interpolation (R type 7),False,False
199107,1991-07-01,1991,7,20.204441,1991-07-01 07:00:00,21.1030405,23.382824,low,linear interpolation (R type 7),False,False
199107,1991-07-02,1991,7,20.78988,1991-07-02 10:00:00,21.1030405,23.382824,low,linear interpolation (R type 7),False,False
199107,1991-07-03,1991,7,21.14945,1991-07-03 06:00:00,21.1030405,23.382824,middle,linear interpolation (R type 7),False,False
199107,1991-07-04,1991,7,21.677103,1991-07-04 07:00:00,21.1030405,23.382824,middle,linear interpolation (R type 7),False,False
199107,1991-07-05,1991,7,21.920668,1991-07-05 07:00:00,21.1030405,23.382824,middle,linear interpolation (R type 7),False,False
199107,1991-07-06,1991,7,21.30321,1991-07-06 06:00:00,21.1030405,23.382824,middle,linear interpolation (R type 7),False,False
199107,1991-07-07,1991,7,20.89968,1991-07-07 06:00:00,21.1030405,23.382824,low,linear interpolation (R type 7),False,False
199107,1991-07-08,1991,7,20.644564,1991-07-08 05:00:00,21.1030405,23.382824,low,linear interpolation (R type 7),False,False
199107,1991-07-09,1991,7,20.566656,1991-07-09 07:00:00,21.1030405,23.382824,low,linear interpolation (R type 7),False,False
199107,1991-07-10,1991,7,20.885088,1991-07-10 07:00:00,21.1030405,23.382824,low,linear interpolation (R type 7),False,False
199107,1991-07-11,1991,7,21.056631,1991-07-11 07:00:00,21.1030405,23.382824,low,linear interpolation (R type 7),False,False
199107,1991-07-12,1991,7,21.62811,1991-07-12 06:00:00,21.1030405,23.382824,middle,linear interpolation (R type 7),False,False
199107,1991-07-13,1991,7,22.366379,1991-07-13 07:00:00,21.1030405,23.382824,middle,linear interpolation (R type 7),False,False
199107,1991-07-14,1991,7,22.618923,1991-07-14 07:00:00,21.1030405,23.382824,middle,linear interpolation (R type 7),False,False
199107,1991-07-15,1991,7,22.910515,1991-07-15 07:00:00,21.1030405,23.382824,middle,linear interpolation (R type 7),False,False
199107,1991-07-16,1991,7,23.200193,1991-07-16 07:00:00,21.1030405,23.382824,middle,linear interpolation (R type 7),False,False
199107,1991-07-17,1991,7,23.502787,1991-07-17 07:00:00,21.1030405,23.382824,high,linear interpolation (R type 7),False,False
199107,1991-07-18,1991,7,23.368992,1991-07-18 06:00:00,21.1030405,23.382824,middle,linear interpolation (R type 7),False,False
199107,1991-07-19,1991,7,23.795086,1991-07-19 07:00:00,21.1030405,23.382824,high,linear interpolation (R type 7),False,False
199107,1991-07-20,1991,7,24.07982,1991-07-20 05:00:00,21.1030405,23.382824,high,linear interpolation (R type 7),False,False
199107,1991-07-21,1991,7,23.124945,1991-07-21 06:00:00,21.1030405,23.382824,middle,linear interpolation (R type 7),False,False
199107,1991-07-22,1991,7,22.453136,1991-07-22 07:00:00,21.1030405,23.382824,middle,linear interpolation (R type 7),False,False
199107,1991-07-23,1991,7,23.396656,1991-07-23 10:00:00,21.1030405,23.382824,high,linear interpolation (R type 7),False,False
199107,1991-07-24,1991,7,23.532122,1991-07-24 06:00:00,21.1030405,23.382824,high,linear interpolation (R type 7),False,False
199107,1991-07-25,1991,7,23.45983,1991-07-25 11:00:00,21.1030405,23.382824,high,linear interpolation (R type 7),False,False
199107,1991-07-26,1991,7,23.42286,1991-07-26 07:00:00,21.1030405,23.382824,high,linear interpolation (R type 7),False,False
199107,1991-07-27,1991,7,23.650837,1991-07-27 07:00:00,21.1030405,23.382824,high,linear interpolation (R type 7),False,False
199107,1991-07-28,1991,7,22.533783,1991-07-28 06:00:00,21.1030405,23.382824,middle,linear interpolation (R type 7),False,False
199107,1991-07-29,1991,7,21.919151,1991-07-29 07:00:00,21.1030405,23.382824,middle,linear interpolation (R type 7),False,False
199107,1991-07-30,1991,7,21.240162,1991-07-30 05:00:00,21.1030405,23.382824,middle,linear interpolation (R type 7),False,False
199107,1991-07-31,1991,7,20.28262,1991-07-31 07:00:00,21.1030405,23.382824,low,linear interpolation (R type 7),False,False
199108,1991-08-01,1991,8,20.788946,1991-08-01 07:00:00,21.278283000000002,22.357937,low,linear interpolation (R type 7),False,False
199108,1991-08-02,1991,8,21.779016,1991-08-02 07:00:00,21.278283000000002,22.357937,middle,linear interpolation (R type 7),False,False
199108,1991-08-03,1991,8,22.504053,1991-08-03 07:00:00,21.278283000000002,22.357937,high,linear interpolation (R type 7),False,False
199108,1991-08-04,1991,8,22.526377,1991-08-04 07:00:00,21.278283000000002,22.357937,high,linear interpolation (R type 7),False,False
199108,1991-08-05,1991,8,22.435259,1991-08-05 07:00:00,21.278283000000002,22.357937,high,linear interpolation (R type 7),False,False
199108,1991-08-06,1991,8,22.369616,1991-08-06 07:00:00,21.278283000000002,22.357937,high,linear interpolation (R type 7),False,False
199108,1991-08-07,1991,8,22.189737,1991-08-07 07:00:00,21.278283000000002,22.357937,middle,linear interpolation (R type 7),False,False
199108,1991-08-08,1991,8,21.967443,1991-08-08 07:00:00,21.278283000000002,22.357937,middle,linear interpolation (R type 7),False,False
199108,1991-08-09,1991,8,22.288979,1991-08-09 07:00:00,21.278283000000002,22.357937,middle,linear interpolation (R type 7),False,False
199108,1991-08-10,1991,8,22.346258,1991-08-10 06:00:00,21.278283000000002,22.357937,middle,linear interpolation (R type 7),False,False
199108,1991-08-11,1991,8,22.091806,1991-08-11 06:00:00,21.278283000000002,22.357937,middle,linear interpolation (R type 7),False,False
199108,1991-08-12,1991,8,21.936499,1991-08-12 07:00:00,21.278283000000002,22.357937,middle,linear interpolation (R type 7),False,False
199108,1991-08-13,1991,8,22.218063,1991-08-13 07:00:00,21.278283000000002,22.357937,middle,linear interpolation (R type 7),False,False
199108,1991-08-14,1991,8,22.474155,1991-08-14 06:00:00,21.278283000000002,22.357937,high,linear interpolation (R type 7),False,False
199108,1991-08-15,1991,8,22.381872,1991-08-15 07:00:00,21.278283000000002,22.357937,high,linear interpolation (R type 7),False,False
199108,1991-08-16,1991,8,22.45774,1991-08-16 07:00:00,21.278283000000002,22.357937,high,linear interpolation (R type 7),False,False
199108,1991-08-17,1991,8,22.333706,1991-08-17 06:00:00,21.278283000000002,22.357937,middle,linear interpolation (R type 7),False,False
199108,1991-08-18,1991,8,22.290083,1991-08-18 06:00:00,21.278283000000002,22.357937,middle,linear interpolation (R type 7),False,False
199108,1991-08-19,1991,8,22.284554,1991-08-19 07:00:00,21.278283000000002,22.357937,middle,linear interpolation (R type 7),False,False
199108,1991-08-20,1991,8,22.421843,1991-08-20 06:00:00,21.278283000000002,22.357937,high,linear interpolation (R type 7),False,False
199108,1991-08-21,1991,8,22.317686,1991-08-21 06:00:00,21.278283000000002,22.357937,middle,linear interpolation (R type 7),False,False
199108,1991-08-22,1991,8,22.030806,1991-08-22 05:00:00,21.278283000000002,22.357937,middle,linear interpolation (R type 7),False,False
199108,1991-08-23,1991,8,21.350912,1991-08-23 07:00:00,21.278283000000002,22.357937,middle,linear interpolation (R type 7),False,False
199108,1991-08-24,1991,8,21.079185,1991-08-24 06:00:00,21.278283000000002,22.357937,low,linear interpolation (R type 7),False,False
199108,1991-08-25,1991,8,21.267668,1991-08-25 06:00:00,21.278283000000002,22.357937,low,linear interpolation (R type 7),False,False
199108,1991-08-26,1991,8,21.234856,1991-08-26 07:00:00,21.278283000000002,22.357937,low,linear interpolation (R type 7),False,False
199108,1991-08-27,1991,8,20.7226,1991-08-27 06:00:00,21.278283000000002,22.357937,low,linear interpolation (R type 7),False,False
199108,1991-08-28,1991,8,19.805506,1991-08-28 06:00:00,21.278283000000002,22.357937,low,linear interpolation (R type 7),False,False
199108,1991-08-29,1991,8,19.68841,1991-08-29 06:00:00,21.278283000000002,22.357937,low,linear interpolation (R type 7),False,False
199108,1991-08-30,1991,8,20.538845,1991-08-30 07:00:00,21.278283000000002,22.357937,low,linear interpolation (R type 7),False,False
199108,1991-08-31,1991,8,21.288898,1991-08-31 06:00:00,21.278283000000002,22.357937,middle,linear interpolation (R type 7),False,False
199206,1992-06-01,1992,6,19.886372,1992-06-01 07:00:00,18.76710975,19.506248,high,linear interpolation (R type 7),False,False
199206,1992-06-02,1992,6,19.525383,1992-06-02 07:00:00,18.76710975,19.506248,high,linear interpolation (R type 7),False,False
199206,1992-06-03,1992,6,19.32517,1992-06-03 07:00:00,18.76710975,19.506248,middle,linear interpolation (R type 7),False,False
199206,1992-06-04,1992,6,19.341606,1992-06-04 07:00:00,18.76710975,19.506248,middle,linear interpolation (R type 7),False,False
199206,1992-06-05,1992,6,18.218973,1992-06-05 07:00:00,18.76710975,19.506248,low,linear interpolation (R type 7),False,False
199206,1992-06-06,1992,6,17.116001,1992-06-06 05:00:00,18.76710975,19.506248,low,linear interpolation (R type 7),False,False
199206,1992-06-07,1992,6,15.407665,1992-06-07 07:00:00,18.76710975,19.506248,low,linear interpolation (R type 7),False,False
199206,1992-06-08,1992,6,17.158012,1992-06-08 11:00:00,18.76710975,19.506248,low,linear interpolation (R type 7),False,False
199206,1992-06-09,1992,6,18.040997,1992-06-09 06:00:00,18.76710975,19.506248,low,linear interpolation (R type 7),False,False
199206,1992-06-10,1992,6,18.879465,1992-06-10 06:00:00,18.76710975,19.506248,middle,linear interpolation (R type 7),False,False
199206,1992-06-11,1992,6,19.448843,1992-06-11 07:00:00,18.76710975,19.506248,middle,linear interpolation (R type 7),False,False
199206,1992-06-12,1992,6,19.564678,1992-06-12 06:00:00,18.76710975,19.506248,high,linear interpolation (R type 7),False,False
199206,1992-06-13,1992,6,19.899807,1992-06-13 06:00:00,18.76710975,19.506248,high,linear interpolation (R type 7),False,False
199206,1992-06-14,1992,6,19.94559,1992-06-14 06:00:00,18.76710975,19.506248,high,linear interpolation (R type 7),False,False
199206,1992-06-15,1992,6,19.88489,1992-06-15 07:00:00,18.76710975,19.506248,high,linear interpolation (R type 7),False,False
199206,1992-06-16,1992,6,19.347025,1992-06-16 06:00:00,18.76710975,19.506248,middle,linear interpolation (R type 7),False,False
199206,1992-06-17,1992,6,19.087307,1992-06-17 07:00:00,18.76710975,19.506248,middle,linear interpolation (R type 7),False,False
199206,1992-06-18,1992,6,19.028763,1992-06-18 06:00:00,18.76710975,19.506248,middle,linear interpolation (R type 7),False,False
199206,1992-06-19,1992,6,19.033066,1992-06-19 06:00:00,18.76710975,19.506248,middle,linear interpolation (R type 7),False,False
199206,1992-06-20,1992,6,18.632557,1992-06-20 07:00:00,18.76710975,19.506248,low,linear interpolation (R type 7),False,False
199206,1992-06-21,1992,6,18.752222,1992-06-21 06:00:00,18.76710975,19.506248,low,linear interpolation (R type 7),False,False
199206,1992-06-22,1992,6,19.14159,1992-06-22 06:00:00,18.76710975,19.506248,middle,linear interpolation (R type 7),False,False
199206,1992-06-23,1992,6,18.888687,1992-06-23 06:00:00,18.76710975,19.506248,middle,linear interpolation (R type 7),False,False
199206,1992-06-24,1992,6,18.93181,1992-06-24 06:00:00,18.76710975,19.506248,middle,linear interpolation (R type 7),False,False
199206,1992-06-25,1992,6,18.811773,1992-06-25 07:00:00,18.76710975,19.506248,middle,linear interpolation (R type 7),False,False
199206,1992-06-26,1992,6,18.512291,1992-06-26 07:00:00,18.76710975,19.506248,low,linear interpolation (R type 7),False,False
199206,1992-06-27,1992,6,18.858175,1992-06-27 07:00:00,18.76710975,19.506248,middle,linear interpolation (R type 7),False,False
199206,1992-06-28,1992,6,19.39647,1992-06-28 07:00:00,18.76710975,19.506248,middle,linear interpolation (R type 7),False,False
199206,1992-06-29,1992,6,19.59745,1992-06-29 07:00:00,18.76710975,19.506248,high,linear interpolation (R type 7),False,False
199206,1992-06-30,1992,6,19.803497,1992-06-30 07:00:00,18.76710975,19.506248,high,linear interpolation (R type 7),False,False
199207,1992-07-01,1992,7,20.119406,1992-07-01 06:00:00,20.557642,22.504975,low,linear interpolation (R type 7),False,False
199207,1992-07-02,1992,7,20.602324,1992-07-02 06:00:00,20.557642,22.504975,middle,linear interpolation (R type 7),False,False
199207,1992-07-03,1992,7,20.425606,1992-07-03 07:00:00,20.557642,22.504975,low,linear interpolation (R type 7),False,False
199207,1992-07-04,1992,7,20.51296,1992-07-04 07:00:00,20.557642,22.504975,low,linear interpolation (R type 7),False,False
199207,1992-07-05,1992,7,20.473701,1992-07-05 07:00:00,20.557642,22.504975,low,linear interpolation (R type 7),False,False
199207,1992-07-06,1992,7,20.192427,1992-07-06 07:00:00,20.557642,22.504975,low,linear interpolation (R type 7),False,False
199207,1992-07-07,1992,7,19.646734,1992-07-07 07:00:00,20.557642,22.504975,low,linear interpolation (R type 7),False,False
199207,1992-07-08,1992,7,19.770784,1992-07-08 07:00:00,20.557642,22.504975,low,linear interpolation (R type 7),False,False
199207,1992-07-09,1992,7,20.100212,1992-07-09 07:00:00,20.557642,22.504975,low,linear interpolation (R type 7),False,False
199207,1992-07-10,1992,7,20.7544,1992-07-10 06:00:00,20.557642,22.504975,middle,linear interpolation (R type 7),False,False
199207,1992-07-11,1992,7,21.066366,1992-07-11 06:00:00,20.557642,22.504975,middle,linear interpolation (R type 7),False,False
199207,1992-07-12,1992,7,21.334078,1992-07-12 07:00:00,20.557642,22.504975,middle,linear interpolation (R type 7),False,False
199207,1992-07-13,1992,7,21.14414,1992-07-13 07:00:00,20.557642,22.504975,middle,linear interpolation (R type 7),False,False
199207,1992-07-14,1992,7,21.422691,1992-07-14 08:00:00,20.557642,22.504975,middle,linear interpolation (R type 7),False,False
199207,1992-07-15,1992,7,21.61227,1992-07-15 07:00:00,20.557642,22.504975,middle,linear interpolation (R type 7),False,False
199207,1992-07-16,1992,7,21.442104,1992-07-16 06:00:00,20.557642,22.504975,middle,linear interpolation (R type 7),False,False
199207,1992-07-17,1992,7,21.505814,1992-07-17 10:00:00,20.557642,22.504975,middle,linear interpolation (R type 7),False,False
199207,1992-07-18,1992,7,22.19041,1992-07-18 06:00:00,20.557642,22.504975,middle,linear interpolation (R type 7),False,False
199207,1992-07-19,1992,7,22.816477,1992-07-19 07:00:00,20.557642,22.504975,high,linear interpolation (R type 7),False,False
199207,1992-07-20,1992,7,22.799786,1992-07-20 07:00:00,20.557642,22.504975,high,linear interpolation (R type 7),False,False
199207,1992-07-21,1992,7,22.373993,1992-07-21 06:00:00,20.557642,22.504975,middle,linear interpolation (R type 7),False,False
199207,1992-07-22,1992,7,22.693802,1992-07-22 10:00:00,20.557642,22.504975,high,linear interpolation (R type 7),False,False
199207,1992-07-23,1992,7,22.97032,1992-07-23 07:00:00,20.557642,22.504975,high,linear interpolation (R type 7),False,False
199207,1992-07-24,1992,7,22.803284,1992-07-24 07:00:00,20.557642,22.504975,high,linear interpolation (R type 7),False,False
199207,1992-07-25,1992,7,22.620565,1992-07-25 06:00:00,20.557642,22.504975,high,linear interpolation (R type 7),False,False
199207,1992-07-26,1992,7,22.168863,1992-07-26 07:00:00,20.557642,22.504975,middle,linear interpolation (R type 7),False,False
199207,1992-07-27,1992,7,22.412977,1992-07-27 07:00:00,20.557642,22.504975,middle,linear interpolation (R type 7),False,False
199207,1992-07-28,1992,7,22.304245,1992-07-28 07:00:00,20.557642,22.504975,middle,linear interpolation (R type 7),False,False
199207,1992-07-29,1992,7,22.185165,1992-07-29 07:00:00,20.557642,22.504975,middle,linear interpolation (R type 7),False,False
199207,1992-07-30,1992,7,22.596973,1992-07-30 10:00:00,20.557642,22.504975,high,linear interpolation (R type 7),False,False
199207,1992-07-31,1992,7,23.494232,1992-07-31 07:00:00,20.557642,22.504975,high,linear interpolation (R type 7),False,False
199208,1992-08-01,1992,8,23.972628,1992-08-01 07:00:00,20.3715285,23.090647,high,linear interpolation (R type 7),False,False
199208,1992-08-02,1992,8,23.467525,1992-08-02 07:00:00,20.3715285,23.090647,high,linear interpolation (R type 7),False,False
199208,1992-08-03,1992,8,23.191164,1992-08-03 07:00:00,20.3715285,23.090647,high,linear interpolation (R type 7),False,False
199208,1992-08-04,1992,8,23.260212,1992-08-04 07:00:00,20.3715285,23.090647,high,linear interpolation (R type 7),False,False
199208,1992-08-05,1992,8,23.183914,1992-08-05 07:00:00,20.3715285,23.090647,high,linear interpolation (R type 7),False,False
199208,1992-08-06,1992,8,23.043135,1992-08-06 06:00:00,20.3715285,23.090647,middle,linear interpolation (R type 7),False,False
199208,1992-08-07,1992,8,22.839636,1992-08-07 06:00:00,20.3715285,23.090647,middle,linear interpolation (R type 7),False,False
199208,1992-08-08,1992,8,22.58458,1992-08-08 07:00:00,20.3715285,23.090647,middle,linear interpolation (R type 7),False,False
199208,1992-08-09,1992,8,23.204493,1992-08-09 06:00:00,20.3715285,23.090647,high,linear interpolation (R type 7),False,False
199208,1992-08-10,1992,8,23.624521,1992-08-10 07:00:00,20.3715285,23.090647,high,linear interpolation (R type 7),False,False
199208,1992-08-11,1992,8,23.138159,1992-08-11 07:00:00,20.3715285,23.090647,high,linear interpolation (R type 7),False,False
199208,1992-08-12,1992,8,22.249338,1992-08-12 07:00:00,20.3715285,23.090647,middle,linear interpolation (R type 7),False,False
199208,1992-08-13,1992,8,21.230871,1992-08-13 07:00:00,20.3715285,23.090647,middle,linear interpolation (R type 7),False,False
199208,1992-08-14,1992,8,20.37553,1992-08-14 05:00:00,20.3715285,23.090647,middle,linear interpolation (R type 7),False,False
199208,1992-08-15,1992,8,19.799559,1992-08-15 07:00:00,20.3715285,23.090647,low,linear interpolation (R type 7),False,False
199208,1992-08-16,1992,8,19.990316,1992-08-16 07:00:00,20.3715285,23.090647,low,linear interpolation (R type 7),False,False
199208,1992-08-17,1992,8,20.110601,1992-08-17 07:00:00,20.3715285,23.090647,low,linear interpolation (R type 7),False,False
199208,1992-08-18,1992,8,20.355747,1992-08-18 07:00:00,20.3715285,23.090647,low,linear interpolation (R type 7),False,False
199208,1992-08-19,1992,8,20.582869,1992-08-19 07:00:00,20.3715285,23.090647,middle,linear interpolation (R type 7),False,False
199208,1992-08-20,1992,8,20.367527,1992-08-20 06:00:00,20.3715285,23.090647,low,linear interpolation (R type 7),False,False
199208,1992-08-21,1992,8,20.09868,1992-08-21 07:00:00,20.3715285,23.090647,low,linear interpolation (R type 7),False,False
199208,1992-08-22,1992,8,19.73234,1992-08-22 05:00:00,20.3715285,23.090647,low,linear interpolation (R type 7),False,False
199208,1992-08-23,1992,8,20.050983,1992-08-23 06:00:00,20.3715285,23.090647,low,linear interpolation (R type 7),False,False
199208,1992-08-24,1992,8,20.559845,1992-08-24 05:00:00,20.3715285,23.090647,middle,linear interpolation (R type 7),False,False
199208,1992-08-25,1992,8,20.96831,1992-08-25 05:00:00,20.3715285,23.090647,middle,linear interpolation (R type 7),False,False
199208,1992-08-26,1992,8,21.022114,1992-08-26 05:00:00,20.3715285,23.090647,middle,linear interpolation (R type 7),False,False
199208,1992-08-27,1992,8,21.695066,1992-08-27 06:00:00,20.3715285,23.090647,middle,linear interpolation (R type 7),False,False
199208,1992-08-28,1992,8,21.87738,1992-08-28 07:00:00,20.3715285,23.090647,middle,linear interpolation (R type 7),False,False
199208,1992-08-29,1992,8,21.767427,1992-08-29 06:00:00,20.3715285,23.090647,middle,linear interpolation (R type 7),False,False
199208,1992-08-30,1992,8,21.33972,1992-08-30 06:00:00,20.3715285,23.090647,middle,linear interpolation (R type 7),False,False
199208,1992-08-31,1992,8,20.764761,1992-08-31 06:00:00,20.3715285,23.090647,middle,linear interpolation (R type 7),False,False
199306,1993-06-01,1993,6,17.172777,1993-06-01 06:00:00,19.532538,20.6549385,low,linear interpolation (R type 7),False,False
199306,1993-06-02,1993,6,16.83244,1993-06-02 10:00:00,19.532538,20.6549385,low,linear interpolation (R type 7),False,False
199306,1993-06-03,1993,6,17.612667,1993-06-03 10:00:00,19.532538,20.6549385,low,linear interpolation (R type 7),False,False
199306,1993-06-04,1993,6,17.675863,1993-06-04 07:00:00,19.532538,20.6549385,low,linear interpolation (R type 7),False,False
199306,1993-06-05,1993,6,17.762718,1993-06-05 07:00:00,19.532538,20.6549385,low,linear interpolation (R type 7),False,False
199306,1993-06-06,1993,6,18.250816,1993-06-06 06:00:00,19.532538,20.6549385,low,linear interpolation (R type 7),False,False
199306,1993-06-07,1993,6,19.251263,1993-06-07 06:00:00,19.532538,20.6549385,low,linear interpolation (R type 7),False,False
199306,1993-06-08,1993,6,20.128633,1993-06-08 05:00:00,19.532538,20.6549385,middle,linear interpolation (R type 7),False,False
199306,1993-06-09,1993,6,20.552103,1993-06-09 06:00:00,19.532538,20.6549385,middle,linear interpolation (R type 7),False,False
199306,1993-06-10,1993,6,21.147131,1993-06-10 07:00:00,19.532538,20.6549385,high,linear interpolation (R type 7),False,False
199306,1993-06-11,1993,6,20.693506,1993-06-11 05:00:00,19.532538,20.6549385,high,linear interpolation (R type 7),False,False
199306,1993-06-12,1993,6,19.683167,1993-06-12 11:00:00,19.532538,20.6549385,middle,linear interpolation (R type 7),False,False
199306,1993-06-13,1993,6,20.436905,1993-06-13 07:00:00,19.532538,20.6549385,middle,linear interpolation (R type 7),False,False
199306,1993-06-14,1993,6,19.962414,1993-06-14 04:00:00,19.532538,20.6549385,middle,linear interpolation (R type 7),False,False
199306,1993-06-15,1993,6,20.505886,1993-06-15 10:00:00,19.532538,20.6549385,middle,linear interpolation (R type 7),False,False
199306,1993-06-16,1993,6,20.40562,1993-06-16 05:00:00,19.532538,20.6549385,middle,linear interpolation (R type 7),False,False
199306,1993-06-17,1993,6,19.989403,1993-06-17 07:00:00,19.532538,20.6549385,middle,linear interpolation (R type 7),False,False
199306,1993-06-18,1993,6,20.22478,1993-06-18 06:00:00,19.532538,20.6549385,middle,linear interpolation (R type 7),False,False
199306,1993-06-19,1993,6,20.689217,1993-06-19 10:00:00,19.532538,20.6549385,high,linear interpolation (R type 7),False,False
199306,1993-06-20,1993,6,21.149061,1993-06-20 08:00:00,19.532538,20.6549385,high,linear interpolation (R type 7),False,False
199306,1993-06-21,1993,6,20.741629,1993-06-21 07:00:00,19.532538,20.6549385,high,linear interpolation (R type 7),False,False
199306,1993-06-22,1993,6,19.664412,1993-06-22 07:00:00,19.532538,20.6549385,middle,linear interpolation (R type 7),False,False
199306,1993-06-23,1993,6,19.758148,1993-06-23 07:00:00,19.532538,20.6549385,middle,linear interpolation (R type 7),False,False
199306,1993-06-24,1993,6,19.708961,1993-06-24 06:00:00,19.532538,20.6549385,middle,linear interpolation (R type 7),False,False
199306,1993-06-25,1993,6,20.330637,1993-06-25 07:00:00,19.532538,20.6549385,middle,linear interpolation (R type 7),False,False
199306,1993-06-26,1993,6,21.100382,1993-06-26 07:00:00,19.532538,20.6549385,high,linear interpolation (R type 7),False,False
199306,1993-06-27,1993,6,21.819326,1993-06-27 07:00:00,19.532538,20.6549385,high,linear interpolation (R type 7),False,False
199306,1993-06-28,1993,6,20.827795,1993-06-28 06:00:00,19.532538,20.6549385,high,linear interpolation (R type 7),False,False
199306,1993-06-29,1993,6,20.056183,1993-06-29 06:00:00,19.532538,20.6549385,middle,linear interpolation (R type 7),False,False
199306,1993-06-30,1993,6,19.48858,1993-06-30 07:00:00,19.532538,20.6549385,low,linear interpolation (R type 7),False,False
199307,1993-07-01,1993,7,20.103579,1993-07-01 07:00:00,21.307341,22.3504065,low,linear interpolation (R type 7),False,False
199307,1993-07-02,1993,7,20.593637,1993-07-02 07:00:00,21.307341,22.3504065,low,linear interpolation (R type 7),False,False
199307,1993-07-03,1993,7,20.850306,1993-07-03 07:00:00,21.307341,22.3504065,low,linear interpolation (R type 7),False,False
199307,1993-07-04,1993,7,21.247442,1993-07-04 07:00:00,21.307341,22.3504065,low,linear interpolation (R type 7),False,False
199307,1993-07-05,1993,7,21.180882,1993-07-05 07:00:00,21.307341,22.3504065,low,linear interpolation (R type 7),False,False
199307,1993-07-06,1993,7,21.397266,1993-07-06 07:00:00,21.307341,22.3504065,middle,linear interpolation (R type 7),False,False
199307,1993-07-07,1993,7,21.03901,1993-07-07 07:00:00,21.307341,22.3504065,low,linear interpolation (R type 7),False,False
199307,1993-07-08,1993,7,21.471388,1993-07-08 07:00:00,21.307341,22.3504065,middle,linear interpolation (R type 7),False,False
199307,1993-07-09,1993,7,22.014942,1993-07-09 07:00:00,21.307341,22.3504065,middle,linear interpolation (R type 7),False,False
199307,1993-07-10,1993,7,22.361053,1993-07-10 06:00:00,21.307341,22.3504065,high,linear interpolation (R type 7),False,False
199307,1993-07-11,1993,7,22.61655,1993-07-11 10:00:00,21.307341,22.3504065,high,linear interpolation (R type 7),False,False
199307,1993-07-12,1993,7,22.405968,1993-07-12 07:00:00,21.307341,22.3504065,high,linear interpolation (R type 7),False,False
199307,1993-07-13,1993,7,21.90194,1993-07-13 07:00:00,21.307341,22.3504065,middle,linear interpolation (R type 7),False,False
199307,1993-07-14,1993,7,22.370106,1993-07-14 07:00:00,21.307341,22.3504065,high,linear interpolation (R type 7),False,False
199307,1993-07-15,1993,7,22.296812,1993-07-15 07:00:00,21.307341,22.3504065,middle,linear interpolation (R type 7),False,False
199307,1993-07-16,1993,7,22.367922,1993-07-16 07:00:00,21.307341,22.3504065,high,linear interpolation (R type 7),False,False
199307,1993-07-17,1993,7,22.446205,1993-07-17 07:00:00,21.307341,22.3504065,high,linear interpolation (R type 7),False,False
199307,1993-07-18,1993,7,22.143732,1993-07-18 07:00:00,21.307341,22.3504065,middle,linear interpolation (R type 7),False,False
199307,1993-07-19,1993,7,21.646599,1993-07-19 07:00:00,21.307341,22.3504065,middle,linear interpolation (R type 7),False,False
199307,1993-07-20,1993,7,21.597296,1993-07-20 07:00:00,21.307341,22.3504065,middle,linear interpolation (R type 7),False,False
199307,1993-07-21,1993,7,21.36724,1993-07-21 07:00:00,21.307341,22.3504065,middle,linear interpolation (R type 7),False,False
199307,1993-07-22,1993,7,20.842148,1993-07-22 07:00:00,21.307341,22.3504065,low,linear interpolation (R type 7),False,False
199307,1993-07-23,1993,7,21.09936,1993-07-23 06:00:00,21.307341,22.3504065,low,linear interpolation (R type 7),False,False
199307,1993-07-24,1993,7,21.45179,1993-07-24 07:00:00,21.307341,22.3504065,middle,linear interpolation (R type 7),False,False
199307,1993-07-25,1993,7,22.044098,1993-07-25 07:00:00,21.307341,22.3504065,middle,linear interpolation (R type 7),False,False
199307,1993-07-26,1993,7,22.241083,1993-07-26 07:00:00,21.307341,22.3504065,middle,linear interpolation (R type 7),False,False
199307,1993-07-27,1993,7,22.33976,1993-07-27 07:00:00,21.307341,22.3504065,middle,linear interpolation (R type 7),False,False
199307,1993-07-28,1993,7,22.138275,1993-07-28 07:00:00,21.307341,22.3504065,middle,linear interpolation (R type 7),False,False
199307,1993-07-29,1993,7,22.186745,1993-07-29 07:00:00,21.307341,22.3504065,middle,linear interpolation (R type 7),False,False
199307,1993-07-30,1993,7,22.495583,1993-07-30 07:00:00,21.307341,22.3504065,high,linear interpolation (R type 7),False,False
199307,1993-07-31,1993,7,22.811235,1993-07-31 07:00:00,21.307341,22.3504065,high,linear interpolation (R type 7),False,False
199308,1993-08-01,1993,8,22.81601,1993-08-01 07:00:00,20.3405435,21.615998,high,linear interpolation (R type 7),False,False
199308,1993-08-02,1993,8,23.27739,1993-08-02 07:00:00,20.3405435,21.615998,high,linear interpolation (R type 7),False,False
199308,1993-08-03,1993,8,23.7324,1993-08-03 07:00:00,20.3405435,21.615998,high,linear interpolation (R type 7),False,False
199308,1993-08-04,1993,8,23.446646,1993-08-04 07:00:00,20.3405435,21.615998,high,linear interpolation (R type 7),False,False
199308,1993-08-05,1993,8,22.939878,1993-08-05 07:00:00,20.3405435,21.615998,high,linear interpolation (R type 7),False,False
199308,1993-08-06,1993,8,22.387447,1993-08-06 07:00:00,20.3405435,21.615998,high,linear interpolation (R type 7),False,False
199308,1993-08-07,1993,8,21.825224,1993-08-07 07:00:00,20.3405435,21.615998,high,linear interpolation (R type 7),False,False
199308,1993-08-08,1993,8,21.604303,1993-08-08 06:00:00,20.3405435,21.615998,middle,linear interpolation (R type 7),False,False
199308,1993-08-09,1993,8,21.627693,1993-08-09 06:00:00,20.3405435,21.615998,high,linear interpolation (R type 7),False,False
199308,1993-08-10,1993,8,21.586914,1993-08-10 10:00:00,20.3405435,21.615998,middle,linear interpolation (R type 7),False,False
199308,1993-08-11,1993,8,21.326635,1993-08-11 06:00:00,20.3405435,21.615998,middle,linear interpolation (R type 7),False,False
199308,1993-08-12,1993,8,20.926296,1993-08-12 07:00:00,20.3405435,21.615998,middle,linear interpolation (R type 7),False,False
199308,1993-08-13,1993,8,21.070827,1993-08-13 07:00:00,20.3405435,21.615998,middle,linear interpolation (R type 7),False,False
199308,1993-08-14,1993,8,21.465265,1993-08-14 07:00:00,20.3405435,21.615998,middle,linear interpolation (R type 7),False,False
199308,1993-08-15,1993,8,21.040041,1993-08-15 06:00:00,20.3405435,21.615998,middle,linear interpolation (R type 7),False,False
199308,1993-08-16,1993,8,20.260817,1993-08-16 06:00:00,20.3405435,21.615998,low,linear interpolation (R type 7),False,False
199308,1993-08-17,1993,8,20.249607,1993-08-17 07:00:00,20.3405435,21.615998,low,linear interpolation (R type 7),False,False
199308,1993-08-18,1993,8,20.18949,1993-08-18 06:00:00,20.3405435,21.615998,low,linear interpolation (R type 7),False,False
199308,1993-08-19,1993,8,20.63345,1993-08-19 07:00:00,20.3405435,21.615998,middle,linear interpolation (R type 7),False,False
199308,1993-08-20,1993,8,20.594372,1993-08-20 06:00:00,20.3405435,21.615998,middle,linear interpolation (R type 7),False,False
199308,1993-08-21,1993,8,20.665972,1993-08-21 06:00:00,20.3405435,21.615998,middle,linear interpolation (R type 7),False,False
199308,1993-08-22,1993,8,21.513557,1993-08-22 08:00:00,20.3405435,21.615998,middle,linear interpolation (R type 7),False,False
199308,1993-08-23,1993,8,21.508345,1993-08-23 06:00:00,20.3405435,21.615998,middle,linear interpolation (R type 7),False,False
199308,1993-08-24,1993,8,21.037891,1993-08-24 10:00:00,20.3405435,21.615998,middle,linear interpolation (R type 7),False,False
199308,1993-08-25,1993,8,20.628546,1993-08-25 05:00:00,20.3405435,21.615998,middle,linear interpolation (R type 7),False,False
199308,1993-08-26,1993,8,20.42027,1993-08-26 06:00:00,20.3405435,21.615998,middle,linear interpolation (R type 7),False,False
199308,1993-08-27,1993,8,19.828926,1993-08-27 06:00:00,20.3405435,21.615998,low,linear interpolation (R type 7),False,False
199308,1993-08-28,1993,8,19.408287,1993-08-28 07:00:00,20.3405435,21.615998,low,linear interpolation (R type 7),False,False
199308,1993-08-29,1993,8,18.747374,1993-08-29 05:00:00,20.3405435,21.615998,low,linear interpolation (R type 7),False,False
199308,1993-08-30,1993,8,18.477747,1993-08-30 10:00:00,20.3405435,21.615998,low,linear interpolation (R type 7),False,False
199308,1993-08-31,1993,8,18.956108,1993-08-31 07:00:00,20.3405435,21.615998,low,linear interpolation (R type 7),False,False
199406,1994-06-01,1994,6,19.093369,1994-06-01 06:00:00,19.0523825,20.34522075,middle,linear interpolation (R type 7),False,False
199406,1994-06-02,1994,6,18.477543,1994-06-02 05:00:00,19.0523825,20.34522075,low,linear interpolation (R type 7),False,False
199406,1994-06-03,1994,6,17.890657,1994-06-03 10:00:00,19.0523825,20.34522075,low,linear interpolation (R type 7),False,False
199406,1994-06-04,1994,6,18.554155,1994-06-04 07:00:00,19.0523825,20.34522075,low,linear interpolation (R type 7),False,False
199406,1994-06-05,1994,6,19.143028,1994-06-05 06:00:00,19.0523825,20.34522075,middle,linear interpolation (R type 7),False,False
199406,1994-06-06,1994,6,19.316221,1994-06-06 07:00:00,19.0523825,20.34522075,middle,linear interpolation (R type 7),False,False
199406,1994-06-07,1994,6,18.953882,1994-06-07 06:00:00,19.0523825,20.34522075,low,linear interpolation (R type 7),False,False
199406,1994-06-08,1994,6,18.370268,1994-06-08 07:00:00,19.0523825,20.34522075,low,linear interpolation (R type 7),False,False
199406,1994-06-09,1994,6,18.319302,1994-06-09 07:00:00,19.0523825,20.34522075,low,linear interpolation (R type 7),False,False
199406,1994-06-10,1994,6,18.939217,1994-06-10 08:00:00,19.0523825,20.34522075,low,linear interpolation (R type 7),False,False
199406,1994-06-11,1994,6,19.937841,1994-06-11 06:00:00,19.0523825,20.34522075,middle,linear interpolation (R type 7),False,False
199406,1994-06-12,1994,6,20.285238,1994-06-12 07:00:00,19.0523825,20.34522075,middle,linear interpolation (R type 7),False,False
199406,1994-06-13,1994,6,20.343447,1994-06-13 06:00:00,19.0523825,20.34522075,middle,linear interpolation (R type 7),False,False
199406,1994-06-14,1994,6,20.169575,1994-06-14 07:00:00,19.0523825,20.34522075,middle,linear interpolation (R type 7),False,False
199406,1994-06-15,1994,6,19.97588,1994-06-15 07:00:00,19.0523825,20.34522075,middle,linear interpolation (R type 7),False,False
199406,1994-06-16,1994,6,19.5445,1994-06-16 07:00:00,19.0523825,20.34522075,middle,linear interpolation (R type 7),False,False
199406,1994-06-17,1994,6,19.050602,1994-06-17 05:00:00,19.0523825,20.34522075,low,linear interpolation (R type 7),False,False
199406,1994-06-18,1994,6,19.057724,1994-06-18 10:00:00,19.0523825,20.34522075,middle,linear interpolation (R type 7),False,False
199406,1994-06-19,1994,6,19.151197,1994-06-19 07:00:00,19.0523825,20.34522075,middle,linear interpolation (R type 7),False,False
199406,1994-06-20,1994,6,19.141209,1994-06-20 07:00:00,19.0523825,20.34522075,middle,linear interpolation (R type 7),False,False
199406,1994-06-21,1994,6,19.577217,1994-06-21 07:00:00,19.0523825,20.34522075,middle,linear interpolation (R type 7),False,False
199406,1994-06-22,1994,6,20.345812,1994-06-22 07:00:00,19.0523825,20.34522075,high,linear interpolation (R type 7),False,False
199406,1994-06-23,1994,6,21.233074,1994-06-23 07:00:00,19.0523825,20.34522075,high,linear interpolation (R type 7),False,False
199406,1994-06-24,1994,6,21.489313,1994-06-24 05:00:00,19.0523825,20.34522075,high,linear interpolation (R type 7),False,False
199406,1994-06-25,1994,6,20.24507,1994-06-25 07:00:00,19.0523825,20.34522075,middle,linear interpolation (R type 7),False,False
199406,1994-06-26,1994,6,21.266047,1994-06-26 08:00:00,19.0523825,20.34522075,high,linear interpolation (R type 7),False,False
199406,1994-06-27,1994,6,22.060791,1994-06-27 06:00:00,19.0523825,20.34522075,high,linear interpolation (R type 7),False,False
199406,1994-06-28,1994,6,22.828327,1994-06-28 07:00:00,19.0523825,20.34522075,high,linear interpolation (R type 7),False,False
199406,1994-06-29,1994,6,22.47183,1994-06-29 07:00:00,19.0523825,20.34522075,high,linear interpolation (R type 7),False,False
199406,1994-06-30,1994,6,21.689392,1994-06-30 07:00:00,19.0523825,20.34522075,high,linear interpolation (R type 7),False,False
199407,1994-07-01,1994,7,22.078209,1994-07-01 11:00:00,22.653092,23.275295,low,linear interpolation (R type 7),False,False
199407,1994-07-02,1994,7,22.889452,1994-07-02 11:00:00,22.653092,23.275295,middle,linear interpolation (R type 7),False,False
199407,1994-07-03,1994,7,22.89607,1994-07-03 07:00:00,22.653092,23.275295,middle,linear interpolation (R type 7),False,False
199407,1994-07-04,1994,7,22.664928,1994-07-04 06:00:00,22.653092,23.275295,middle,linear interpolation (R type 7),False,False
199407,1994-07-05,1994,7,23.041391,1994-07-05 07:00:00,22.653092,23.275295,middle,linear interpolation (R type 7),False,False
199407,1994-07-06,1994,7,23.289545,1994-07-06 07:00:00,22.653092,23.275295,high,linear interpolation (R type 7),False,False
199407,1994-07-07,1994,7,23.261045,1994-07-07 07:00:00,22.653092,23.275295,middle,linear interpolation (R type 7),False,False
199407,1994-07-08,1994,7,23.257555,1994-07-08 06:00:00,22.653092,23.275295,middle,linear interpolation (R type 7),False,False
199407,1994-07-09,1994,7,23.192593,1994-07-09 07:00:00,22.653092,23.275295,middle,linear interpolation (R type 7),False,False
199407,1994-07-10,1994,7,23.13516,1994-07-10 07:00:00,22.653092,23.275295,middle,linear interpolation (R type 7),False,False
199407,1994-07-11,1994,7,23.047709,1994-07-11 07:00:00,22.653092,23.275295,middle,linear interpolation (R type 7),False,False
199407,1994-07-12,1994,7,22.83122,1994-07-12 06:00:00,22.653092,23.275295,middle,linear interpolation (R type 7),False,False
199407,1994-07-13,1994,7,22.436459,1994-07-13 06:00:00,22.653092,23.275295,low,linear interpolation (R type 7),False,False
199407,1994-07-14,1994,7,22.652147,1994-07-14 07:00:00,22.653092,23.275295,low,linear interpolation (R type 7),False,False
199407,1994-07-15,1994,7,22.787796,1994-07-15 06:00:00,22.653092,23.275295,middle,linear interpolation (R type 7),False,False
199407,1994-07-16,1994,7,22.335794,1994-07-16 06:00:00,22.653092,23.275295,low,linear interpolation (R type 7),False,False
199407,1994-07-17,1994,7,22.279753,1994-07-17 07:00:00,22.653092,23.275295,low,linear interpolation (R type 7),False,False
199407,1994-07-18,1994,7,22.654037,1994-07-18 07:00:00,22.653092,23.275295,middle,linear interpolation (R type 7),False,False
199407,1994-07-19,1994,7,22.853249,1994-07-19 07:00:00,22.653092,23.275295,middle,linear interpolation (R type 7),False,False
199407,1994-07-20,1994,7,23.38914,1994-07-20 06:00:00,22.653092,23.275295,high,linear interpolation (R type 7),False,False
199407,1994-07-21,1994,7,23.853271,1994-07-21 06:00:00,22.653092,23.275295,high,linear interpolation (R type 7),False,False
199407,1994-07-22,1994,7,23.708874,1994-07-22 07:00:00,22.653092,23.275295,high,linear interpolation (R type 7),False,False
199407,1994-07-23,1994,7,23.799295,1994-07-23 07:00:00,22.653092,23.275295,high,linear interpolation (R type 7),False,False
199407,1994-07-24,1994,7,23.676195,1994-07-24 06:00:00,22.653092,23.275295,high,linear interpolation (R type 7),False,False
199407,1994-07-25,1994,7,23.784412,1994-07-25 07:00:00,22.653092,23.275295,high,linear interpolation (R type 7),False,False
199407,1994-07-26,1994,7,23.751524,1994-07-26 07:00:00,22.653092,23.275295,high,linear interpolation (R type 7),False,False
199407,1994-07-27,1994,7,23.146406,1994-07-27 06:00:00,22.653092,23.275295,middle,linear interpolation (R type 7),False,False
199407,1994-07-28,1994,7,22.54083,1994-07-28 07:00:00,22.653092,23.275295,low,linear interpolation (R type 7),False,False
199407,1994-07-29,1994,7,22.244398,1994-07-29 06:00:00,22.653092,23.275295,low,linear interpolation (R type 7),False,False
199407,1994-07-30,1994,7,22.539282,1994-07-30 07:00:00,22.653092,23.275295,low,linear interpolation (R type 7),False,False
199407,1994-07-31,1994,7,23.184725,1994-07-31 07:00:00,22.653092,23.275295,middle,linear interpolation (R type 7),False,False
199408,1994-08-01,1994,8,23.918139,1994-08-01 07:00:00,21.727784,22.959573499999998,high,linear interpolation (R type 7),False,False
199408,1994-08-02,1994,8,24.145569,1994-08-02 07:00:00,21.727784,22.959573499999998,high,linear interpolation (R type 7),False,False
199408,1994-08-03,1994,8,24.387556,1994-08-03 07:00:00,21.727784,22.959573499999998,high,linear interpolation (R type 7),False,False
199408,1994-08-04,1994,8,24.294865,1994-08-04 06:00:00,21.727784,22.959573499999998,high,linear interpolation (R type 7),False,False
199408,1994-08-05,1994,8,23.699362,1994-08-05 06:00:00,21.727784,22.959573499999998,high,linear interpolation (R type 7),False,False
199408,1994-08-06,1994,8,22.566822,1994-08-06 06:00:00,21.727784,22.959573499999998,middle,linear interpolation (R type 7),False,False
199408,1994-08-07,1994,8,22.09231,1994-08-07 06:00:00,21.727784,22.959573499999998,middle,linear interpolation (R type 7),False,False
199408,1994-08-08,1994,8,22.194834,1994-08-08 07:00:00,21.727784,22.959573499999998,middle,linear interpolation (R type 7),False,False
199408,1994-08-09,1994,8,22.758163,1994-08-09 07:00:00,21.727784,22.959573499999998,middle,linear interpolation (R type 7),False,False
199408,1994-08-10,1994,8,23.160984,1994-08-10 06:00:00,21.727784,22.959573499999998,high,linear interpolation (R type 7),False,False
199408,1994-08-11,1994,8,23.482462,1994-08-11 11:00:00,21.727784,22.959573499999998,high,linear interpolation (R type 7),False,False
199408,1994-08-12,1994,8,23.509905,1994-08-12 07:00:00,21.727784,22.959573499999998,high,linear interpolation (R type 7),False,False
199408,1994-08-13,1994,8,22.632704,1994-08-13 06:00:00,21.727784,22.959573499999998,middle,linear interpolation (R type 7),False,False
199408,1994-08-14,1994,8,21.769485,1994-08-14 07:00:00,21.727784,22.959573499999998,middle,linear interpolation (R type 7),False,False
199408,1994-08-15,1994,8,21.677387,1994-08-15 06:00:00,21.727784,22.959573499999998,low,linear interpolation (R type 7),False,False
199408,1994-08-16,1994,8,21.7183,1994-08-16 07:00:00,21.727784,22.959573499999998,low,linear interpolation (R type 7),False,False
199408,1994-08-17,1994,8,22.15764,1994-08-17 06:00:00,21.727784,22.959573499999998,middle,linear interpolation (R type 7),False,False
199408,1994-08-18,1994,8,22.173864,1994-08-18 06:00:00,21.727784,22.959573499999998,middle,linear interpolation (R type 7),False,False
199408,1994-08-19,1994,8,21.958767,1994-08-19 05:00:00,21.727784,22.959573499999998,middle,linear interpolation (R type 7),False,False
199408,1994-08-20,1994,8,21.467012,1994-08-20 07:00:00,21.727784,22.959573499999998,low,linear interpolation (R type 7),False,False
199408,1994-08-21,1994,8,21.448635,1994-08-21 06:00:00,21.727784,22.959573499999998,low,linear interpolation (R type 7),False,False
199408,1994-08-22,1994,8,21.424854,1994-08-22 07:00:00,21.727784,22.959573499999998,low,linear interpolation (R type 7),False,False
199408,1994-08-23,1994,8,21.454187,1994-08-23 07:00:00,21.727784,22.959573499999998,low,linear interpolation (R type 7),False,False
199408,1994-08-24,1994,8,21.357166,1994-08-24 07:00:00,21.727784,22.959573499999998,low,linear interpolation (R type 7),False,False
199408,1994-08-25,1994,8,21.973278,1994-08-25 06:00:00,21.727784,22.959573499999998,middle,linear interpolation (R type 7),False,False
199408,1994-08-26,1994,8,22.199554,1994-08-26 06:00:00,21.727784,22.959573499999998,middle,linear interpolation (R type 7),False,False
199408,1994-08-27,1994,8,21.96989,1994-08-27 06:00:00,21.727784,22.959573499999998,middle,linear interpolation (R type 7),False,False
199408,1994-08-28,1994,8,21.483475,1994-08-28 07:00:00,21.727784,22.959573499999998,low,linear interpolation (R type 7),False,False
199408,1994-08-29,1994,8,21.737268,1994-08-29 07:00:00,21.727784,22.959573499999998,middle,linear interpolation (R type 7),False,False
199408,1994-08-30,1994,8,22.23717,1994-08-30 07:00:00,21.727784,22.959573499999998,middle,linear interpolation (R type 7),False,False
199408,1994-08-31,1994,8,22.573132,1994-08-31 07:00:00,21.727784,22.959573499999998,middle,linear interpolation (R type 7),False,False
199506,1995-06-01,1995,6,20.259222,1995-06-01 06:00:00,19.14639875,20.17016575,high,linear interpolation (R type 7),False,False
199506,1995-06-02,1995,6,19.930975,1995-06-02 06:00:00,19.14639875,20.17016575,middle,linear interpolation (R type 7),False,False
199506,1995-06-03,1995,6,19.463648,1995-06-03 07:00:00,19.14639875,20.17016575,middle,linear interpolation (R type 7),False,False
199506,1995-06-04,1995,6,19.21721,1995-06-04 06:00:00,19.14639875,20.17016575,middle,linear interpolation (R type 7),False,False
199506,1995-06-05,1995,6,19.122795,1995-06-05 07:00:00,19.14639875,20.17016575,low,linear interpolation (R type 7),False,False
199506,1995-06-06,1995,6,18.286846,1995-06-06 06:00:00,19.14639875,20.17016575,low,linear interpolation (R type 7),False,False
199506,1995-06-07,1995,6,18.626427,1995-06-07 07:00:00,19.14639875,20.17016575,low,linear interpolation (R type 7),False,False
199506,1995-06-08,1995,6,18.743694,1995-06-08 07:00:00,19.14639875,20.17016575,low,linear interpolation (R type 7),False,False
199506,1995-06-09,1995,6,18.924263,1995-06-09 05:00:00,19.14639875,20.17016575,low,linear interpolation (R type 7),False,False
199506,1995-06-10,1995,6,18.85473,1995-06-10 05:00:00,19.14639875,20.17016575,low,linear interpolation (R type 7),False,False
199506,1995-06-11,1995,6,19.029879,1995-06-11 07:00:00,19.14639875,20.17016575,low,linear interpolation (R type 7),False,False
199506,1995-06-12,1995,6,19.274748,1995-06-12 07:00:00,19.14639875,20.17016575,middle,linear interpolation (R type 7),False,False
199506,1995-06-13,1995,6,19.30387,1995-06-13 08:00:00,19.14639875,20.17016575,middle,linear interpolation (R type 7),False,False
199506,1995-06-14,1995,6,19.50852,1995-06-14 07:00:00,19.14639875,20.17016575,middle,linear interpolation (R type 7),False,False
199506,1995-06-15,1995,6,19.515083,1995-06-15 07:00:00,19.14639875,20.17016575,middle,linear interpolation (R type 7),False,False
199506,1995-06-16,1995,6,19.309212,1995-06-16 07:00:00,19.14639875,20.17016575,middle,linear interpolation (R type 7),False,False
199506,1995-06-17,1995,6,18.767878,1995-06-17 06:00:00,19.14639875,20.17016575,low,linear interpolation (R type 7),False,False
199506,1995-06-18,1995,6,19.638685,1995-06-18 10:00:00,19.14639875,20.17016575,middle,linear interpolation (R type 7),False,False
199506,1995-06-19,1995,6,20.680387,1995-06-19 05:00:00,19.14639875,20.17016575,high,linear interpolation (R type 7),False,False
199506,1995-06-20,1995,6,21.128477,1995-06-20 07:00:00,19.14639875,20.17016575,high,linear interpolation (R type 7),False,False
199506,1995-06-21,1995,6,20.676746,1995-06-21 07:00:00,19.14639875,20.17016575,high,linear interpolation (R type 7),False,False
199506,1995-06-22,1995,6,20.215567,1995-06-22 07:00:00,19.14639875,20.17016575,high,linear interpolation (R type 7),False,False
199506,1995-06-23,1995,6,20.701326,1995-06-23 10:00:00,19.14639875,20.17016575,high,linear interpolation (R type 7),False,False
199506,1995-06-24,1995,6,20.499403,1995-06-24 07:00:00,19.14639875,20.17016575,high,linear interpolation (R type 7),False,False
199506,1995-06-25,1995,6,19.786448,1995-06-25 07:00:00,19.14639875,20.17016575,middle,linear interpolation (R type 7),False,False
199506,1995-06-26,1995,6,19.358671,1995-06-26 07:00:00,19.14639875,20.17016575,middle,linear interpolation (R type 7),False,False
199506,1995-06-27,1995,6,19.623854,1995-06-27 07:00:00,19.14639875,20.17016575,middle,linear interpolation (R type 7),False,False
199506,1995-06-28,1995,6,20.35413,1995-06-28 05:00:00,19.14639875,20.17016575,high,linear interpolation (R type 7),False,False
199506,1995-06-29,1995,6,20.033962,1995-06-29 07:00:00,19.14639875,20.17016575,middle,linear interpolation (R type 7),False,False
199506,1995-06-30,1995,6,19.937506,1995-06-30 06:00:00,19.14639875,20.17016575,middle,linear interpolation (R type 7),False,False
199507,1995-07-01,1995,7,19.804651,1995-07-01 06:00:00,21.6479155,22.918599999999998,low,linear interpolation (R type 7),False,False
199507,1995-07-02,1995,7,19.14353,1995-07-02 07:00:00,21.6479155,22.918599999999998,low,linear interpolation (R type 7),False,False
199507,1995-07-03,1995,7,19.644802,1995-07-03 10:00:00,21.6479155,22.918599999999998,low,linear interpolation (R type 7),False,False
199507,1995-07-04,1995,7,19.912687,1995-07-04 07:00:00,21.6479155,22.918599999999998,low,linear interpolation (R type 7),False,False
199507,1995-07-05,1995,7,20.135517,1995-07-05 06:00:00,21.6479155,22.918599999999998,low,linear interpolation (R type 7),False,False
199507,1995-07-06,1995,7,20.988295,1995-07-06 07:00:00,21.6479155,22.918599999999998,low,linear interpolation (R type 7),False,False
199507,1995-07-07,1995,7,21.249346,1995-07-07 06:00:00,21.6479155,22.918599999999998,low,linear interpolation (R type 7),False,False
199507,1995-07-08,1995,7,21.381025,1995-07-08 07:00:00,21.6479155,22.918599999999998,low,linear interpolation (R type 7),False,False
199507,1995-07-09,1995,7,22.13759,1995-07-09 08:00:00,21.6479155,22.918599999999998,middle,linear interpolation (R type 7),False,False
199507,1995-07-10,1995,7,22.683817,1995-07-10 08:00:00,21.6479155,22.918599999999998,middle,linear interpolation (R type 7),False,False
199507,1995-07-11,1995,7,22.875317,1995-07-11 07:00:00,21.6479155,22.918599999999998,middle,linear interpolation (R type 7),False,False
199507,1995-07-12,1995,7,23.334303,1995-07-12 07:00:00,21.6479155,22.918599999999998,high,linear interpolation (R type 7),False,False
199507,1995-07-13,1995,7,23.536358,1995-07-13 07:00:00,21.6479155,22.918599999999998,high,linear interpolation (R type 7),False,False
199507,1995-07-14,1995,7,23.083433,1995-07-14 07:00:00,21.6479155,22.918599999999998,high,linear interpolation (R type 7),False,False
199507,1995-07-15,1995,7,22.597437,1995-07-15 07:00:00,21.6479155,22.918599999999998,middle,linear interpolation (R type 7),False,False
199507,1995-07-16,1995,7,22.343184,1995-07-16 07:00:00,21.6479155,22.918599999999998,middle,linear interpolation (R type 7),False,False
199507,1995-07-17,1995,7,22.573502,1995-07-17 07:00:00,21.6479155,22.918599999999998,middle,linear interpolation (R type 7),False,False
199507,1995-07-18,1995,7,22.045761,1995-07-18 05:00:00,21.6479155,22.918599999999998,middle,linear interpolation (R type 7),False,False
199507,1995-07-19,1995,7,21.914806,1995-07-19 10:00:00,21.6479155,22.918599999999998,middle,linear interpolation (R type 7),False,False
199507,1995-07-20,1995,7,22.806255,1995-07-20 11:00:00,21.6479155,22.918599999999998,middle,linear interpolation (R type 7),False,False
199507,1995-07-21,1995,7,23.229025,1995-07-21 07:00:00,21.6479155,22.918599999999998,high,linear interpolation (R type 7),False,False
199507,1995-07-22,1995,7,22.651886,1995-07-22 06:00:00,21.6479155,22.918599999999998,middle,linear interpolation (R type 7),False,False
199507,1995-07-23,1995,7,22.454042,1995-07-23 06:00:00,21.6479155,22.918599999999998,middle,linear interpolation (R type 7),False,False
199507,1995-07-24,1995,7,22.299948,1995-07-24 06:00:00,21.6479155,22.918599999999998,middle,linear interpolation (R type 7),False,False
199507,1995-07-25,1995,7,22.197546,1995-07-25 06:00:00,21.6479155,22.918599999999998,middle,linear interpolation (R type 7),False,False
199507,1995-07-26,1995,7,22.710728,1995-07-26 07:00:00,21.6479155,22.918599999999998,middle,linear interpolation (R type 7),False,False
199507,1995-07-27,1995,7,23.551071,1995-07-27 07:00:00,21.6479155,22.918599999999998,high,linear interpolation (R type 7),False,False
199507,1995-07-28,1995,7,23.655981,1995-07-28 07:00:00,21.6479155,22.918599999999998,high,linear interpolation (R type 7),False,False
199507,1995-07-29,1995,7,22.88242,1995-07-29 06:00:00,21.6479155,22.918599999999998,middle,linear interpolation (R type 7),False,False
199507,1995-07-30,1995,7,22.971085,1995-07-30 11:00:00,21.6479155,22.918599999999998,high,linear interpolation (R type 7),False,False
199507,1995-07-31,1995,7,22.95478,1995-07-31 07:00:00,21.6479155,22.918599999999998,high,linear interpolation (R type 7),False,False
199508,1995-08-01,1995,8,23.01974,1995-08-01 07:00:00,21.3854245,22.50869,high,linear interpolation (R type 7),False,False
199508,1995-08-02,1995,8,22.600636,1995-08-02 07:00:00,21.3854245,22.50869,high,linear interpolation (R type 7),False,False
199508,1995-08-03,1995,8,22.376774,1995-08-03 07:00:00,21.3854245,22.50869,middle,linear interpolation (R type 7),False,False
199508,1995-08-04,1995,8,22.725069,1995-08-04 07:00:00,21.3854245,22.50869,high,linear interpolation (R type 7),False,False
199508,1995-08-05,1995,8,22.9478,1995-08-05 07:00:00,21.3854245,22.50869,high,linear interpolation (R type 7),False,False
199508,1995-08-06,1995,8,22.416744,1995-08-06 06:00:00,21.3854245,22.50869,middle,linear interpolation (R type 7),False,False
199508,1995-08-07,1995,8,22.339878,1995-08-07 07:00:00,21.3854245,22.50869,middle,linear interpolation (R type 7),False,False
199508,1995-08-08,1995,8,22.610588,1995-08-08 07:00:00,21.3854245,22.50869,high,linear interpolation (R type 7),False,False
199508,1995-08-09,1995,8,23.2774,1995-08-09 07:00:00,21.3854245,22.50869,high,linear interpolation (R type 7),False,False
199508,1995-08-10,1995,8,23.075895,1995-08-10 07:00:00,21.3854245,22.50869,high,linear interpolation (R type 7),False,False
199508,1995-08-11,1995,8,22.357058,1995-08-11 06:00:00,21.3854245,22.50869,middle,linear interpolation (R type 7),False,False
199508,1995-08-12,1995,8,21.502337,1995-08-12 07:00:00,21.3854245,22.50869,middle,linear interpolation (R type 7),False,False
199508,1995-08-13,1995,8,21.170341,1995-08-13 06:00:00,21.3854245,22.50869,low,linear interpolation (R type 7),False,False
199508,1995-08-14,1995,8,21.023333,1995-08-14 07:00:00,21.3854245,22.50869,low,linear interpolation (R type 7),False,False
199508,1995-08-15,1995,8,21.466936,1995-08-15 07:00:00,21.3854245,22.50869,middle,linear interpolation (R type 7),False,False
199508,1995-08-16,1995,8,21.4071,1995-08-16 06:00:00,21.3854245,22.50869,middle,linear interpolation (R type 7),False,False
199508,1995-08-17,1995,8,21.363749,1995-08-17 06:00:00,21.3854245,22.50869,low,linear interpolation (R type 7),False,False
199508,1995-08-18,1995,8,21.025131,1995-08-18 07:00:00,21.3854245,22.50869,low,linear interpolation (R type 7),False,False
199508,1995-08-19,1995,8,21.06617,1995-08-19 06:00:00,21.3854245,22.50869,low,linear interpolation (R type 7),False,False
199508,1995-08-20,1995,8,21.544802,1995-08-20 06:00:00,21.3854245,22.50869,middle,linear interpolation (R type 7),False,False
199508,1995-08-21,1995,8,21.978601,1995-08-21 06:00:00,21.3854245,22.50869,middle,linear interpolation (R type 7),False,False
199508,1995-08-22,1995,8,21.871622,1995-08-22 06:00:00,21.3854245,22.50869,middle,linear interpolation (R type 7),False,False
199508,1995-08-23,1995,8,21.822466,1995-08-23 06:00:00,21.3854245,22.50869,middle,linear interpolation (R type 7),False,False
199508,1995-08-24,1995,8,21.558992,1995-08-24 06:00:00,21.3854245,22.50869,middle,linear interpolation (R type 7),False,False
199508,1995-08-25,1995,8,21.108757,1995-08-25 07:00:00,21.3854245,22.50869,low,linear interpolation (R type 7),False,False
199508,1995-08-26,1995,8,21.003893,1995-08-26 06:00:00,21.3854245,22.50869,low,linear interpolation (R type 7),False,False
199508,1995-08-27,1995,8,21.098482,1995-08-27 07:00:00,21.3854245,22.50869,low,linear interpolation (R type 7),False,False
199508,1995-08-28,1995,8,21.845175,1995-08-28 07:00:00,21.3854245,22.50869,middle,linear interpolation (R type 7),False,False
199508,1995-08-29,1995,8,21.983576,1995-08-29 07:00:00,21.3854245,22.50869,middle,linear interpolation (R type 7),False,False
199508,1995-08-30,1995,8,22.208855,1995-08-30 10:00:00,21.3854245,22.50869,middle,linear interpolation (R type 7),False,False
199508,1995-08-31,1995,8,22.860867,1995-08-31 07:00:00,21.3854245,22.50869,high,linear interpolation (R type 7),False,False
199606,1996-06-01,1996,6,19.224998,1996-06-01 07:00:00,19.11593925,20.941232499999998,middle,linear interpolation (R type 7),False,False
199606,1996-06-02,1996,6,19.655573,1996-06-02 07:00:00,19.11593925,20.941232499999998,middle,linear interpolation (R type 7),False,False
199606,1996-06-03,1996,6,18.85771,1996-06-03 07:00:00,19.11593925,20.941232499999998,low,linear interpolation (R type 7),False,False
199606,1996-06-04,1996,6,18.82912,1996-06-04 06:00:00,19.11593925,20.941232499999998,low,linear interpolation (R type 7),False,False
199606,1996-06-05,1996,6,17.996922,1996-06-05 07:00:00,19.11593925,20.941232499999998,low,linear interpolation (R type 7),False,False
199606,1996-06-06,1996,6,18.148079,1996-06-06 07:00:00,19.11593925,20.941232499999998,low,linear interpolation (R type 7),False,False
199606,1996-06-07,1996,6,18.417068,1996-06-07 07:00:00,19.11593925,20.941232499999998,low,linear interpolation (R type 7),False,False
199606,1996-06-08,1996,6,19.108871,1996-06-08 07:00:00,19.11593925,20.941232499999998,low,linear interpolation (R type 7),False,False
199606,1996-06-09,1996,6,19.584843,1996-06-09 06:00:00,19.11593925,20.941232499999998,middle,linear interpolation (R type 7),False,False
199606,1996-06-10,1996,6,19.137144,1996-06-10 05:00:00,19.11593925,20.941232499999998,middle,linear interpolation (R type 7),False,False
199606,1996-06-11,1996,6,18.647758,1996-06-11 07:00:00,19.11593925,20.941232499999998,low,linear interpolation (R type 7),False,False
199606,1996-06-12,1996,6,19.728558,1996-06-12 06:00:00,19.11593925,20.941232499999998,middle,linear interpolation (R type 7),False,False
199606,1996-06-13,1996,6,20.160915,1996-06-13 06:00:00,19.11593925,20.941232499999998,middle,linear interpolation (R type 7),False,False
199606,1996-06-14,1996,6,20.969322,1996-06-14 05:00:00,19.11593925,20.941232499999998,high,linear interpolation (R type 7),False,False
199606,1996-06-15,1996,6,21.045866,1996-06-15 06:00:00,19.11593925,20.941232499999998,high,linear interpolation (R type 7),False,False
199606,1996-06-16,1996,6,21.248766,1996-06-16 07:00:00,19.11593925,20.941232499999998,high,linear interpolation (R type 7),False,False
199606,1996-06-17,1996,6,21.012066,1996-06-17 06:00:00,19.11593925,20.941232499999998,high,linear interpolation (R type 7),False,False
199606,1996-06-18,1996,6,21.333149,1996-06-18 07:00:00,19.11593925,20.941232499999998,high,linear interpolation (R type 7),False,False
199606,1996-06-19,1996,6,19.630102,1996-06-19 06:00:00,19.11593925,20.941232499999998,middle,linear interpolation (R type 7),False,False
199606,1996-06-20,1996,6,18.009995,1996-06-20 10:00:00,19.11593925,20.941232499999998,low,linear interpolation (R type 7),False,False
199606,1996-06-21,1996,6,19.322596,1996-06-21 11:00:00,19.11593925,20.941232499999998,middle,linear interpolation (R type 7),False,False
199606,1996-06-22,1996,6,19.731958,1996-06-22 10:00:00,19.11593925,20.941232499999998,middle,linear interpolation (R type 7),False,False
199606,1996-06-23,1996,6,19.391718,1996-06-23 07:00:00,19.11593925,20.941232499999998,middle,linear interpolation (R type 7),False,False
199606,1996-06-24,1996,6,19.141281,1996-06-24 07:00:00,19.11593925,20.941232499999998,middle,linear interpolation (R type 7),False,False
199606,1996-06-25,1996,6,19.923191,1996-06-25 07:00:00,19.11593925,20.941232499999998,middle,linear interpolation (R type 7),False,False
199606,1996-06-26,1996,6,21.037205,1996-06-26 06:00:00,19.11593925,20.941232499999998,high,linear interpolation (R type 7),False,False
199606,1996-06-27,1996,6,21.373268,1996-06-27 06:00:00,19.11593925,20.941232499999998,high,linear interpolation (R type 7),False,False
199606,1996-06-28,1996,6,21.161064,1996-06-28 06:00:00,19.11593925,20.941232499999998,high,linear interpolation (R type 7),False,False
199606,1996-06-29,1996,6,20.072777,1996-06-29 05:00:00,19.11593925,20.941232499999998,middle,linear interpolation (R type 7),False,False
199606,1996-06-30,1996,6,20.856964,1996-06-30 10:00:00,19.11593925,20.941232499999998,middle,linear interpolation (R type 7),False,False
199607,1996-07-01,1996,7,21.37877,1996-07-01 06:00:00,21.724991000000003,23.094580999999998,low,linear interpolation (R type 7),False,False
199607,1996-07-02,1996,7,21.718315,1996-07-02 07:00:00,21.724991000000003,23.094580999999998,low,linear interpolation (R type 7),False,False
199607,1996-07-03,1996,7,22.01921,1996-07-03 06:00:00,21.724991000000003,23.094580999999998,middle,linear interpolation (R type 7),False,False
199607,1996-07-04,1996,7,21.73316,1996-07-04 07:00:00,21.724991000000003,23.094580999999998,middle,linear interpolation (R type 7),False,False
199607,1996-07-05,1996,7,21.571623,1996-07-05 06:00:00,21.724991000000003,23.094580999999998,low,linear interpolation (R type 7),False,False
199607,1996-07-06,1996,7,22.005049,1996-07-06 07:00:00,21.724991000000003,23.094580999999998,middle,linear interpolation (R type 7),False,False
199607,1996-07-07,1996,7,22.125479,1996-07-07 07:00:00,21.724991000000003,23.094580999999998,middle,linear interpolation (R type 7),False,False
199607,1996-07-08,1996,7,21.956974,1996-07-08 07:00:00,21.724991000000003,23.094580999999998,middle,linear interpolation (R type 7),False,False
199607,1996-07-09,1996,7,21.386477,1996-07-09 07:00:00,21.724991000000003,23.094580999999998,low,linear interpolation (R type 7),False,False
199607,1996-07-10,1996,7,20.436121,1996-07-10 06:00:00,21.724991000000003,23.094580999999998,low,linear interpolation (R type 7),False,False
199607,1996-07-11,1996,7,20.10207,1996-07-11 06:00:00,21.724991000000003,23.094580999999998,low,linear interpolation (R type 7),False,False
199607,1996-07-12,1996,7,20.68444,1996-07-12 07:00:00,21.724991000000003,23.094580999999998,low,linear interpolation (R type 7),False,False
199607,1996-07-13,1996,7,21.656874,1996-07-13 07:00:00,21.724991000000003,23.094580999999998,low,linear interpolation (R type 7),False,False
199607,1996-07-14,1996,7,21.972786,1996-07-14 06:00:00,21.724991000000003,23.094580999999998,middle,linear interpolation (R type 7),False,False
199607,1996-07-15,1996,7,21.731667,1996-07-15 06:00:00,21.724991000000003,23.094580999999998,middle,linear interpolation (R type 7),False,False
199607,1996-07-16,1996,7,21.879887,1996-07-16 06:00:00,21.724991000000003,23.094580999999998,middle,linear interpolation (R type 7),False,False
199607,1996-07-17,1996,7,22.108719,1996-07-17 07:00:00,21.724991000000003,23.094580999999998,middle,linear interpolation (R type 7),False,False
199607,1996-07-18,1996,7,22.404882,1996-07-18 07:00:00,21.724991000000003,23.094580999999998,middle,linear interpolation (R type 7),False,False
199607,1996-07-19,1996,7,22.850246,1996-07-19 07:00:00,21.724991000000003,23.094580999999998,middle,linear interpolation (R type 7),False,False
199607,1996-07-20,1996,7,22.79664,1996-07-20 06:00:00,21.724991000000003,23.094580999999998,middle,linear interpolation (R type 7),False,False
199607,1996-07-21,1996,7,22.313622,1996-07-21 07:00:00,21.724991000000003,23.094580999999998,middle,linear interpolation (R type 7),False,False
199607,1996-07-22,1996,7,23.012358,1996-07-22 07:00:00,21.724991000000003,23.094580999999998,middle,linear interpolation (R type 7),False,False
199607,1996-07-23,1996,7,23.41867,1996-07-23 07:00:00,21.724991000000003,23.094580999999998,high,linear interpolation (R type 7),False,False
199607,1996-07-24,1996,7,23.176804,1996-07-24 07:00:00,21.724991000000003,23.094580999999998,high,linear interpolation (R type 7),False,False
199607,1996-07-25,1996,7,23.572254,1996-07-25 07:00:00,21.724991000000003,23.094580999999998,high,linear interpolation (R type 7),False,False
199607,1996-07-26,1996,7,23.92131,1996-07-26 07:00:00,21.724991000000003,23.094580999999998,high,linear interpolation (R type 7),False,False
199607,1996-07-27,1996,7,24.014416,1996-07-27 07:00:00,21.724991000000003,23.094580999999998,high,linear interpolation (R type 7),False,False
199607,1996-07-28,1996,7,23.43049,1996-07-28 06:00:00,21.724991000000003,23.094580999999998,high,linear interpolation (R type 7),False,False
199607,1996-07-29,1996,7,23.285759,1996-07-29 07:00:00,21.724991000000003,23.094580999999998,high,linear interpolation (R type 7),False,False
199607,1996-07-30,1996,7,22.886158,1996-07-30 06:00:00,21.724991000000003,23.094580999999998,middle,linear interpolation (R type 7),False,False
199607,1996-07-31,1996,7,23.212498,1996-07-31 07:00:00,21.724991000000003,23.094580999999998,high,linear interpolation (R type 7),False,False
199608,1996-08-01,1996,8,22.674217,1996-08-01 08:00:00,20.522222499999998,23.0611525,middle,linear interpolation (R type 7),False,False
199608,1996-08-02,1996,8,22.840929,1996-08-02 07:00:00,20.522222499999998,23.0611525,middle,linear interpolation (R type 7),False,False
199608,1996-08-03,1996,8,23.016335,1996-08-03 07:00:00,20.522222499999998,23.0611525,middle,linear interpolation (R type 7),False,False
199608,1996-08-04,1996,8,23.503067,1996-08-04 07:00:00,20.522222499999998,23.0611525,high,linear interpolation (R type 7),False,False
199608,1996-08-05,1996,8,23.775948,1996-08-05 07:00:00,20.522222499999998,23.0611525,high,linear interpolation (R type 7),False,False
199608,1996-08-06,1996,8,23.960527,1996-08-06 07:00:00,20.522222499999998,23.0611525,high,linear interpolation (R type 7),False,False
199608,1996-08-07,1996,8,23.772285,1996-08-07 06:00:00,20.522222499999998,23.0611525,high,linear interpolation (R type 7),False,False
199608,1996-08-08,1996,8,23.584198,1996-08-08 07:00:00,20.522222499999998,23.0611525,high,linear interpolation (R type 7),False,False
199608,1996-08-09,1996,8,23.670488,1996-08-09 07:00:00,20.522222499999998,23.0611525,high,linear interpolation (R type 7),False,False
199608,1996-08-10,1996,8,23.18919,1996-08-10 07:00:00,20.522222499999998,23.0611525,high,linear interpolation (R type 7),False,False
199608,1996-08-11,1996,8,21.964994,1996-08-11 07:00:00,20.522222499999998,23.0611525,middle,linear interpolation (R type 7),False,False
199608,1996-08-12,1996,8,21.574385,1996-08-12 07:00:00,20.522222499999998,23.0611525,middle,linear interpolation (R type 7),False,False
199608,1996-08-13,1996,8,21.499794,1996-08-13 07:00:00,20.522222499999998,23.0611525,middle,linear interpolation (R type 7),False,False
199608,1996-08-14,1996,8,21.649035,1996-08-14 11:00:00,20.522222499999998,23.0611525,middle,linear interpolation (R type 7),False,False
199608,1996-08-15,1996,8,22.449059,1996-08-15 07:00:00,20.522222499999998,23.0611525,middle,linear interpolation (R type 7),False,False
199608,1996-08-16,1996,8,23.038105,1996-08-16 07:00:00,20.522222499999998,23.0611525,middle,linear interpolation (R type 7),False,False
199608,1996-08-17,1996,8,23.0842,1996-08-17 07:00:00,20.522222499999998,23.0611525,high,linear interpolation (R type 7),False,False
199608,1996-08-18,1996,8,22.507608,1996-08-18 07:00:00,20.522222499999998,23.0611525,middle,linear interpolation (R type 7),False,False
199608,1996-08-19,1996,8,21.590544,1996-08-19 07:00:00,20.522222499999998,23.0611525,middle,linear interpolation (R type 7),False,False
199608,1996-08-20,1996,8,21.84117,1996-08-20 07:00:00,20.522222499999998,23.0611525,middle,linear interpolation (R type 7),False,False
199608,1996-08-21,1996,8,21.6452,1996-08-21 07:00:00,20.522222499999998,23.0611525,middle,linear interpolation (R type 7),False,False
199608,1996-08-22,1996,8,20.82948,1996-08-22 06:00:00,20.522222499999998,23.0611525,middle,linear interpolation (R type 7),False,False
199608,1996-08-23,1996,8,19.750078,1996-08-23 07:00:00,20.522222499999998,23.0611525,low,linear interpolation (R type 7),False,False
199608,1996-08-24,1996,8,19.607515,1996-08-24 07:00:00,20.522222499999998,23.0611525,low,linear interpolation (R type 7),False,False
199608,1996-08-25,1996,8,20.202753,1996-08-25 07:00:00,20.522222499999998,23.0611525,low,linear interpolation (R type 7),False,False
199608,1996-08-26,1996,8,20.51128,1996-08-26 07:00:00,20.522222499999998,23.0611525,low,linear interpolation (R type 7),False,False
199608,1996-08-27,1996,8,20.533165,1996-08-27 07:00:00,20.522222499999998,23.0611525,middle,linear interpolation (R type 7),False,False
199608,1996-08-28,1996,8,20.275393,1996-08-28 07:00:00,20.522222499999998,23.0611525,low,linear interpolation (R type 7),False,False
199608,1996-08-29,1996,8,20.17263,1996-08-29 05:00:00,20.522222499999998,23.0611525,low,linear interpolation (R type 7),False,False
199608,1996-08-30,1996,8,20.064766,1996-08-30 07:00:00,20.522222499999998,23.0611525,low,linear interpolation (R type 7),False,False
199608,1996-08-31,1996,8,20.319933,1996-08-31 07:00:00,20.522222499999998,23.0611525,low,linear interpolation (R type 7),False,False
199706,1997-06-01,1997,6,16.22324,1997-06-01 07:00:00,18.27092975,20.53996225,low,linear interpolation (R type 7),False,False
199706,1997-06-02,1997,6,17.027723,1997-06-02 07:00:00,18.27092975,20.53996225,low,linear interpolation (R type 7),False,False
199706,1997-06-03,1997,6,18.277504,1997-06-03 07:00:00,18.27092975,20.53996225,middle,linear interpolation (R type 7),False,False
199706,1997-06-04,1997,6,19.353588,1997-06-04 07:00:00,18.27092975,20.53996225,middle,linear interpolation (R type 7),False,False
199706,1997-06-05,1997,6,20.368855,1997-06-05 07:00:00,18.27092975,20.53996225,middle,linear interpolation (R type 7),False,False
199706,1997-06-06,1997,6,20.793013,1997-06-06 06:00:00,18.27092975,20.53996225,high,linear interpolation (R type 7),False,False
199706,1997-06-07,1997,6,19.04708,1997-06-07 06:00:00,18.27092975,20.53996225,middle,linear interpolation (R type 7),False,False
199706,1997-06-08,1997,6,16.867634,1997-06-08 06:00:00,18.27092975,20.53996225,low,linear interpolation (R type 7),False,False
199706,1997-06-09,1997,6,15.851402,1997-06-09 07:00:00,18.27092975,20.53996225,low,linear interpolation (R type 7),False,False
199706,1997-06-10,1997,6,16.040083,1997-06-10 10:00:00,18.27092975,20.53996225,low,linear interpolation (R type 7),False,False
199706,1997-06-11,1997,6,17.804567,1997-06-11 11:00:00,18.27092975,20.53996225,low,linear interpolation (R type 7),False,False
199706,1997-06-12,1997,6,18.2741,1997-06-12 10:00:00,18.27092975,20.53996225,middle,linear interpolation (R type 7),False,False
199706,1997-06-13,1997,6,18.321033,1997-06-13 06:00:00,18.27092975,20.53996225,middle,linear interpolation (R type 7),False,False
199706,1997-06-14,1997,6,18.051743,1997-06-14 07:00:00,18.27092975,20.53996225,low,linear interpolation (R type 7),False,False
199706,1997-06-15,1997,6,18.269873,1997-06-15 07:00:00,18.27092975,20.53996225,low,linear interpolation (R type 7),False,False
199706,1997-06-16,1997,6,18.645355,1997-06-16 10:00:00,18.27092975,20.53996225,middle,linear interpolation (R type 7),False,False
199706,1997-06-17,1997,6,18.461927,1997-06-17 07:00:00,18.27092975,20.53996225,middle,linear interpolation (R type 7),False,False
199706,1997-06-18,1997,6,18.953617,1997-06-18 07:00:00,18.27092975,20.53996225,middle,linear interpolation (R type 7),False,False
199706,1997-06-19,1997,6,19.263918,1997-06-19 07:00:00,18.27092975,20.53996225,middle,linear interpolation (R type 7),False,False
199706,1997-06-20,1997,6,19.830782,1997-06-20 07:00:00,18.27092975,20.53996225,middle,linear interpolation (R type 7),False,False
199706,1997-06-21,1997,6,19.94468,1997-06-21 05:00:00,18.27092975,20.53996225,middle,linear interpolation (R type 7),False,False
199706,1997-06-22,1997,6,19.847643,1997-06-22 05:00:00,18.27092975,20.53996225,middle,linear interpolation (R type 7),False,False
199706,1997-06-23,1997,6,20.329403,1997-06-23 07:00:00,18.27092975,20.53996225,middle,linear interpolation (R type 7),False,False
199706,1997-06-24,1997,6,20.596998,1997-06-24 07:00:00,18.27092975,20.53996225,high,linear interpolation (R type 7),False,False
199706,1997-06-25,1997,6,20.671118,1997-06-25 07:00:00,18.27092975,20.53996225,high,linear interpolation (R type 7),False,False
199706,1997-06-26,1997,6,20.930565,1997-06-26 07:00:00,18.27092975,20.53996225,high,linear interpolation (R type 7),False,False
199706,1997-06-27,1997,6,21.167412,1997-06-27 07:00:00,18.27092975,20.53996225,high,linear interpolation (R type 7),False,False
199706,1997-06-28,1997,6,21.238548,1997-06-28 07:00:00,18.27092975,20.53996225,high,linear interpolation (R type 7),False,False
199706,1997-06-29,1997,6,21.981167,1997-06-29 07:00:00,18.27092975,20.53996225,high,linear interpolation (R type 7),False,False
199706,1997-06-30,1997,6,22.32906,1997-06-30 06:00:00,18.27092975,20.53996225,high,linear interpolation (R type 7),False,False
199707,1997-07-01,1997,7,22.799692,1997-07-01 07:00:00,20.735331000000002,23.047917499999997,middle,linear interpolation (R type 7),False,False
199707,1997-07-02,1997,7,23.092577,1997-07-02 06:00:00,20.735331000000002,23.047917499999997,high,linear interpolation (R type 7),False,False
199707,1997-07-03,1997,7,22.12233,1997-07-03 07:00:00,20.735331000000002,23.047917499999997,middle,linear interpolation (R type 7),False,False
199707,1997-07-04,1997,7,20.17381,1997-07-04 07:00:00,20.735331000000002,23.047917499999997,low,linear interpolation (R type 7),False,False
199707,1997-07-05,1997,7,20.067652,1997-07-05 07:00:00,20.735331000000002,23.047917499999997,low,linear interpolation (R type 7),False,False
199707,1997-07-06,1997,7,20.349575,1997-07-06 07:00:00,20.735331000000002,23.047917499999997,low,linear interpolation (R type 7),False,False
199707,1997-07-07,1997,7,20.337149,1997-07-07 05:00:00,20.735331000000002,23.047917499999997,low,linear interpolation (R type 7),False,False
199707,1997-07-08,1997,7,20.36354,1997-07-08 07:00:00,20.735331000000002,23.047917499999997,low,linear interpolation (R type 7),False,False
199707,1997-07-09,1997,7,20.675522,1997-07-09 07:00:00,20.735331000000002,23.047917499999997,low,linear interpolation (R type 7),False,False
199707,1997-07-10,1997,7,20.614664,1997-07-10 04:00:00,20.735331000000002,23.047917499999997,low,linear interpolation (R type 7),False,False
199707,1997-07-11,1997,7,20.521412,1997-07-11 07:00:00,20.735331000000002,23.047917499999997,low,linear interpolation (R type 7),False,False
199707,1997-07-12,1997,7,20.79514,1997-07-12 06:00:00,20.735331000000002,23.047917499999997,middle,linear interpolation (R type 7),False,False
199707,1997-07-13,1997,7,21.284557,1997-07-13 07:00:00,20.735331000000002,23.047917499999997,middle,linear interpolation (R type 7),False,False
199707,1997-07-14,1997,7,21.610815,1997-07-14 07:00:00,20.735331000000002,23.047917499999997,middle,linear interpolation (R type 7),False,False
199707,1997-07-15,1997,7,21.80468,1997-07-15 07:00:00,20.735331000000002,23.047917499999997,middle,linear interpolation (R type 7),False,False
199707,1997-07-16,1997,7,22.002028,1997-07-16 07:00:00,20.735331000000002,23.047917499999997,middle,linear interpolation (R type 7),False,False
199707,1997-07-17,1997,7,22.364725,1997-07-17 06:00:00,20.735331000000002,23.047917499999997,middle,linear interpolation (R type 7),False,False
199707,1997-07-18,1997,7,22.364153,1997-07-18 07:00:00,20.735331000000002,23.047917499999997,middle,linear interpolation (R type 7),False,False
199707,1997-07-19,1997,7,22.35487,1997-07-19 05:00:00,20.735331000000002,23.047917499999997,middle,linear interpolation (R type 7),False,False
199707,1997-07-20,1997,7,22.557037,1997-07-20 06:00:00,20.735331000000002,23.047917499999997,middle,linear interpolation (R type 7),False,False
199707,1997-07-21,1997,7,23.003258,1997-07-21 06:00:00,20.735331000000002,23.047917499999997,middle,linear interpolation (R type 7),False,False
199707,1997-07-22,1997,7,23.39569,1997-07-22 06:00:00,20.735331000000002,23.047917499999997,high,linear interpolation (R type 7),False,False
199707,1997-07-23,1997,7,23.243156,1997-07-23 07:00:00,20.735331000000002,23.047917499999997,high,linear interpolation (R type 7),False,False
199707,1997-07-24,1997,7,22.88974,1997-07-24 07:00:00,20.735331000000002,23.047917499999997,middle,linear interpolation (R type 7),False,False
199707,1997-07-25,1997,7,22.947002,1997-07-25 07:00:00,20.735331000000002,23.047917499999997,middle,linear interpolation (R type 7),False,False
199707,1997-07-26,1997,7,22.959938,1997-07-26 06:00:00,20.735331000000002,23.047917499999997,middle,linear interpolation (R type 7),False,False
199707,1997-07-27,1997,7,23.254686,1997-07-27 07:00:00,20.735331000000002,23.047917499999997,high,linear interpolation (R type 7),False,False
199707,1997-07-28,1997,7,23.545568,1997-07-28 06:00:00,20.735331000000002,23.047917499999997,high,linear interpolation (R type 7),False,False
199707,1997-07-29,1997,7,23.650555,1997-07-29 06:00:00,20.735331000000002,23.047917499999997,high,linear interpolation (R type 7),False,False
199707,1997-07-30,1997,7,23.844648,1997-07-30 06:00:00,20.735331000000002,23.047917499999997,high,linear interpolation (R type 7),False,False
199707,1997-07-31,1997,7,23.449697,1997-07-31 06:00:00,20.735331000000002,23.047917499999997,high,linear interpolation (R type 7),False,False
199708,1997-08-01,1997,8,22.645613,1997-08-01 06:00:00,20.925126499999998,22.636263,high,linear interpolation (R type 7),False,False
199708,1997-08-02,1997,8,22.549511,1997-08-02 06:00:00,20.925126499999998,22.636263,middle,linear interpolation (R type 7),False,False
199708,1997-08-03,1997,8,22.823315,1997-08-03 07:00:00,20.925126499999998,22.636263,high,linear interpolation (R type 7),False,False
199708,1997-08-04,1997,8,23.25351,1997-08-04 06:00:00,20.925126499999998,22.636263,high,linear interpolation (R type 7),False,False
199708,1997-08-05,1997,8,23.697168,1997-08-05 07:00:00,20.925126499999998,22.636263,high,linear interpolation (R type 7),False,False
199708,1997-08-06,1997,8,23.852486,1997-08-06 07:00:00,20.925126499999998,22.636263,high,linear interpolation (R type 7),False,False
199708,1997-08-07,1997,8,23.17121,1997-08-07 07:00:00,20.925126499999998,22.636263,high,linear interpolation (R type 7),False,False
199708,1997-08-08,1997,8,22.016743,1997-08-08 05:00:00,20.925126499999998,22.636263,middle,linear interpolation (R type 7),False,False
199708,1997-08-09,1997,8,20.937613,1997-08-09 10:00:00,20.925126499999998,22.636263,middle,linear interpolation (R type 7),False,False
199708,1997-08-10,1997,8,20.905487,1997-08-10 11:00:00,20.925126499999998,22.636263,low,linear interpolation (R type 7),False,False
199708,1997-08-11,1997,8,21.602816,1997-08-11 10:00:00,20.925126499999998,22.636263,middle,linear interpolation (R type 7),False,False
199708,1997-08-12,1997,8,22.330708,1997-08-12 06:00:00,20.925126499999998,22.636263,middle,linear interpolation (R type 7),False,False
199708,1997-08-13,1997,8,22.294712,1997-08-13 07:00:00,20.925126499999998,22.636263,middle,linear interpolation (R type 7),False,False
199708,1997-08-14,1997,8,21.82653,1997-08-14 06:00:00,20.925126499999998,22.636263,middle,linear interpolation (R type 7),False,False
199708,1997-08-15,1997,8,20.91264,1997-08-15 06:00:00,20.925126499999998,22.636263,low,linear interpolation (R type 7),False,False
199708,1997-08-16,1997,8,20.356783,1997-08-16 06:00:00,20.925126499999998,22.636263,low,linear interpolation (R type 7),False,False
199708,1997-08-17,1997,8,20.207897,1997-08-17 10:00:00,20.925126499999998,22.636263,low,linear interpolation (R type 7),False,False
199708,1997-08-18,1997,8,20.32383,1997-08-18 10:00:00,20.925126499999998,22.636263,low,linear interpolation (R type 7),False,False
199708,1997-08-19,1997,8,20.557522,1997-08-19 10:00:00,20.925126499999998,22.636263,low,linear interpolation (R type 7),False,False
199708,1997-08-20,1997,8,20.218708,1997-08-20 05:00:00,20.925126499999998,22.636263,low,linear interpolation (R type 7),False,False
199708,1997-08-21,1997,8,20.316717,1997-08-21 10:00:00,20.925126499999998,22.636263,low,linear interpolation (R type 7),False,False
199708,1997-08-22,1997,8,21.182386,1997-08-22 07:00:00,20.925126499999998,22.636263,middle,linear interpolation (R type 7),False,False
199708,1997-08-23,1997,8,21.82723,1997-08-23 07:00:00,20.925126499999998,22.636263,middle,linear interpolation (R type 7),False,False
199708,1997-08-24,1997,8,22.620775,1997-08-24 06:00:00,20.925126499999998,22.636263,middle,linear interpolation (R type 7),False,False
199708,1997-08-25,1997,8,22.626913,1997-08-25 05:00:00,20.925126499999998,22.636263,middle,linear interpolation (R type 7),False,False
199708,1997-08-26,1997,8,22.369234,1997-08-26 07:00:00,20.925126499999998,22.636263,middle,linear interpolation (R type 7),False,False
199708,1997-08-27,1997,8,22.046526,1997-08-27 06:00:00,20.925126499999998,22.636263,middle,linear interpolation (R type 7),False,False
199708,1997-08-28,1997,8,21.616785,1997-08-28 07:00:00,20.925126499999998,22.636263,middle,linear interpolation (R type 7),False,False
199708,1997-08-29,1997,8,22.775385,1997-08-29 07:00:00,20.925126499999998,22.636263,high,linear interpolation (R type 7),False,False
199708,1997-08-30,1997,8,22.96665,1997-08-30 07:00:00,20.925126499999998,22.636263,high,linear interpolation (R type 7),False,False
199708,1997-08-31,1997,8,22.435127,1997-08-31 05:00:00,20.925126499999998,22.636263,middle,linear interpolation (R type 7),False,False
199806,1998-06-01,1998,6,18.915209,1998-06-01 06:00:00,18.55101725,20.98710825,middle,linear interpolation (R type 7),False,False
199806,1998-06-02,1998,6,17.839886,1998-06-02 06:00:00,18.55101725,20.98710825,low,linear interpolation (R type 7),False,False
199806,1998-06-03,1998,6,18.110943,1998-06-03 10:00:00,18.55101725,20.98710825,low,linear interpolation (R type 7),False,False
199806,1998-06-04,1998,6,17.748295,1998-06-04 10:00:00,18.55101725,20.98710825,low,linear interpolation (R type 7),False,False
199806,1998-06-05,1998,6,17.879465,1998-06-05 10:00:00,18.55101725,20.98710825,low,linear interpolation (R type 7),False,False
199806,1998-06-06,1998,6,18.226068,1998-06-06 06:00:00,18.55101725,20.98710825,low,linear interpolation (R type 7),False,False
199806,1998-06-07,1998,6,17.674654,1998-06-07 07:00:00,18.55101725,20.98710825,low,linear interpolation (R type 7),False,False
199806,1998-06-08,1998,6,18.085447,1998-06-08 07:00:00,18.55101725,20.98710825,low,linear interpolation (R type 7),False,False
199806,1998-06-09,1998,6,18.42962,1998-06-09 06:00:00,18.55101725,20.98710825,low,linear interpolation (R type 7),False,False
199806,1998-06-10,1998,6,19.087517,1998-06-10 06:00:00,18.55101725,20.98710825,middle,linear interpolation (R type 7),False,False
199806,1998-06-11,1998,6,19.98771,1998-06-11 06:00:00,18.55101725,20.98710825,middle,linear interpolation (R type 7),False,False
199806,1998-06-12,1998,6,20.463709,1998-06-12 06:00:00,18.55101725,20.98710825,middle,linear interpolation (R type 7),False,False
199806,1998-06-13,1998,6,20.06078,1998-06-13 07:00:00,18.55101725,20.98710825,middle,linear interpolation (R type 7),False,False
199806,1998-06-14,1998,6,20.24471,1998-06-14 07:00:00,18.55101725,20.98710825,middle,linear interpolation (R type 7),False,False
199806,1998-06-15,1998,6,20.752192,1998-06-15 09:00:00,18.55101725,20.98710825,middle,linear interpolation (R type 7),False,False
199806,1998-06-16,1998,6,21.365917,1998-06-16 06:00:00,18.55101725,20.98710825,high,linear interpolation (R type 7),False,False
199806,1998-06-17,1998,6,20.851053,1998-06-17 04:00:00,18.55101725,20.98710825,middle,linear interpolation (R type 7),False,False
199806,1998-06-18,1998,6,19.069372,1998-06-18 05:00:00,18.55101725,20.98710825,middle,linear interpolation (R type 7),False,False
199806,1998-06-19,1998,6,18.989948,1998-06-19 10:00:00,18.55101725,20.98710825,middle,linear interpolation (R type 7),False,False
199806,1998-06-20,1998,6,19.901218,1998-06-20 10:00:00,18.55101725,20.98710825,middle,linear interpolation (R type 7),False,False
199806,1998-06-21,1998,6,21.03246,1998-06-21 06:00:00,18.55101725,20.98710825,high,linear interpolation (R type 7),False,False
199806,1998-06-22,1998,6,21.608355,1998-06-22 06:00:00,18.55101725,20.98710825,high,linear interpolation (R type 7),False,False
199806,1998-06-23,1998,6,20.845453,1998-06-23 07:00:00,18.55101725,20.98710825,middle,linear interpolation (R type 7),False,False
199806,1998-06-24,1998,6,20.686325,1998-06-24 05:00:00,18.55101725,20.98710825,middle,linear interpolation (R type 7),False,False
199806,1998-06-25,1998,6,20.728222,1998-06-25 07:00:00,18.55101725,20.98710825,middle,linear interpolation (R type 7),False,False
199806,1998-06-26,1998,6,21.271404,1998-06-26 07:00:00,18.55101725,20.98710825,high,linear interpolation (R type 7),False,False
199806,1998-06-27,1998,6,21.78817,1998-06-27 07:00:00,18.55101725,20.98710825,high,linear interpolation (R type 7),False,False
199806,1998-06-28,1998,6,22.55468,1998-06-28 07:00:00,18.55101725,20.98710825,high,linear interpolation (R type 7),False,False
199806,1998-06-29,1998,6,22.523342,1998-06-29 06:00:00,18.55101725,20.98710825,high,linear interpolation (R type 7),False,False
199806,1998-06-30,1998,6,22.056192,1998-06-30 06:00:00,18.55101725,20.98710825,high,linear interpolation (R type 7),False,False
199807,1998-07-01,1998,7,21.947266,1998-07-01 06:00:00,22.514008500000003,23.2991795,low,linear interpolation (R type 7),False,False
199807,1998-07-02,1998,7,21.77325,1998-07-02 06:00:00,22.514008500000003,23.2991795,low,linear interpolation (R type 7),False,False
199807,1998-07-03,1998,7,21.88213,1998-07-03 06:00:00,22.514008500000003,23.2991795,low,linear interpolation (R type 7),False,False
199807,1998-07-04,1998,7,22.346651,1998-07-04 07:00:00,22.514008500000003,23.2991795,low,linear interpolation (R type 7),False,False
199807,1998-07-05,1998,7,22.554932,1998-07-05 06:00:00,22.514008500000003,23.2991795,middle,linear interpolation (R type 7),False,False
199807,1998-07-06,1998,7,22.383722,1998-07-06 06:00:00,22.514008500000003,23.2991795,low,linear interpolation (R type 7),False,False
199807,1998-07-07,1998,7,22.10939,1998-07-07 06:00:00,22.514008500000003,23.2991795,low,linear interpolation (R type 7),False,False
199807,1998-07-08,1998,7,22.178406,1998-07-08 07:00:00,22.514008500000003,23.2991795,low,linear interpolation (R type 7),False,False
199807,1998-07-09,1998,7,22.576925,1998-07-09 07:00:00,22.514008500000003,23.2991795,middle,linear interpolation (R type 7),False,False
199807,1998-07-10,1998,7,22.996387,1998-07-10 07:00:00,22.514008500000003,23.2991795,middle,linear interpolation (R type 7),False,False
199807,1998-07-11,1998,7,23.584946,1998-07-11 07:00:00,22.514008500000003,23.2991795,high,linear interpolation (R type 7),False,False
199807,1998-07-12,1998,7,23.925087,1998-07-12 07:00:00,22.514008500000003,23.2991795,high,linear interpolation (R type 7),False,False
199807,1998-07-13,1998,7,23.951683,1998-07-13 07:00:00,22.514008500000003,23.2991795,high,linear interpolation (R type 7),False,False
199807,1998-07-14,1998,7,23.959633,1998-07-14 07:00:00,22.514008500000003,23.2991795,high,linear interpolation (R type 7),False,False
199807,1998-07-15,1998,7,23.705952,1998-07-15 07:00:00,22.514008500000003,23.2991795,high,linear interpolation (R type 7),False,False
199807,1998-07-16,1998,7,23.195055,1998-07-16 07:00:00,22.514008500000003,23.2991795,middle,linear interpolation (R type 7),False,False
199807,1998-07-17,1998,7,23.055004,1998-07-17 07:00:00,22.514008500000003,23.2991795,middle,linear interpolation (R type 7),False,False
199807,1998-07-18,1998,7,23.267916,1998-07-18 06:00:00,22.514008500000003,23.2991795,middle,linear interpolation (R type 7),False,False
199807,1998-07-19,1998,7,23.52636,1998-07-19 11:00:00,22.514008500000003,23.2991795,high,linear interpolation (R type 7),False,False
199807,1998-07-20,1998,7,23.330658,1998-07-20 07:00:00,22.514008500000003,23.2991795,high,linear interpolation (R type 7),False,False
199807,1998-07-21,1998,7,23.058146,1998-07-21 06:00:00,22.514008500000003,23.2991795,middle,linear interpolation (R type 7),False,False
199807,1998-07-22,1998,7,22.93501,1998-07-22 07:00:00,22.514008500000003,23.2991795,middle,linear interpolation (R type 7),False,False
199807,1998-07-23,1998,7,22.829737,1998-07-23 06:00:00,22.514008500000003,23.2991795,middle,linear interpolation (R type 7),False,False
199807,1998-07-24,1998,7,22.473085,1998-07-24 07:00:00,22.514008500000003,23.2991795,low,linear interpolation (R type 7),False,False
199807,1998-07-25,1998,7,22.6475,1998-07-25 07:00:00,22.514008500000003,23.2991795,middle,linear interpolation (R type 7),False,False
199807,1998-07-26,1998,7,22.842392,1998-07-26 06:00:00,22.514008500000003,23.2991795,middle,linear interpolation (R type 7),False,False
199807,1998-07-27,1998,7,23.283344,1998-07-27 07:00:00,22.514008500000003,23.2991795,middle,linear interpolation (R type 7),False,False
199807,1998-07-28,1998,7,23.304419,1998-07-28 06:00:00,22.514008500000003,23.2991795,high,linear interpolation (R type 7),False,False
199807,1998-07-29,1998,7,23.18861,1998-07-29 07:00:00,22.514008500000003,23.2991795,middle,linear interpolation (R type 7),False,False
199807,1998-07-30,1998,7,23.29394,1998-07-30 07:00:00,22.514008500000003,23.2991795,middle,linear interpolation (R type 7),False,False
199807,1998-07-31,1998,7,23.256716,1998-07-31 07:00:00,22.514008500000003,23.2991795,middle,linear interpolation (R type 7),False,False
199808,1998-08-01,1998,8,23.179861,1998-08-01 07:00:00,21.635715,22.8164045,high,linear interpolation (R type 7),False,False
199808,1998-08-02,1998,8,23.262518,1998-08-02 06:00:00,21.635715,22.8164045,high,linear interpolation (R type 7),False,False
199808,1998-08-03,1998,8,23.30837,1998-08-03 06:00:00,21.635715,22.8164045,high,linear interpolation (R type 7),False,False
199808,1998-08-04,1998,8,23.06732,1998-08-04 07:00:00,21.635715,22.8164045,high,linear interpolation (R type 7),False,False
199808,1998-08-05,1998,8,23.127401,1998-08-05 07:00:00,21.635715,22.8164045,high,linear interpolation (R type 7),False,False
199808,1998-08-06,1998,8,23.086754,1998-08-06 07:00:00,21.635715,22.8164045,high,linear interpolation (R type 7),False,False
199808,1998-08-07,1998,8,22.748701,1998-08-07 06:00:00,21.635715,22.8164045,middle,linear interpolation (R type 7),False,False
199808,1998-08-08,1998,8,22.865135,1998-08-08 07:00:00,21.635715,22.8164045,high,linear interpolation (R type 7),False,False
199808,1998-08-09,1998,8,22.813217,1998-08-09 06:00:00,21.635715,22.8164045,middle,linear interpolation (R type 7),False,False
199808,1998-08-10,1998,8,22.568699,1998-08-10 07:00:00,21.635715,22.8164045,middle,linear interpolation (R type 7),False,False
199808,1998-08-11,1998,8,22.672441,1998-08-11 07:00:00,21.635715,22.8164045,middle,linear interpolation (R type 7),False,False
199808,1998-08-12,1998,8,22.548065,1998-08-12 07:00:00,21.635715,22.8164045,middle,linear interpolation (R type 7),False,False
199808,1998-08-13,1998,8,22.7016,1998-08-13 07:00:00,21.635715,22.8164045,middle,linear interpolation (R type 7),False,False
199808,1998-08-14,1998,8,21.929163,1998-08-14 07:00:00,21.635715,22.8164045,middle,linear interpolation (R type 7),False,False
199808,1998-08-15,1998,8,21.56406,1998-08-15 07:00:00,21.635715,22.8164045,low,linear interpolation (R type 7),False,False
199808,1998-08-16,1998,8,21.58873,1998-08-16 07:00:00,21.635715,22.8164045,low,linear interpolation (R type 7),False,False
199808,1998-08-17,1998,8,21.6827,1998-08-17 06:00:00,21.635715,22.8164045,middle,linear interpolation (R type 7),False,False
199808,1998-08-18,1998,8,22.107046,1998-08-18 07:00:00,21.635715,22.8164045,middle,linear interpolation (R type 7),False,False
199808,1998-08-19,1998,8,22.205503,1998-08-19 06:00:00,21.635715,22.8164045,middle,linear interpolation (R type 7),False,False
199808,1998-08-20,1998,8,21.996477,1998-08-20 07:00:00,21.635715,22.8164045,middle,linear interpolation (R type 7),False,False
199808,1998-08-21,1998,8,22.391174,1998-08-21 07:00:00,21.635715,22.8164045,middle,linear interpolation (R type 7),False,False
199808,1998-08-22,1998,8,22.53781,1998-08-22 07:00:00,21.635715,22.8164045,middle,linear interpolation (R type 7),False,False
199808,1998-08-23,1998,8,22.819592,1998-08-23 07:00:00,21.635715,22.8164045,high,linear interpolation (R type 7),False,False
199808,1998-08-24,1998,8,22.634306,1998-08-24 07:00:00,21.635715,22.8164045,middle,linear interpolation (R type 7),False,False
199808,1998-08-25,1998,8,21.795868,1998-08-25 07:00:00,21.635715,22.8164045,middle,linear interpolation (R type 7),False,False
199808,1998-08-26,1998,8,21.024935,1998-08-26 06:00:00,21.635715,22.8164045,low,linear interpolation (R type 7),False,False
199808,1998-08-27,1998,8,20.135384,1998-08-27 05:00:00,21.635715,22.8164045,low,linear interpolation (R type 7),False,False
199808,1998-08-28,1998,8,19.722097,1998-08-28 06:00:00,21.635715,22.8164045,low,linear interpolation (R type 7),False,False
199808,1998-08-29,1998,8,18.997967,1998-08-29 04:00:00,21.635715,22.8164045,low,linear interpolation (R type 7),False,False
199808,1998-08-30,1998,8,18.686043,1998-08-30 05:00:00,21.635715,22.8164045,low,linear interpolation (R type 7),False,False
199808,1998-08-31,1998,8,18.754637,1998-08-31 07:00:00,21.635715,22.8164045,low,linear interpolation (R type 7),False,False
199906,1999-06-01,1999,6,18.105509,1999-06-01 06:00:00,19.2333845,20.46363975,low,linear interpolation (R type 7),False,False
199906,1999-06-02,1999,6,18.792734,1999-06-02 10:00:00,19.2333845,20.46363975,low,linear interpolation (R type 7),False,False
199906,1999-06-03,1999,6,19.343588,1999-06-03 06:00:00,19.2333845,20.46363975,middle,linear interpolation (R type 7),False,False
199906,1999-06-04,1999,6,19.594269,1999-06-04 07:00:00,19.2333845,20.46363975,middle,linear interpolation (R type 7),False,False
199906,1999-06-05,1999,6,20.42678,1999-06-05 07:00:00,19.2333845,20.46363975,middle,linear interpolation (R type 7),False,False
199906,1999-06-06,1999,6,20.415215,1999-06-06 06:00:00,19.2333845,20.46363975,middle,linear interpolation (R type 7),False,False
199906,1999-06-07,1999,6,19.44722,1999-06-07 05:00:00,19.2333845,20.46363975,middle,linear interpolation (R type 7),False,False
199906,1999-06-08,1999,6,18.929838,1999-06-08 06:00:00,19.2333845,20.46363975,low,linear interpolation (R type 7),False,False
199906,1999-06-09,1999,6,19.056084,1999-06-09 06:00:00,19.2333845,20.46363975,low,linear interpolation (R type 7),False,False
199906,1999-06-10,1999,6,19.718964,1999-06-10 07:00:00,19.2333845,20.46363975,middle,linear interpolation (R type 7),False,False
199906,1999-06-11,1999,6,20.634691,1999-06-11 06:00:00,19.2333845,20.46363975,high,linear interpolation (R type 7),False,False
199906,1999-06-12,1999,6,21.086485,1999-06-12 07:00:00,19.2333845,20.46363975,high,linear interpolation (R type 7),False,False
199906,1999-06-13,1999,6,21.710554,1999-06-13 07:00:00,19.2333845,20.46363975,high,linear interpolation (R type 7),False,False
199906,1999-06-14,1999,6,22.213516,1999-06-14 07:00:00,19.2333845,20.46363975,high,linear interpolation (R type 7),False,False
199906,1999-06-15,1999,6,21.078354,1999-06-15 05:00:00,19.2333845,20.46363975,high,linear interpolation (R type 7),False,False
199906,1999-06-16,1999,6,19.404007,1999-06-16 05:00:00,19.2333845,20.46363975,middle,linear interpolation (R type 7),False,False
199906,1999-06-17,1999,6,18.616343,1999-06-17 05:00:00,19.2333845,20.46363975,low,linear interpolation (R type 7),False,False
199906,1999-06-18,1999,6,19.049246,1999-06-18 06:00:00,19.2333845,20.46363975,low,linear interpolation (R type 7),False,False
199906,1999-06-19,1999,6,19.749876,1999-06-19 11:00:00,19.2333845,20.46363975,middle,linear interpolation (R type 7),False,False
199906,1999-06-20,1999,6,20.014807,1999-06-20 06:00:00,19.2333845,20.46363975,middle,linear interpolation (R type 7),False,False
199906,1999-06-21,1999,6,19.986965,1999-06-21 07:00:00,19.2333845,20.46363975,middle,linear interpolation (R type 7),False,False
199906,1999-06-22,1999,6,19.655571,1999-06-22 07:00:00,19.2333845,20.46363975,middle,linear interpolation (R type 7),False,False
199906,1999-06-23,1999,6,19.19665,1999-06-23 06:00:00,19.2333845,20.46363975,low,linear interpolation (R type 7),False,False
199906,1999-06-24,1999,6,19.139381,1999-06-24 10:00:00,19.2333845,20.46363975,low,linear interpolation (R type 7),False,False
199906,1999-06-25,1999,6,19.830853,1999-06-25 09:00:00,19.2333845,20.46363975,middle,linear interpolation (R type 7),False,False
199906,1999-06-26,1999,6,20.361698,1999-06-26 06:00:00,19.2333845,20.46363975,middle,linear interpolation (R type 7),False,False
199906,1999-06-27,1999,6,20.638868,1999-06-27 07:00:00,19.2333845,20.46363975,high,linear interpolation (R type 7),False,False
199906,1999-06-28,1999,6,20.580101,1999-06-28 07:00:00,19.2333845,20.46363975,high,linear interpolation (R type 7),False,False
199906,1999-06-29,1999,6,20.431572,1999-06-29 07:00:00,19.2333845,20.46363975,middle,linear interpolation (R type 7),False,False
199906,1999-06-30,1999,6,20.474329,1999-06-30 07:00:00,19.2333845,20.46363975,high,linear interpolation (R type 7),False,False
199907,1999-07-01,1999,7,20.558853,1999-07-01 07:00:00,21.405453,23.268618,low,linear interpolation (R type 7),False,False
199907,1999-07-02,1999,7,20.571848,1999-07-02 07:00:00,21.405453,23.268618,low,linear interpolation (R type 7),False,False
199907,1999-07-03,1999,7,21.04906,1999-07-03 07:00:00,21.405453,23.268618,low,linear interpolation (R type 7),False,False
199907,1999-07-04,1999,7,21.717014,1999-07-04 07:00:00,21.405453,23.268618,middle,linear interpolation (R type 7),False,False
199907,1999-07-05,1999,7,21.935223,1999-07-05 07:00:00,21.405453,23.268618,middle,linear interpolation (R type 7),False,False
199907,1999-07-06,1999,7,21.68998,1999-07-06 07:00:00,21.405453,23.268618,middle,linear interpolation (R type 7),False,False
199907,1999-07-07,1999,7,21.48066,1999-07-07 07:00:00,21.405453,23.268618,middle,linear interpolation (R type 7),False,False
199907,1999-07-08,1999,7,21.296915,1999-07-08 07:00:00,21.405453,23.268618,low,linear interpolation (R type 7),False,False
199907,1999-07-09,1999,7,21.322062,1999-07-09 07:00:00,21.405453,23.268618,low,linear interpolation (R type 7),False,False
199907,1999-07-10,1999,7,21.429684,1999-07-10 07:00:00,21.405453,23.268618,middle,linear interpolation (R type 7),False,False
199907,1999-07-11,1999,7,21.381222,1999-07-11 07:00:00,21.405453,23.268618,low,linear interpolation (R type 7),False,False
199907,1999-07-12,1999,7,21.509203,1999-07-12 07:00:00,21.405453,23.268618,middle,linear interpolation (R type 7),False,False
199907,1999-07-13,1999,7,21.302553,1999-07-13 07:00:00,21.405453,23.268618,low,linear interpolation (R type 7),False,False
199907,1999-07-14,1999,7,21.368834,1999-07-14 07:00:00,21.405453,23.268618,low,linear interpolation (R type 7),False,False
199907,1999-07-15,1999,7,21.506912,1999-07-15 07:00:00,21.405453,23.268618,middle,linear interpolation (R type 7),False,False
199907,1999-07-16,1999,7,21.49568,1999-07-16 07:00:00,21.405453,23.268618,middle,linear interpolation (R type 7),False,False
199907,1999-07-17,1999,7,21.788166,1999-07-17 07:00:00,21.405453,23.268618,middle,linear interpolation (R type 7),False,False
199907,1999-07-18,1999,7,22.315567,1999-07-18 07:00:00,21.405453,23.268618,middle,linear interpolation (R type 7),False,False
199907,1999-07-19,1999,7,22.815182,1999-07-19 06:00:00,21.405453,23.268618,middle,linear interpolation (R type 7),False,False
199907,1999-07-20,1999,7,23.124119,1999-07-20 06:00:00,21.405453,23.268618,middle,linear interpolation (R type 7),False,False
199907,1999-07-21,1999,7,23.117968,1999-07-21 06:00:00,21.405453,23.268618,middle,linear interpolation (R type 7),False,False
199907,1999-07-22,1999,7,23.02339,1999-07-22 06:00:00,21.405453,23.268618,middle,linear interpolation (R type 7),False,False
199907,1999-07-23,1999,7,23.17233,1999-07-23 07:00:00,21.405453,23.268618,middle,linear interpolation (R type 7),False,False
199907,1999-07-24,1999,7,23.539577,1999-07-24 07:00:00,21.405453,23.268618,high,linear interpolation (R type 7),False,False
199907,1999-07-25,1999,7,23.364906,1999-07-25 07:00:00,21.405453,23.268618,high,linear interpolation (R type 7),False,False
199907,1999-07-26,1999,7,23.734308,1999-07-26 06:00:00,21.405453,23.268618,high,linear interpolation (R type 7),False,False
199907,1999-07-27,1999,7,23.69176,1999-07-27 07:00:00,21.405453,23.268618,high,linear interpolation (R type 7),False,False
199907,1999-07-28,1999,7,23.499392,1999-07-28 05:00:00,21.405453,23.268618,high,linear interpolation (R type 7),False,False
199907,1999-07-29,1999,7,23.677635,1999-07-29 07:00:00,21.405453,23.268618,high,linear interpolation (R type 7),False,False
199907,1999-07-30,1999,7,23.972767,1999-07-30 07:00:00,21.405453,23.268618,high,linear interpolation (R type 7),False,False
199907,1999-07-31,1999,7,23.466974,1999-07-31 06:00:00,21.405453,23.268618,high,linear interpolation (R type 7),False,False
199908,1999-08-01,1999,8,22.834951,1999-08-01 06:00:00,20.397527500000002,22.182886,high,linear interpolation (R type 7),False,False
199908,1999-08-02,1999,8,22.1817,1999-08-02 05:00:00,20.397527500000002,22.182886,middle,linear interpolation (R type 7),False,False
199908,1999-08-03,1999,8,21.557167,1999-08-03 07:00:00,20.397527500000002,22.182886,middle,linear interpolation (R type 7),False,False
199908,1999-08-04,1999,8,21.651936,1999-08-04 07:00:00,20.397527500000002,22.182886,middle,linear interpolation (R type 7),False,False
199908,1999-08-05,1999,8,22.184072,1999-08-05 07:00:00,20.397527500000002,22.182886,high,linear interpolation (R type 7),False,False
199908,1999-08-06,1999,8,22.539253,1999-08-06 07:00:00,20.397527500000002,22.182886,high,linear interpolation (R type 7),False,False
199908,1999-08-07,1999,8,22.770506,1999-08-07 06:00:00,20.397527500000002,22.182886,high,linear interpolation (R type 7),False,False
199908,1999-08-08,1999,8,23.264761,1999-08-08 07:00:00,20.397527500000002,22.182886,high,linear interpolation (R type 7),False,False
199908,1999-08-09,1999,8,21.91554,1999-08-09 06:00:00,20.397527500000002,22.182886,middle,linear interpolation (R type 7),False,False
199908,1999-08-10,1999,8,21.091448,1999-08-10 06:00:00,20.397527500000002,22.182886,middle,linear interpolation (R type 7),False,False
199908,1999-08-11,1999,8,21.13718,1999-08-11 07:00:00,20.397527500000002,22.182886,middle,linear interpolation (R type 7),False,False
199908,1999-08-12,1999,8,21.38007,1999-08-12 07:00:00,20.397527500000002,22.182886,middle,linear interpolation (R type 7),False,False
199908,1999-08-13,1999,8,22.039492,1999-08-13 06:00:00,20.397527500000002,22.182886,middle,linear interpolation (R type 7),False,False
199908,1999-08-14,1999,8,22.731249,1999-08-14 07:00:00,20.397527500000002,22.182886,high,linear interpolation (R type 7),False,False
199908,1999-08-15,1999,8,23.054039,1999-08-15 06:00:00,20.397527500000002,22.182886,high,linear interpolation (R type 7),False,False
199908,1999-08-16,1999,8,22.847595,1999-08-16 07:00:00,20.397527500000002,22.182886,high,linear interpolation (R type 7),False,False
199908,1999-08-17,1999,8,22.122757,1999-08-17 07:00:00,20.397527500000002,22.182886,middle,linear interpolation (R type 7),False,False
199908,1999-08-18,1999,8,21.618166,1999-08-18 06:00:00,20.397527500000002,22.182886,middle,linear interpolation (R type 7),False,False
199908,1999-08-19,1999,8,21.040487,1999-08-19 06:00:00,20.397527500000002,22.182886,middle,linear interpolation (R type 7),False,False
199908,1999-08-20,1999,8,19.919006,1999-08-20 05:00:00,20.397527500000002,22.182886,low,linear interpolation (R type 7),False,False
199908,1999-08-21,1999,8,19.325708,1999-08-21 06:00:00,20.397527500000002,22.182886,low,linear interpolation (R type 7),False,False
199908,1999-08-22,1999,8,19.104235,1999-08-22 07:00:00,20.397527500000002,22.182886,low,linear interpolation (R type 7),False,False
199908,1999-08-23,1999,8,19.550592,1999-08-23 06:00:00,20.397527500000002,22.182886,low,linear interpolation (R type 7),False,False
199908,1999-08-24,1999,8,20.048779,1999-08-24 07:00:00,20.397527500000002,22.182886,low,linear interpolation (R type 7),False,False
199908,1999-08-25,1999,8,20.222437,1999-08-25 07:00:00,20.397527500000002,22.182886,low,linear interpolation (R type 7),False,False
199908,1999-08-26,1999,8,20.376335,1999-08-26 06:00:00,20.397527500000002,22.182886,low,linear interpolation (R type 7),False,False
199908,1999-08-27,1999,8,20.424551,1999-08-27 06:00:00,20.397527500000002,22.182886,middle,linear interpolation (R type 7),False,False
199908,1999-08-28,1999,8,20.910782,1999-08-28 06:00:00,20.397527500000002,22.182886,middle,linear interpolation (R type 7),False,False
199908,1999-08-29,1999,8,20.41872,1999-08-29 05:00:00,20.397527500000002,22.182886,middle,linear interpolation (R type 7),False,False
199908,1999-08-30,1999,8,20.277357,1999-08-30 06:00:00,20.397527500000002,22.182886,low,linear interpolation (R type 7),False,False
199908,1999-08-31,1999,8,20.546078,1999-08-31 06:00:00,20.397527500000002,22.182886,middle,linear interpolation (R type 7),False,False
200006,2000-06-01,2000,6,20.36399,2000-06-01 06:00:00,19.146998,20.980537249999998,middle,linear interpolation (R type 7),False,False
200006,2000-06-02,2000,6,20.598055,2000-06-02 07:00:00,19.146998,20.980537249999998,middle,linear interpolation (R type 7),False,False
200006,2000-06-03,2000,6,19.724514,2000-06-03 07:00:00,19.146998,20.980537249999998,middle,linear interpolation (R type 7),False,False
200006,2000-06-04,2000,6,19.37523,2000-06-04 07:00:00,19.146998,20.980537249999998,middle,linear interpolation (R type 7),False,False
200006,2000-06-05,2000,6,19.816525,2000-06-05 07:00:00,19.146998,20.980537249999998,middle,linear interpolation (R type 7),False,False
200006,2000-06-06,2000,6,19.886477,2000-06-06 06:00:00,19.146998,20.980537249999998,middle,linear interpolation (R type 7),False,False
200006,2000-06-07,2000,6,19.987709,2000-06-07 06:00:00,19.146998,20.980537249999998,middle,linear interpolation (R type 7),False,False
200006,2000-06-08,2000,6,19.173716,2000-06-08 05:00:00,19.146998,20.980537249999998,middle,linear interpolation (R type 7),False,False
200006,2000-06-09,2000,6,18.502485,2000-06-09 06:00:00,19.146998,20.980537249999998,low,linear interpolation (R type 7),False,False
200006,2000-06-10,2000,6,17.964752,2000-06-10 05:00:00,19.146998,20.980537249999998,low,linear interpolation (R type 7),False,False
200006,2000-06-11,2000,6,17.15816,2000-06-11 06:00:00,19.146998,20.980537249999998,low,linear interpolation (R type 7),False,False
200006,2000-06-12,2000,6,16.741842,2000-06-12 05:00:00,19.146998,20.980537249999998,low,linear interpolation (R type 7),False,False
200006,2000-06-13,2000,6,16.89147,2000-06-13 10:00:00,19.146998,20.980537249999998,low,linear interpolation (R type 7),False,False
200006,2000-06-14,2000,6,17.604927,2000-06-14 10:00:00,19.146998,20.980537249999998,low,linear interpolation (R type 7),False,False
200006,2000-06-15,2000,6,18.394684,2000-06-15 11:00:00,19.146998,20.980537249999998,low,linear interpolation (R type 7),False,False
200006,2000-06-16,2000,6,19.138092,2000-06-16 07:00:00,19.146998,20.980537249999998,low,linear interpolation (R type 7),False,False
200006,2000-06-17,2000,6,19.46435,2000-06-17 07:00:00,19.146998,20.980537249999998,middle,linear interpolation (R type 7),False,False
200006,2000-06-18,2000,6,19.62924,2000-06-18 06:00:00,19.146998,20.980537249999998,middle,linear interpolation (R type 7),False,False
200006,2000-06-19,2000,6,20.207752,2000-06-19 07:00:00,19.146998,20.980537249999998,middle,linear interpolation (R type 7),False,False
200006,2000-06-20,2000,6,20.827765,2000-06-20 07:00:00,19.146998,20.980537249999998,middle,linear interpolation (R type 7),False,False
200006,2000-06-21,2000,6,21.238523,2000-06-21 06:00:00,19.146998,20.980537249999998,high,linear interpolation (R type 7),False,False
200006,2000-06-22,2000,6,21.513962,2000-06-22 07:00:00,19.146998,20.980537249999998,high,linear interpolation (R type 7),False,False
200006,2000-06-23,2000,6,21.82843,2000-06-23 06:00:00,19.146998,20.980537249999998,high,linear interpolation (R type 7),False,False
200006,2000-06-24,2000,6,20.990702,2000-06-24 07:00:00,19.146998,20.980537249999998,high,linear interpolation (R type 7),False,False
200006,2000-06-25,2000,6,20.89831,2000-06-25 07:00:00,19.146998,20.980537249999998,middle,linear interpolation (R type 7),False,False
200006,2000-06-26,2000,6,21.356318,2000-06-26 08:00:00,19.146998,20.980537249999998,high,linear interpolation (R type 7),False,False
200006,2000-06-27,2000,6,21.693806,2000-06-27 07:00:00,19.146998,20.980537249999998,high,linear interpolation (R type 7),False,False
200006,2000-06-28,2000,6,21.789276,2000-06-28 06:00:00,19.146998,20.980537249999998,high,linear interpolation (R type 7),False,False
200006,2000-06-29,2000,6,20.950043,2000-06-29 07:00:00,19.146998,20.980537249999998,middle,linear interpolation (R type 7),False,False
200006,2000-06-30,2000,6,21.411304,2000-06-30 11:00:00,19.146998,20.980537249999998,high,linear interpolation (R type 7),False,False
200007,2000-07-01,2000,7,21.949518,2000-07-01 05:00:00,21.9374025,23.204529,middle,linear interpolation (R type 7),False,False
200007,2000-07-02,2000,7,21.785261,2000-07-02 07:00:00,21.9374025,23.204529,low,linear interpolation (R type 7),False,False
200007,2000-07-03,2000,7,22.29813,2000-07-03 06:00:00,21.9374025,23.204529,middle,linear interpolation (R type 7),False,False
200007,2000-07-04,2000,7,22.489237,2000-07-04 07:00:00,21.9374025,23.204529,middle,linear interpolation (R type 7),False,False
200007,2000-07-05,2000,7,22.92491,2000-07-05 07:00:00,21.9374025,23.204529,middle,linear interpolation (R type 7),False,False
200007,2000-07-06,2000,7,22.666159,2000-07-06 07:00:00,21.9374025,23.204529,middle,linear interpolation (R type 7),False,False
200007,2000-07-07,2000,7,22.294931,2000-07-07 07:00:00,21.9374025,23.204529,middle,linear interpolation (R type 7),False,False
200007,2000-07-08,2000,7,21.643951,2000-07-08 07:00:00,21.9374025,23.204529,low,linear interpolation (R type 7),False,False
200007,2000-07-09,2000,7,21.431417,2000-07-09 07:00:00,21.9374025,23.204529,low,linear interpolation (R type 7),False,False
200007,2000-07-10,2000,7,21.517677,2000-07-10 07:00:00,21.9374025,23.204529,low,linear interpolation (R type 7),False,False
200007,2000-07-11,2000,7,21.925287,2000-07-11 07:00:00,21.9374025,23.204529,low,linear interpolation (R type 7),False,False
200007,2000-07-12,2000,7,22.058765,2000-07-12 06:00:00,21.9374025,23.204529,middle,linear interpolation (R type 7),False,False
200007,2000-07-13,2000,7,22.314856,2000-07-13 07:00:00,21.9374025,23.204529,middle,linear interpolation (R type 7),False,False
200007,2000-07-14,2000,7,22.537985,2000-07-14 07:00:00,21.9374025,23.204529,middle,linear interpolation (R type 7),False,False
200007,2000-07-15,2000,7,22.797995,2000-07-15 06:00:00,21.9374025,23.204529,middle,linear interpolation (R type 7),False,False
200007,2000-07-16,2000,7,23.436024,2000-07-16 07:00:00,21.9374025,23.204529,high,linear interpolation (R type 7),False,False
200007,2000-07-17,2000,7,23.824371,2000-07-17 07:00:00,21.9374025,23.204529,high,linear interpolation (R type 7),False,False
200007,2000-07-18,2000,7,23.861225,2000-07-18 06:00:00,21.9374025,23.204529,high,linear interpolation (R type 7),False,False
200007,2000-07-19,2000,7,23.63912,2000-07-19 06:00:00,21.9374025,23.204529,high,linear interpolation (R type 7),False,False
200007,2000-07-20,2000,7,23.744291,2000-07-20 07:00:00,21.9374025,23.204529,high,linear interpolation (R type 7),False,False
200007,2000-07-21,2000,7,22.973034,2000-07-21 06:00:00,21.9374025,23.204529,middle,linear interpolation (R type 7),False,False
200007,2000-07-22,2000,7,22.305243,2000-07-22 06:00:00,21.9374025,23.204529,middle,linear interpolation (R type 7),False,False
200007,2000-07-23,2000,7,22.082508,2000-07-23 07:00:00,21.9374025,23.204529,middle,linear interpolation (R type 7),False,False
200007,2000-07-24,2000,7,22.597027,2000-07-24 10:00:00,21.9374025,23.204529,middle,linear interpolation (R type 7),False,False
200007,2000-07-25,2000,7,23.610567,2000-07-25 10:00:00,21.9374025,23.204529,high,linear interpolation (R type 7),False,False
200007,2000-07-26,2000,7,24.361673,2000-07-26 07:00:00,21.9374025,23.204529,high,linear interpolation (R type 7),False,False
200007,2000-07-27,2000,7,24.074455,2000-07-27 06:00:00,21.9374025,23.204529,high,linear interpolation (R type 7),False,False
200007,2000-07-28,2000,7,22.364872,2000-07-28 07:00:00,21.9374025,23.204529,middle,linear interpolation (R type 7),False,False
200007,2000-07-29,2000,7,20.77768,2000-07-29 04:00:00,21.9374025,23.204529,low,linear interpolation (R type 7),False,False
200007,2000-07-30,2000,7,19.790525,2000-07-30 10:00:00,21.9374025,23.204529,low,linear interpolation (R type 7),False,False
200007,2000-07-31,2000,7,20.400965,2000-07-31 11:00:00,21.9374025,23.204529,low,linear interpolation (R type 7),False,False
200008,2000-08-01,2000,8,20.949339,2000-08-01 10:00:00,21.035308999999998,22.53885,low,linear interpolation (R type 7),False,False
200008,2000-08-02,2000,8,21.35938,2000-08-02 05:00:00,21.035308999999998,22.53885,middle,linear interpolation (R type 7),False,False
200008,2000-08-03,2000,8,20.999092,2000-08-03 06:00:00,21.035308999999998,22.53885,low,linear interpolation (R type 7),False,False
200008,2000-08-04,2000,8,21.386383,2000-08-04 07:00:00,21.035308999999998,22.53885,middle,linear interpolation (R type 7),False,False
200008,2000-08-05,2000,8,21.716028,2000-08-05 08:00:00,21.035308999999998,22.53885,middle,linear interpolation (R type 7),False,False
200008,2000-08-06,2000,8,22.38691,2000-08-06 07:00:00,21.035308999999998,22.53885,middle,linear interpolation (R type 7),False,False
200008,2000-08-07,2000,8,22.683098,2000-08-07 07:00:00,21.035308999999998,22.53885,high,linear interpolation (R type 7),False,False
200008,2000-08-08,2000,8,22.750639,2000-08-08 07:00:00,21.035308999999998,22.53885,high,linear interpolation (R type 7),False,False
200008,2000-08-09,2000,8,23.061249,2000-08-09 07:00:00,21.035308999999998,22.53885,high,linear interpolation (R type 7),False,False
200008,2000-08-10,2000,8,23.630987,2000-08-10 07:00:00,21.035308999999998,22.53885,high,linear interpolation (R type 7),False,False
200008,2000-08-11,2000,8,23.717396,2000-08-11 06:00:00,21.035308999999998,22.53885,high,linear interpolation (R type 7),False,False
200008,2000-08-12,2000,8,23.564987,2000-08-12 07:00:00,21.035308999999998,22.53885,high,linear interpolation (R type 7),False,False
200008,2000-08-13,2000,8,23.30539,2000-08-13 06:00:00,21.035308999999998,22.53885,high,linear interpolation (R type 7),False,False
200008,2000-08-14,2000,8,22.831114,2000-08-14 06:00:00,21.035308999999998,22.53885,high,linear interpolation (R type 7),False,False
200008,2000-08-15,2000,8,22.394602,2000-08-15 05:00:00,21.035308999999998,22.53885,middle,linear interpolation (R type 7),False,False
200008,2000-08-16,2000,8,22.343542,2000-08-16 07:00:00,21.035308999999998,22.53885,middle,linear interpolation (R type 7),False,False
200008,2000-08-17,2000,8,22.069878,2000-08-17 06:00:00,21.035308999999998,22.53885,middle,linear interpolation (R type 7),False,False
200008,2000-08-18,2000,8,21.940174,2000-08-18 07:00:00,21.035308999999998,22.53885,middle,linear interpolation (R type 7),False,False
200008,2000-08-19,2000,8,21.606401,2000-08-19 05:00:00,21.035308999999998,22.53885,middle,linear interpolation (R type 7),False,False
200008,2000-08-20,2000,8,20.800539,2000-08-20 07:00:00,21.035308999999998,22.53885,low,linear interpolation (R type 7),False,False
200008,2000-08-21,2000,8,21.013128,2000-08-21 07:00:00,21.035308999999998,22.53885,low,linear interpolation (R type 7),False,False
200008,2000-08-22,2000,8,21.10183,2000-08-22 07:00:00,21.035308999999998,22.53885,middle,linear interpolation (R type 7),False,False
200008,2000-08-23,2000,8,21.226635,2000-08-23 06:00:00,21.035308999999998,22.53885,middle,linear interpolation (R type 7),False,False
200008,2000-08-24,2000,8,21.328045,2000-08-24 06:00:00,21.035308999999998,22.53885,middle,linear interpolation (R type 7),False,False
200008,2000-08-25,2000,8,21.459377,2000-08-25 06:00:00,21.035308999999998,22.53885,middle,linear interpolation (R type 7),False,False
200008,2000-08-26,2000,8,21.05749,2000-08-26 06:00:00,21.035308999999998,22.53885,middle,linear interpolation (R type 7),False,False
200008,2000-08-27,2000,8,20.599743,2000-08-27 06:00:00,21.035308999999998,22.53885,low,linear interpolation (R type 7),False,False
200008,2000-08-28,2000,8,20.44854,2000-08-28 06:00:00,21.035308999999998,22.53885,low,linear interpolation (R type 7),False,False
200008,2000-08-29,2000,8,20.642881,2000-08-29 06:00:00,21.035308999999998,22.53885,low,linear interpolation (R type 7),False,False
200008,2000-08-30,2000,8,20.893026,2000-08-30 06:00:00,21.035308999999998,22.53885,low,linear interpolation (R type 7),False,False
200008,2000-08-31,2000,8,21.151411,2000-08-31 07:00:00,21.035308999999998,22.53885,middle,linear interpolation (R type 7),False,False
200106,2001-06-01,2001,6,16.419798,2001-06-01 10:00:00,19.148244249999998,20.578388500000003,low,linear interpolation (R type 7),False,False
200106,2001-06-02,2001,6,16.809795,2001-06-02 07:00:00,19.148244249999998,20.578388500000003,low,linear interpolation (R type 7),False,False
200106,2001-06-03,2001,6,17.341242,2001-06-03 06:00:00,19.148244249999998,20.578388500000003,low,linear interpolation (R type 7),False,False
200106,2001-06-04,2001,6,17.891832,2001-06-04 05:00:00,19.148244249999998,20.578388500000003,low,linear interpolation (R type 7),False,False
200106,2001-06-05,2001,6,18.411459,2001-06-05 07:00:00,19.148244249999998,20.578388500000003,low,linear interpolation (R type 7),False,False
200106,2001-06-06,2001,6,18.858023,2001-06-06 05:00:00,19.148244249999998,20.578388500000003,low,linear interpolation (R type 7),False,False
200106,2001-06-07,2001,6,19.34609,2001-06-07 07:00:00,19.148244249999998,20.578388500000003,middle,linear interpolation (R type 7),False,False
200106,2001-06-08,2001,6,20.074778,2001-06-08 06:00:00,19.148244249999998,20.578388500000003,middle,linear interpolation (R type 7),False,False
200106,2001-06-09,2001,6,20.034266,2001-06-09 06:00:00,19.148244249999998,20.578388500000003,middle,linear interpolation (R type 7),False,False
200106,2001-06-10,2001,6,19.741692,2001-06-10 07:00:00,19.148244249999998,20.578388500000003,middle,linear interpolation (R type 7),False,False
200106,2001-06-11,2001,6,19.620401,2001-06-11 06:00:00,19.148244249999998,20.578388500000003,middle,linear interpolation (R type 7),False,False
200106,2001-06-12,2001,6,19.289158,2001-06-12 05:00:00,19.148244249999998,20.578388500000003,middle,linear interpolation (R type 7),False,False
200106,2001-06-13,2001,6,18.82561,2001-06-13 05:00:00,19.148244249999998,20.578388500000003,low,linear interpolation (R type 7),False,False
200106,2001-06-14,2001,6,19.101273,2001-06-14 07:00:00,19.148244249999998,20.578388500000003,low,linear interpolation (R type 7),False,False
200106,2001-06-15,2001,6,19.544188,2001-06-15 10:00:00,19.148244249999998,20.578388500000003,middle,linear interpolation (R type 7),False,False
200106,2001-06-16,2001,6,19.813488,2001-06-16 07:00:00,19.148244249999998,20.578388500000003,middle,linear interpolation (R type 7),False,False
200106,2001-06-17,2001,6,20.40613,2001-06-17 07:00:00,19.148244249999998,20.578388500000003,middle,linear interpolation (R type 7),False,False
200106,2001-06-18,2001,6,20.615728,2001-06-18 06:00:00,19.148244249999998,20.578388500000003,high,linear interpolation (R type 7),False,False
200106,2001-06-19,2001,6,20.439308,2001-06-19 07:00:00,19.148244249999998,20.578388500000003,middle,linear interpolation (R type 7),False,False
200106,2001-06-20,2001,6,20.321838,2001-06-20 07:00:00,19.148244249999998,20.578388500000003,middle,linear interpolation (R type 7),False,False
200106,2001-06-21,2001,6,19.680836,2001-06-21 05:00:00,19.148244249999998,20.578388500000003,middle,linear interpolation (R type 7),False,False
200106,2001-06-22,2001,6,19.78537,2001-06-22 07:00:00,19.148244249999998,20.578388500000003,middle,linear interpolation (R type 7),False,False
200106,2001-06-23,2001,6,20.46637,2001-06-23 06:00:00,19.148244249999998,20.578388500000003,middle,linear interpolation (R type 7),False,False
200106,2001-06-24,2001,6,20.980484,2001-06-24 07:00:00,19.148244249999998,20.578388500000003,high,linear interpolation (R type 7),False,False
200106,2001-06-25,2001,6,21.18882,2001-06-25 06:00:00,19.148244249999998,20.578388500000003,high,linear interpolation (R type 7),False,False
200106,2001-06-26,2001,6,21.636026,2001-06-26 06:00:00,19.148244249999998,20.578388500000003,high,linear interpolation (R type 7),False,False
200106,2001-06-27,2001,6,22.021452,2001-06-27 07:00:00,19.148244249999998,20.578388500000003,high,linear interpolation (R type 7),False,False
200106,2001-06-28,2001,6,22.014538,2001-06-28 07:00:00,19.148244249999998,20.578388500000003,high,linear interpolation (R type 7),False,False
200106,2001-06-29,2001,6,21.268532,2001-06-29 07:00:00,19.148244249999998,20.578388500000003,high,linear interpolation (R type 7),False,False
200106,2001-06-30,2001,6,21.731945,2001-06-30 07:00:00,19.148244249999998,20.578388500000003,high,linear interpolation (R type 7),False,False
200107,2001-07-01,2001,7,22.220201,2001-07-01 06:00:00,21.973157,22.540338,middle,linear interpolation (R type 7),False,False
200107,2001-07-02,2001,7,22.051659,2001-07-02 05:00:00,21.973157,22.540338,middle,linear interpolation (R type 7),False,False
200107,2001-07-03,2001,7,21.572454,2001-07-03 07:00:00,21.973157,22.540338,low,linear interpolation (R type 7),False,False
200107,2001-07-04,2001,7,21.875713,2001-07-04 11:00:00,21.973157,22.540338,low,linear interpolation (R type 7),False,False
200107,2001-07-05,2001,7,22.54655,2001-07-05 07:00:00,21.973157,22.540338,high,linear interpolation (R type 7),False,False
200107,2001-07-06,2001,7,22.530891,2001-07-06 07:00:00,21.973157,22.540338,middle,linear interpolation (R type 7),False,False
200107,2001-07-07,2001,7,22.04994,2001-07-07 07:00:00,21.973157,22.540338,middle,linear interpolation (R type 7),False,False
200107,2001-07-08,2001,7,22.673477,2001-07-08 07:00:00,21.973157,22.540338,high,linear interpolation (R type 7),False,False
200107,2001-07-09,2001,7,22.534126,2001-07-09 06:00:00,21.973157,22.540338,middle,linear interpolation (R type 7),False,False
200107,2001-07-10,2001,7,22.399723,2001-07-10 06:00:00,21.973157,22.540338,middle,linear interpolation (R type 7),False,False
200107,2001-07-11,2001,7,21.775782,2001-07-11 07:00:00,21.973157,22.540338,low,linear interpolation (R type 7),False,False
200107,2001-07-12,2001,7,21.914661,2001-07-12 07:00:00,21.973157,22.540338,low,linear interpolation (R type 7),False,False
200107,2001-07-13,2001,7,21.970217,2001-07-13 06:00:00,21.973157,22.540338,low,linear interpolation (R type 7),False,False
200107,2001-07-14,2001,7,22.031466,2001-07-14 06:00:00,21.973157,22.540338,middle,linear interpolation (R type 7),False,False
200107,2001-07-15,2001,7,21.993828,2001-07-15 07:00:00,21.973157,22.540338,middle,linear interpolation (R type 7),False,False
200107,2001-07-16,2001,7,21.976097,2001-07-16 07:00:00,21.973157,22.540338,middle,linear interpolation (R type 7),False,False
200107,2001-07-17,2001,7,21.765118,2001-07-17 06:00:00,21.973157,22.540338,low,linear interpolation (R type 7),False,False
200107,2001-07-18,2001,7,21.759377,2001-07-18 05:00:00,21.973157,22.540338,low,linear interpolation (R type 7),False,False
200107,2001-07-19,2001,7,22.200888,2001-07-19 05:00:00,21.973157,22.540338,middle,linear interpolation (R type 7),False,False
200107,2001-07-20,2001,7,22.70546,2001-07-20 07:00:00,21.973157,22.540338,high,linear interpolation (R type 7),False,False
200107,2001-07-21,2001,7,22.414341,2001-07-21 05:00:00,21.973157,22.540338,middle,linear interpolation (R type 7),False,False
200107,2001-07-22,2001,7,22.931879,2001-07-22 06:00:00,21.973157,22.540338,high,linear interpolation (R type 7),False,False
200107,2001-07-23,2001,7,23.510118,2001-07-23 07:00:00,21.973157,22.540338,high,linear interpolation (R type 7),False,False
200107,2001-07-24,2001,7,23.032307,2001-07-24 07:00:00,21.973157,22.540338,high,linear interpolation (R type 7),False,False
200107,2001-07-25,2001,7,22.829624,2001-07-25 07:00:00,21.973157,22.540338,high,linear interpolation (R type 7),False,False
200107,2001-07-26,2001,7,22.59318,2001-07-26 07:00:00,21.973157,22.540338,high,linear interpolation (R type 7),False,False
200107,2001-07-27,2001,7,21.929607,2001-07-27 05:00:00,21.973157,22.540338,low,linear interpolation (R type 7),False,False
200107,2001-07-28,2001,7,22.012844,2001-07-28 07:00:00,21.973157,22.540338,middle,linear interpolation (R type 7),False,False
200107,2001-07-29,2001,7,22.36617,2001-07-29 06:00:00,21.973157,22.540338,middle,linear interpolation (R type 7),False,False
200107,2001-07-30,2001,7,22.329985,2001-07-30 07:00:00,21.973157,22.540338,middle,linear interpolation (R type 7),False,False
200107,2001-07-31,2001,7,22.115026,2001-07-31 07:00:00,21.973157,22.540338,middle,linear interpolation (R type 7),False,False
200108,2001-08-01,2001,8,21.74587,2001-08-01 07:00:00,20.304555,21.647436,high,linear interpolation (R type 7),False,False
200108,2001-08-02,2001,8,21.658892,2001-08-02 07:00:00,20.304555,21.647436,high,linear interpolation (R type 7),False,False
200108,2001-08-03,2001,8,22.548801,2001-08-03 07:00:00,20.304555,21.647436,high,linear interpolation (R type 7),False,False
200108,2001-08-04,2001,8,23.17445,2001-08-04 06:00:00,20.304555,21.647436,high,linear interpolation (R type 7),False,False
200108,2001-08-05,2001,8,23.62792,2001-08-05 07:00:00,20.304555,21.647436,high,linear interpolation (R type 7),False,False
200108,2001-08-06,2001,8,23.769238,2001-08-06 05:00:00,20.304555,21.647436,high,linear interpolation (R type 7),False,False
200108,2001-08-07,2001,8,22.785316,2001-08-07 05:00:00,20.304555,21.647436,high,linear interpolation (R type 7),False,False
200108,2001-08-08,2001,8,21.614075,2001-08-08 06:00:00,20.304555,21.647436,middle,linear interpolation (R type 7),False,False
200108,2001-08-09,2001,8,21.521963,2001-08-09 07:00:00,20.304555,21.647436,middle,linear interpolation (R type 7),False,False
200108,2001-08-10,2001,8,20.874224,2001-08-10 05:00:00,20.304555,21.647436,middle,linear interpolation (R type 7),False,False
200108,2001-08-11,2001,8,20.074402,2001-08-11 05:00:00,20.304555,21.647436,low,linear interpolation (R type 7),False,False
200108,2001-08-12,2001,8,20.034111,2001-08-12 07:00:00,20.304555,21.647436,low,linear interpolation (R type 7),False,False
200108,2001-08-13,2001,8,20.416336,2001-08-13 07:00:00,20.304555,21.647436,middle,linear interpolation (R type 7),False,False
200108,2001-08-14,2001,8,21.10981,2001-08-14 06:00:00,20.304555,21.647436,middle,linear interpolation (R type 7),False,False
200108,2001-08-15,2001,8,21.659525,2001-08-15 06:00:00,20.304555,21.647436,high,linear interpolation (R type 7),False,False
200108,2001-08-16,2001,8,21.580416,2001-08-16 07:00:00,20.304555,21.647436,middle,linear interpolation (R type 7),False,False
200108,2001-08-17,2001,8,21.519527,2001-08-17 07:00:00,20.304555,21.647436,middle,linear interpolation (R type 7),False,False
200108,2001-08-18,2001,8,21.63598,2001-08-18 06:00:00,20.304555,21.647436,middle,linear interpolation (R type 7),False,False
200108,2001-08-19,2001,8,21.065708,2001-08-19 07:00:00,20.304555,21.647436,middle,linear interpolation (R type 7),False,False
200108,2001-08-20,2001,8,21.045889,2001-08-20 10:00:00,20.304555,21.647436,middle,linear interpolation (R type 7),False,False
200108,2001-08-21,2001,8,21.36215,2001-08-21 10:00:00,20.304555,21.647436,middle,linear interpolation (R type 7),False,False
200108,2001-08-22,2001,8,21.379036,2001-08-22 10:00:00,20.304555,21.647436,middle,linear interpolation (R type 7),False,False
200108,2001-08-23,2001,8,21.16358,2001-08-23 10:00:00,20.304555,21.647436,middle,linear interpolation (R type 7),False,False
200108,2001-08-24,2001,8,21.174503,2001-08-24 05:00:00,20.304555,21.647436,middle,linear interpolation (R type 7),False,False
200108,2001-08-25,2001,8,20.755934,2001-08-25 05:00:00,20.304555,21.647436,middle,linear interpolation (R type 7),False,False
200108,2001-08-26,2001,8,20.192774,2001-08-26 06:00:00,20.304555,21.647436,low,linear interpolation (R type 7),False,False
200108,2001-08-27,2001,8,19.467272,2001-08-27 07:00:00,20.304555,21.647436,low,linear interpolation (R type 7),False,False
200108,2001-08-28,2001,8,19.496124,2001-08-28 06:00:00,20.304555,21.647436,low,linear interpolation (R type 7),False,False
200108,2001-08-29,2001,8,19.869766,2001-08-29 06:00:00,20.304555,21.647436,low,linear interpolation (R type 7),False,False
200108,2001-08-30,2001,8,19.510302,2001-08-30 07:00:00,20.304555,21.647436,low,linear interpolation (R type 7),False,False
200108,2001-08-31,2001,8,19.524242,2001-08-31 07:00:00,20.304555,21.647436,low,linear interpolation (R type 7),False,False
200206,2002-06-01,2002,6,19.351078,2002-06-01 04:00:00,19.8084535,21.103402250000002,low,linear interpolation (R type 7),False,False
200206,2002-06-02,2002,6,19.206852,2002-06-02 07:00:00,19.8084535,21.103402250000002,low,linear interpolation (R type 7),False,False
200206,2002-06-03,2002,6,19.558119,2002-06-03 07:00:00,19.8084535,21.103402250000002,low,linear interpolation (R type 7),False,False
200206,2002-06-04,2002,6,20.27419,2002-06-04 07:00:00,19.8084535,21.103402250000002,middle,linear interpolation (R type 7),False,False
200206,2002-06-05,2002,6,20.72348,2002-06-05 05:00:00,19.8084535,21.103402250000002,middle,linear interpolation (R type 7),False,False
200206,2002-06-06,2002,6,21.073711,2002-06-06 07:00:00,19.8084535,21.103402250000002,middle,linear interpolation (R type 7),False,False
200206,2002-06-07,2002,6,20.931736,2002-06-07 06:00:00,19.8084535,21.103402250000002,middle,linear interpolation (R type 7),False,False
200206,2002-06-08,2002,6,20.420095,2002-06-08 06:00:00,19.8084535,21.103402250000002,middle,linear interpolation (R type 7),False,False
200206,2002-06-09,2002,6,19.896769,2002-06-09 06:00:00,19.8084535,21.103402250000002,middle,linear interpolation (R type 7),False,False
200206,2002-06-10,2002,6,19.163868,2002-06-10 05:00:00,19.8084535,21.103402250000002,low,linear interpolation (R type 7),False,False
200206,2002-06-11,2002,6,18.567614,2002-06-11 11:00:00,19.8084535,21.103402250000002,low,linear interpolation (R type 7),False,False
200206,2002-06-12,2002,6,19.062963,2002-06-12 11:00:00,19.8084535,21.103402250000002,low,linear interpolation (R type 7),False,False
200206,2002-06-13,2002,6,19.4618,2002-06-13 06:00:00,19.8084535,21.103402250000002,low,linear interpolation (R type 7),False,False
200206,2002-06-14,2002,6,19.779015,2002-06-14 07:00:00,19.8084535,21.103402250000002,low,linear interpolation (R type 7),False,False
200206,2002-06-15,2002,6,20.386536,2002-06-15 06:00:00,19.8084535,21.103402250000002,middle,linear interpolation (R type 7),False,False
200206,2002-06-16,2002,6,20.61142,2002-06-16 06:00:00,19.8084535,21.103402250000002,middle,linear interpolation (R type 7),False,False
200206,2002-06-17,2002,6,20.760424,2002-06-17 07:00:00,19.8084535,21.103402250000002,middle,linear interpolation (R type 7),False,False
200206,2002-06-18,2002,6,21.24072,2002-06-18 06:00:00,19.8084535,21.103402250000002,high,linear interpolation (R type 7),False,False
200206,2002-06-19,2002,6,21.38609,2002-06-19 07:00:00,19.8084535,21.103402250000002,high,linear interpolation (R type 7),False,False
200206,2002-06-20,2002,6,21.641012,2002-06-20 07:00:00,19.8084535,21.103402250000002,high,linear interpolation (R type 7),False,False
200206,2002-06-21,2002,6,21.666142,2002-06-21 06:00:00,19.8084535,21.103402250000002,high,linear interpolation (R type 7),False,False
200206,2002-06-22,2002,6,21.12213,2002-06-22 07:00:00,19.8084535,21.103402250000002,high,linear interpolation (R type 7),False,False
200206,2002-06-23,2002,6,20.942041,2002-06-23 06:00:00,19.8084535,21.103402250000002,middle,linear interpolation (R type 7),False,False
200206,2002-06-24,2002,6,20.491879,2002-06-24 06:00:00,19.8084535,21.103402250000002,middle,linear interpolation (R type 7),False,False
200206,2002-06-25,2002,6,20.692326,2002-06-25 06:00:00,19.8084535,21.103402250000002,middle,linear interpolation (R type 7),False,False
200206,2002-06-26,2002,6,21.166039,2002-06-26 06:00:00,19.8084535,21.103402250000002,high,linear interpolation (R type 7),False,False
200206,2002-06-27,2002,6,21.247284,2002-06-27 06:00:00,19.8084535,21.103402250000002,high,linear interpolation (R type 7),False,False
200206,2002-06-28,2002,6,20.772135,2002-06-28 07:00:00,19.8084535,21.103402250000002,middle,linear interpolation (R type 7),False,False
200206,2002-06-29,2002,6,21.085472,2002-06-29 07:00:00,19.8084535,21.103402250000002,middle,linear interpolation (R type 7),False,False
200206,2002-06-30,2002,6,21.109379,2002-06-30 05:00:00,19.8084535,21.103402250000002,high,linear interpolation (R type 7),False,False
200207,2002-07-01,2002,7,21.338486,2002-07-01 07:00:00,21.739901500000002,22.804654,low,linear interpolation (R type 7),False,False
200207,2002-07-02,2002,7,21.867321,2002-07-02 06:00:00,21.739901500000002,22.804654,middle,linear interpolation (R type 7),False,False
200207,2002-07-03,2002,7,22.30825,2002-07-03 06:00:00,21.739901500000002,22.804654,middle,linear interpolation (R type 7),False,False
200207,2002-07-04,2002,7,22.597795,2002-07-04 06:00:00,21.739901500000002,22.804654,middle,linear interpolation (R type 7),False,False
200207,2002-07-05,2002,7,22.461426,2002-07-05 07:00:00,21.739901500000002,22.804654,middle,linear interpolation (R type 7),False,False
200207,2002-07-06,2002,7,21.905157,2002-07-06 07:00:00,21.739901500000002,22.804654,middle,linear interpolation (R type 7),False,False
200207,2002-07-07,2002,7,21.71381,2002-07-07 07:00:00,21.739901500000002,22.804654,low,linear interpolation (R type 7),False,False
200207,2002-07-08,2002,7,21.675749,2002-07-08 06:00:00,21.739901500000002,22.804654,low,linear interpolation (R type 7),False,False
200207,2002-07-09,2002,7,21.789078,2002-07-09 11:00:00,21.739901500000002,22.804654,middle,linear interpolation (R type 7),False,False
200207,2002-07-10,2002,7,22.224787,2002-07-10 11:00:00,21.739901500000002,22.804654,middle,linear interpolation (R type 7),False,False
200207,2002-07-11,2002,7,22.729067,2002-07-11 11:00:00,21.739901500000002,22.804654,middle,linear interpolation (R type 7),False,False
200207,2002-07-12,2002,7,23.177006,2002-07-12 07:00:00,21.739901500000002,22.804654,high,linear interpolation (R type 7),False,False
200207,2002-07-13,2002,7,22.90819,2002-07-13 11:00:00,21.739901500000002,22.804654,high,linear interpolation (R type 7),False,False
200207,2002-07-14,2002,7,23.281672,2002-07-14 11:00:00,21.739901500000002,22.804654,high,linear interpolation (R type 7),False,False
200207,2002-07-15,2002,7,23.122076,2002-07-15 11:00:00,21.739901500000002,22.804654,high,linear interpolation (R type 7),False,False
200207,2002-07-16,2002,7,22.890266,2002-07-16 07:00:00,21.739901500000002,22.804654,high,linear interpolation (R type 7),False,False
200207,2002-07-17,2002,7,22.313663,2002-07-17 06:00:00,21.739901500000002,22.804654,middle,linear interpolation (R type 7),False,False
200207,2002-07-18,2002,7,21.951244,2002-07-18 06:00:00,21.739901500000002,22.804654,middle,linear interpolation (R type 7),False,False
200207,2002-07-19,2002,7,22.039436,2002-07-19 06:00:00,21.739901500000002,22.804654,middle,linear interpolation (R type 7),False,False
200207,2002-07-20,2002,7,21.85399,2002-07-20 07:00:00,21.739901500000002,22.804654,middle,linear interpolation (R type 7),False,False
200207,2002-07-21,2002,7,21.765993,2002-07-21 06:00:00,21.739901500000002,22.804654,middle,linear interpolation (R type 7),False,False
200207,2002-07-22,2002,7,21.77884,2002-07-22 06:00:00,21.739901500000002,22.804654,middle,linear interpolation (R type 7),False,False
200207,2002-07-23,2002,7,21.670698,2002-07-23 06:00:00,21.739901500000002,22.804654,low,linear interpolation (R type 7),False,False
200207,2002-07-24,2002,7,21.637564,2002-07-24 06:00:00,21.739901500000002,22.804654,low,linear interpolation (R type 7),False,False
200207,2002-07-25,2002,7,21.0472,2002-07-25 07:00:00,21.739901500000002,22.804654,low,linear interpolation (R type 7),False,False
200207,2002-07-26,2002,7,20.942974,2002-07-26 06:00:00,21.739901500000002,22.804654,low,linear interpolation (R type 7),False,False
200207,2002-07-27,2002,7,21.065184,2002-07-27 08:00:00,21.739901500000002,22.804654,low,linear interpolation (R type 7),False,False
200207,2002-07-28,2002,7,22.00975,2002-07-28 08:00:00,21.739901500000002,22.804654,middle,linear interpolation (R type 7),False,False
200207,2002-07-29,2002,7,22.880241,2002-07-29 07:00:00,21.739901500000002,22.804654,high,linear interpolation (R type 7),False,False
200207,2002-07-30,2002,7,23.438763,2002-07-30 07:00:00,21.739901500000002,22.804654,high,linear interpolation (R type 7),False,False
200207,2002-07-31,2002,7,23.871151,2002-07-31 06:00:00,21.739901500000002,22.804654,high,linear interpolation (R type 7),False,False
200208,2002-08-01,2002,8,24.322157,2002-08-01 06:00:00,20.0934915,22.274468499999998,high,linear interpolation (R type 7),False,False
200208,2002-08-02,2002,8,24.383066,2002-08-02 07:00:00,20.0934915,22.274468499999998,high,linear interpolation (R type 7),False,False
200208,2002-08-03,2002,8,24.304262,2002-08-03 06:00:00,20.0934915,22.274468499999998,high,linear interpolation (R type 7),False,False
200208,2002-08-04,2002,8,24.060171,2002-08-04 07:00:00,20.0934915,22.274468499999998,high,linear interpolation (R type 7),False,False
200208,2002-08-05,2002,8,22.81358,2002-08-05 05:00:00,20.0934915,22.274468499999998,high,linear interpolation (R type 7),False,False
200208,2002-08-06,2002,8,21.299385,2002-08-06 06:00:00,20.0934915,22.274468499999998,middle,linear interpolation (R type 7),False,False
200208,2002-08-07,2002,8,20.179956,2002-08-07 06:00:00,20.0934915,22.274468499999998,middle,linear interpolation (R type 7),False,False
200208,2002-08-08,2002,8,19.403402,2002-08-08 06:00:00,20.0934915,22.274468499999998,low,linear interpolation (R type 7),False,False
200208,2002-08-09,2002,8,18.70314,2002-08-09 07:00:00,20.0934915,22.274468499999998,low,linear interpolation (R type 7),False,False
200208,2002-08-10,2002,8,18.558464,2002-08-10 07:00:00,20.0934915,22.274468499999998,low,linear interpolation (R type 7),False,False
200208,2002-08-11,2002,8,18.966074,2002-08-11 07:00:00,20.0934915,22.274468499999998,low,linear interpolation (R type 7),False,False
200208,2002-08-12,2002,8,19.452316,2002-08-12 07:00:00,20.0934915,22.274468499999998,low,linear interpolation (R type 7),False,False
200208,2002-08-13,2002,8,19.848982,2002-08-13 07:00:00,20.0934915,22.274468499999998,low,linear interpolation (R type 7),False,False
200208,2002-08-14,2002,8,20.209085,2002-08-14 06:00:00,20.0934915,22.274468499999998,middle,linear interpolation (R type 7),False,False
200208,2002-08-15,2002,8,20.424082,2002-08-15 07:00:00,20.0934915,22.274468499999998,middle,linear interpolation (R type 7),False,False
200208,2002-08-16,2002,8,20.390268,2002-08-16 07:00:00,20.0934915,22.274468499999998,middle,linear interpolation (R type 7),False,False
200208,2002-08-17,2002,8,20.269876,2002-08-17 07:00:00,20.0934915,22.274468499999998,middle,linear interpolation (R type 7),False,False
200208,2002-08-18,2002,8,20.007027,2002-08-18 06:00:00,20.0934915,22.274468499999998,low,linear interpolation (R type 7),False,False
200208,2002-08-19,2002,8,19.97297,2002-08-19 07:00:00,20.0934915,22.274468499999998,low,linear interpolation (R type 7),False,False
200208,2002-08-20,2002,8,20.789957,2002-08-20 08:00:00,20.0934915,22.274468499999998,middle,linear interpolation (R type 7),False,False
200208,2002-08-21,2002,8,22.065071,2002-08-21 07:00:00,20.0934915,22.274468499999998,middle,linear interpolation (R type 7),False,False
200208,2002-08-22,2002,8,22.940006,2002-08-22 07:00:00,20.0934915,22.274468499999998,high,linear interpolation (R type 7),False,False
200208,2002-08-23,2002,8,22.54743,2002-08-23 07:00:00,20.0934915,22.274468499999998,high,linear interpolation (R type 7),False,False
200208,2002-08-24,2002,8,22.483866,2002-08-24 07:00:00,20.0934915,22.274468499999998,high,linear interpolation (R type 7),False,False
200208,2002-08-25,2002,8,21.974258,2002-08-25 06:00:00,20.0934915,22.274468499999998,middle,linear interpolation (R type 7),False,False
200208,2002-08-26,2002,8,21.481277,2002-08-26 05:00:00,20.0934915,22.274468499999998,middle,linear interpolation (R type 7),False,False
200208,2002-08-27,2002,8,21.235376,2002-08-27 05:00:00,20.0934915,22.274468499999998,middle,linear interpolation (R type 7),False,False
200208,2002-08-28,2002,8,21.42543,2002-08-28 05:00:00,20.0934915,22.274468499999998,middle,linear interpolation (R type 7),False,False
200208,2002-08-29,2002,8,20.694983,2002-08-29 05:00:00,20.0934915,22.274468499999998,middle,linear interpolation (R type 7),False,False
200208,2002-08-30,2002,8,20.99276,2002-08-30 04:00:00,20.0934915,22.274468499999998,middle,linear interpolation (R type 7),False,False
200208,2002-08-31,2002,8,21.597841,2002-08-31 10:00:00,20.0934915,22.274468499999998,middle,linear interpolation (R type 7),False,False
200306,2003-06-01,2003,6,18.520151,2003-06-01 06:00:00,18.51815375,20.4112425,middle,linear interpolation (R type 7),False,False
200306,2003-06-02,2003,6,18.1792,2003-06-02 05:00:00,18.51815375,20.4112425,low,linear interpolation (R type 7),False,False
200306,2003-06-03,2003,6,18.425196,2003-06-03 07:00:00,18.51815375,20.4112425,low,linear interpolation (R type 7),False,False
200306,2003-06-04,2003,6,18.992012,2003-06-04 07:00:00,18.51815375,20.4112425,middle,linear interpolation (R type 7),False,False
200306,2003-06-05,2003,6,18.810673,2003-06-05 06:00:00,18.51815375,20.4112425,middle,linear interpolation (R type 7),False,False
200306,2003-06-06,2003,6,18.804579,2003-06-06 06:00:00,18.51815375,20.4112425,middle,linear interpolation (R type 7),False,False
200306,2003-06-07,2003,6,18.69564,2003-06-07 06:00:00,18.51815375,20.4112425,middle,linear interpolation (R type 7),False,False
200306,2003-06-08,2003,6,19.334442,2003-06-08 07:00:00,18.51815375,20.4112425,middle,linear interpolation (R type 7),False,False
200306,2003-06-09,2003,6,19.246641,2003-06-09 05:00:00,18.51815375,20.4112425,middle,linear interpolation (R type 7),False,False
200306,2003-06-10,2003,6,17.547178,2003-06-10 06:00:00,18.51815375,20.4112425,low,linear interpolation (R type 7),False,False
200306,2003-06-11,2003,6,16.54619,2003-06-11 06:00:00,18.51815375,20.4112425,low,linear interpolation (R type 7),False,False
200306,2003-06-12,2003,6,16.873812,2003-06-12 06:00:00,18.51815375,20.4112425,low,linear interpolation (R type 7),False,False
200306,2003-06-13,2003,6,17.203121,2003-06-13 06:00:00,18.51815375,20.4112425,low,linear interpolation (R type 7),False,False
200306,2003-06-14,2003,6,17.931124,2003-06-14 11:00:00,18.51815375,20.4112425,low,linear interpolation (R type 7),False,False
200306,2003-06-15,2003,6,18.517488,2003-06-15 11:00:00,18.51815375,20.4112425,low,linear interpolation (R type 7),False,False
200306,2003-06-16,2003,6,18.826805,2003-06-16 10:00:00,18.51815375,20.4112425,middle,linear interpolation (R type 7),False,False
200306,2003-06-17,2003,6,19.559345,2003-06-17 11:00:00,18.51815375,20.4112425,middle,linear interpolation (R type 7),False,False
200306,2003-06-18,2003,6,20.158928,2003-06-18 11:00:00,18.51815375,20.4112425,middle,linear interpolation (R type 7),False,False
200306,2003-06-19,2003,6,20.829298,2003-06-19 07:00:00,18.51815375,20.4112425,high,linear interpolation (R type 7),False,False
200306,2003-06-20,2003,6,21.573858,2003-06-20 07:00:00,18.51815375,20.4112425,high,linear interpolation (R type 7),False,False
200306,2003-06-21,2003,6,22.023314,2003-06-21 06:00:00,18.51815375,20.4112425,high,linear interpolation (R type 7),False,False
200306,2003-06-22,2003,6,21.79915,2003-06-22 06:00:00,18.51815375,20.4112425,high,linear interpolation (R type 7),False,False
200306,2003-06-23,2003,6,21.089174,2003-06-23 06:00:00,18.51815375,20.4112425,high,linear interpolation (R type 7),False,False
200306,2003-06-24,2003,6,20.634039,2003-06-24 07:00:00,18.51815375,20.4112425,high,linear interpolation (R type 7),False,False
200306,2003-06-25,2003,6,20.632744,2003-06-25 10:00:00,18.51815375,20.4112425,high,linear interpolation (R type 7),False,False
200306,2003-06-26,2003,6,20.319548,2003-06-26 06:00:00,18.51815375,20.4112425,middle,linear interpolation (R type 7),False,False
200306,2003-06-27,2003,6,19.83238,2003-06-27 06:00:00,18.51815375,20.4112425,middle,linear interpolation (R type 7),False,False
200306,2003-06-28,2003,6,20.170826,2003-06-28 07:00:00,18.51815375,20.4112425,middle,linear interpolation (R type 7),False,False
200306,2003-06-29,2003,6,20.362602,2003-06-29 10:00:00,18.51815375,20.4112425,middle,linear interpolation (R type 7),False,False
200306,2003-06-30,2003,6,20.427456,2003-06-30 10:00:00,18.51815375,20.4112425,high,linear interpolation (R type 7),False,False
200307,2003-07-01,2003,7,20.92361,2003-07-01 10:00:00,21.115864000000002,23.130533999999997,low,linear interpolation (R type 7),False,False
200307,2003-07-02,2003,7,21.289404,2003-07-02 07:00:00,21.115864000000002,23.130533999999997,middle,linear interpolation (R type 7),False,False
200307,2003-07-03,2003,7,21.349491,2003-07-03 06:00:00,21.115864000000002,23.130533999999997,middle,linear interpolation (R type 7),False,False
200307,2003-07-04,2003,7,20.99003,2003-07-04 07:00:00,21.115864000000002,23.130533999999997,low,linear interpolation (R type 7),False,False
200307,2003-07-05,2003,7,21.093136,2003-07-05 07:00:00,21.115864000000002,23.130533999999997,low,linear interpolation (R type 7),False,False
200307,2003-07-06,2003,7,20.949078,2003-07-06 06:00:00,21.115864000000002,23.130533999999997,low,linear interpolation (R type 7),False,False
200307,2003-07-07,2003,7,21.085453,2003-07-07 06:00:00,21.115864000000002,23.130533999999997,low,linear interpolation (R type 7),False,False
200307,2003-07-08,2003,7,20.626429,2003-07-08 07:00:00,21.115864000000002,23.130533999999997,low,linear interpolation (R type 7),False,False
200307,2003-07-09,2003,7,20.451336,2003-07-09 11:00:00,21.115864000000002,23.130533999999997,low,linear interpolation (R type 7),False,False
200307,2003-07-10,2003,7,20.59831,2003-07-10 07:00:00,21.115864000000002,23.130533999999997,low,linear interpolation (R type 7),False,False
200307,2003-07-11,2003,7,21.138592,2003-07-11 06:00:00,21.115864000000002,23.130533999999997,middle,linear interpolation (R type 7),False,False
200307,2003-07-12,2003,7,21.607084,2003-07-12 08:00:00,21.115864000000002,23.130533999999997,middle,linear interpolation (R type 7),False,False
200307,2003-07-13,2003,7,21.63022,2003-07-13 09:00:00,21.115864000000002,23.130533999999997,middle,linear interpolation (R type 7),False,False
200307,2003-07-14,2003,7,21.779718,2003-07-14 10:00:00,21.115864000000002,23.130533999999997,middle,linear interpolation (R type 7),False,False
200307,2003-07-15,2003,7,21.79662,2003-07-15 10:00:00,21.115864000000002,23.130533999999997,middle,linear interpolation (R type 7),False,False
200307,2003-07-16,2003,7,21.710585,2003-07-16 07:00:00,21.115864000000002,23.130533999999997,middle,linear interpolation (R type 7),False,False
200307,2003-07-17,2003,7,21.49147,2003-07-17 07:00:00,21.115864000000002,23.130533999999997,middle,linear interpolation (R type 7),False,False
200307,2003-07-18,2003,7,22.230806,2003-07-18 07:00:00,21.115864000000002,23.130533999999997,middle,linear interpolation (R type 7),False,False
200307,2003-07-19,2003,7,22.104343,2003-07-19 07:00:00,21.115864000000002,23.130533999999997,middle,linear interpolation (R type 7),False,False
200307,2003-07-20,2003,7,22.107363,2003-07-20 06:00:00,21.115864000000002,23.130533999999997,middle,linear interpolation (R type 7),False,False
200307,2003-07-21,2003,7,22.30186,2003-07-21 06:00:00,21.115864000000002,23.130533999999997,middle,linear interpolation (R type 7),False,False
200307,2003-07-22,2003,7,22.333635,2003-07-22 06:00:00,21.115864000000002,23.130533999999997,middle,linear interpolation (R type 7),False,False
200307,2003-07-23,2003,7,23.041317,2003-07-23 07:00:00,21.115864000000002,23.130533999999997,middle,linear interpolation (R type 7),False,False
200307,2003-07-24,2003,7,23.617678,2003-07-24 06:00:00,21.115864000000002,23.130533999999997,high,linear interpolation (R type 7),False,False
200307,2003-07-25,2003,7,23.602106,2003-07-25 06:00:00,21.115864000000002,23.130533999999997,high,linear interpolation (R type 7),False,False
200307,2003-07-26,2003,7,23.8841,2003-07-26 07:00:00,21.115864000000002,23.130533999999997,high,linear interpolation (R type 7),False,False
200307,2003-07-27,2003,7,23.539127,2003-07-27 07:00:00,21.115864000000002,23.130533999999997,high,linear interpolation (R type 7),False,False
200307,2003-07-28,2003,7,23.492079,2003-07-28 10:00:00,21.115864000000002,23.130533999999997,high,linear interpolation (R type 7),False,False
200307,2003-07-29,2003,7,23.886768,2003-07-29 10:00:00,21.115864000000002,23.130533999999997,high,linear interpolation (R type 7),False,False
200307,2003-07-30,2003,7,23.616762,2003-07-30 07:00:00,21.115864000000002,23.130533999999997,high,linear interpolation (R type 7),False,False
200307,2003-07-31,2003,7,23.219751,2003-07-31 10:00:00,21.115864000000002,23.130533999999997,high,linear interpolation (R type 7),False,False
200308,2003-08-01,2003,8,22.72525,2003-08-01 05:00:00,20.3037215,22.6959115,high,linear interpolation (R type 7),False,False
200308,2003-08-02,2003,8,22.505184,2003-08-02 07:00:00,20.3037215,22.6959115,middle,linear interpolation (R type 7),False,False
200308,2003-08-03,2003,8,22.443346,2003-08-03 06:00:00,20.3037215,22.6959115,middle,linear interpolation (R type 7),False,False
200308,2003-08-04,2003,8,22.993534,2003-08-04 07:00:00,20.3037215,22.6959115,high,linear interpolation (R type 7),False,False
200308,2003-08-05,2003,8,23.479904,2003-08-05 06:00:00,20.3037215,22.6959115,high,linear interpolation (R type 7),False,False
200308,2003-08-06,2003,8,23.198929,2003-08-06 06:00:00,20.3037215,22.6959115,high,linear interpolation (R type 7),False,False
200308,2003-08-07,2003,8,23.219133,2003-08-07 06:00:00,20.3037215,22.6959115,high,linear interpolation (R type 7),False,False
200308,2003-08-08,2003,8,22.988619,2003-08-08 07:00:00,20.3037215,22.6959115,high,linear interpolation (R type 7),False,False
200308,2003-08-09,2003,8,22.369013,2003-08-09 05:00:00,20.3037215,22.6959115,middle,linear interpolation (R type 7),False,False
200308,2003-08-10,2003,8,21.255068,2003-08-10 05:00:00,20.3037215,22.6959115,middle,linear interpolation (R type 7),False,False
200308,2003-08-11,2003,8,20.203554,2003-08-11 05:00:00,20.3037215,22.6959115,low,linear interpolation (R type 7),False,False
200308,2003-08-12,2003,8,20.069847,2003-08-12 06:00:00,20.3037215,22.6959115,low,linear interpolation (R type 7),False,False
200308,2003-08-13,2003,8,20.393242,2003-08-13 06:00:00,20.3037215,22.6959115,middle,linear interpolation (R type 7),False,False
200308,2003-08-14,2003,8,20.623821,2003-08-14 06:00:00,20.3037215,22.6959115,middle,linear interpolation (R type 7),False,False
200308,2003-08-15,2003,8,19.652216,2003-08-15 06:00:00,20.3037215,22.6959115,low,linear interpolation (R type 7),False,False
200308,2003-08-16,2003,8,19.41769,2003-08-16 06:00:00,20.3037215,22.6959115,low,linear interpolation (R type 7),False,False
200308,2003-08-17,2003,8,20.214201,2003-08-17 06:00:00,20.3037215,22.6959115,low,linear interpolation (R type 7),False,False
200308,2003-08-18,2003,8,20.98215,2003-08-18 06:00:00,20.3037215,22.6959115,middle,linear interpolation (R type 7),False,False
200308,2003-08-19,2003,8,21.548956,2003-08-19 08:00:00,20.3037215,22.6959115,middle,linear interpolation (R type 7),False,False
200308,2003-08-20,2003,8,22.095938,2003-08-20 07:00:00,20.3037215,22.6959115,middle,linear interpolation (R type 7),False,False
200308,2003-08-21,2003,8,22.512278,2003-08-21 07:00:00,20.3037215,22.6959115,middle,linear interpolation (R type 7),False,False
200308,2003-08-22,2003,8,22.993938,2003-08-22 06:00:00,20.3037215,22.6959115,high,linear interpolation (R type 7),False,False
200308,2003-08-23,2003,8,22.922482,2003-08-23 07:00:00,20.3037215,22.6959115,high,linear interpolation (R type 7),False,False
200308,2003-08-24,2003,8,22.666573,2003-08-24 07:00:00,20.3037215,22.6959115,middle,linear interpolation (R type 7),False,False
200308,2003-08-25,2003,8,21.961935,2003-08-25 05:00:00,20.3037215,22.6959115,middle,linear interpolation (R type 7),False,False
200308,2003-08-26,2003,8,21.59775,2003-08-26 07:00:00,20.3037215,22.6959115,middle,linear interpolation (R type 7),False,False
200308,2003-08-27,2003,8,22.185715,2003-08-27 07:00:00,20.3037215,22.6959115,middle,linear interpolation (R type 7),False,False
200308,2003-08-28,2003,8,21.49762,2003-08-28 06:00:00,20.3037215,22.6959115,middle,linear interpolation (R type 7),False,False
200308,2003-08-29,2003,8,19.603806,2003-08-29 06:00:00,20.3037215,22.6959115,low,linear interpolation (R type 7),False,False
200308,2003-08-30,2003,8,18.7501,2003-08-30 06:00:00,20.3037215,22.6959115,low,linear interpolation (R type 7),False,False
200308,2003-08-31,2003,8,19.094381,2003-08-31 06:00:00,20.3037215,22.6959115,low,linear interpolation (R type 7),False,False
200406,2004-06-01,2004,6,16.579126,2004-06-01 06:00:00,17.6784165,20.9923845,low,linear interpolation (R type 7),False,False
200406,2004-06-02,2004,6,17.466208,2004-06-02 06:00:00,17.6784165,20.9923845,low,linear interpolation (R type 7),False,False
200406,2004-06-03,2004,6,17.551767,2004-06-03 06:00:00,17.6784165,20.9923845,low,linear interpolation (R type 7),False,False
200406,2004-06-04,2004,6,17.492626,2004-06-04 07:00:00,17.6784165,20.9923845,low,linear interpolation (R type 7),False,False
200406,2004-06-05,2004,6,16.26481,2004-06-05 07:00:00,17.6784165,20.9923845,low,linear interpolation (R type 7),False,False
200406,2004-06-06,2004,6,16.240643,2004-06-06 07:00:00,17.6784165,20.9923845,low,linear interpolation (R type 7),False,False
200406,2004-06-07,2004,6,17.055668,2004-06-07 06:00:00,17.6784165,20.9923845,low,linear interpolation (R type 7),False,False
200406,2004-06-08,2004,6,17.477127,2004-06-08 11:00:00,17.6784165,20.9923845,low,linear interpolation (R type 7),False,False
200406,2004-06-09,2004,6,18.058365,2004-06-09 11:00:00,17.6784165,20.9923845,middle,linear interpolation (R type 7),False,False
200406,2004-06-10,2004,6,18.121138,2004-06-10 10:00:00,17.6784165,20.9923845,middle,linear interpolation (R type 7),False,False
200406,2004-06-11,2004,6,18.281069,2004-06-11 05:00:00,17.6784165,20.9923845,middle,linear interpolation (R type 7),False,False
200406,2004-06-12,2004,6,18.19408,2004-06-12 10:00:00,17.6784165,20.9923845,middle,linear interpolation (R type 7),False,False
200406,2004-06-13,2004,6,18.446157,2004-06-13 10:00:00,17.6784165,20.9923845,middle,linear interpolation (R type 7),False,False
200406,2004-06-14,2004,6,18.731636,2004-06-14 07:00:00,17.6784165,20.9923845,middle,linear interpolation (R type 7),False,False
200406,2004-06-15,2004,6,18.68467,2004-06-15 06:00:00,17.6784165,20.9923845,middle,linear interpolation (R type 7),False,False
200406,2004-06-16,2004,6,18.704473,2004-06-16 06:00:00,17.6784165,20.9923845,middle,linear interpolation (R type 7),False,False
200406,2004-06-17,2004,6,19.6847,2004-06-17 06:00:00,17.6784165,20.9923845,middle,linear interpolation (R type 7),False,False
200406,2004-06-18,2004,6,19.81185,2004-06-18 07:00:00,17.6784165,20.9923845,middle,linear interpolation (R type 7),False,False
200406,2004-06-19,2004,6,19.969812,2004-06-19 07:00:00,17.6784165,20.9923845,middle,linear interpolation (R type 7),False,False
200406,2004-06-20,2004,6,20.112871,2004-06-20 07:00:00,17.6784165,20.9923845,middle,linear interpolation (R type 7),False,False
200406,2004-06-21,2004,6,20.599535,2004-06-21 06:00:00,17.6784165,20.9923845,middle,linear interpolation (R type 7),False,False
200406,2004-06-22,2004,6,21.123306,2004-06-22 06:00:00,17.6784165,20.9923845,high,linear interpolation (R type 7),False,False
200406,2004-06-23,2004,6,21.04286,2004-06-23 07:00:00,17.6784165,20.9923845,high,linear interpolation (R type 7),False,False
200406,2004-06-24,2004,6,20.840958,2004-06-24 06:00:00,17.6784165,20.9923845,middle,linear interpolation (R type 7),False,False
200406,2004-06-25,2004,6,21.121357,2004-06-25 07:00:00,17.6784165,20.9923845,high,linear interpolation (R type 7),False,False
200406,2004-06-26,2004,6,21.837637,2004-06-26 06:00:00,17.6784165,20.9923845,high,linear interpolation (R type 7),False,False
200406,2004-06-27,2004,6,22.634407,2004-06-27 07:00:00,17.6784165,20.9923845,high,linear interpolation (R type 7),False,False
200406,2004-06-28,2004,6,23.410448,2004-06-28 07:00:00,17.6784165,20.9923845,high,linear interpolation (R type 7),False,False
200406,2004-06-29,2004,6,23.095076,2004-06-29 07:00:00,17.6784165,20.9923845,high,linear interpolation (R type 7),False,False
200406,2004-06-30,2004,6,21.575663,2004-06-30 05:00:00,17.6784165,20.9923845,high,linear interpolation (R type 7),False,False
200407,2004-07-01,2004,7,21.63632,2004-07-01 06:00:00,21.345460000000003,22.316554,middle,linear interpolation (R type 7),False,False
200407,2004-07-02,2004,7,21.97021,2004-07-02 11:00:00,21.345460000000003,22.316554,middle,linear interpolation (R type 7),False,False
200407,2004-07-03,2004,7,21.788876,2004-07-03 05:00:00,21.345460000000003,22.316554,middle,linear interpolation (R type 7),False,False
200407,2004-07-04,2004,7,21.59366,2004-07-04 06:00:00,21.345460000000003,22.316554,middle,linear interpolation (R type 7),False,False
200407,2004-07-05,2004,7,21.109695,2004-07-05 04:00:00,21.345460000000003,22.316554,low,linear interpolation (R type 7),False,False
200407,2004-07-06,2004,7,20.74185,2004-07-06 06:00:00,21.345460000000003,22.316554,low,linear interpolation (R type 7),False,False
200407,2004-07-07,2004,7,21.031439,2004-07-07 07:00:00,21.345460000000003,22.316554,low,linear interpolation (R type 7),False,False
200407,2004-07-08,2004,7,21.391249,2004-07-08 05:00:00,21.345460000000003,22.316554,middle,linear interpolation (R type 7),False,False
200407,2004-07-09,2004,7,21.391024,2004-07-09 05:00:00,21.345460000000003,22.316554,middle,linear interpolation (R type 7),False,False
200407,2004-07-10,2004,7,21.16953,2004-07-10 06:00:00,21.345460000000003,22.316554,low,linear interpolation (R type 7),False,False
200407,2004-07-11,2004,7,20.911816,2004-07-11 06:00:00,21.345460000000003,22.316554,low,linear interpolation (R type 7),False,False
200407,2004-07-12,2004,7,20.950397,2004-07-12 06:00:00,21.345460000000003,22.316554,low,linear interpolation (R type 7),False,False
200407,2004-07-13,2004,7,20.97396,2004-07-13 06:00:00,21.345460000000003,22.316554,low,linear interpolation (R type 7),False,False
200407,2004-07-14,2004,7,21.299896,2004-07-14 06:00:00,21.345460000000003,22.316554,low,linear interpolation (R type 7),False,False
200407,2004-07-15,2004,7,21.67128,2004-07-15 06:00:00,21.345460000000003,22.316554,middle,linear interpolation (R type 7),False,False
200407,2004-07-16,2004,7,21.753996,2004-07-16 07:00:00,21.345460000000003,22.316554,middle,linear interpolation (R type 7),False,False
200407,2004-07-17,2004,7,21.772562,2004-07-17 07:00:00,21.345460000000003,22.316554,middle,linear interpolation (R type 7),False,False
200407,2004-07-18,2004,7,21.758345,2004-07-18 07:00:00,21.345460000000003,22.316554,middle,linear interpolation (R type 7),False,False
200407,2004-07-19,2004,7,22.162107,2004-07-19 07:00:00,21.345460000000003,22.316554,middle,linear interpolation (R type 7),False,False
200407,2004-07-20,2004,7,22.579285,2004-07-20 06:00:00,21.345460000000003,22.316554,high,linear interpolation (R type 7),False,False
200407,2004-07-21,2004,7,22.857224,2004-07-21 07:00:00,21.345460000000003,22.316554,high,linear interpolation (R type 7),False,False
200407,2004-07-22,2004,7,23.034954,2004-07-22 07:00:00,21.345460000000003,22.316554,high,linear interpolation (R type 7),False,False
200407,2004-07-23,2004,7,23.142208,2004-07-23 07:00:00,21.345460000000003,22.316554,high,linear interpolation (R type 7),False,False
200407,2004-07-24,2004,7,22.353456,2004-07-24 11:00:00,21.345460000000003,22.316554,high,linear interpolation (R type 7),False,False
200407,2004-07-25,2004,7,22.375648,2004-07-25 10:00:00,21.345460000000003,22.316554,high,linear interpolation (R type 7),False,False
200407,2004-07-26,2004,7,22.136332,2004-07-26 06:00:00,21.345460000000003,22.316554,middle,linear interpolation (R type 7),False,False
200407,2004-07-27,2004,7,22.335468,2004-07-27 07:00:00,21.345460000000003,22.316554,high,linear interpolation (R type 7),False,False
200407,2004-07-28,2004,7,22.61073,2004-07-28 07:00:00,21.345460000000003,22.316554,high,linear interpolation (R type 7),False,False
200407,2004-07-29,2004,7,22.29764,2004-07-29 06:00:00,21.345460000000003,22.316554,middle,linear interpolation (R type 7),False,False
200407,2004-07-30,2004,7,21.437626,2004-07-30 06:00:00,21.345460000000003,22.316554,middle,linear interpolation (R type 7),False,False
200407,2004-07-31,2004,7,21.77784,2004-07-31 07:00:00,21.345460000000003,22.316554,middle,linear interpolation (R type 7),False,False
200408,2004-08-01,2004,8,22.579367,2004-08-01 07:00:00,20.3918665,22.443043000000003,high,linear interpolation (R type 7),False,False
200408,2004-08-02,2004,8,23.181215,2004-08-02 06:00:00,20.3918665,22.443043000000003,high,linear interpolation (R type 7),False,False
200408,2004-08-03,2004,8,23.172503,2004-08-03 07:00:00,20.3918665,22.443043000000003,high,linear interpolation (R type 7),False,False
200408,2004-08-04,2004,8,22.181988,2004-08-04 07:00:00,20.3918665,22.443043000000003,middle,linear interpolation (R type 7),False,False
200408,2004-08-05,2004,8,21.852697,2004-08-05 07:00:00,20.3918665,22.443043000000003,middle,linear interpolation (R type 7),False,False
200408,2004-08-06,2004,8,22.306719,2004-08-06 07:00:00,20.3918665,22.443043000000003,middle,linear interpolation (R type 7),False,False
200408,2004-08-07,2004,8,23.034992,2004-08-07 07:00:00,20.3918665,22.443043000000003,high,linear interpolation (R type 7),False,False
200408,2004-08-08,2004,8,23.60487,2004-08-08 07:00:00,20.3918665,22.443043000000003,high,linear interpolation (R type 7),False,False
200408,2004-08-09,2004,8,23.895618,2004-08-09 07:00:00,20.3918665,22.443043000000003,high,linear interpolation (R type 7),False,False
200408,2004-08-10,2004,8,23.640787,2004-08-10 07:00:00,20.3918665,22.443043000000003,high,linear interpolation (R type 7),False,False
200408,2004-08-11,2004,8,23.190617,2004-08-11 05:00:00,20.3918665,22.443043000000003,high,linear interpolation (R type 7),False,False
200408,2004-08-12,2004,8,22.078333,2004-08-12 06:00:00,20.3918665,22.443043000000003,middle,linear interpolation (R type 7),False,False
200408,2004-08-13,2004,8,21.537472,2004-08-13 06:00:00,20.3918665,22.443043000000003,middle,linear interpolation (R type 7),False,False
200408,2004-08-14,2004,8,20.912746,2004-08-14 06:00:00,20.3918665,22.443043000000003,middle,linear interpolation (R type 7),False,False
200408,2004-08-15,2004,8,20.282495,2004-08-15 07:00:00,20.3918665,22.443043000000003,low,linear interpolation (R type 7),False,False
200408,2004-08-16,2004,8,20.208643,2004-08-16 06:00:00,20.3918665,22.443043000000003,low,linear interpolation (R type 7),False,False
200408,2004-08-17,2004,8,20.626383,2004-08-17 07:00:00,20.3918665,22.443043000000003,middle,linear interpolation (R type 7),False,False
200408,2004-08-18,2004,8,20.80643,2004-08-18 06:00:00,20.3918665,22.443043000000003,middle,linear interpolation (R type 7),False,False
200408,2004-08-19,2004,8,20.378162,2004-08-19 06:00:00,20.3918665,22.443043000000003,low,linear interpolation (R type 7),False,False
200408,2004-08-20,2004,8,20.194864,2004-08-20 06:00:00,20.3918665,22.443043000000003,low,linear interpolation (R type 7),False,False
200408,2004-08-21,2004,8,20.405571,2004-08-21 06:00:00,20.3918665,22.443043000000003,middle,linear interpolation (R type 7),False,False
200408,2004-08-22,2004,8,20.52148,2004-08-22 07:00:00,20.3918665,22.443043000000003,middle,linear interpolation (R type 7),False,False
200408,2004-08-23,2004,8,20.81238,2004-08-23 07:00:00,20.3918665,22.443043000000003,middle,linear interpolation (R type 7),False,False
200408,2004-08-24,2004,8,21.063831,2004-08-24 07:00:00,20.3918665,22.443043000000003,middle,linear interpolation (R type 7),False,False
200408,2004-08-25,2004,8,21.07042,2004-08-25 06:00:00,20.3918665,22.443043000000003,middle,linear interpolation (R type 7),False,False
200408,2004-08-26,2004,8,21.289585,2004-08-26 07:00:00,20.3918665,22.443043000000003,middle,linear interpolation (R type 7),False,False
200408,2004-08-27,2004,8,20.513407,2004-08-27 07:00:00,20.3918665,22.443043000000003,middle,linear interpolation (R type 7),False,False
200408,2004-08-28,2004,8,19.773993,2004-08-28 06:00:00,20.3918665,22.443043000000003,low,linear interpolation (R type 7),False,False
200408,2004-08-29,2004,8,19.29533,2004-08-29 06:00:00,20.3918665,22.443043000000003,low,linear interpolation (R type 7),False,False
200408,2004-08-30,2004,8,19.315758,2004-08-30 10:00:00,20.3918665,22.443043000000003,low,linear interpolation (R type 7),False,False
200408,2004-08-31,2004,8,19.901693,2004-08-31 10:00:00,20.3918665,22.443043000000003,low,linear interpolation (R type 7),False,False
200506,2005-06-01,2005,6,18.448868,2005-06-01 06:00:00,19.50089625,21.2003375,low,linear interpolation (R type 7),False,False
200506,2005-06-02,2005,6,18.873457,2005-06-02 11:00:00,19.50089625,21.2003375,low,linear interpolation (R type 7),False,False
200506,2005-06-03,2005,6,19.337236,2005-06-03 10:00:00,19.50089625,21.2003375,low,linear interpolation (R type 7),False,False
200506,2005-06-04,2005,6,19.573341,2005-06-04 06:00:00,19.50089625,21.2003375,middle,linear interpolation (R type 7),False,False
200506,2005-06-05,2005,6,18.191246,2005-06-05 06:00:00,19.50089625,21.2003375,low,linear interpolation (R type 7),False,False
200506,2005-06-06,2005,6,17.797035,2005-06-06 10:00:00,19.50089625,21.2003375,low,linear interpolation (R type 7),False,False
200506,2005-06-07,2005,6,18.565306,2005-06-07 07:00:00,19.50089625,21.2003375,low,linear interpolation (R type 7),False,False
200506,2005-06-08,2005,6,19.229557,2005-06-08 07:00:00,19.50089625,21.2003375,low,linear interpolation (R type 7),False,False
200506,2005-06-09,2005,6,19.790602,2005-06-09 06:00:00,19.50089625,21.2003375,middle,linear interpolation (R type 7),False,False
200506,2005-06-10,2005,6,19.476748,2005-06-10 06:00:00,19.50089625,21.2003375,low,linear interpolation (R type 7),False,False
200506,2005-06-11,2005,6,19.611504,2005-06-11 06:00:00,19.50089625,21.2003375,middle,linear interpolation (R type 7),False,False
200506,2005-06-12,2005,6,19.6917,2005-06-12 06:00:00,19.50089625,21.2003375,middle,linear interpolation (R type 7),False,False
200506,2005-06-13,2005,6,19.839222,2005-06-13 06:00:00,19.50089625,21.2003375,middle,linear interpolation (R type 7),False,False
200506,2005-06-14,2005,6,20.369116,2005-06-14 06:00:00,19.50089625,21.2003375,middle,linear interpolation (R type 7),False,False
200506,2005-06-15,2005,6,19.940844,2005-06-15 06:00:00,19.50089625,21.2003375,middle,linear interpolation (R type 7),False,False
200506,2005-06-16,2005,6,20.073324,2005-06-16 05:00:00,19.50089625,21.2003375,middle,linear interpolation (R type 7),False,False
200506,2005-06-17,2005,6,20.450836,2005-06-17 06:00:00,19.50089625,21.2003375,middle,linear interpolation (R type 7),False,False
200506,2005-06-18,2005,6,20.537756,2005-06-18 06:00:00,19.50089625,21.2003375,middle,linear interpolation (R type 7),False,False
200506,2005-06-19,2005,6,20.870348,2005-06-19 05:00:00,19.50089625,21.2003375,middle,linear interpolation (R type 7),False,False
200506,2005-06-20,2005,6,20.669855,2005-06-20 05:00:00,19.50089625,21.2003375,middle,linear interpolation (R type 7),False,False
200506,2005-06-21,2005,6,21.002789,2005-06-21 05:00:00,19.50089625,21.2003375,middle,linear interpolation (R type 7),False,False
200506,2005-06-22,2005,6,21.06458,2005-06-22 11:00:00,19.50089625,21.2003375,middle,linear interpolation (R type 7),False,False
200506,2005-06-23,2005,6,21.301924,2005-06-23 05:00:00,19.50089625,21.2003375,high,linear interpolation (R type 7),False,False
200506,2005-06-24,2005,6,21.405853,2005-06-24 07:00:00,19.50089625,21.2003375,high,linear interpolation (R type 7),False,False
200506,2005-06-25,2005,6,21.5925,2005-06-25 06:00:00,19.50089625,21.2003375,high,linear interpolation (R type 7),False,False
200506,2005-06-26,2005,6,21.24559,2005-06-26 06:00:00,19.50089625,21.2003375,high,linear interpolation (R type 7),False,False
200506,2005-06-27,2005,6,21.283728,2005-06-27 06:00:00,19.50089625,21.2003375,high,linear interpolation (R type 7),False,False
200506,2005-06-28,2005,6,21.740145,2005-06-28 06:00:00,19.50089625,21.2003375,high,linear interpolation (R type 7),False,False
200506,2005-06-29,2005,6,21.840668,2005-06-29 06:00:00,19.50089625,21.2003375,high,linear interpolation (R type 7),False,False
200506,2005-06-30,2005,6,22.208157,2005-06-30 06:00:00,19.50089625,21.2003375,high,linear interpolation (R type 7),False,False
200507,2005-07-01,2005,7,22.057583,2005-07-01 06:00:00,21.6190235,22.8937305,middle,linear interpolation (R type 7),False,False
200507,2005-07-02,2005,7,21.722971,2005-07-02 07:00:00,21.6190235,22.8937305,middle,linear interpolation (R type 7),False,False
200507,2005-07-03,2005,7,21.515076,2005-07-03 06:00:00,21.6190235,22.8937305,low,linear interpolation (R type 7),False,False
200507,2005-07-04,2005,7,21.417273,2005-07-04 06:00:00,21.6190235,22.8937305,low,linear interpolation (R type 7),False,False
200507,2005-07-05,2005,7,21.242447,2005-07-05 10:00:00,21.6190235,22.8937305,low,linear interpolation (R type 7),False,False
200507,2005-07-06,2005,7,21.4895,2005-07-06 10:00:00,21.6190235,22.8937305,low,linear interpolation (R type 7),False,False
200507,2005-07-07,2005,7,21.95473,2005-07-07 08:00:00,21.6190235,22.8937305,middle,linear interpolation (R type 7),False,False
200507,2005-07-08,2005,7,21.94626,2005-07-08 07:00:00,21.6190235,22.8937305,middle,linear interpolation (R type 7),False,False
200507,2005-07-09,2005,7,21.25768,2005-07-09 07:00:00,21.6190235,22.8937305,low,linear interpolation (R type 7),False,False
200507,2005-07-10,2005,7,20.85386,2005-07-10 06:00:00,21.6190235,22.8937305,low,linear interpolation (R type 7),False,False
200507,2005-07-11,2005,7,20.805643,2005-07-11 06:00:00,21.6190235,22.8937305,low,linear interpolation (R type 7),False,False
200507,2005-07-12,2005,7,21.207596,2005-07-12 06:00:00,21.6190235,22.8937305,low,linear interpolation (R type 7),False,False
200507,2005-07-13,2005,7,21.9704,2005-07-13 06:00:00,21.6190235,22.8937305,middle,linear interpolation (R type 7),False,False
200507,2005-07-14,2005,7,22.553856,2005-07-14 06:00:00,21.6190235,22.8937305,middle,linear interpolation (R type 7),False,False
200507,2005-07-15,2005,7,23.168005,2005-07-15 06:00:00,21.6190235,22.8937305,high,linear interpolation (R type 7),False,False
200507,2005-07-16,2005,7,23.372766,2005-07-16 07:00:00,21.6190235,22.8937305,high,linear interpolation (R type 7),False,False
200507,2005-07-17,2005,7,23.253607,2005-07-17 06:00:00,21.6190235,22.8937305,high,linear interpolation (R type 7),False,False
200507,2005-07-18,2005,7,23.470661,2005-07-18 07:00:00,21.6190235,22.8937305,high,linear interpolation (R type 7),False,False
200507,2005-07-19,2005,7,23.183706,2005-07-19 06:00:00,21.6190235,22.8937305,high,linear interpolation (R type 7),False,False
200507,2005-07-20,2005,7,22.51735,2005-07-20 07:00:00,21.6190235,22.8937305,middle,linear interpolation (R type 7),False,False
200507,2005-07-21,2005,7,22.507141,2005-07-21 06:00:00,21.6190235,22.8937305,middle,linear interpolation (R type 7),False,False
200507,2005-07-22,2005,7,22.686737,2005-07-22 06:00:00,21.6190235,22.8937305,middle,linear interpolation (R type 7),False,False
200507,2005-07-23,2005,7,22.828354,2005-07-23 06:00:00,21.6190235,22.8937305,middle,linear interpolation (R type 7),False,False
200507,2005-07-24,2005,7,22.850723,2005-07-24 06:00:00,21.6190235,22.8937305,middle,linear interpolation (R type 7),False,False
200507,2005-07-25,2005,7,22.85649,2005-07-25 06:00:00,21.6190235,22.8937305,middle,linear interpolation (R type 7),False,False
200507,2005-07-26,2005,7,23.017036,2005-07-26 07:00:00,21.6190235,22.8937305,high,linear interpolation (R type 7),False,False
200507,2005-07-27,2005,7,22.658838,2005-07-27 06:00:00,21.6190235,22.8937305,middle,linear interpolation (R type 7),False,False
200507,2005-07-28,2005,7,21.928194,2005-07-28 11:00:00,21.6190235,22.8937305,middle,linear interpolation (R type 7),False,False
200507,2005-07-29,2005,7,22.403116,2005-07-29 11:00:00,21.6190235,22.8937305,middle,linear interpolation (R type 7),False,False
200507,2005-07-30,2005,7,22.971338,2005-07-30 07:00:00,21.6190235,22.8937305,high,linear interpolation (R type 7),False,False
200507,2005-07-31,2005,7,22.930971,2005-07-31 06:00:00,21.6190235,22.8937305,high,linear interpolation (R type 7),False,False
200508,2005-08-01,2005,8,22.924074,2005-08-01 06:00:00,19.4634735,22.631053,high,linear interpolation (R type 7),False,False
200508,2005-08-02,2005,8,22.441124,2005-08-02 06:00:00,19.4634735,22.631053,middle,linear interpolation (R type 7),False,False
200508,2005-08-03,2005,8,22.121246,2005-08-03 06:00:00,19.4634735,22.631053,middle,linear interpolation (R type 7),False,False
200508,2005-08-04,2005,8,22.147219,2005-08-04 06:00:00,19.4634735,22.631053,middle,linear interpolation (R type 7),False,False
200508,2005-08-05,2005,8,22.108135,2005-08-05 06:00:00,19.4634735,22.631053,middle,linear interpolation (R type 7),False,False
200508,2005-08-06,2005,8,21.98975,2005-08-06 06:00:00,19.4634735,22.631053,middle,linear interpolation (R type 7),False,False
200508,2005-08-07,2005,8,22.152521,2005-08-07 07:00:00,19.4634735,22.631053,middle,linear interpolation (R type 7),False,False
200508,2005-08-08,2005,8,22.139315,2005-08-08 07:00:00,19.4634735,22.631053,middle,linear interpolation (R type 7),False,False
200508,2005-08-09,2005,8,22.887087,2005-08-09 08:00:00,19.4634735,22.631053,high,linear interpolation (R type 7),False,False
200508,2005-08-10,2005,8,23.396112,2005-08-10 07:00:00,19.4634735,22.631053,high,linear interpolation (R type 7),False,False
200508,2005-08-11,2005,8,23.855534,2005-08-11 07:00:00,19.4634735,22.631053,high,linear interpolation (R type 7),False,False
200508,2005-08-12,2005,8,23.87951,2005-08-12 07:00:00,19.4634735,22.631053,high,linear interpolation (R type 7),False,False
200508,2005-08-13,2005,8,24.189219,2005-08-13 06:00:00,19.4634735,22.631053,high,linear interpolation (R type 7),False,False
200508,2005-08-14,2005,8,24.19878,2005-08-14 06:00:00,19.4634735,22.631053,high,linear interpolation (R type 7),False,False
200508,2005-08-15,2005,8,22.820982,2005-08-15 06:00:00,19.4634735,22.631053,high,linear interpolation (R type 7),False,False
200508,2005-08-16,2005,8,21.176786,2005-08-16 06:00:00,19.4634735,22.631053,middle,linear interpolation (R type 7),False,False
200508,2005-08-17,2005,8,19.623644,2005-08-17 06:00:00,19.4634735,22.631053,middle,linear interpolation (R type 7),False,False
200508,2005-08-18,2005,8,19.216993,2005-08-18 06:00:00,19.4634735,22.631053,low,linear interpolation (R type 7),False,False
200508,2005-08-19,2005,8,18.612263,2005-08-19 06:00:00,19.4634735,22.631053,low,linear interpolation (R type 7),False,False
200508,2005-08-20,2005,8,18.345688,2005-08-20 10:00:00,19.4634735,22.631053,low,linear interpolation (R type 7),False,False
200508,2005-08-21,2005,8,18.65207,2005-08-21 07:00:00,19.4634735,22.631053,low,linear interpolation (R type 7),False,False
200508,2005-08-22,2005,8,18.884499,2005-08-22 06:00:00,19.4634735,22.631053,low,linear interpolation (R type 7),False,False
200508,2005-08-23,2005,8,19.303303,2005-08-23 06:00:00,19.4634735,22.631053,low,linear interpolation (R type 7),False,False
200508,2005-08-24,2005,8,19.208973,2005-08-24 06:00:00,19.4634735,22.631053,low,linear interpolation (R type 7),False,False
200508,2005-08-25,2005,8,19.268034,2005-08-25 10:00:00,19.4634735,22.631053,low,linear interpolation (R type 7),False,False
200508,2005-08-26,2005,8,19.914421,2005-08-26 06:00:00,19.4634735,22.631053,middle,linear interpolation (R type 7),False,False
200508,2005-08-27,2005,8,20.702993,2005-08-27 07:00:00,19.4634735,22.631053,middle,linear interpolation (R type 7),False,False
200508,2005-08-28,2005,8,21.123281,2005-08-28 05:00:00,19.4634735,22.631053,middle,linear interpolation (R type 7),False,False
200508,2005-08-29,2005,8,21.334967,2005-08-29 06:00:00,19.4634735,22.631053,middle,linear interpolation (R type 7),False,False
200508,2005-08-30,2005,8,20.846134,2005-08-30 06:00:00,19.4634735,22.631053,middle,linear interpolation (R type 7),False,False
200508,2005-08-31,2005,8,20.769045,2005-08-31 07:00:00,19.4634735,22.631053,middle,linear interpolation (R type 7),False,False
200606,2006-06-01,2006,6,19.026575,2006-06-01 06:00:00,18.706903500000003,21.23975125,middle,linear interpolation (R type 7),False,False
200606,2006-06-02,2006,6,18.644108,2006-06-02 06:00:00,18.706903500000003,21.23975125,low,linear interpolation (R type 7),False,False
200606,2006-06-03,2006,6,18.649378,2006-06-03 06:00:00,18.706903500000003,21.23975125,low,linear interpolation (R type 7),False,False
200606,2006-06-04,2006,6,18.8491,2006-06-04 06:00:00,18.706903500000003,21.23975125,middle,linear interpolation (R type 7),False,False
200606,2006-06-05,2006,6,19.317364,2006-06-05 06:00:00,18.706903500000003,21.23975125,middle,linear interpolation (R type 7),False,False
200606,2006-06-06,2006,6,19.210335,2006-06-06 06:00:00,18.706903500000003,21.23975125,middle,linear interpolation (R type 7),False,False
200606,2006-06-07,2006,6,18.353779,2006-06-07 06:00:00,18.706903500000003,21.23975125,low,linear interpolation (R type 7),False,False
200606,2006-06-08,2006,6,17.489494,2006-06-08 06:00:00,18.706903500000003,21.23975125,low,linear interpolation (R type 7),False,False
200606,2006-06-09,2006,6,17.307674,2006-06-09 06:00:00,18.706903500000003,21.23975125,low,linear interpolation (R type 7),False,False
200606,2006-06-10,2006,6,17.520721,2006-06-10 11:00:00,18.706903500000003,21.23975125,low,linear interpolation (R type 7),False,False
200606,2006-06-11,2006,6,18.714264,2006-06-11 10:00:00,18.706903500000003,21.23975125,middle,linear interpolation (R type 7),False,False
200606,2006-06-12,2006,6,19.300356,2006-06-12 06:00:00,18.706903500000003,21.23975125,middle,linear interpolation (R type 7),False,False
200606,2006-06-13,2006,6,18.931852,2006-06-13 06:00:00,18.706903500000003,21.23975125,middle,linear interpolation (R type 7),False,False
200606,2006-06-14,2006,6,18.60756,2006-06-14 06:00:00,18.706903500000003,21.23975125,low,linear interpolation (R type 7),False,False
200606,2006-06-15,2006,6,18.70445,2006-06-15 11:00:00,18.706903500000003,21.23975125,low,linear interpolation (R type 7),False,False
200606,2006-06-16,2006,6,19.799704,2006-06-16 06:00:00,18.706903500000003,21.23975125,middle,linear interpolation (R type 7),False,False
200606,2006-06-17,2006,6,20.218115,2006-06-17 06:00:00,18.706903500000003,21.23975125,middle,linear interpolation (R type 7),False,False
200606,2006-06-18,2006,6,20.557907,2006-06-18 06:00:00,18.706903500000003,21.23975125,middle,linear interpolation (R type 7),False,False
200606,2006-06-19,2006,6,20.881117,2006-06-19 05:00:00,18.706903500000003,21.23975125,middle,linear interpolation (R type 7),False,False
200606,2006-06-20,2006,6,21.26802,2006-06-20 06:00:00,18.706903500000003,21.23975125,high,linear interpolation (R type 7),False,False
200606,2006-06-21,2006,6,21.443949,2006-06-21 06:00:00,18.706903500000003,21.23975125,high,linear interpolation (R type 7),False,False
200606,2006-06-22,2006,6,21.017015,2006-06-22 06:00:00,18.706903500000003,21.23975125,middle,linear interpolation (R type 7),False,False
200606,2006-06-23,2006,6,20.918453,2006-06-23 06:00:00,18.706903500000003,21.23975125,middle,linear interpolation (R type 7),False,False
200606,2006-06-24,2006,6,21.154945,2006-06-24 06:00:00,18.706903500000003,21.23975125,middle,linear interpolation (R type 7),False,False
200606,2006-06-25,2006,6,21.757208,2006-06-25 05:00:00,18.706903500000003,21.23975125,high,linear interpolation (R type 7),False,False
200606,2006-06-26,2006,6,21.776989,2006-06-26 05:00:00,18.706903500000003,21.23975125,high,linear interpolation (R type 7),False,False
200606,2006-06-27,2006,6,22.195927,2006-06-27 06:00:00,18.706903500000003,21.23975125,high,linear interpolation (R type 7),False,False
200606,2006-06-28,2006,6,22.428082,2006-06-28 06:00:00,18.706903500000003,21.23975125,high,linear interpolation (R type 7),False,False
200606,2006-06-29,2006,6,22.120466,2006-06-29 06:00:00,18.706903500000003,21.23975125,high,linear interpolation (R type 7),False,False
200606,2006-06-30,2006,6,22.313728,2006-06-30 06:00:00,18.706903500000003,21.23975125,high,linear interpolation (R type 7),False,False
200607,2006-07-01,2006,7,22.527096,2006-07-01 06:00:00,22.4759,23.163545499999998,middle,linear interpolation (R type 7),False,False
200607,2006-07-02,2006,7,22.967611,2006-07-02 06:00:00,22.4759,23.163545499999998,middle,linear interpolation (R type 7),False,False
200607,2006-07-03,2006,7,22.944986,2006-07-03 07:00:00,22.4759,23.163545499999998,middle,linear interpolation (R type 7),False,False
200607,2006-07-04,2006,7,22.567638,2006-07-04 06:00:00,22.4759,23.163545499999998,middle,linear interpolation (R type 7),False,False
200607,2006-07-05,2006,7,22.424704,2006-07-05 06:00:00,22.4759,23.163545499999998,low,linear interpolation (R type 7),False,False
200607,2006-07-06,2006,7,22.610172,2006-07-06 06:00:00,22.4759,23.163545499999998,middle,linear interpolation (R type 7),False,False
200607,2006-07-07,2006,7,22.943365,2006-07-07 06:00:00,22.4759,23.163545499999998,middle,linear interpolation (R type 7),False,False
200607,2006-07-08,2006,7,23.028763,2006-07-08 06:00:00,22.4759,23.163545499999998,middle,linear interpolation (R type 7),False,False
200607,2006-07-09,2006,7,22.799475,2006-07-09 06:00:00,22.4759,23.163545499999998,middle,linear interpolation (R type 7),False,False
200607,2006-07-10,2006,7,22.648506,2006-07-10 06:00:00,22.4759,23.163545499999998,middle,linear interpolation (R type 7),False,False
200607,2006-07-11,2006,7,23.080824,2006-07-11 06:00:00,22.4759,23.163545499999998,middle,linear interpolation (R type 7),False,False
200607,2006-07-12,2006,7,23.850407,2006-07-12 06:00:00,22.4759,23.163545499999998,high,linear interpolation (R type 7),False,False
200607,2006-07-13,2006,7,24.263254,2006-07-13 06:00:00,22.4759,23.163545499999998,high,linear interpolation (R type 7),False,False
200607,2006-07-14,2006,7,24.065668,2006-07-14 07:00:00,22.4759,23.163545499999998,high,linear interpolation (R type 7),False,False
200607,2006-07-15,2006,7,23.893997,2006-07-15 06:00:00,22.4759,23.163545499999998,high,linear interpolation (R type 7),False,False
200607,2006-07-16,2006,7,23.576803,2006-07-16 06:00:00,22.4759,23.163545499999998,high,linear interpolation (R type 7),False,False
200607,2006-07-17,2006,7,23.186245,2006-07-17 06:00:00,22.4759,23.163545499999998,high,linear interpolation (R type 7),False,False
200607,2006-07-18,2006,7,23.140846,2006-07-18 06:00:00,22.4759,23.163545499999998,middle,linear interpolation (R type 7),False,False
200607,2006-07-19,2006,7,23.305328,2006-07-19 06:00:00,22.4759,23.163545499999998,high,linear interpolation (R type 7),False,False
200607,2006-07-20,2006,7,23.404505,2006-07-20 06:00:00,22.4759,23.163545499999998,high,linear interpolation (R type 7),False,False
200607,2006-07-21,2006,7,22.94192,2006-07-21 06:00:00,22.4759,23.163545499999998,middle,linear interpolation (R type 7),False,False
200607,2006-07-22,2006,7,21.519451,2006-07-22 06:00:00,22.4759,23.163545499999998,low,linear interpolation (R type 7),False,False
200607,2006-07-23,2006,7,20.879637,2006-07-23 06:00:00,22.4759,23.163545499999998,low,linear interpolation (R type 7),False,False
200607,2006-07-24,2006,7,21.21446,2006-07-24 06:00:00,22.4759,23.163545499999998,low,linear interpolation (R type 7),False,False
200607,2006-07-25,2006,7,21.359095,2006-07-25 06:00:00,22.4759,23.163545499999998,low,linear interpolation (R type 7),False,False
200607,2006-07-26,2006,7,21.593515,2006-07-26 06:00:00,22.4759,23.163545499999998,low,linear interpolation (R type 7),False,False
200607,2006-07-27,2006,7,21.877043,2006-07-27 07:00:00,22.4759,23.163545499999998,low,linear interpolation (R type 7),False,False
200607,2006-07-28,2006,7,22.21841,2006-07-28 06:00:00,22.4759,23.163545499999998,low,linear interpolation (R type 7),False,False
200607,2006-07-29,2006,7,22.946964,2006-07-29 06:00:00,22.4759,23.163545499999998,middle,linear interpolation (R type 7),False,False
200607,2006-07-30,2006,7,22.923908,2006-07-30 06:00:00,22.4759,23.163545499999998,middle,linear interpolation (R type 7),False,False
200607,2006-07-31,2006,7,22.652367,2006-07-31 05:00:00,22.4759,23.163545499999998,middle,linear interpolation (R type 7),False,False
200608,2006-08-01,2006,8,22.021524,2006-08-01 06:00:00,21.8779465,23.158786,middle,linear interpolation (R type 7),False,False
200608,2006-08-02,2006,8,22.1524,2006-08-02 06:00:00,21.8779465,23.158786,middle,linear interpolation (R type 7),False,False
200608,2006-08-03,2006,8,22.136314,2006-08-03 06:00:00,21.8779465,23.158786,middle,linear interpolation (R type 7),False,False
200608,2006-08-04,2006,8,22.011744,2006-08-04 06:00:00,21.8779465,23.158786,middle,linear interpolation (R type 7),False,False
200608,2006-08-05,2006,8,22.531176,2006-08-05 06:00:00,21.8779465,23.158786,middle,linear interpolation (R type 7),False,False
200608,2006-08-06,2006,8,22.865858,2006-08-06 06:00:00,21.8779465,23.158786,middle,linear interpolation (R type 7),False,False
200608,2006-08-07,2006,8,23.193823,2006-08-07 06:00:00,21.8779465,23.158786,high,linear interpolation (R type 7),False,False
200608,2006-08-08,2006,8,23.377432,2006-08-08 06:00:00,21.8779465,23.158786,high,linear interpolation (R type 7),False,False
200608,2006-08-09,2006,8,23.537916,2006-08-09 06:00:00,21.8779465,23.158786,high,linear interpolation (R type 7),False,False
200608,2006-08-10,2006,8,23.914188,2006-08-10 06:00:00,21.8779465,23.158786,high,linear interpolation (R type 7),False,False
200608,2006-08-11,2006,8,23.91581,2006-08-11 07:00:00,21.8779465,23.158786,high,linear interpolation (R type 7),False,False
200608,2006-08-12,2006,8,23.61352,2006-08-12 06:00:00,21.8779465,23.158786,high,linear interpolation (R type 7),False,False
200608,2006-08-13,2006,8,23.501934,2006-08-13 06:00:00,21.8779465,23.158786,high,linear interpolation (R type 7),False,False
200608,2006-08-14,2006,8,23.399626,2006-08-14 07:00:00,21.8779465,23.158786,high,linear interpolation (R type 7),False,False
200608,2006-08-15,2006,8,23.123749,2006-08-15 05:00:00,21.8779465,23.158786,middle,linear interpolation (R type 7),False,False
200608,2006-08-16,2006,8,22.926025,2006-08-16 06:00:00,21.8779465,23.158786,middle,linear interpolation (R type 7),False,False
200608,2006-08-17,2006,8,22.726122,2006-08-17 05:00:00,21.8779465,23.158786,middle,linear interpolation (R type 7),False,False
200608,2006-08-18,2006,8,21.87343,2006-08-18 06:00:00,21.8779465,23.158786,low,linear interpolation (R type 7),False,False
200608,2006-08-19,2006,8,21.254435,2006-08-19 06:00:00,21.8779465,23.158786,low,linear interpolation (R type 7),False,False
200608,2006-08-20,2006,8,20.11114,2006-08-20 06:00:00,21.8779465,23.158786,low,linear interpolation (R type 7),False,False
200608,2006-08-21,2006,8,19.405869,2006-08-21 06:00:00,21.8779465,23.158786,low,linear interpolation (R type 7),False,False
200608,2006-08-22,2006,8,19.959623,2006-08-22 07:00:00,21.8779465,23.158786,low,linear interpolation (R type 7),False,False
200608,2006-08-23,2006,8,20.813335,2006-08-23 06:00:00,21.8779465,23.158786,low,linear interpolation (R type 7),False,False
200608,2006-08-24,2006,8,21.465412,2006-08-24 06:00:00,21.8779465,23.158786,low,linear interpolation (R type 7),False,False
200608,2006-08-25,2006,8,22.116772,2006-08-25 06:00:00,21.8779465,23.158786,middle,linear interpolation (R type 7),False,False
200608,2006-08-26,2006,8,21.960022,2006-08-26 06:00:00,21.8779465,23.158786,middle,linear interpolation (R type 7),False,False
200608,2006-08-27,2006,8,22.248352,2006-08-27 07:00:00,21.8779465,23.158786,middle,linear interpolation (R type 7),False,False
200608,2006-08-28,2006,8,22.278795,2006-08-28 07:00:00,21.8779465,23.158786,middle,linear interpolation (R type 7),False,False
200608,2006-08-29,2006,8,21.91633,2006-08-29 06:00:00,21.8779465,23.158786,middle,linear interpolation (R type 7),False,False
200608,2006-08-30,2006,8,21.752674,2006-08-30 07:00:00,21.8779465,23.158786,low,linear interpolation (R type 7),False,False
200608,2006-08-31,2006,8,21.882463,2006-08-31 10:00:00,21.8779465,23.158786,middle,linear interpolation (R type 7),False,False
200706,2007-06-01,2007,6,18.560247,2007-06-01 06:00:00,18.90375125,21.049647999999998,low,linear interpolation (R type 7),False,False
200706,2007-06-02,2007,6,19.09774,2007-06-02 06:00:00,18.90375125,21.049647999999998,middle,linear interpolation (R type 7),False,False
200706,2007-06-03,2007,6,18.945122,2007-06-03 06:00:00,18.90375125,21.049647999999998,middle,linear interpolation (R type 7),False,False
200706,2007-06-04,2007,6,18.589384,2007-06-04 07:00:00,18.90375125,21.049647999999998,low,linear interpolation (R type 7),False,False
200706,2007-06-05,2007,6,19.367981,2007-06-05 06:00:00,18.90375125,21.049647999999998,middle,linear interpolation (R type 7),False,False
200706,2007-06-06,2007,6,19.866539,2007-06-06 05:00:00,18.90375125,21.049647999999998,middle,linear interpolation (R type 7),False,False
200706,2007-06-07,2007,6,19.837973,2007-06-07 04:00:00,18.90375125,21.049647999999998,middle,linear interpolation (R type 7),False,False
200706,2007-06-08,2007,6,19.77158,2007-06-08 05:00:00,18.90375125,21.049647999999998,middle,linear interpolation (R type 7),False,False
200706,2007-06-09,2007,6,18.889961,2007-06-09 05:00:00,18.90375125,21.049647999999998,low,linear interpolation (R type 7),False,False
200706,2007-06-10,2007,6,18.598282,2007-06-10 07:00:00,18.90375125,21.049647999999998,low,linear interpolation (R type 7),False,False
200706,2007-06-11,2007,6,18.567553,2007-06-11 07:00:00,18.90375125,21.049647999999998,low,linear interpolation (R type 7),False,False
200706,2007-06-12,2007,6,18.83828,2007-06-12 07:00:00,18.90375125,21.049647999999998,low,linear interpolation (R type 7),False,False
200706,2007-06-13,2007,6,18.84486,2007-06-13 06:00:00,18.90375125,21.049647999999998,low,linear interpolation (R type 7),False,False
200706,2007-06-14,2007,6,18.855198,2007-06-14 07:00:00,18.90375125,21.049647999999998,low,linear interpolation (R type 7),False,False
200706,2007-06-15,2007,6,19.264614,2007-06-15 07:00:00,18.90375125,21.049647999999998,middle,linear interpolation (R type 7),False,False
200706,2007-06-16,2007,6,19.761574,2007-06-16 07:00:00,18.90375125,21.049647999999998,middle,linear interpolation (R type 7),False,False
200706,2007-06-17,2007,6,19.656637,2007-06-17 06:00:00,18.90375125,21.049647999999998,middle,linear interpolation (R type 7),False,False
200706,2007-06-18,2007,6,19.869738,2007-06-18 06:00:00,18.90375125,21.049647999999998,middle,linear interpolation (R type 7),False,False
200706,2007-06-19,2007,6,20.039759,2007-06-19 06:00:00,18.90375125,21.049647999999998,middle,linear interpolation (R type 7),False,False
200706,2007-06-20,2007,6,20.275402,2007-06-20 07:00:00,18.90375125,21.049647999999998,middle,linear interpolation (R type 7),False,False
200706,2007-06-21,2007,6,20.491753,2007-06-21 11:00:00,18.90375125,21.049647999999998,middle,linear interpolation (R type 7),False,False
200706,2007-06-22,2007,6,20.755102,2007-06-22 06:00:00,18.90375125,21.049647999999998,middle,linear interpolation (R type 7),False,False
200706,2007-06-23,2007,6,21.14783,2007-06-23 11:00:00,18.90375125,21.049647999999998,high,linear interpolation (R type 7),False,False
200706,2007-06-24,2007,6,21.840702,2007-06-24 11:00:00,18.90375125,21.049647999999998,high,linear interpolation (R type 7),False,False
200706,2007-06-25,2007,6,22.018944,2007-06-25 05:00:00,18.90375125,21.049647999999998,high,linear interpolation (R type 7),False,False
200706,2007-06-26,2007,6,21.948034,2007-06-26 05:00:00,18.90375125,21.049647999999998,high,linear interpolation (R type 7),False,False
200706,2007-06-27,2007,6,21.993553,2007-06-27 07:00:00,18.90375125,21.049647999999998,high,linear interpolation (R type 7),False,False
200706,2007-06-28,2007,6,22.2398,2007-06-28 07:00:00,18.90375125,21.049647999999998,high,linear interpolation (R type 7),False,False
200706,2007-06-29,2007,6,22.473444,2007-06-29 06:00:00,18.90375125,21.049647999999998,high,linear interpolation (R type 7),False,False
200706,2007-06-30,2007,6,21.657211,2007-06-30 06:00:00,18.90375125,21.049647999999998,high,linear interpolation (R type 7),False,False
200707,2007-07-01,2007,7,21.381092,2007-07-01 06:00:00,21.603817499999998,22.525365999999998,low,linear interpolation (R type 7),False,False
200707,2007-07-02,2007,7,21.7297,2007-07-02 06:00:00,21.603817499999998,22.525365999999998,middle,linear interpolation (R type 7),False,False
200707,2007-07-03,2007,7,21.896,2007-07-03 05:00:00,21.603817499999998,22.525365999999998,middle,linear interpolation (R type 7),False,False
200707,2007-07-04,2007,7,22.129847,2007-07-04 06:00:00,21.603817499999998,22.525365999999998,middle,linear interpolation (R type 7),False,False
200707,2007-07-05,2007,7,22.080162,2007-07-05 10:00:00,21.603817499999998,22.525365999999998,middle,linear interpolation (R type 7),False,False
200707,2007-07-06,2007,7,22.247065,2007-07-06 06:00:00,21.603817499999998,22.525365999999998,middle,linear interpolation (R type 7),False,False
200707,2007-07-07,2007,7,22.56059,2007-07-07 06:00:00,21.603817499999998,22.525365999999998,high,linear interpolation (R type 7),False,False
200707,2007-07-08,2007,7,22.454199,2007-07-08 06:00:00,21.603817499999998,22.525365999999998,middle,linear interpolation (R type 7),False,False
200707,2007-07-09,2007,7,21.899817,2007-07-09 06:00:00,21.603817499999998,22.525365999999998,middle,linear interpolation (R type 7),False,False
200707,2007-07-10,2007,7,21.57528,2007-07-10 11:00:00,21.603817499999998,22.525365999999998,low,linear interpolation (R type 7),False,False
200707,2007-07-11,2007,7,21.925491,2007-07-11 11:00:00,21.603817499999998,22.525365999999998,middle,linear interpolation (R type 7),False,False
200707,2007-07-12,2007,7,22.07433,2007-07-12 05:00:00,21.603817499999998,22.525365999999998,middle,linear interpolation (R type 7),False,False
200707,2007-07-13,2007,7,21.925072,2007-07-13 07:00:00,21.603817499999998,22.525365999999998,middle,linear interpolation (R type 7),False,False
200707,2007-07-14,2007,7,21.9923,2007-07-14 06:00:00,21.603817499999998,22.525365999999998,middle,linear interpolation (R type 7),False,False
200707,2007-07-15,2007,7,22.511883,2007-07-15 06:00:00,21.603817499999998,22.525365999999998,middle,linear interpolation (R type 7),False,False
200707,2007-07-16,2007,7,23.168602,2007-07-16 07:00:00,21.603817499999998,22.525365999999998,high,linear interpolation (R type 7),False,False
200707,2007-07-17,2007,7,23.768288,2007-07-17 06:00:00,21.603817499999998,22.525365999999998,high,linear interpolation (R type 7),False,False
200707,2007-07-18,2007,7,23.31188,2007-07-18 06:00:00,21.603817499999998,22.525365999999998,high,linear interpolation (R type 7),False,False
200707,2007-07-19,2007,7,21.285986,2007-07-19 06:00:00,21.603817499999998,22.525365999999998,low,linear interpolation (R type 7),False,False
200707,2007-07-20,2007,7,20.863407,2007-07-20 06:00:00,21.603817499999998,22.525365999999998,low,linear interpolation (R type 7),False,False
200707,2007-07-21,2007,7,21.046991,2007-07-21 06:00:00,21.603817499999998,22.525365999999998,low,linear interpolation (R type 7),False,False
200707,2007-07-22,2007,7,21.326353,2007-07-22 06:00:00,21.603817499999998,22.525365999999998,low,linear interpolation (R type 7),False,False
200707,2007-07-23,2007,7,21.342411,2007-07-23 06:00:00,21.603817499999998,22.525365999999998,low,linear interpolation (R type 7),False,False
200707,2007-07-24,2007,7,21.450008,2007-07-24 06:00:00,21.603817499999998,22.525365999999998,low,linear interpolation (R type 7),False,False
200707,2007-07-25,2007,7,21.632355,2007-07-25 06:00:00,21.603817499999998,22.525365999999998,middle,linear interpolation (R type 7),False,False
200707,2007-07-26,2007,7,21.893814,2007-07-26 07:00:00,21.603817499999998,22.525365999999998,middle,linear interpolation (R type 7),False,False
200707,2007-07-27,2007,7,22.355154,2007-07-27 06:00:00,21.603817499999998,22.525365999999998,middle,linear interpolation (R type 7),False,False
200707,2007-07-28,2007,7,22.538849,2007-07-28 06:00:00,21.603817499999998,22.525365999999998,high,linear interpolation (R type 7),False,False
200707,2007-07-29,2007,7,22.727201,2007-07-29 06:00:00,21.603817499999998,22.525365999999998,high,linear interpolation (R type 7),False,False
200707,2007-07-30,2007,7,23.072641,2007-07-30 06:00:00,21.603817499999998,22.525365999999998,high,linear interpolation (R type 7),False,False
200707,2007-07-31,2007,7,22.86274,2007-07-31 05:00:00,21.603817499999998,22.525365999999998,high,linear interpolation (R type 7),False,False
200708,2007-08-01,2007,8,22.422255,2007-08-01 05:00:00,21.530853,22.4169975,high,linear interpolation (R type 7),False,False
200708,2007-08-02,2007,8,21.916752,2007-08-02 06:00:00,21.530853,22.4169975,middle,linear interpolation (R type 7),False,False
200708,2007-08-03,2007,8,21.806232,2007-08-03 06:00:00,21.530853,22.4169975,middle,linear interpolation (R type 7),False,False
200708,2007-08-04,2007,8,22.127445,2007-08-04 06:00:00,21.530853,22.4169975,middle,linear interpolation (R type 7),False,False
200708,2007-08-05,2007,8,22.581026,2007-08-05 07:00:00,21.530853,22.4169975,high,linear interpolation (R type 7),False,False
200708,2007-08-06,2007,8,23.243761,2007-08-06 06:00:00,21.530853,22.4169975,high,linear interpolation (R type 7),False,False
200708,2007-08-07,2007,8,22.858072,2007-08-07 06:00:00,21.530853,22.4169975,high,linear interpolation (R type 7),False,False
200708,2007-08-08,2007,8,22.979456,2007-08-08 10:00:00,21.530853,22.4169975,high,linear interpolation (R type 7),False,False
200708,2007-08-09,2007,8,22.961744,2007-08-09 10:00:00,21.530853,22.4169975,high,linear interpolation (R type 7),False,False
200708,2007-08-10,2007,8,22.353617,2007-08-10 06:00:00,21.530853,22.4169975,middle,linear interpolation (R type 7),False,False
200708,2007-08-11,2007,8,21.602137,2007-08-11 06:00:00,21.530853,22.4169975,middle,linear interpolation (R type 7),False,False
200708,2007-08-12,2007,8,21.02092,2007-08-12 06:00:00,21.530853,22.4169975,low,linear interpolation (R type 7),False,False
200708,2007-08-13,2007,8,21.020933,2007-08-13 11:00:00,21.530853,22.4169975,low,linear interpolation (R type 7),False,False
200708,2007-08-14,2007,8,20.910913,2007-08-14 05:00:00,21.530853,22.4169975,low,linear interpolation (R type 7),False,False
200708,2007-08-15,2007,8,20.938814,2007-08-15 06:00:00,21.530853,22.4169975,low,linear interpolation (R type 7),False,False
200708,2007-08-16,2007,8,21.168543,2007-08-16 06:00:00,21.530853,22.4169975,low,linear interpolation (R type 7),False,False
200708,2007-08-17,2007,8,21.542852,2007-08-17 10:00:00,21.530853,22.4169975,middle,linear interpolation (R type 7),False,False
200708,2007-08-18,2007,8,22.41174,2007-08-18 07:00:00,21.530853,22.4169975,middle,linear interpolation (R type 7),False,False
200708,2007-08-19,2007,8,22.784706,2007-08-19 07:00:00,21.530853,22.4169975,high,linear interpolation (R type 7),False,False
200708,2007-08-20,2007,8,22.93505,2007-08-20 06:00:00,21.530853,22.4169975,high,linear interpolation (R type 7),False,False
200708,2007-08-21,2007,8,22.306347,2007-08-21 07:00:00,21.530853,22.4169975,middle,linear interpolation (R type 7),False,False
200708,2007-08-22,2007,8,22.256683,2007-08-22 05:00:00,21.530853,22.4169975,middle,linear interpolation (R type 7),False,False
200708,2007-08-23,2007,8,21.929348,2007-08-23 06:00:00,21.530853,22.4169975,middle,linear interpolation (R type 7),False,False
200708,2007-08-24,2007,8,21.681326,2007-08-24 06:00:00,21.530853,22.4169975,middle,linear interpolation (R type 7),False,False
200708,2007-08-25,2007,8,22.246964,2007-08-25 06:00:00,21.530853,22.4169975,middle,linear interpolation (R type 7),False,False
200708,2007-08-26,2007,8,21.827955,2007-08-26 05:00:00,21.530853,22.4169975,middle,linear interpolation (R type 7),False,False
200708,2007-08-27,2007,8,21.577065,2007-08-27 07:00:00,21.530853,22.4169975,middle,linear interpolation (R type 7),False,False
200708,2007-08-28,2007,8,21.648798,2007-08-28 07:00:00,21.530853,22.4169975,middle,linear interpolation (R type 7),False,False
200708,2007-08-29,2007,8,21.518854,2007-08-29 06:00:00,21.530853,22.4169975,low,linear interpolation (R type 7),False,False
200708,2007-08-30,2007,8,21.34611,2007-08-30 06:00:00,21.530853,22.4169975,low,linear interpolation (R type 7),False,False
200708,2007-08-31,2007,8,20.847195,2007-08-31 06:00:00,21.530853,22.4169975,low,linear interpolation (R type 7),False,False
200806,2008-06-01,2008,6,16.45955,2008-06-01 07:00:00,18.747149,20.583748749999998,low,linear interpolation (R type 7),False,False
200806,2008-06-02,2008,6,16.72976,2008-06-02 06:00:00,18.747149,20.583748749999998,low,linear interpolation (R type 7),False,False
200806,2008-06-03,2008,6,17.063942,2008-06-03 06:00:00,18.747149,20.583748749999998,low,linear interpolation (R type 7),False,False
200806,2008-06-04,2008,6,17.250986,2008-06-04 06:00:00,18.747149,20.583748749999998,low,linear interpolation (R type 7),False,False
200806,2008-06-05,2008,6,17.938442,2008-06-05 06:00:00,18.747149,20.583748749999998,low,linear interpolation (R type 7),False,False
200806,2008-06-06,2008,6,18.69523,2008-06-06 06:00:00,18.747149,20.583748749999998,low,linear interpolation (R type 7),False,False
200806,2008-06-07,2008,6,18.902906,2008-06-07 06:00:00,18.747149,20.583748749999998,middle,linear interpolation (R type 7),False,False
200806,2008-06-08,2008,6,19.4207,2008-06-08 07:00:00,18.747149,20.583748749999998,middle,linear interpolation (R type 7),False,False
200806,2008-06-09,2008,6,19.854939,2008-06-09 05:00:00,18.747149,20.583748749999998,middle,linear interpolation (R type 7),False,False
200806,2008-06-10,2008,6,19.96603,2008-06-10 05:00:00,18.747149,20.583748749999998,middle,linear interpolation (R type 7),False,False
200806,2008-06-11,2008,6,19.850208,2008-06-11 06:00:00,18.747149,20.583748749999998,middle,linear interpolation (R type 7),False,False
200806,2008-06-12,2008,6,19.942823,2008-06-12 06:00:00,18.747149,20.583748749999998,middle,linear interpolation (R type 7),False,False
200806,2008-06-13,2008,6,19.920807,2008-06-13 07:00:00,18.747149,20.583748749999998,middle,linear interpolation (R type 7),False,False
200806,2008-06-14,2008,6,19.813482,2008-06-14 05:00:00,18.747149,20.583748749999998,middle,linear interpolation (R type 7),False,False
200806,2008-06-15,2008,6,19.010174,2008-06-15 06:00:00,18.747149,20.583748749999998,middle,linear interpolation (R type 7),False,False
200806,2008-06-16,2008,6,18.532768,2008-06-16 06:00:00,18.747149,20.583748749999998,low,linear interpolation (R type 7),False,False
200806,2008-06-17,2008,6,18.603247,2008-06-17 06:00:00,18.747149,20.583748749999998,low,linear interpolation (R type 7),False,False
200806,2008-06-18,2008,6,19.395811,2008-06-18 06:00:00,18.747149,20.583748749999998,middle,linear interpolation (R type 7),False,False
200806,2008-06-19,2008,6,21.008577,2008-06-19 06:00:00,18.747149,20.583748749999998,high,linear interpolation (R type 7),False,False
200806,2008-06-20,2008,6,21.468302,2008-06-20 06:00:00,18.747149,20.583748749999998,high,linear interpolation (R type 7),False,False
200806,2008-06-21,2008,6,21.178503,2008-06-21 06:00:00,18.747149,20.583748749999998,high,linear interpolation (R type 7),False,False
200806,2008-06-22,2008,6,21.015932,2008-06-22 06:00:00,18.747149,20.583748749999998,high,linear interpolation (R type 7),False,False
200806,2008-06-23,2008,6,20.23126,2008-06-23 05:00:00,18.747149,20.583748749999998,middle,linear interpolation (R type 7),False,False
200806,2008-06-24,2008,6,20.3727,2008-06-24 06:00:00,18.747149,20.583748749999998,middle,linear interpolation (R type 7),False,False
200806,2008-06-25,2008,6,20.595274,2008-06-25 06:00:00,18.747149,20.583748749999998,high,linear interpolation (R type 7),False,False
200806,2008-06-26,2008,6,20.665398,2008-06-26 06:00:00,18.747149,20.583748749999998,high,linear interpolation (R type 7),False,False
200806,2008-06-27,2008,6,20.549173,2008-06-27 05:00:00,18.747149,20.583748749999998,middle,linear interpolation (R type 7),False,False
200806,2008-06-28,2008,6,20.514866,2008-06-28 06:00:00,18.747149,20.583748749999998,middle,linear interpolation (R type 7),False,False
200806,2008-06-29,2008,6,21.272264,2008-06-29 06:00:00,18.747149,20.583748749999998,high,linear interpolation (R type 7),False,False
200806,2008-06-30,2008,6,21.758324,2008-06-30 06:00:00,18.747149,20.583748749999998,high,linear interpolation (R type 7),False,False
200807,2008-07-01,2008,7,21.552885,2008-07-01 07:00:00,21.786374000000002,22.543072,low,linear interpolation (R type 7),False,False
200807,2008-07-02,2008,7,21.663738,2008-07-02 07:00:00,21.786374000000002,22.543072,low,linear interpolation (R type 7),False,False
200807,2008-07-03,2008,7,22.397287,2008-07-03 10:00:00,21.786374000000002,22.543072,middle,linear interpolation (R type 7),False,False
200807,2008-07-04,2008,7,22.278212,2008-07-04 06:00:00,21.786374000000002,22.543072,middle,linear interpolation (R type 7),False,False
200807,2008-07-05,2008,7,20.80672,2008-07-05 06:00:00,21.786374000000002,22.543072,low,linear interpolation (R type 7),False,False
200807,2008-07-06,2008,7,21.00615,2008-07-06 11:00:00,21.786374000000002,22.543072,low,linear interpolation (R type 7),False,False
200807,2008-07-07,2008,7,21.47329,2008-07-07 06:00:00,21.786374000000002,22.543072,low,linear interpolation (R type 7),False,False
200807,2008-07-08,2008,7,21.699835,2008-07-08 06:00:00,21.786374000000002,22.543072,low,linear interpolation (R type 7),False,False
200807,2008-07-09,2008,7,22.249586,2008-07-09 06:00:00,21.786374000000002,22.543072,middle,linear interpolation (R type 7),False,False
200807,2008-07-10,2008,7,22.834742,2008-07-10 07:00:00,21.786374000000002,22.543072,high,linear interpolation (R type 7),False,False
200807,2008-07-11,2008,7,22.62019,2008-07-11 06:00:00,21.786374000000002,22.543072,high,linear interpolation (R type 7),False,False
200807,2008-07-12,2008,7,21.4458,2008-07-12 05:00:00,21.786374000000002,22.543072,low,linear interpolation (R type 7),False,False
200807,2008-07-13,2008,7,22.024654,2008-07-13 06:00:00,21.786374000000002,22.543072,middle,linear interpolation (R type 7),False,False
200807,2008-07-14,2008,7,22.53645,2008-07-14 06:00:00,21.786374000000002,22.543072,middle,linear interpolation (R type 7),False,False
200807,2008-07-15,2008,7,21.731598,2008-07-15 06:00:00,21.786374000000002,22.543072,low,linear interpolation (R type 7),False,False
200807,2008-07-16,2008,7,21.936712,2008-07-16 11:00:00,21.786374000000002,22.543072,middle,linear interpolation (R type 7),False,False
200807,2008-07-17,2008,7,22.275171,2008-07-17 06:00:00,21.786374000000002,22.543072,middle,linear interpolation (R type 7),False,False
200807,2008-07-18,2008,7,22.005037,2008-07-18 06:00:00,21.786374000000002,22.543072,middle,linear interpolation (R type 7),False,False
200807,2008-07-19,2008,7,21.85509,2008-07-19 06:00:00,21.786374000000002,22.543072,middle,linear interpolation (R type 7),False,False
200807,2008-07-20,2008,7,21.944485,2008-07-20 06:00:00,21.786374000000002,22.543072,middle,linear interpolation (R type 7),False,False
200807,2008-07-21,2008,7,22.03138,2008-07-21 06:00:00,21.786374000000002,22.543072,middle,linear interpolation (R type 7),False,False
200807,2008-07-22,2008,7,21.91006,2008-07-22 06:00:00,21.786374000000002,22.543072,middle,linear interpolation (R type 7),False,False
200807,2008-07-23,2008,7,21.84115,2008-07-23 06:00:00,21.786374000000002,22.543072,middle,linear interpolation (R type 7),False,False
200807,2008-07-24,2008,7,22.182917,2008-07-24 10:00:00,21.786374000000002,22.543072,middle,linear interpolation (R type 7),False,False
200807,2008-07-25,2008,7,22.53106,2008-07-25 06:00:00,21.786374000000002,22.543072,middle,linear interpolation (R type 7),False,False
200807,2008-07-26,2008,7,22.829628,2008-07-26 10:00:00,21.786374000000002,22.543072,high,linear interpolation (R type 7),False,False
200807,2008-07-27,2008,7,23.05996,2008-07-27 07:00:00,21.786374000000002,22.543072,high,linear interpolation (R type 7),False,False
200807,2008-07-28,2008,7,22.980135,2008-07-28 06:00:00,21.786374000000002,22.543072,high,linear interpolation (R type 7),False,False
200807,2008-07-29,2008,7,22.561264,2008-07-29 06:00:00,21.786374000000002,22.543072,high,linear interpolation (R type 7),False,False
200807,2008-07-30,2008,7,22.549694,2008-07-30 06:00:00,21.786374000000002,22.543072,high,linear interpolation (R type 7),False,False
200807,2008-07-31,2008,7,22.674412,2008-07-31 06:00:00,21.786374000000002,22.543072,high,linear interpolation (R type 7),False,False
200808,2008-08-01,2008,8,22.224985,2008-08-01 06:00:00,20.7373175,22.244874,middle,linear interpolation (R type 7),False,False
200808,2008-08-02,2008,8,21.873423,2008-08-02 05:00:00,20.7373175,22.244874,middle,linear interpolation (R type 7),False,False
200808,2008-08-03,2008,8,21.798048,2008-08-03 10:00:00,20.7373175,22.244874,middle,linear interpolation (R type 7),False,False
200808,2008-08-04,2008,8,22.291391,2008-08-04 07:00:00,20.7373175,22.244874,high,linear interpolation (R type 7),False,False
200808,2008-08-05,2008,8,22.715181,2008-08-05 05:00:00,20.7373175,22.244874,high,linear interpolation (R type 7),False,False
200808,2008-08-06,2008,8,22.924889,2008-08-06 06:00:00,20.7373175,22.244874,high,linear interpolation (R type 7),False,False
200808,2008-08-07,2008,8,22.931189,2008-08-07 06:00:00,20.7373175,22.244874,high,linear interpolation (R type 7),False,False
200808,2008-08-08,2008,8,22.733744,2008-08-08 06:00:00,20.7373175,22.244874,high,linear interpolation (R type 7),False,False
200808,2008-08-09,2008,8,22.264763,2008-08-09 05:00:00,20.7373175,22.244874,high,linear interpolation (R type 7),False,False
200808,2008-08-10,2008,8,21.44752,2008-08-10 06:00:00,20.7373175,22.244874,middle,linear interpolation (R type 7),False,False
200808,2008-08-11,2008,8,21.233633,2008-08-11 06:00:00,20.7373175,22.244874,middle,linear interpolation (R type 7),False,False
200808,2008-08-12,2008,8,21.545565,2008-08-12 07:00:00,20.7373175,22.244874,middle,linear interpolation (R type 7),False,False
200808,2008-08-13,2008,8,21.857315,2008-08-13 06:00:00,20.7373175,22.244874,middle,linear interpolation (R type 7),False,False
200808,2008-08-14,2008,8,21.657433,2008-08-14 06:00:00,20.7373175,22.244874,middle,linear interpolation (R type 7),False,False
200808,2008-08-15,2008,8,21.048414,2008-08-15 06:00:00,20.7373175,22.244874,middle,linear interpolation (R type 7),False,False
200808,2008-08-16,2008,8,20.853178,2008-08-16 06:00:00,20.7373175,22.244874,middle,linear interpolation (R type 7),False,False
200808,2008-08-17,2008,8,20.777555,2008-08-17 06:00:00,20.7373175,22.244874,middle,linear interpolation (R type 7),False,False
200808,2008-08-18,2008,8,21.592482,2008-08-18 10:00:00,20.7373175,22.244874,middle,linear interpolation (R type 7),False,False
200808,2008-08-19,2008,8,22.43965,2008-08-19 10:00:00,20.7373175,22.244874,high,linear interpolation (R type 7),False,False
200808,2008-08-20,2008,8,22.608856,2008-08-20 10:00:00,20.7373175,22.244874,high,linear interpolation (R type 7),False,False
200808,2008-08-21,2008,8,21.420298,2008-08-21 06:00:00,20.7373175,22.244874,middle,linear interpolation (R type 7),False,False
200808,2008-08-22,2008,8,20.591661,2008-08-22 10:00:00,20.7373175,22.244874,low,linear interpolation (R type 7),False,False
200808,2008-08-23,2008,8,20.700768,2008-08-23 10:00:00,20.7373175,22.244874,low,linear interpolation (R type 7),False,False
200808,2008-08-24,2008,8,20.592726,2008-08-24 06:00:00,20.7373175,22.244874,low,linear interpolation (R type 7),False,False
200808,2008-08-25,2008,8,20.773867,2008-08-25 05:00:00,20.7373175,22.244874,middle,linear interpolation (R type 7),False,False
200808,2008-08-26,2008,8,20.227468,2008-08-26 06:00:00,20.7373175,22.244874,low,linear interpolation (R type 7),False,False
200808,2008-08-27,2008,8,20.383669,2008-08-27 06:00:00,20.7373175,22.244874,low,linear interpolation (R type 7),False,False
200808,2008-08-28,2008,8,20.878794,2008-08-28 06:00:00,20.7373175,22.244874,middle,linear interpolation (R type 7),False,False
200808,2008-08-29,2008,8,20.23927,2008-08-29 04:00:00,20.7373175,22.244874,low,linear interpolation (R type 7),False,False
200808,2008-08-30,2008,8,18.792059,2008-08-30 05:00:00,20.7373175,22.244874,low,linear interpolation (R type 7),False,False
200808,2008-08-31,2008,8,17.771261,2008-08-31 06:00:00,20.7373175,22.244874,low,linear interpolation (R type 7),False,False
200906,2009-06-01,2009,6,16.641768,2009-06-01 10:00:00,18.3054305,20.48865225,low,linear interpolation (R type 7),False,False
200906,2009-06-02,2009,6,17.013462,2009-06-02 06:00:00,18.3054305,20.48865225,low,linear interpolation (R type 7),False,False
200906,2009-06-03,2009,6,17.208103,2009-06-03 06:00:00,18.3054305,20.48865225,low,linear interpolation (R type 7),False,False
200906,2009-06-04,2009,6,17.656775,2009-06-04 11:00:00,18.3054305,20.48865225,low,linear interpolation (R type 7),False,False
200906,2009-06-05,2009,6,18.259184,2009-06-05 10:00:00,18.3054305,20.48865225,low,linear interpolation (R type 7),False,False
200906,2009-06-06,2009,6,18.44417,2009-06-06 10:00:00,18.3054305,20.48865225,middle,linear interpolation (R type 7),False,False
200906,2009-06-07,2009,6,19.119892,2009-06-07 06:00:00,18.3054305,20.48865225,middle,linear interpolation (R type 7),False,False
200906,2009-06-08,2009,6,18.906658,2009-06-08 06:00:00,18.3054305,20.48865225,middle,linear interpolation (R type 7),False,False
200906,2009-06-09,2009,6,18.733532,2009-06-09 06:00:00,18.3054305,20.48865225,middle,linear interpolation (R type 7),False,False
200906,2009-06-10,2009,6,17.800772,2009-06-10 05:00:00,18.3054305,20.48865225,low,linear interpolation (R type 7),False,False
200906,2009-06-11,2009,6,17.294437,2009-06-11 10:00:00,18.3054305,20.48865225,low,linear interpolation (R type 7),False,False
200906,2009-06-12,2009,6,18.251509,2009-06-12 11:00:00,18.3054305,20.48865225,low,linear interpolation (R type 7),False,False
200906,2009-06-13,2009,6,19.01854,2009-06-13 11:00:00,18.3054305,20.48865225,middle,linear interpolation (R type 7),False,False
200906,2009-06-14,2009,6,19.602787,2009-06-14 05:00:00,18.3054305,20.48865225,middle,linear interpolation (R type 7),False,False
200906,2009-06-15,2009,6,20.1455,2009-06-15 06:00:00,18.3054305,20.48865225,middle,linear interpolation (R type 7),False,False
200906,2009-06-16,2009,6,20.258818,2009-06-16 07:00:00,18.3054305,20.48865225,middle,linear interpolation (R type 7),False,False
200906,2009-06-17,2009,6,21.46513,2009-06-17 07:00:00,18.3054305,20.48865225,high,linear interpolation (R type 7),False,False
200906,2009-06-18,2009,6,22.394676,2009-06-18 06:00:00,18.3054305,20.48865225,high,linear interpolation (R type 7),False,False
200906,2009-06-19,2009,6,20.416758,2009-06-19 05:00:00,18.3054305,20.48865225,middle,linear interpolation (R type 7),False,False
200906,2009-06-20,2009,6,20.087893,2009-06-20 06:00:00,18.3054305,20.48865225,middle,linear interpolation (R type 7),False,False
200906,2009-06-21,2009,6,20.530216,2009-06-21 06:00:00,18.3054305,20.48865225,high,linear interpolation (R type 7),False,False
200906,2009-06-22,2009,6,19.672043,2009-06-22 06:00:00,18.3054305,20.48865225,middle,linear interpolation (R type 7),False,False
200906,2009-06-23,2009,6,19.870485,2009-06-23 06:00:00,18.3054305,20.48865225,middle,linear interpolation (R type 7),False,False
200906,2009-06-24,2009,6,20.604431,2009-06-24 11:00:00,18.3054305,20.48865225,high,linear interpolation (R type 7),False,False
200906,2009-06-25,2009,6,21.111431,2009-06-25 05:00:00,18.3054305,20.48865225,high,linear interpolation (R type 7),False,False
200906,2009-06-26,2009,6,21.987503,2009-06-26 05:00:00,18.3054305,20.48865225,high,linear interpolation (R type 7),False,False
200906,2009-06-27,2009,6,21.534243,2009-06-27 06:00:00,18.3054305,20.48865225,high,linear interpolation (R type 7),False,False
200906,2009-06-28,2009,6,20.512617,2009-06-28 06:00:00,18.3054305,20.48865225,high,linear interpolation (R type 7),False,False
200906,2009-06-29,2009,6,19.91888,2009-06-29 06:00:00,18.3054305,20.48865225,middle,linear interpolation (R type 7),False,False
200906,2009-06-30,2009,6,19.441275,2009-06-30 06:00:00,18.3054305,20.48865225,middle,linear interpolation (R type 7),False,False
200907,2009-07-01,2009,7,19.649492,2009-07-01 07:00:00,21.2719105,22.4275685,low,linear interpolation (R type 7),False,False
200907,2009-07-02,2009,7,19.745306,2009-07-02 05:00:00,21.2719105,22.4275685,low,linear interpolation (R type 7),False,False
200907,2009-07-03,2009,7,19.578741,2009-07-03 05:00:00,21.2719105,22.4275685,low,linear interpolation (R type 7),False,False
200907,2009-07-04,2009,7,20.177128,2009-07-04 08:00:00,21.2719105,22.4275685,low,linear interpolation (R type 7),False,False
200907,2009-07-05,2009,7,21.172861,2009-07-05 08:00:00,21.2719105,22.4275685,low,linear interpolation (R type 7),False,False
200907,2009-07-06,2009,7,21.941761,2009-07-06 06:00:00,21.2719105,22.4275685,middle,linear interpolation (R type 7),False,False
200907,2009-07-07,2009,7,22.030756,2009-07-07 06:00:00,21.2719105,22.4275685,middle,linear interpolation (R type 7),False,False
200907,2009-07-08,2009,7,21.943264,2009-07-08 09:00:00,21.2719105,22.4275685,middle,linear interpolation (R type 7),False,False
200907,2009-07-09,2009,7,21.37096,2009-07-09 11:00:00,21.2719105,22.4275685,middle,linear interpolation (R type 7),False,False
200907,2009-07-10,2009,7,22.076761,2009-07-10 11:00:00,21.2719105,22.4275685,middle,linear interpolation (R type 7),False,False
200907,2009-07-11,2009,7,21.951395,2009-07-11 06:00:00,21.2719105,22.4275685,middle,linear interpolation (R type 7),False,False
200907,2009-07-12,2009,7,21.813372,2009-07-12 06:00:00,21.2719105,22.4275685,middle,linear interpolation (R type 7),False,False
200907,2009-07-13,2009,7,22.224865,2009-07-13 06:00:00,21.2719105,22.4275685,middle,linear interpolation (R type 7),False,False
200907,2009-07-14,2009,7,21.845722,2009-07-14 06:00:00,21.2719105,22.4275685,middle,linear interpolation (R type 7),False,False
200907,2009-07-15,2009,7,22.798458,2009-07-15 10:00:00,21.2719105,22.4275685,high,linear interpolation (R type 7),False,False
200907,2009-07-16,2009,7,23.382437,2009-07-16 06:00:00,21.2719105,22.4275685,high,linear interpolation (R type 7),False,False
200907,2009-07-17,2009,7,22.971737,2009-07-17 06:00:00,21.2719105,22.4275685,high,linear interpolation (R type 7),False,False
200907,2009-07-18,2009,7,22.925327,2009-07-18 11:00:00,21.2719105,22.4275685,high,linear interpolation (R type 7),False,False
200907,2009-07-19,2009,7,23.187351,2009-07-19 07:00:00,21.2719105,22.4275685,high,linear interpolation (R type 7),False,False
200907,2009-07-20,2009,7,22.67547,2009-07-20 06:00:00,21.2719105,22.4275685,high,linear interpolation (R type 7),False,False
200907,2009-07-21,2009,7,22.428959,2009-07-21 06:00:00,21.2719105,22.4275685,high,linear interpolation (R type 7),False,False
200907,2009-07-22,2009,7,22.426178,2009-07-22 06:00:00,21.2719105,22.4275685,middle,linear interpolation (R type 7),False,False
200907,2009-07-23,2009,7,22.1291,2009-07-23 06:00:00,21.2719105,22.4275685,middle,linear interpolation (R type 7),False,False
200907,2009-07-24,2009,7,21.788315,2009-07-24 06:00:00,21.2719105,22.4275685,middle,linear interpolation (R type 7),False,False
200907,2009-07-25,2009,7,21.457808,2009-07-25 06:00:00,21.2719105,22.4275685,middle,linear interpolation (R type 7),False,False
200907,2009-07-26,2009,7,21.081923,2009-07-26 07:00:00,21.2719105,22.4275685,low,linear interpolation (R type 7),False,False
200907,2009-07-27,2009,7,20.901579,2009-07-27 05:00:00,21.2719105,22.4275685,low,linear interpolation (R type 7),False,False
200907,2009-07-28,2009,7,20.956844,2009-07-28 06:00:00,21.2719105,22.4275685,low,linear interpolation (R type 7),False,False
200907,2009-07-29,2009,7,21.76156,2009-07-29 06:00:00,21.2719105,22.4275685,middle,linear interpolation (R type 7),False,False
200907,2009-07-30,2009,7,22.398308,2009-07-30 06:00:00,21.2719105,22.4275685,middle,linear interpolation (R type 7),False,False
200907,2009-07-31,2009,7,22.656216,2009-07-31 06:00:00,21.2719105,22.4275685,high,linear interpolation (R type 7),False,False
200908,2009-08-01,2009,8,22.39644,2009-08-01 07:00:00,21.110670499999998,22.222533,high,linear interpolation (R type 7),False,False
200908,2009-08-02,2009,8,22.182222,2009-08-02 06:00:00,21.110670499999998,22.222533,middle,linear interpolation (R type 7),False,False
200908,2009-08-03,2009,8,21.896364,2009-08-03 05:00:00,21.110670499999998,22.222533,middle,linear interpolation (R type 7),False,False
200908,2009-08-04,2009,8,21.841795,2009-08-04 06:00:00,21.110670499999998,22.222533,middle,linear interpolation (R type 7),False,False
200908,2009-08-05,2009,8,22.057236,2009-08-05 06:00:00,21.110670499999998,22.222533,middle,linear interpolation (R type 7),False,False
200908,2009-08-06,2009,8,22.104795,2009-08-06 07:00:00,21.110670499999998,22.222533,middle,linear interpolation (R type 7),False,False
200908,2009-08-07,2009,8,22.414278,2009-08-07 06:00:00,21.110670499999998,22.222533,high,linear interpolation (R type 7),False,False
200908,2009-08-08,2009,8,22.38254,2009-08-08 06:00:00,21.110670499999998,22.222533,high,linear interpolation (R type 7),False,False
200908,2009-08-09,2009,8,21.883484,2009-08-09 06:00:00,21.110670499999998,22.222533,middle,linear interpolation (R type 7),False,False
200908,2009-08-10,2009,8,21.1447,2009-08-10 06:00:00,21.110670499999998,22.222533,middle,linear interpolation (R type 7),False,False
200908,2009-08-11,2009,8,20.91121,2009-08-11 06:00:00,21.110670499999998,22.222533,low,linear interpolation (R type 7),False,False
200908,2009-08-12,2009,8,21.001663,2009-08-12 11:00:00,21.110670499999998,22.222533,low,linear interpolation (R type 7),False,False
200908,2009-08-13,2009,8,21.322298,2009-08-13 06:00:00,21.110670499999998,22.222533,middle,linear interpolation (R type 7),False,False
200908,2009-08-14,2009,8,21.937462,2009-08-14 05:00:00,21.110670499999998,22.222533,middle,linear interpolation (R type 7),False,False
200908,2009-08-15,2009,8,22.293423,2009-08-15 05:00:00,21.110670499999998,22.222533,high,linear interpolation (R type 7),False,False
200908,2009-08-16,2009,8,22.85379,2009-08-16 06:00:00,21.110670499999998,22.222533,high,linear interpolation (R type 7),False,False
200908,2009-08-17,2009,8,22.675835,2009-08-17 07:00:00,21.110670499999998,22.222533,high,linear interpolation (R type 7),False,False
200908,2009-08-18,2009,8,22.501358,2009-08-18 06:00:00,21.110670499999998,22.222533,high,linear interpolation (R type 7),False,False
200908,2009-08-19,2009,8,22.01551,2009-08-19 06:00:00,21.110670499999998,22.222533,middle,linear interpolation (R type 7),False,False
200908,2009-08-20,2009,8,21.423946,2009-08-20 10:00:00,21.110670499999998,22.222533,middle,linear interpolation (R type 7),False,False
200908,2009-08-21,2009,8,21.076641,2009-08-21 06:00:00,21.110670499999998,22.222533,low,linear interpolation (R type 7),False,False
200908,2009-08-22,2009,8,21.007217,2009-08-22 06:00:00,21.110670499999998,22.222533,low,linear interpolation (R type 7),False,False
200908,2009-08-23,2009,8,21.470423,2009-08-23 07:00:00,21.110670499999998,22.222533,middle,linear interpolation (R type 7),False,False
200908,2009-08-24,2009,8,22.068863,2009-08-24 06:00:00,21.110670499999998,22.222533,middle,linear interpolation (R type 7),False,False
200908,2009-08-25,2009,8,22.262844,2009-08-25 05:00:00,21.110670499999998,22.222533,high,linear interpolation (R type 7),False,False
200908,2009-08-26,2009,8,21.831366,2009-08-26 05:00:00,21.110670499999998,22.222533,middle,linear interpolation (R type 7),False,False
200908,2009-08-27,2009,8,21.508415,2009-08-27 06:00:00,21.110670499999998,22.222533,middle,linear interpolation (R type 7),False,False
200908,2009-08-28,2009,8,20.257603,2009-08-28 06:00:00,21.110670499999998,22.222533,low,linear interpolation (R type 7),False,False
200908,2009-08-29,2009,8,18.798983,2009-08-29 05:00:00,21.110670499999998,22.222533,low,linear interpolation (R type 7),False,False
200908,2009-08-30,2009,8,18.228369,2009-08-30 06:00:00,21.110670499999998,22.222533,low,linear interpolation (R type 7),False,False
200908,2009-08-31,2009,8,18.945553,2009-08-31 06:00:00,21.110670499999998,22.222533,low,linear interpolation (R type 7),False,False
201006,2010-06-01,2010,6,16.90566,2010-06-01 06:00:00,17.68477175,20.68974875,low,linear interpolation (R type 7),False,False
201006,2010-06-02,2010,6,16.223652,2010-06-02 06:00:00,17.68477175,20.68974875,low,linear interpolation (R type 7),False,False
201006,2010-06-03,2010,6,16.575943,2010-06-03 06:00:00,17.68477175,20.68974875,low,linear interpolation (R type 7),False,False
201006,2010-06-04,2010,6,17.143171,2010-06-04 06:00:00,17.68477175,20.68974875,low,linear interpolation (R type 7),False,False
201006,2010-06-05,2010,6,17.391693,2010-06-05 06:00:00,17.68477175,20.68974875,low,linear interpolation (R type 7),False,False
201006,2010-06-06,2010,6,17.752466,2010-06-06 10:00:00,17.68477175,20.68974875,middle,linear interpolation (R type 7),False,False
201006,2010-06-07,2010,6,18.072878,2010-06-07 07:00:00,17.68477175,20.68974875,middle,linear interpolation (R type 7),False,False
201006,2010-06-08,2010,6,17.65771,2010-06-08 07:00:00,17.68477175,20.68974875,low,linear interpolation (R type 7),False,False
201006,2010-06-09,2010,6,17.460033,2010-06-09 07:00:00,17.68477175,20.68974875,low,linear interpolation (R type 7),False,False
201006,2010-06-10,2010,6,17.662207,2010-06-10 07:00:00,17.68477175,20.68974875,low,linear interpolation (R type 7),False,False
201006,2010-06-11,2010,6,18.128345,2010-06-11 06:00:00,17.68477175,20.68974875,middle,linear interpolation (R type 7),False,False
201006,2010-06-12,2010,6,18.822704,2010-06-12 11:00:00,17.68477175,20.68974875,middle,linear interpolation (R type 7),False,False
201006,2010-06-13,2010,6,19.442606,2010-06-13 06:00:00,17.68477175,20.68974875,middle,linear interpolation (R type 7),False,False
201006,2010-06-14,2010,6,19.592255,2010-06-14 06:00:00,17.68477175,20.68974875,middle,linear interpolation (R type 7),False,False
201006,2010-06-15,2010,6,19.99455,2010-06-15 06:00:00,17.68477175,20.68974875,middle,linear interpolation (R type 7),False,False
201006,2010-06-16,2010,6,20.309559,2010-06-16 05:00:00,17.68477175,20.68974875,middle,linear interpolation (R type 7),False,False
201006,2010-06-17,2010,6,20.6902,2010-06-17 06:00:00,17.68477175,20.68974875,high,linear interpolation (R type 7),False,False
201006,2010-06-18,2010,6,21.284803,2010-06-18 06:00:00,17.68477175,20.68974875,high,linear interpolation (R type 7),False,False
201006,2010-06-19,2010,6,21.180113,2010-06-19 06:00:00,17.68477175,20.68974875,high,linear interpolation (R type 7),False,False
201006,2010-06-20,2010,6,19.934778,2010-06-20 06:00:00,17.68477175,20.68974875,middle,linear interpolation (R type 7),False,False
201006,2010-06-21,2010,6,19.93824,2010-06-21 06:00:00,17.68477175,20.68974875,middle,linear interpolation (R type 7),False,False
201006,2010-06-22,2010,6,20.302246,2010-06-22 06:00:00,17.68477175,20.68974875,middle,linear interpolation (R type 7),False,False
201006,2010-06-23,2010,6,20.83385,2010-06-23 06:00:00,17.68477175,20.68974875,high,linear interpolation (R type 7),False,False
201006,2010-06-24,2010,6,20.688395,2010-06-24 06:00:00,17.68477175,20.68974875,middle,linear interpolation (R type 7),False,False
201006,2010-06-25,2010,6,20.356945,2010-06-25 07:00:00,17.68477175,20.68974875,middle,linear interpolation (R type 7),False,False
201006,2010-06-26,2010,6,20.520342,2010-06-26 07:00:00,17.68477175,20.68974875,middle,linear interpolation (R type 7),False,False
201006,2010-06-27,2010,6,21.078356,2010-06-27 08:00:00,17.68477175,20.68974875,high,linear interpolation (R type 7),False,False
201006,2010-06-28,2010,6,21.675467,2010-06-28 06:00:00,17.68477175,20.68974875,high,linear interpolation (R type 7),False,False
201006,2010-06-29,2010,6,22.387197,2010-06-29 07:00:00,17.68477175,20.68974875,high,linear interpolation (R type 7),False,False
201006,2010-06-30,2010,6,23.238703,2010-06-30 06:00:00,17.68477175,20.68974875,high,linear interpolation (R type 7),False,False
201007,2010-07-01,2010,7,22.950232,2010-07-01 06:00:00,22.1352325,22.9598285,middle,linear interpolation (R type 7),False,False
201007,2010-07-02,2010,7,22.744287,2010-07-02 10:00:00,22.1352325,22.9598285,middle,linear interpolation (R type 7),False,False
201007,2010-07-03,2010,7,22.79914,2010-07-03 10:00:00,22.1352325,22.9598285,middle,linear interpolation (R type 7),False,False
201007,2010-07-04,2010,7,22.475346,2010-07-04 06:00:00,22.1352325,22.9598285,middle,linear interpolation (R type 7),False,False
201007,2010-07-05,2010,7,21.803923,2010-07-05 11:00:00,22.1352325,22.9598285,low,linear interpolation (R type 7),False,False
201007,2010-07-06,2010,7,21.871326,2010-07-06 11:00:00,22.1352325,22.9598285,low,linear interpolation (R type 7),False,False
201007,2010-07-07,2010,7,22.660845,2010-07-07 10:00:00,22.1352325,22.9598285,middle,linear interpolation (R type 7),False,False
201007,2010-07-08,2010,7,22.446041,2010-07-08 06:00:00,22.1352325,22.9598285,middle,linear interpolation (R type 7),False,False
201007,2010-07-09,2010,7,21.959646,2010-07-09 07:00:00,22.1352325,22.9598285,low,linear interpolation (R type 7),False,False
201007,2010-07-10,2010,7,21.59466,2010-07-10 06:00:00,22.1352325,22.9598285,low,linear interpolation (R type 7),False,False
201007,2010-07-11,2010,7,21.603344,2010-07-11 07:00:00,22.1352325,22.9598285,low,linear interpolation (R type 7),False,False
201007,2010-07-12,2010,7,22.060688,2010-07-12 06:00:00,22.1352325,22.9598285,low,linear interpolation (R type 7),False,False
201007,2010-07-13,2010,7,22.20976,2010-07-13 07:00:00,22.1352325,22.9598285,middle,linear interpolation (R type 7),False,False
201007,2010-07-14,2010,7,22.486406,2010-07-14 07:00:00,22.1352325,22.9598285,middle,linear interpolation (R type 7),False,False
201007,2010-07-15,2010,7,22.465353,2010-07-15 07:00:00,22.1352325,22.9598285,middle,linear interpolation (R type 7),False,False
201007,2010-07-16,2010,7,22.40397,2010-07-16 07:00:00,22.1352325,22.9598285,middle,linear interpolation (R type 7),False,False
201007,2010-07-17,2010,7,22.060705,2010-07-17 06:00:00,22.1352325,22.9598285,low,linear interpolation (R type 7),False,False
201007,2010-07-18,2010,7,21.881672,2010-07-18 07:00:00,22.1352325,22.9598285,low,linear interpolation (R type 7),False,False
201007,2010-07-19,2010,7,22.219145,2010-07-19 05:00:00,22.1352325,22.9598285,middle,linear interpolation (R type 7),False,False
201007,2010-07-20,2010,7,22.340853,2010-07-20 07:00:00,22.1352325,22.9598285,middle,linear interpolation (R type 7),False,False
201007,2010-07-21,2010,7,22.545664,2010-07-21 06:00:00,22.1352325,22.9598285,middle,linear interpolation (R type 7),False,False
201007,2010-07-22,2010,7,22.781551,2010-07-22 06:00:00,22.1352325,22.9598285,middle,linear interpolation (R type 7),False,False
201007,2010-07-23,2010,7,22.78613,2010-07-23 05:00:00,22.1352325,22.9598285,middle,linear interpolation (R type 7),False,False
201007,2010-07-24,2010,7,22.969425,2010-07-24 06:00:00,22.1352325,22.9598285,high,linear interpolation (R type 7),False,False
201007,2010-07-25,2010,7,23.298792,2010-07-25 06:00:00,22.1352325,22.9598285,high,linear interpolation (R type 7),False,False
201007,2010-07-26,2010,7,23.558327,2010-07-26 06:00:00,22.1352325,22.9598285,high,linear interpolation (R type 7),False,False
201007,2010-07-27,2010,7,23.804955,2010-07-27 07:00:00,22.1352325,22.9598285,high,linear interpolation (R type 7),False,False
201007,2010-07-28,2010,7,24.061329,2010-07-28 07:00:00,22.1352325,22.9598285,high,linear interpolation (R type 7),False,False
201007,2010-07-29,2010,7,24.459995,2010-07-29 07:00:00,22.1352325,22.9598285,high,linear interpolation (R type 7),False,False
201007,2010-07-30,2010,7,24.829723,2010-07-30 07:00:00,22.1352325,22.9598285,high,linear interpolation (R type 7),False,False
201007,2010-07-31,2010,7,23.807158,2010-07-31 05:00:00,22.1352325,22.9598285,high,linear interpolation (R type 7),False,False
201008,2010-08-01,2010,8,22.945566,2010-08-01 07:00:00,20.2735405,22.822546000000003,high,linear interpolation (R type 7),False,False
201008,2010-08-02,2010,8,23.493841,2010-08-02 07:00:00,20.2735405,22.822546000000003,high,linear interpolation (R type 7),False,False
201008,2010-08-03,2010,8,23.573229,2010-08-03 07:00:00,20.2735405,22.822546000000003,high,linear interpolation (R type 7),False,False
201008,2010-08-04,2010,8,23.181934,2010-08-04 06:00:00,20.2735405,22.822546000000003,high,linear interpolation (R type 7),False,False
201008,2010-08-05,2010,8,21.523066,2010-08-05 06:00:00,20.2735405,22.822546000000003,middle,linear interpolation (R type 7),False,False
201008,2010-08-06,2010,8,21.864565,2010-08-06 06:00:00,20.2735405,22.822546000000003,middle,linear interpolation (R type 7),False,False
201008,2010-08-07,2010,8,22.559984,2010-08-07 06:00:00,20.2735405,22.822546000000003,middle,linear interpolation (R type 7),False,False
201008,2010-08-08,2010,8,22.759394,2010-08-08 06:00:00,20.2735405,22.822546000000003,middle,linear interpolation (R type 7),False,False
201008,2010-08-09,2010,8,22.598932,2010-08-09 06:00:00,20.2735405,22.822546000000003,middle,linear interpolation (R type 7),False,False
201008,2010-08-10,2010,8,23.195118,2010-08-10 10:00:00,20.2735405,22.822546000000003,high,linear interpolation (R type 7),False,False
201008,2010-08-11,2010,8,23.746159,2010-08-11 05:00:00,20.2735405,22.822546000000003,high,linear interpolation (R type 7),False,False
201008,2010-08-12,2010,8,23.53576,2010-08-12 07:00:00,20.2735405,22.822546000000003,high,linear interpolation (R type 7),False,False
201008,2010-08-13,2010,8,22.885698,2010-08-13 06:00:00,20.2735405,22.822546000000003,high,linear interpolation (R type 7),False,False
201008,2010-08-14,2010,8,21.359432,2010-08-14 06:00:00,20.2735405,22.822546000000003,middle,linear interpolation (R type 7),False,False
201008,2010-08-15,2010,8,20.877274,2010-08-15 07:00:00,20.2735405,22.822546000000003,middle,linear interpolation (R type 7),False,False
201008,2010-08-16,2010,8,21.29285,2010-08-16 06:00:00,20.2735405,22.822546000000003,middle,linear interpolation (R type 7),False,False
201008,2010-08-17,2010,8,21.903801,2010-08-17 06:00:00,20.2735405,22.822546000000003,middle,linear interpolation (R type 7),False,False
201008,2010-08-18,2010,8,22.502216,2010-08-18 07:00:00,20.2735405,22.822546000000003,middle,linear interpolation (R type 7),False,False
201008,2010-08-19,2010,8,22.068384,2010-08-19 06:00:00,20.2735405,22.822546000000003,middle,linear interpolation (R type 7),False,False
201008,2010-08-20,2010,8,22.104298,2010-08-20 06:00:00,20.2735405,22.822546000000003,middle,linear interpolation (R type 7),False,False
201008,2010-08-21,2010,8,21.355122,2010-08-21 05:00:00,20.2735405,22.822546000000003,middle,linear interpolation (R type 7),False,False
201008,2010-08-22,2010,8,20.406235,2010-08-22 06:00:00,20.2735405,22.822546000000003,middle,linear interpolation (R type 7),False,False
201008,2010-08-23,2010,8,20.314058,2010-08-23 06:00:00,20.2735405,22.822546000000003,middle,linear interpolation (R type 7),False,False
201008,2010-08-24,2010,8,19.99312,2010-08-24 06:00:00,20.2735405,22.822546000000003,low,linear interpolation (R type 7),False,False
201008,2010-08-25,2010,8,19.91077,2010-08-25 06:00:00,20.2735405,22.822546000000003,low,linear interpolation (R type 7),False,False
201008,2010-08-26,2010,8,19.676767,2010-08-26 06:00:00,20.2735405,22.822546000000003,low,linear interpolation (R type 7),False,False
201008,2010-08-27,2010,8,19.19469,2010-08-27 06:00:00,20.2735405,22.822546000000003,low,linear interpolation (R type 7),False,False
201008,2010-08-28,2010,8,19.12588,2010-08-28 06:00:00,20.2735405,22.822546000000003,low,linear interpolation (R type 7),False,False
201008,2010-08-29,2010,8,19.871069,2010-08-29 10:00:00,20.2735405,22.822546000000003,low,linear interpolation (R type 7),False,False
201008,2010-08-30,2010,8,20.060072,2010-08-30 10:00:00,20.2735405,22.822546000000003,low,linear interpolation (R type 7),False,False
201008,2010-08-31,2010,8,20.233023,2010-08-31 06:00:00,20.2735405,22.822546000000003,low,linear interpolation (R type 7),False,False
201106,2011-06-01,2011,6,16.323174,2011-06-01 06:00:00,19.5396275,20.774407,low,linear interpolation (R type 7),False,False
201106,2011-06-02,2011,6,17.005016,2011-06-02 07:00:00,19.5396275,20.774407,low,linear interpolation (R type 7),False,False
201106,2011-06-03,2011,6,17.482048,2011-06-03 07:00:00,19.5396275,20.774407,low,linear interpolation (R type 7),False,False
201106,2011-06-04,2011,6,18.643883,2011-06-04 06:00:00,19.5396275,20.774407,low,linear interpolation (R type 7),False,False
201106,2011-06-05,2011,6,19.320934,2011-06-05 06:00:00,19.5396275,20.774407,low,linear interpolation (R type 7),False,False
201106,2011-06-06,2011,6,19.676613,2011-06-06 06:00:00,19.5396275,20.774407,middle,linear interpolation (R type 7),False,False
201106,2011-06-07,2011,6,19.782814,2011-06-07 05:00:00,19.5396275,20.774407,middle,linear interpolation (R type 7),False,False
201106,2011-06-08,2011,6,19.928581,2011-06-08 05:00:00,19.5396275,20.774407,middle,linear interpolation (R type 7),False,False
201106,2011-06-09,2011,6,20.04437,2011-06-09 06:00:00,19.5396275,20.774407,middle,linear interpolation (R type 7),False,False
201106,2011-06-10,2011,6,19.626179,2011-06-10 06:00:00,19.5396275,20.774407,middle,linear interpolation (R type 7),False,False
201106,2011-06-11,2011,6,19.293673,2011-06-11 07:00:00,19.5396275,20.774407,low,linear interpolation (R type 7),False,False
201106,2011-06-12,2011,6,19.510777,2011-06-12 06:00:00,19.5396275,20.774407,low,linear interpolation (R type 7),False,False
201106,2011-06-13,2011,6,20.013453,2011-06-13 06:00:00,19.5396275,20.774407,middle,linear interpolation (R type 7),False,False
201106,2011-06-14,2011,6,20.033346,2011-06-14 07:00:00,19.5396275,20.774407,middle,linear interpolation (R type 7),False,False
201106,2011-06-15,2011,6,20.041334,2011-06-15 06:00:00,19.5396275,20.774407,middle,linear interpolation (R type 7),False,False
201106,2011-06-16,2011,6,20.466051,2011-06-16 07:00:00,19.5396275,20.774407,middle,linear interpolation (R type 7),False,False
201106,2011-06-17,2011,6,20.797092,2011-06-17 07:00:00,19.5396275,20.774407,high,linear interpolation (R type 7),False,False
201106,2011-06-18,2011,6,20.628796,2011-06-18 06:00:00,19.5396275,20.774407,middle,linear interpolation (R type 7),False,False
201106,2011-06-19,2011,6,20.478628,2011-06-19 07:00:00,19.5396275,20.774407,middle,linear interpolation (R type 7),False,False
201106,2011-06-20,2011,6,21.224363,2011-06-20 06:00:00,19.5396275,20.774407,high,linear interpolation (R type 7),False,False
201106,2011-06-21,2011,6,22.111456,2011-06-21 07:00:00,19.5396275,20.774407,high,linear interpolation (R type 7),False,False
201106,2011-06-22,2011,6,22.425436,2011-06-22 06:00:00,19.5396275,20.774407,high,linear interpolation (R type 7),False,False
201106,2011-06-23,2011,6,20.955969,2011-06-23 05:00:00,19.5396275,20.774407,high,linear interpolation (R type 7),False,False
201106,2011-06-24,2011,6,20.706352,2011-06-24 06:00:00,19.5396275,20.774407,middle,linear interpolation (R type 7),False,False
201106,2011-06-25,2011,6,20.140238,2011-06-25 06:00:00,19.5396275,20.774407,middle,linear interpolation (R type 7),False,False
201106,2011-06-26,2011,6,19.354568,2011-06-26 06:00:00,19.5396275,20.774407,low,linear interpolation (R type 7),False,False
201106,2011-06-27,2011,6,20.172663,2011-06-27 10:00:00,19.5396275,20.774407,middle,linear interpolation (R type 7),False,False
201106,2011-06-28,2011,6,21.28651,2011-06-28 06:00:00,19.5396275,20.774407,high,linear interpolation (R type 7),False,False
201106,2011-06-29,2011,6,21.896235,2011-06-29 06:00:00,19.5396275,20.774407,high,linear interpolation (R type 7),False,False
201106,2011-06-30,2011,6,22.14954,2011-06-30 05:00:00,19.5396275,20.774407,high,linear interpolation (R type 7),False,False
201107,2011-07-01,2011,7,22.78981,2011-07-01 06:00:00,21.1685105,22.611286999999997,high,linear interpolation (R type 7),False,False
201107,2011-07-02,2011,7,22.523178,2011-07-02 06:00:00,21.1685105,22.611286999999997,middle,linear interpolation (R type 7),False,False
201107,2011-07-03,2011,7,22.098024,2011-07-03 10:00:00,21.1685105,22.611286999999997,middle,linear interpolation (R type 7),False,False
201107,2011-07-04,2011,7,22.326824,2011-07-04 10:00:00,21.1685105,22.611286999999997,middle,linear interpolation (R type 7),False,False
201107,2011-07-05,2011,7,22.138292,2011-07-05 06:00:00,21.1685105,22.611286999999997,middle,linear interpolation (R type 7),False,False
201107,2011-07-06,2011,7,21.382135,2011-07-06 06:00:00,21.1685105,22.611286999999997,middle,linear interpolation (R type 7),False,False
201107,2011-07-07,2011,7,19.30376,2011-07-07 11:00:00,21.1685105,22.611286999999997,low,linear interpolation (R type 7),False,False
201107,2011-07-08,2011,7,20.333117,2011-07-08 11:00:00,21.1685105,22.611286999999997,low,linear interpolation (R type 7),False,False
201107,2011-07-09,2011,7,21.011553,2011-07-09 11:00:00,21.1685105,22.611286999999997,low,linear interpolation (R type 7),False,False
201107,2011-07-10,2011,7,21.055738,2011-07-10 06:00:00,21.1685105,22.611286999999997,low,linear interpolation (R type 7),False,False
201107,2011-07-11,2011,7,21.155628,2011-07-11 05:00:00,21.1685105,22.611286999999997,low,linear interpolation (R type 7),False,False
201107,2011-07-12,2011,7,21.181393,2011-07-12 05:00:00,21.1685105,22.611286999999997,middle,linear interpolation (R type 7),False,False
201107,2011-07-13,2011,7,20.930859,2011-07-13 06:00:00,21.1685105,22.611286999999997,low,linear interpolation (R type 7),False,False
201107,2011-07-14,2011,7,20.69753,2011-07-14 06:00:00,21.1685105,22.611286999999997,low,linear interpolation (R type 7),False,False
201107,2011-07-15,2011,7,20.831566,2011-07-15 06:00:00,21.1685105,22.611286999999997,low,linear interpolation (R type 7),False,False
201107,2011-07-16,2011,7,21.197649,2011-07-16 05:00:00,21.1685105,22.611286999999997,middle,linear interpolation (R type 7),False,False
201107,2011-07-17,2011,7,21.558695,2011-07-17 06:00:00,21.1685105,22.611286999999997,middle,linear interpolation (R type 7),False,False
201107,2011-07-18,2011,7,21.56081,2011-07-18 06:00:00,21.1685105,22.611286999999997,middle,linear interpolation (R type 7),False,False
201107,2011-07-19,2011,7,21.509293,2011-07-19 06:00:00,21.1685105,22.611286999999997,middle,linear interpolation (R type 7),False,False
201107,2011-07-20,2011,7,21.941566,2011-07-20 06:00:00,21.1685105,22.611286999999997,middle,linear interpolation (R type 7),False,False
201107,2011-07-21,2011,7,22.564697,2011-07-21 06:00:00,21.1685105,22.611286999999997,middle,linear interpolation (R type 7),False,False
201107,2011-07-22,2011,7,23.054722,2011-07-22 06:00:00,21.1685105,22.611286999999997,high,linear interpolation (R type 7),False,False
201107,2011-07-23,2011,7,23.459848,2011-07-23 07:00:00,21.1685105,22.611286999999997,high,linear interpolation (R type 7),False,False
201107,2011-07-24,2011,7,23.705832,2011-07-24 06:00:00,21.1685105,22.611286999999997,high,linear interpolation (R type 7),False,False
201107,2011-07-25,2011,7,23.02338,2011-07-25 05:00:00,21.1685105,22.611286999999997,high,linear interpolation (R type 7),False,False
201107,2011-07-26,2011,7,23.01203,2011-07-26 05:00:00,21.1685105,22.611286999999997,high,linear interpolation (R type 7),False,False
201107,2011-07-27,2011,7,22.657877,2011-07-27 06:00:00,21.1685105,22.611286999999997,high,linear interpolation (R type 7),False,False
201107,2011-07-28,2011,7,22.788769,2011-07-28 10:00:00,21.1685105,22.611286999999997,high,linear interpolation (R type 7),False,False
201107,2011-07-29,2011,7,22.299944,2011-07-29 05:00:00,21.1685105,22.611286999999997,middle,linear interpolation (R type 7),False,False
201107,2011-07-30,2011,7,21.505545,2011-07-30 06:00:00,21.1685105,22.611286999999997,middle,linear interpolation (R type 7),False,False
201107,2011-07-31,2011,7,21.503393,2011-07-31 06:00:00,21.1685105,22.611286999999997,middle,linear interpolation (R type 7),False,False
201108,2011-08-01,2011,8,21.252663,2011-08-01 06:00:00,20.584923500000002,22.288207999999997,middle,linear interpolation (R type 7),False,False
201108,2011-08-02,2011,8,21.227419,2011-08-02 06:00:00,20.584923500000002,22.288207999999997,middle,linear interpolation (R type 7),False,False
201108,2011-08-03,2011,8,21.332226,2011-08-03 06:00:00,20.584923500000002,22.288207999999997,middle,linear interpolation (R type 7),False,False
201108,2011-08-04,2011,8,21.48619,2011-08-04 07:00:00,20.584923500000002,22.288207999999997,middle,linear interpolation (R type 7),False,False
201108,2011-08-05,2011,8,21.821531,2011-08-05 06:00:00,20.584923500000002,22.288207999999997,middle,linear interpolation (R type 7),False,False
201108,2011-08-06,2011,8,21.71771,2011-08-06 06:00:00,20.584923500000002,22.288207999999997,middle,linear interpolation (R type 7),False,False
201108,2011-08-07,2011,8,22.19327,2011-08-07 06:00:00,20.584923500000002,22.288207999999997,middle,linear interpolation (R type 7),False,False
201108,2011-08-08,2011,8,22.383146,2011-08-08 07:00:00,20.584923500000002,22.288207999999997,high,linear interpolation (R type 7),False,False
201108,2011-08-09,2011,8,22.68653,2011-08-09 05:00:00,20.584923500000002,22.288207999999997,high,linear interpolation (R type 7),False,False
201108,2011-08-10,2011,8,22.676428,2011-08-10 05:00:00,20.584923500000002,22.288207999999997,high,linear interpolation (R type 7),False,False
201108,2011-08-11,2011,8,22.787735,2011-08-11 06:00:00,20.584923500000002,22.288207999999997,high,linear interpolation (R type 7),False,False
201108,2011-08-12,2011,8,23.005182,2011-08-12 06:00:00,20.584923500000002,22.288207999999997,high,linear interpolation (R type 7),False,False
201108,2011-08-13,2011,8,23.317364,2011-08-13 07:00:00,20.584923500000002,22.288207999999997,high,linear interpolation (R type 7),False,False
201108,2011-08-14,2011,8,23.70492,2011-08-14 06:00:00,20.584923500000002,22.288207999999997,high,linear interpolation (R type 7),False,False
201108,2011-08-15,2011,8,23.090574,2011-08-15 07:00:00,20.584923500000002,22.288207999999997,high,linear interpolation (R type 7),False,False
201108,2011-08-16,2011,8,22.166883,2011-08-16 06:00:00,20.584923500000002,22.288207999999997,middle,linear interpolation (R type 7),False,False
201108,2011-08-17,2011,8,21.709696,2011-08-17 06:00:00,20.584923500000002,22.288207999999997,middle,linear interpolation (R type 7),False,False
201108,2011-08-18,2011,8,20.718647,2011-08-18 05:00:00,20.584923500000002,22.288207999999997,middle,linear interpolation (R type 7),False,False
201108,2011-08-19,2011,8,20.493856,2011-08-19 06:00:00,20.584923500000002,22.288207999999997,low,linear interpolation (R type 7),False,False
201108,2011-08-20,2011,8,20.395157,2011-08-20 05:00:00,20.584923500000002,22.288207999999997,low,linear interpolation (R type 7),False,False
201108,2011-08-21,2011,8,20.621267,2011-08-21 06:00:00,20.584923500000002,22.288207999999997,middle,linear interpolation (R type 7),False,False
201108,2011-08-22,2011,8,20.54858,2011-08-22 06:00:00,20.584923500000002,22.288207999999997,low,linear interpolation (R type 7),False,False
201108,2011-08-23,2011,8,20.17132,2011-08-23 06:00:00,20.584923500000002,22.288207999999997,low,linear interpolation (R type 7),False,False
201108,2011-08-24,2011,8,19.845287,2011-08-24 06:00:00,20.584923500000002,22.288207999999997,low,linear interpolation (R type 7),False,False
201108,2011-08-25,2011,8,19.79316,2011-08-25 06:00:00,20.584923500000002,22.288207999999997,low,linear interpolation (R type 7),False,False
201108,2011-08-26,2011,8,19.985619,2011-08-26 06:00:00,20.584923500000002,22.288207999999997,low,linear interpolation (R type 7),False,False
201108,2011-08-27,2011,8,20.377172,2011-08-27 06:00:00,20.584923500000002,22.288207999999997,low,linear interpolation (R type 7),False,False
201108,2011-08-28,2011,8,20.802452,2011-08-28 06:00:00,20.584923500000002,22.288207999999997,middle,linear interpolation (R type 7),False,False
201108,2011-08-29,2011,8,21.227901,2011-08-29 05:00:00,20.584923500000002,22.288207999999997,middle,linear interpolation (R type 7),False,False
201108,2011-08-30,2011,8,21.473171,2011-08-30 05:00:00,20.584923500000002,22.288207999999997,middle,linear interpolation (R type 7),False,False
201108,2011-08-31,2011,8,21.221052,2011-08-31 05:00:00,20.584923500000002,22.288207999999997,middle,linear interpolation (R type 7),False,False
201206,2012-06-01,2012,6,16.675892,2012-06-01 06:00:00,18.592780750000003,20.942038750000002,low,linear interpolation (R type 7),False,False
201206,2012-06-02,2012,6,17.311768,2012-06-02 06:00:00,18.592780750000003,20.942038750000002,low,linear interpolation (R type 7),False,False
201206,2012-06-03,2012,6,17.79639,2012-06-03 06:00:00,18.592780750000003,20.942038750000002,low,linear interpolation (R type 7),False,False
201206,2012-06-04,2012,6,18.159468,2012-06-04 06:00:00,18.592780750000003,20.942038750000002,low,linear interpolation (R type 7),False,False
201206,2012-06-05,2012,6,19.090662,2012-06-05 10:00:00,18.592780750000003,20.942038750000002,middle,linear interpolation (R type 7),False,False
201206,2012-06-06,2012,6,19.60966,2012-06-06 06:00:00,18.592780750000003,20.942038750000002,middle,linear interpolation (R type 7),False,False
201206,2012-06-07,2012,6,19.904713,2012-06-07 05:00:00,18.592780750000003,20.942038750000002,middle,linear interpolation (R type 7),False,False
201206,2012-06-08,2012,6,20.226223,2012-06-08 05:00:00,18.592780750000003,20.942038750000002,middle,linear interpolation (R type 7),False,False
201206,2012-06-09,2012,6,20.245506,2012-06-09 06:00:00,18.592780750000003,20.942038750000002,middle,linear interpolation (R type 7),False,False
201206,2012-06-10,2012,6,19.00356,2012-06-10 05:00:00,18.592780750000003,20.942038750000002,middle,linear interpolation (R type 7),False,False
201206,2012-06-11,2012,6,18.193422,2012-06-11 07:00:00,18.592780750000003,20.942038750000002,low,linear interpolation (R type 7),False,False
201206,2012-06-12,2012,6,18.481064,2012-06-12 11:00:00,18.592780750000003,20.942038750000002,low,linear interpolation (R type 7),False,False
201206,2012-06-13,2012,6,19.131742,2012-06-13 06:00:00,18.592780750000003,20.942038750000002,middle,linear interpolation (R type 7),False,False
201206,2012-06-14,2012,6,18.724855,2012-06-14 07:00:00,18.592780750000003,20.942038750000002,middle,linear interpolation (R type 7),False,False
201206,2012-06-15,2012,6,18.43944,2012-06-15 06:00:00,18.592780750000003,20.942038750000002,low,linear interpolation (R type 7),False,False
201206,2012-06-16,2012,6,18.548756,2012-06-16 06:00:00,18.592780750000003,20.942038750000002,low,linear interpolation (R type 7),False,False
201206,2012-06-17,2012,6,19.376122,2012-06-17 11:00:00,18.592780750000003,20.942038750000002,middle,linear interpolation (R type 7),False,False
201206,2012-06-18,2012,6,20.196957,2012-06-18 06:00:00,18.592780750000003,20.942038750000002,middle,linear interpolation (R type 7),False,False
201206,2012-06-19,2012,6,20.29455,2012-06-19 05:00:00,18.592780750000003,20.942038750000002,middle,linear interpolation (R type 7),False,False
201206,2012-06-20,2012,6,20.337206,2012-06-20 06:00:00,18.592780750000003,20.942038750000002,middle,linear interpolation (R type 7),False,False
201206,2012-06-21,2012,6,20.700373,2012-06-21 07:00:00,18.592780750000003,20.942038750000002,middle,linear interpolation (R type 7),False,False
201206,2012-06-22,2012,6,20.88382,2012-06-22 05:00:00,18.592780750000003,20.942038750000002,middle,linear interpolation (R type 7),False,False
201206,2012-06-23,2012,6,20.961445,2012-06-23 07:00:00,18.592780750000003,20.942038750000002,high,linear interpolation (R type 7),False,False
201206,2012-06-24,2012,6,21.0477,2012-06-24 06:00:00,18.592780750000003,20.942038750000002,high,linear interpolation (R type 7),False,False
201206,2012-06-25,2012,6,21.457535,2012-06-25 07:00:00,18.592780750000003,20.942038750000002,high,linear interpolation (R type 7),False,False
201206,2012-06-26,2012,6,21.608994,2012-06-26 06:00:00,18.592780750000003,20.942038750000002,high,linear interpolation (R type 7),False,False
201206,2012-06-27,2012,6,21.326305,2012-06-27 06:00:00,18.592780750000003,20.942038750000002,high,linear interpolation (R type 7),False,False
201206,2012-06-28,2012,6,21.602507,2012-06-28 07:00:00,18.592780750000003,20.942038750000002,high,linear interpolation (R type 7),False,False
201206,2012-06-29,2012,6,21.82581,2012-06-29 06:00:00,18.592780750000003,20.942038750000002,high,linear interpolation (R type 7),False,False
201206,2012-06-30,2012,6,21.540533,2012-06-30 07:00:00,18.592780750000003,20.942038750000002,high,linear interpolation (R type 7),False,False
201207,2012-07-01,2012,7,21.771759,2012-07-01 06:00:00,22.011525,22.909036,low,linear interpolation (R type 7),False,False
201207,2012-07-02,2012,7,21.771915,2012-07-02 06:00:00,22.011525,22.909036,low,linear interpolation (R type 7),False,False
201207,2012-07-03,2012,7,21.950756,2012-07-03 11:00:00,22.011525,22.909036,low,linear interpolation (R type 7),False,False
201207,2012-07-04,2012,7,22.02283,2012-07-04 06:00:00,22.011525,22.909036,middle,linear interpolation (R type 7),False,False
201207,2012-07-05,2012,7,22.104595,2012-07-05 06:00:00,22.011525,22.909036,middle,linear interpolation (R type 7),False,False
201207,2012-07-06,2012,7,22.371376,2012-07-06 07:00:00,22.011525,22.909036,middle,linear interpolation (R type 7),False,False
201207,2012-07-07,2012,7,22.868256,2012-07-07 06:00:00,22.011525,22.909036,middle,linear interpolation (R type 7),False,False
201207,2012-07-08,2012,7,22.81807,2012-07-08 07:00:00,22.011525,22.909036,middle,linear interpolation (R type 7),False,False
201207,2012-07-09,2012,7,22.949816,2012-07-09 06:00:00,22.011525,22.909036,high,linear interpolation (R type 7),False,False
201207,2012-07-10,2012,7,22.404346,2012-07-10 06:00:00,22.011525,22.909036,middle,linear interpolation (R type 7),False,False
201207,2012-07-11,2012,7,22.731606,2012-07-11 06:00:00,22.011525,22.909036,middle,linear interpolation (R type 7),False,False
201207,2012-07-12,2012,7,22.32454,2012-07-12 06:00:00,22.011525,22.909036,middle,linear interpolation (R type 7),False,False
201207,2012-07-13,2012,7,21.803154,2012-07-13 06:00:00,22.011525,22.909036,low,linear interpolation (R type 7),False,False
201207,2012-07-14,2012,7,21.771341,2012-07-14 06:00:00,22.011525,22.909036,low,linear interpolation (R type 7),False,False
201207,2012-07-15,2012,7,21.742008,2012-07-15 06:00:00,22.011525,22.909036,low,linear interpolation (R type 7),False,False
201207,2012-07-16,2012,7,22.00022,2012-07-16 06:00:00,22.011525,22.909036,low,linear interpolation (R type 7),False,False
201207,2012-07-17,2012,7,21.873468,2012-07-17 06:00:00,22.011525,22.909036,low,linear interpolation (R type 7),False,False
201207,2012-07-18,2012,7,22.113564,2012-07-18 06:00:00,22.011525,22.909036,middle,linear interpolation (R type 7),False,False
201207,2012-07-19,2012,7,22.778881,2012-07-19 07:00:00,22.011525,22.909036,middle,linear interpolation (R type 7),False,False
201207,2012-07-20,2012,7,23.625824,2012-07-20 06:00:00,22.011525,22.909036,high,linear interpolation (R type 7),False,False
201207,2012-07-21,2012,7,23.436039,2012-07-21 06:00:00,22.011525,22.909036,high,linear interpolation (R type 7),False,False
201207,2012-07-22,2012,7,22.208979,2012-07-22 05:00:00,22.011525,22.909036,middle,linear interpolation (R type 7),False,False
201207,2012-07-23,2012,7,22.03507,2012-07-23 06:00:00,22.011525,22.909036,middle,linear interpolation (R type 7),False,False
201207,2012-07-24,2012,7,22.642565,2012-07-24 06:00:00,22.011525,22.909036,middle,linear interpolation (R type 7),False,False
201207,2012-07-25,2012,7,23.340088,2012-07-25 06:00:00,22.011525,22.909036,high,linear interpolation (R type 7),False,False
201207,2012-07-26,2012,7,23.571404,2012-07-26 06:00:00,22.011525,22.909036,high,linear interpolation (R type 7),False,False
201207,2012-07-27,2012,7,23.508282,2012-07-27 06:00:00,22.011525,22.909036,high,linear interpolation (R type 7),False,False
201207,2012-07-28,2012,7,23.623865,2012-07-28 06:00:00,22.011525,22.909036,high,linear interpolation (R type 7),False,False
201207,2012-07-29,2012,7,23.301504,2012-07-29 06:00:00,22.011525,22.909036,high,linear interpolation (R type 7),False,False
201207,2012-07-30,2012,7,22.761242,2012-07-30 06:00:00,22.011525,22.909036,middle,linear interpolation (R type 7),False,False
201207,2012-07-31,2012,7,22.395245,2012-07-31 06:00:00,22.011525,22.909036,middle,linear interpolation (R type 7),False,False
201208,2012-08-01,2012,8,22.023087,2012-08-01 07:00:00,21.4315495,22.6978185,middle,linear interpolation (R type 7),False,False
201208,2012-08-02,2012,8,22.576626,2012-08-02 06:00:00,21.4315495,22.6978185,middle,linear interpolation (R type 7),False,False
201208,2012-08-03,2012,8,22.805897,2012-08-03 06:00:00,21.4315495,22.6978185,high,linear interpolation (R type 7),False,False
201208,2012-08-04,2012,8,22.905363,2012-08-04 06:00:00,21.4315495,22.6978185,high,linear interpolation (R type 7),False,False
201208,2012-08-05,2012,8,22.84318,2012-08-05 07:00:00,21.4315495,22.6978185,high,linear interpolation (R type 7),False,False
201208,2012-08-06,2012,8,22.942463,2012-08-06 06:00:00,21.4315495,22.6978185,high,linear interpolation (R type 7),False,False
201208,2012-08-07,2012,8,23.003216,2012-08-07 06:00:00,21.4315495,22.6978185,high,linear interpolation (R type 7),False,False
201208,2012-08-08,2012,8,22.6888,2012-08-08 06:00:00,21.4315495,22.6978185,middle,linear interpolation (R type 7),False,False
201208,2012-08-09,2012,8,22.260187,2012-08-09 06:00:00,21.4315495,22.6978185,middle,linear interpolation (R type 7),False,False
201208,2012-08-10,2012,8,22.353071,2012-08-10 10:00:00,21.4315495,22.6978185,middle,linear interpolation (R type 7),False,False
201208,2012-08-11,2012,8,22.748512,2012-08-11 06:00:00,21.4315495,22.6978185,high,linear interpolation (R type 7),False,False
201208,2012-08-12,2012,8,22.729263,2012-08-12 06:00:00,21.4315495,22.6978185,high,linear interpolation (R type 7),False,False
201208,2012-08-13,2012,8,22.037151,2012-08-13 06:00:00,21.4315495,22.6978185,middle,linear interpolation (R type 7),False,False
201208,2012-08-14,2012,8,21.774372,2012-08-14 06:00:00,21.4315495,22.6978185,middle,linear interpolation (R type 7),False,False
201208,2012-08-15,2012,8,22.106909,2012-08-15 06:00:00,21.4315495,22.6978185,middle,linear interpolation (R type 7),False,False
201208,2012-08-16,2012,8,22.574064,2012-08-16 06:00:00,21.4315495,22.6978185,middle,linear interpolation (R type 7),False,False
201208,2012-08-17,2012,8,22.706837,2012-08-17 07:00:00,21.4315495,22.6978185,high,linear interpolation (R type 7),False,False
201208,2012-08-18,2012,8,22.463055,2012-08-18 06:00:00,21.4315495,22.6978185,middle,linear interpolation (R type 7),False,False
201208,2012-08-19,2012,8,22.186869,2012-08-19 06:00:00,21.4315495,22.6978185,middle,linear interpolation (R type 7),False,False
201208,2012-08-20,2012,8,21.677513,2012-08-20 06:00:00,21.4315495,22.6978185,middle,linear interpolation (R type 7),False,False
201208,2012-08-21,2012,8,19.374866,2012-08-21 05:00:00,21.4315495,22.6978185,low,linear interpolation (R type 7),False,False
201208,2012-08-22,2012,8,18.103819,2012-08-22 06:00:00,21.4315495,22.6978185,low,linear interpolation (R type 7),False,False
201208,2012-08-23,2012,8,18.375298,2012-08-23 06:00:00,21.4315495,22.6978185,low,linear interpolation (R type 7),False,False
201208,2012-08-24,2012,8,19.395567,2012-08-24 10:00:00,21.4315495,22.6978185,low,linear interpolation (R type 7),False,False
201208,2012-08-25,2012,8,20.63195,2012-08-25 06:00:00,21.4315495,22.6978185,low,linear interpolation (R type 7),False,False
201208,2012-08-26,2012,8,21.179058,2012-08-26 06:00:00,21.4315495,22.6978185,low,linear interpolation (R type 7),False,False
201208,2012-08-27,2012,8,21.466227,2012-08-27 06:00:00,21.4315495,22.6978185,middle,linear interpolation (R type 7),False,False
201208,2012-08-28,2012,8,21.183289,2012-08-28 05:00:00,21.4315495,22.6978185,low,linear interpolation (R type 7),False,False
201208,2012-08-29,2012,8,21.396872,2012-08-29 10:00:00,21.4315495,22.6978185,low,linear interpolation (R type 7),False,False
201208,2012-08-30,2012,8,21.74792,2012-08-30 10:00:00,21.4315495,22.6978185,middle,linear interpolation (R type 7),False,False
201208,2012-08-31,2012,8,21.77309,2012-08-31 04:00:00,21.4315495,22.6978185,middle,linear interpolation (R type 7),False,False
201306,2013-06-01,2013,6,18.142227,2013-06-01 06:00:00,19.0724485,21.70291425,low,linear interpolation (R type 7),False,False
201306,2013-06-02,2013,6,18.223625,2013-06-02 06:00:00,19.0724485,21.70291425,low,linear interpolation (R type 7),False,False
201306,2013-06-03,2013,6,18.91711,2013-06-03 06:00:00,19.0724485,21.70291425,low,linear interpolation (R type 7),False,False
201306,2013-06-04,2013,6,20.148727,2013-06-04 05:00:00,19.0724485,21.70291425,middle,linear interpolation (R type 7),False,False
201306,2013-06-05,2013,6,20.719824,2013-06-05 06:00:00,19.0724485,21.70291425,middle,linear interpolation (R type 7),False,False
201306,2013-06-06,2013,6,20.914734,2013-06-06 06:00:00,19.0724485,21.70291425,middle,linear interpolation (R type 7),False,False
201306,2013-06-07,2013,6,20.726374,2013-06-07 06:00:00,19.0724485,21.70291425,middle,linear interpolation (R type 7),False,False
201306,2013-06-08,2013,6,20.045828,2013-06-08 06:00:00,19.0724485,21.70291425,middle,linear interpolation (R type 7),False,False
201306,2013-06-09,2013,6,17.773449,2013-06-09 05:00:00,19.0724485,21.70291425,low,linear interpolation (R type 7),False,False
201306,2013-06-10,2013,6,16.345562,2013-06-10 06:00:00,19.0724485,21.70291425,low,linear interpolation (R type 7),False,False
201306,2013-06-11,2013,6,15.859567,2013-06-11 06:00:00,19.0724485,21.70291425,low,linear interpolation (R type 7),False,False
201306,2013-06-12,2013,6,17.062841,2013-06-12 10:00:00,19.0724485,21.70291425,low,linear interpolation (R type 7),False,False
201306,2013-06-13,2013,6,18.233597,2013-06-13 06:00:00,19.0724485,21.70291425,low,linear interpolation (R type 7),False,False
201306,2013-06-14,2013,6,19.538464,2013-06-14 10:00:00,19.0724485,21.70291425,middle,linear interpolation (R type 7),False,False
201306,2013-06-15,2013,6,21.238615,2013-06-15 10:00:00,19.0724485,21.70291425,middle,linear interpolation (R type 7),False,False
201306,2013-06-16,2013,6,22.089642,2013-06-16 06:00:00,19.0724485,21.70291425,high,linear interpolation (R type 7),False,False
201306,2013-06-17,2013,6,22.332462,2013-06-17 06:00:00,19.0724485,21.70291425,high,linear interpolation (R type 7),False,False
201306,2013-06-18,2013,6,22.350578,2013-06-18 06:00:00,19.0724485,21.70291425,high,linear interpolation (R type 7),False,False
201306,2013-06-19,2013,6,22.0997,2013-06-19 10:00:00,19.0724485,21.70291425,high,linear interpolation (R type 7),False,False
201306,2013-06-20,2013,6,21.856651,2013-06-20 06:00:00,19.0724485,21.70291425,high,linear interpolation (R type 7),False,False
201306,2013-06-21,2013,6,21.230473,2013-06-21 06:00:00,19.0724485,21.70291425,middle,linear interpolation (R type 7),False,False
201306,2013-06-22,2013,6,21.287691,2013-06-22 06:00:00,19.0724485,21.70291425,middle,linear interpolation (R type 7),False,False
201306,2013-06-23,2013,6,21.450356,2013-06-23 06:00:00,19.0724485,21.70291425,middle,linear interpolation (R type 7),False,False
201306,2013-06-24,2013,6,21.764265,2013-06-24 05:00:00,19.0724485,21.70291425,high,linear interpolation (R type 7),False,False
201306,2013-06-25,2013,6,21.410688,2013-06-25 05:00:00,19.0724485,21.70291425,middle,linear interpolation (R type 7),False,False
201306,2013-06-26,2013,6,21.333918,2013-06-26 05:00:00,19.0724485,21.70291425,middle,linear interpolation (R type 7),False,False
201306,2013-06-27,2013,6,20.905226,2013-06-27 05:00:00,19.0724485,21.70291425,middle,linear interpolation (R type 7),False,False
201306,2013-06-28,2013,6,21.518862,2013-06-28 06:00:00,19.0724485,21.70291425,middle,linear interpolation (R type 7),False,False
201306,2013-06-29,2013,6,22.376217,2013-06-29 07:00:00,19.0724485,21.70291425,high,linear interpolation (R type 7),False,False
201306,2013-06-30,2013,6,23.00257,2013-06-30 07:00:00,19.0724485,21.70291425,high,linear interpolation (R type 7),False,False
201307,2013-07-01,2013,7,23.142292,2013-07-01 06:00:00,22.3032235,22.8812455,high,linear interpolation (R type 7),False,False
201307,2013-07-02,2013,7,22.25718,2013-07-02 06:00:00,22.3032235,22.8812455,low,linear interpolation (R type 7),False,False
201307,2013-07-03,2013,7,22.899288,2013-07-03 10:00:00,22.3032235,22.8812455,high,linear interpolation (R type 7),False,False
201307,2013-07-04,2013,7,22.313011,2013-07-04 06:00:00,22.3032235,22.8812455,middle,linear interpolation (R type 7),False,False
201307,2013-07-05,2013,7,21.974607,2013-07-05 11:00:00,22.3032235,22.8812455,low,linear interpolation (R type 7),False,False
201307,2013-07-06,2013,7,22.54178,2013-07-06 06:00:00,22.3032235,22.8812455,middle,linear interpolation (R type 7),False,False
201307,2013-07-07,2013,7,22.930355,2013-07-07 06:00:00,22.3032235,22.8812455,high,linear interpolation (R type 7),False,False
201307,2013-07-08,2013,7,22.714941,2013-07-08 06:00:00,22.3032235,22.8812455,middle,linear interpolation (R type 7),False,False
201307,2013-07-09,2013,7,22.291296,2013-07-09 06:00:00,22.3032235,22.8812455,low,linear interpolation (R type 7),False,False
201307,2013-07-10,2013,7,22.027182,2013-07-10 06:00:00,22.3032235,22.8812455,low,linear interpolation (R type 7),False,False
201307,2013-07-11,2013,7,22.333511,2013-07-11 06:00:00,22.3032235,22.8812455,middle,linear interpolation (R type 7),False,False
201307,2013-07-12,2013,7,22.4867,2013-07-12 11:00:00,22.3032235,22.8812455,middle,linear interpolation (R type 7),False,False
201307,2013-07-13,2013,7,22.71434,2013-07-13 07:00:00,22.3032235,22.8812455,middle,linear interpolation (R type 7),False,False
201307,2013-07-14,2013,7,23.053461,2013-07-14 07:00:00,22.3032235,22.8812455,high,linear interpolation (R type 7),False,False
201307,2013-07-15,2013,7,22.860525,2013-07-15 06:00:00,22.3032235,22.8812455,middle,linear interpolation (R type 7),False,False
201307,2013-07-16,2013,7,21.772606,2013-07-16 06:00:00,22.3032235,22.8812455,low,linear interpolation (R type 7),False,False
201307,2013-07-17,2013,7,22.470322,2013-07-17 06:00:00,22.3032235,22.8812455,middle,linear interpolation (R type 7),False,False
201307,2013-07-18,2013,7,22.293436,2013-07-18 06:00:00,22.3032235,22.8812455,low,linear interpolation (R type 7),False,False
201307,2013-07-19,2013,7,22.007313,2013-07-19 06:00:00,22.3032235,22.8812455,low,linear interpolation (R type 7),False,False
201307,2013-07-20,2013,7,22.139284,2013-07-20 06:00:00,22.3032235,22.8812455,low,linear interpolation (R type 7),False,False
201307,2013-07-21,2013,7,22.57037,2013-07-21 06:00:00,22.3032235,22.8812455,middle,linear interpolation (R type 7),False,False
201307,2013-07-22,2013,7,22.421324,2013-07-22 06:00:00,22.3032235,22.8812455,middle,linear interpolation (R type 7),False,False
201307,2013-07-23,2013,7,22.39566,2013-07-23 06:00:00,22.3032235,22.8812455,middle,linear interpolation (R type 7),False,False
201307,2013-07-24,2013,7,22.863203,2013-07-24 10:00:00,22.3032235,22.8812455,middle,linear interpolation (R type 7),False,False
201307,2013-07-25,2013,7,23.096834,2013-07-25 06:00:00,22.3032235,22.8812455,high,linear interpolation (R type 7),False,False
201307,2013-07-26,2013,7,23.538595,2013-07-26 06:00:00,22.3032235,22.8812455,high,linear interpolation (R type 7),False,False
201307,2013-07-27,2013,7,23.11923,2013-07-27 06:00:00,22.3032235,22.8812455,high,linear interpolation (R type 7),False,False
201307,2013-07-28,2013,7,22.786896,2013-07-28 06:00:00,22.3032235,22.8812455,middle,linear interpolation (R type 7),False,False
201307,2013-07-29,2013,7,22.561638,2013-07-29 06:00:00,22.3032235,22.8812455,middle,linear interpolation (R type 7),False,False
201307,2013-07-30,2013,7,22.563309,2013-07-30 10:00:00,22.3032235,22.8812455,middle,linear interpolation (R type 7),False,False
201307,2013-07-31,2013,7,22.917519,2013-07-31 06:00:00,22.3032235,22.8812455,high,linear interpolation (R type 7),False,False
201308,2013-08-01,2013,8,22.876549,2013-08-01 05:00:00,21.772022,22.962660999999997,middle,linear interpolation (R type 7),False,False
201308,2013-08-02,2013,8,22.726927,2013-08-02 06:00:00,21.772022,22.962660999999997,middle,linear interpolation (R type 7),False,False
201308,2013-08-03,2013,8,22.80138,2013-08-03 06:00:00,21.772022,22.962660999999997,middle,linear interpolation (R type 7),False,False
201308,2013-08-04,2013,8,23.038464,2013-08-04 06:00:00,21.772022,22.962660999999997,high,linear interpolation (R type 7),False,False
201308,2013-08-05,2013,8,23.2374,2013-08-05 10:00:00,21.772022,22.962660999999997,high,linear interpolation (R type 7),False,False
201308,2013-08-06,2013,8,23.252132,2013-08-06 06:00:00,21.772022,22.962660999999997,high,linear interpolation (R type 7),False,False
201308,2013-08-07,2013,8,22.4031,2013-08-07 05:00:00,21.772022,22.962660999999997,middle,linear interpolation (R type 7),False,False
201308,2013-08-08,2013,8,21.950966,2013-08-08 07:00:00,21.772022,22.962660999999997,middle,linear interpolation (R type 7),False,False
201308,2013-08-09,2013,8,22.37184,2013-08-09 11:00:00,21.772022,22.962660999999997,middle,linear interpolation (R type 7),False,False
201308,2013-08-10,2013,8,23.033129,2013-08-10 10:00:00,21.772022,22.962660999999997,high,linear interpolation (R type 7),False,False
201308,2013-08-11,2013,8,23.163492,2013-08-11 07:00:00,21.772022,22.962660999999997,high,linear interpolation (R type 7),False,False
201308,2013-08-12,2013,8,22.799168,2013-08-12 05:00:00,21.772022,22.962660999999997,middle,linear interpolation (R type 7),False,False
201308,2013-08-13,2013,8,23.137674,2013-08-13 05:00:00,21.772022,22.962660999999997,high,linear interpolation (R type 7),False,False
201308,2013-08-14,2013,8,23.421654,2013-08-14 07:00:00,21.772022,22.962660999999997,high,linear interpolation (R type 7),False,False
201308,2013-08-15,2013,8,23.570478,2013-08-15 07:00:00,21.772022,22.962660999999997,high,linear interpolation (R type 7),False,False
201308,2013-08-16,2013,8,22.892193,2013-08-16 06:00:00,21.772022,22.962660999999997,middle,linear interpolation (R type 7),False,False
201308,2013-08-17,2013,8,21.773628,2013-08-17 07:00:00,21.772022,22.962660999999997,middle,linear interpolation (R type 7),False,False
201308,2013-08-18,2013,8,21.17449,2013-08-18 06:00:00,21.772022,22.962660999999997,low,linear interpolation (R type 7),False,False
201308,2013-08-19,2013,8,21.267832,2013-08-19 06:00:00,21.772022,22.962660999999997,low,linear interpolation (R type 7),False,False
201308,2013-08-20,2013,8,21.770416,2013-08-20 06:00:00,21.772022,22.962660999999997,low,linear interpolation (R type 7),False,False
201308,2013-08-21,2013,8,22.31008,2013-08-21 06:00:00,21.772022,22.962660999999997,middle,linear interpolation (R type 7),False,False
201308,2013-08-22,2013,8,22.111225,2013-08-22 06:00:00,21.772022,22.962660999999997,middle,linear interpolation (R type 7),False,False
201308,2013-08-23,2013,8,22.00393,2013-08-23 06:00:00,21.772022,22.962660999999997,middle,linear interpolation (R type 7),False,False
201308,2013-08-24,2013,8,21.625635,2013-08-24 06:00:00,21.772022,22.962660999999997,low,linear interpolation (R type 7),False,False
201308,2013-08-25,2013,8,21.69401,2013-08-25 06:00:00,21.772022,22.962660999999997,low,linear interpolation (R type 7),False,False
201308,2013-08-26,2013,8,21.931816,2013-08-26 06:00:00,21.772022,22.962660999999997,middle,linear interpolation (R type 7),False,False
201308,2013-08-27,2013,8,22.42819,2013-08-27 06:00:00,21.772022,22.962660999999997,middle,linear interpolation (R type 7),False,False
201308,2013-08-28,2013,8,22.16954,2013-08-28 05:00:00,21.772022,22.962660999999997,middle,linear interpolation (R type 7),False,False
201308,2013-08-29,2013,8,20.008009,2013-08-29 05:00:00,21.772022,22.962660999999997,low,linear interpolation (R type 7),False,False
201308,2013-08-30,2013,8,18.551535,2013-08-30 06:00:00,21.772022,22.962660999999997,low,linear interpolation (R type 7),False,False
201308,2013-08-31,2013,8,18.116936,2013-08-31 06:00:00,21.772022,22.962660999999997,low,linear interpolation (R type 7),False,False
201406,2014-06-01,2014,6,20.739298,2014-06-01 07:00:00,19.24203025,20.6221835,high,linear interpolation (R type 7),False,False
201406,2014-06-02,2014,6,19.873533,2014-06-02 07:00:00,19.24203025,20.6221835,middle,linear interpolation (R type 7),False,False
201406,2014-06-03,2014,6,19.439363,2014-06-03 07:00:00,19.24203025,20.6221835,middle,linear interpolation (R type 7),False,False
201406,2014-06-04,2014,6,19.58695,2014-06-04 07:00:00,19.24203025,20.6221835,middle,linear interpolation (R type 7),False,False
201406,2014-06-05,2014,6,19.869568,2014-06-05 06:00:00,19.24203025,20.6221835,middle,linear interpolation (R type 7),False,False
201406,2014-06-06,2014,6,19.180696,2014-06-06 06:00:00,19.24203025,20.6221835,low,linear interpolation (R type 7),False,False
201406,2014-06-07,2014,6,18.466715,2014-06-07 06:00:00,19.24203025,20.6221835,low,linear interpolation (R type 7),False,False
201406,2014-06-08,2014,6,18.678514,2014-06-08 06:00:00,19.24203025,20.6221835,low,linear interpolation (R type 7),False,False
201406,2014-06-09,2014,6,18.90903,2014-06-09 06:00:00,19.24203025,20.6221835,low,linear interpolation (R type 7),False,False
201406,2014-06-10,2014,6,18.804895,2014-06-10 06:00:00,19.24203025,20.6221835,low,linear interpolation (R type 7),False,False
201406,2014-06-11,2014,6,18.655922,2014-06-11 06:00:00,19.24203025,20.6221835,low,linear interpolation (R type 7),False,False
201406,2014-06-12,2014,6,18.679335,2014-06-12 10:00:00,19.24203025,20.6221835,low,linear interpolation (R type 7),False,False
201406,2014-06-13,2014,6,18.867958,2014-06-13 10:00:00,19.24203025,20.6221835,low,linear interpolation (R type 7),False,False
201406,2014-06-14,2014,6,19.426033,2014-06-14 10:00:00,19.24203025,20.6221835,middle,linear interpolation (R type 7),False,False
201406,2014-06-15,2014,6,19.941553,2014-06-15 10:00:00,19.24203025,20.6221835,middle,linear interpolation (R type 7),False,False
201406,2014-06-16,2014,6,20.388971,2014-06-16 06:00:00,19.24203025,20.6221835,middle,linear interpolation (R type 7),False,False
201406,2014-06-17,2014,6,20.239721,2014-06-17 05:00:00,19.24203025,20.6221835,middle,linear interpolation (R type 7),False,False
201406,2014-06-18,2014,6,20.676817,2014-06-18 06:00:00,19.24203025,20.6221835,high,linear interpolation (R type 7),False,False
201406,2014-06-19,2014,6,20.54825,2014-06-19 06:00:00,19.24203025,20.6221835,middle,linear interpolation (R type 7),False,False
201406,2014-06-20,2014,6,20.111387,2014-06-20 06:00:00,19.24203025,20.6221835,middle,linear interpolation (R type 7),False,False
201406,2014-06-21,2014,6,19.620195,2014-06-21 06:00:00,19.24203025,20.6221835,middle,linear interpolation (R type 7),False,False
201406,2014-06-22,2014,6,19.497478,2014-06-22 07:00:00,19.24203025,20.6221835,middle,linear interpolation (R type 7),False,False
201406,2014-06-23,2014,6,19.523474,2014-06-23 07:00:00,19.24203025,20.6221835,middle,linear interpolation (R type 7),False,False
201406,2014-06-24,2014,6,20.07077,2014-06-24 06:00:00,19.24203025,20.6221835,middle,linear interpolation (R type 7),False,False
201406,2014-06-25,2014,6,20.801117,2014-06-25 07:00:00,19.24203025,20.6221835,high,linear interpolation (R type 7),False,False
201406,2014-06-26,2014,6,21.201193,2014-06-26 06:00:00,19.24203025,20.6221835,high,linear interpolation (R type 7),False,False
201406,2014-06-27,2014,6,20.687138,2014-06-27 06:00:00,19.24203025,20.6221835,high,linear interpolation (R type 7),False,False
201406,2014-06-28,2014,6,20.646828,2014-06-28 11:00:00,19.24203025,20.6221835,high,linear interpolation (R type 7),False,False
201406,2014-06-29,2014,6,20.904125,2014-06-29 07:00:00,19.24203025,20.6221835,high,linear interpolation (R type 7),False,False
201406,2014-06-30,2014,6,21.376598,2014-06-30 07:00:00,19.24203025,20.6221835,high,linear interpolation (R type 7),False,False
201407,2014-07-01,2014,7,21.583607,2014-07-01 06:00:00,21.577721,22.6014085,middle,linear interpolation (R type 7),False,False
201407,2014-07-02,2014,7,21.717045,2014-07-02 07:00:00,21.577721,22.6014085,middle,linear interpolation (R type 7),False,False
201407,2014-07-03,2014,7,22.144434,2014-07-03 06:00:00,21.577721,22.6014085,middle,linear interpolation (R type 7),False,False
201407,2014-07-04,2014,7,21.881613,2014-07-04 07:00:00,21.577721,22.6014085,middle,linear interpolation (R type 7),False,False
201407,2014-07-05,2014,7,21.91681,2014-07-05 06:00:00,21.577721,22.6014085,middle,linear interpolation (R type 7),False,False
201407,2014-07-06,2014,7,22.274836,2014-07-06 06:00:00,21.577721,22.6014085,middle,linear interpolation (R type 7),False,False
201407,2014-07-07,2014,7,22.580812,2014-07-07 07:00:00,21.577721,22.6014085,middle,linear interpolation (R type 7),False,False
201407,2014-07-08,2014,7,22.136393,2014-07-08 07:00:00,21.577721,22.6014085,middle,linear interpolation (R type 7),False,False
201407,2014-07-09,2014,7,21.5586,2014-07-09 06:00:00,21.577721,22.6014085,low,linear interpolation (R type 7),False,False
201407,2014-07-10,2014,7,21.571835,2014-07-10 07:00:00,21.577721,22.6014085,low,linear interpolation (R type 7),False,False
201407,2014-07-11,2014,7,21.765385,2014-07-11 07:00:00,21.577721,22.6014085,middle,linear interpolation (R type 7),False,False
201407,2014-07-12,2014,7,20.814842,2014-07-12 06:00:00,21.577721,22.6014085,low,linear interpolation (R type 7),False,False
201407,2014-07-13,2014,7,20.469763,2014-07-13 07:00:00,21.577721,22.6014085,low,linear interpolation (R type 7),False,False
201407,2014-07-14,2014,7,20.993483,2014-07-14 06:00:00,21.577721,22.6014085,low,linear interpolation (R type 7),False,False
201407,2014-07-15,2014,7,21.350903,2014-07-15 06:00:00,21.577721,22.6014085,low,linear interpolation (R type 7),False,False
201407,2014-07-16,2014,7,21.953472,2014-07-16 07:00:00,21.577721,22.6014085,middle,linear interpolation (R type 7),False,False
201407,2014-07-17,2014,7,22.530575,2014-07-17 06:00:00,21.577721,22.6014085,middle,linear interpolation (R type 7),False,False
201407,2014-07-18,2014,7,23.076988,2014-07-18 07:00:00,21.577721,22.6014085,high,linear interpolation (R type 7),False,False
201407,2014-07-19,2014,7,23.381592,2014-07-19 06:00:00,21.577721,22.6014085,high,linear interpolation (R type 7),False,False
201407,2014-07-20,2014,7,23.796738,2014-07-20 06:00:00,21.577721,22.6014085,high,linear interpolation (R type 7),False,False
201407,2014-07-21,2014,7,22.958517,2014-07-21 06:00:00,21.577721,22.6014085,high,linear interpolation (R type 7),False,False
201407,2014-07-22,2014,7,22.622005,2014-07-22 06:00:00,21.577721,22.6014085,high,linear interpolation (R type 7),False,False
201407,2014-07-23,2014,7,22.064522,2014-07-23 07:00:00,21.577721,22.6014085,middle,linear interpolation (R type 7),False,False
201407,2014-07-24,2014,7,21.837816,2014-07-24 06:00:00,21.577721,22.6014085,middle,linear interpolation (R type 7),False,False
201407,2014-07-25,2014,7,21.41771,2014-07-25 06:00:00,21.577721,22.6014085,low,linear interpolation (R type 7),False,False
201407,2014-07-26,2014,7,21.555954,2014-07-26 07:00:00,21.577721,22.6014085,low,linear interpolation (R type 7),False,False
201407,2014-07-27,2014,7,22.124369,2014-07-27 07:00:00,21.577721,22.6014085,middle,linear interpolation (R type 7),False,False
201407,2014-07-28,2014,7,22.530512,2014-07-28 05:00:00,21.577721,22.6014085,middle,linear interpolation (R type 7),False,False
201407,2014-07-29,2014,7,22.873474,2014-07-29 06:00:00,21.577721,22.6014085,high,linear interpolation (R type 7),False,False
201407,2014-07-30,2014,7,23.096716,2014-07-30 06:00:00,21.577721,22.6014085,high,linear interpolation (R type 7),False,False
201407,2014-07-31,2014,7,23.478786,2014-07-31 06:00:00,21.577721,22.6014085,high,linear interpolation (R type 7),False,False
201408,2014-08-01,2014,8,23.42893,2014-08-01 06:00:00,20.081244499999997,21.168834,high,linear interpolation (R type 7),False,False
201408,2014-08-02,2014,8,23.254278,2014-08-02 06:00:00,20.081244499999997,21.168834,high,linear interpolation (R type 7),False,False
201408,2014-08-03,2014,8,23.198706,2014-08-03 06:00:00,20.081244499999997,21.168834,high,linear interpolation (R type 7),False,False
201408,2014-08-04,2014,8,22.908829,2014-08-04 05:00:00,20.081244499999997,21.168834,high,linear interpolation (R type 7),False,False
201408,2014-08-05,2014,8,22.46718,2014-08-05 05:00:00,20.081244499999997,21.168834,high,linear interpolation (R type 7),False,False
201408,2014-08-06,2014,8,21.642654,2014-08-06 06:00:00,20.081244499999997,21.168834,high,linear interpolation (R type 7),False,False
201408,2014-08-07,2014,8,21.212795,2014-08-07 06:00:00,20.081244499999997,21.168834,high,linear interpolation (R type 7),False,False
201408,2014-08-08,2014,8,21.077318,2014-08-08 06:00:00,20.081244499999997,21.168834,middle,linear interpolation (R type 7),False,False
201408,2014-08-09,2014,8,20.96296,2014-08-09 06:00:00,20.081244499999997,21.168834,middle,linear interpolation (R type 7),False,False
201408,2014-08-10,2014,8,21.19792,2014-08-10 07:00:00,20.081244499999997,21.168834,high,linear interpolation (R type 7),False,False
201408,2014-08-11,2014,8,20.685282,2014-08-11 05:00:00,20.081244499999997,21.168834,middle,linear interpolation (R type 7),False,False
201408,2014-08-12,2014,8,19.735458,2014-08-12 05:00:00,20.081244499999997,21.168834,low,linear interpolation (R type 7),False,False
201408,2014-08-13,2014,8,19.18948,2014-08-13 06:00:00,20.081244499999997,21.168834,low,linear interpolation (R type 7),False,False
201408,2014-08-14,2014,8,19.419254,2014-08-14 06:00:00,20.081244499999997,21.168834,low,linear interpolation (R type 7),False,False
201408,2014-08-15,2014,8,20.142006,2014-08-15 06:00:00,20.081244499999997,21.168834,middle,linear interpolation (R type 7),False,False
201408,2014-08-16,2014,8,20.88589,2014-08-16 06:00:00,20.081244499999997,21.168834,middle,linear interpolation (R type 7),False,False
201408,2014-08-17,2014,8,21.045946,2014-08-17 06:00:00,20.081244499999997,21.168834,middle,linear interpolation (R type 7),False,False
201408,2014-08-18,2014,8,20.50802,2014-08-18 05:00:00,20.081244499999997,21.168834,middle,linear interpolation (R type 7),False,False
201408,2014-08-19,2014,8,19.993826,2014-08-19 06:00:00,20.081244499999997,21.168834,low,linear interpolation (R type 7),False,False
201408,2014-08-20,2014,8,19.985582,2014-08-20 06:00:00,20.081244499999997,21.168834,low,linear interpolation (R type 7),False,False
201408,2014-08-21,2014,8,20.751049,2014-08-21 10:00:00,20.081244499999997,21.168834,middle,linear interpolation (R type 7),False,False
201408,2014-08-22,2014,8,21.139748,2014-08-22 06:00:00,20.081244499999997,21.168834,middle,linear interpolation (R type 7),False,False
201408,2014-08-23,2014,8,20.996044,2014-08-23 05:00:00,20.081244499999997,21.168834,middle,linear interpolation (R type 7),False,False
201408,2014-08-24,2014,8,19.878521,2014-08-24 06:00:00,20.081244499999997,21.168834,low,linear interpolation (R type 7),False,False
201408,2014-08-25,2014,8,19.58183,2014-08-25 07:00:00,20.081244499999997,21.168834,low,linear interpolation (R type 7),False,False
201408,2014-08-26,2014,8,20.020483,2014-08-26 06:00:00,20.081244499999997,21.168834,low,linear interpolation (R type 7),False,False
201408,2014-08-27,2014,8,20.340878,2014-08-27 07:00:00,20.081244499999997,21.168834,middle,linear interpolation (R type 7),False,False
201408,2014-08-28,2014,8,20.622896,2014-08-28 05:00:00,20.081244499999997,21.168834,middle,linear interpolation (R type 7),False,False
201408,2014-08-29,2014,8,20.806597,2014-08-29 06:00:00,20.081244499999997,21.168834,middle,linear interpolation (R type 7),False,False
201408,2014-08-30,2014,8,21.014921,2014-08-30 06:00:00,20.081244499999997,21.168834,middle,linear interpolation (R type 7),False,False
201408,2014-08-31,2014,8,20.629486,2014-08-31 05:00:00,20.081244499999997,21.168834,middle,linear interpolation (R type 7),False,False
201506,2015-06-01,2015,6,19.78494,2015-06-01 06:00:00,18.617535,21.04837475,middle,linear interpolation (R type 7),False,False
201506,2015-06-02,2015,6,19.199608,2015-06-02 06:00:00,18.617535,21.04837475,middle,linear interpolation (R type 7),False,False
201506,2015-06-03,2015,6,17.955313,2015-06-03 05:00:00,18.617535,21.04837475,low,linear interpolation (R type 7),False,False
201506,2015-06-04,2015,6,17.013222,2015-06-04 06:00:00,18.617535,21.04837475,low,linear interpolation (R type 7),False,False
201506,2015-06-05,2015,6,17.609753,2015-06-05 06:00:00,18.617535,21.04837475,low,linear interpolation (R type 7),False,False
201506,2015-06-06,2015,6,18.447014,2015-06-06 06:00:00,18.617535,21.04837475,low,linear interpolation (R type 7),False,False
201506,2015-06-07,2015,6,18.482725,2015-06-07 06:00:00,18.617535,21.04837475,low,linear interpolation (R type 7),False,False
201506,2015-06-08,2015,6,18.266283,2015-06-08 06:00:00,18.617535,21.04837475,low,linear interpolation (R type 7),False,False
201506,2015-06-09,2015,6,19.336624,2015-06-09 07:00:00,18.617535,21.04837475,middle,linear interpolation (R type 7),False,False
201506,2015-06-10,2015,6,19.441559,2015-06-10 06:00:00,18.617535,21.04837475,middle,linear interpolation (R type 7),False,False
201506,2015-06-11,2015,6,17.98627,2015-06-11 06:00:00,18.617535,21.04837475,low,linear interpolation (R type 7),False,False
201506,2015-06-12,2015,6,18.419785,2015-06-12 06:00:00,18.617535,21.04837475,low,linear interpolation (R type 7),False,False
201506,2015-06-13,2015,6,19.021965,2015-06-13 06:00:00,18.617535,21.04837475,middle,linear interpolation (R type 7),False,False
201506,2015-06-14,2015,6,19.483358,2015-06-14 07:00:00,18.617535,21.04837475,middle,linear interpolation (R type 7),False,False
201506,2015-06-15,2015,6,20.389772,2015-06-15 06:00:00,18.617535,21.04837475,middle,linear interpolation (R type 7),False,False
201506,2015-06-16,2015,6,20.721748,2015-06-16 06:00:00,18.617535,21.04837475,middle,linear interpolation (R type 7),False,False
201506,2015-06-17,2015,6,20.437235,2015-06-17 05:00:00,18.617535,21.04837475,middle,linear interpolation (R type 7),False,False
201506,2015-06-18,2015,6,19.26884,2015-06-18 06:00:00,18.617535,21.04837475,middle,linear interpolation (R type 7),False,False
201506,2015-06-19,2015,6,19.523363,2015-06-19 06:00:00,18.617535,21.04837475,middle,linear interpolation (R type 7),False,False
201506,2015-06-20,2015,6,19.65281,2015-06-20 06:00:00,18.617535,21.04837475,middle,linear interpolation (R type 7),False,False
201506,2015-06-21,2015,6,19.750635,2015-06-21 06:00:00,18.617535,21.04837475,middle,linear interpolation (R type 7),False,False
201506,2015-06-22,2015,6,20.726135,2015-06-22 06:00:00,18.617535,21.04837475,middle,linear interpolation (R type 7),False,False
201506,2015-06-23,2015,6,21.48697,2015-06-23 07:00:00,18.617535,21.04837475,high,linear interpolation (R type 7),False,False
201506,2015-06-24,2015,6,21.502064,2015-06-24 06:00:00,18.617535,21.04837475,high,linear interpolation (R type 7),False,False
201506,2015-06-25,2015,6,21.586481,2015-06-25 06:00:00,18.617535,21.04837475,high,linear interpolation (R type 7),False,False
201506,2015-06-26,2015,6,22.121614,2015-06-26 06:00:00,18.617535,21.04837475,high,linear interpolation (R type 7),False,False
201506,2015-06-27,2015,6,22.182013,2015-06-27 06:00:00,18.617535,21.04837475,high,linear interpolation (R type 7),False,False
201506,2015-06-28,2015,6,22.488655,2015-06-28 10:00:00,18.617535,21.04837475,high,linear interpolation (R type 7),False,False
201506,2015-06-29,2015,6,22.04839,2015-06-29 06:00:00,18.617535,21.04837475,high,linear interpolation (R type 7),False,False
201506,2015-06-30,2015,6,21.155788,2015-06-30 06:00:00,18.617535,21.04837475,high,linear interpolation (R type 7),False,False
201507,2015-07-01,2015,7,20.56114,2015-07-01 10:00:00,20.527054,22.2065565,middle,linear interpolation (R type 7),False,False
201507,2015-07-02,2015,7,20.557192,2015-07-02 06:00:00,20.527054,22.2065565,middle,linear interpolation (R type 7),False,False
201507,2015-07-03,2015,7,19.985998,2015-07-03 05:00:00,20.527054,22.2065565,low,linear interpolation (R type 7),False,False
201507,2015-07-04,2015,7,19.20841,2015-07-04 06:00:00,20.527054,22.2065565,low,linear interpolation (R type 7),False,False
201507,2015-07-05,2015,7,18.957758,2015-07-05 06:00:00,20.527054,22.2065565,low,linear interpolation (R type 7),False,False
201507,2015-07-06,2015,7,19.04659,2015-07-06 06:00:00,20.527054,22.2065565,low,linear interpolation (R type 7),False,False
201507,2015-07-07,2015,7,19.159044,2015-07-07 07:00:00,20.527054,22.2065565,low,linear interpolation (R type 7),False,False
201507,2015-07-08,2015,7,19.39855,2015-07-08 07:00:00,20.527054,22.2065565,low,linear interpolation (R type 7),False,False
201507,2015-07-09,2015,7,19.648422,2015-07-09 06:00:00,20.527054,22.2065565,low,linear interpolation (R type 7),False,False
201507,2015-07-10,2015,7,20.597992,2015-07-10 06:00:00,20.527054,22.2065565,middle,linear interpolation (R type 7),False,False
201507,2015-07-11,2015,7,21.379488,2015-07-11 08:00:00,20.527054,22.2065565,middle,linear interpolation (R type 7),False,False
201507,2015-07-12,2015,7,21.961933,2015-07-12 11:00:00,20.527054,22.2065565,middle,linear interpolation (R type 7),False,False
201507,2015-07-13,2015,7,22.013971,2015-07-13 11:00:00,20.527054,22.2065565,middle,linear interpolation (R type 7),False,False
201507,2015-07-14,2015,7,22.212738,2015-07-14 05:00:00,20.527054,22.2065565,high,linear interpolation (R type 7),False,False
201507,2015-07-15,2015,7,21.196093,2015-07-15 06:00:00,20.527054,22.2065565,middle,linear interpolation (R type 7),False,False
201507,2015-07-16,2015,7,20.496916,2015-07-16 05:00:00,20.527054,22.2065565,low,linear interpolation (R type 7),False,False
201507,2015-07-17,2015,7,20.77581,2015-07-17 07:00:00,20.527054,22.2065565,middle,linear interpolation (R type 7),False,False
201507,2015-07-18,2015,7,21.275957,2015-07-18 06:00:00,20.527054,22.2065565,middle,linear interpolation (R type 7),False,False
201507,2015-07-19,2015,7,21.668266,2015-07-19 06:00:00,20.527054,22.2065565,middle,linear interpolation (R type 7),False,False
201507,2015-07-20,2015,7,22.15858,2015-07-20 07:00:00,20.527054,22.2065565,middle,linear interpolation (R type 7),False,False
201507,2015-07-21,2015,7,22.623531,2015-07-21 06:00:00,20.527054,22.2065565,high,linear interpolation (R type 7),False,False
201507,2015-07-22,2015,7,22.503166,2015-07-22 06:00:00,20.527054,22.2065565,high,linear interpolation (R type 7),False,False
201507,2015-07-23,2015,7,21.790394,2015-07-23 06:00:00,20.527054,22.2065565,middle,linear interpolation (R type 7),False,False
201507,2015-07-24,2015,7,21.547377,2015-07-24 07:00:00,20.527054,22.2065565,middle,linear interpolation (R type 7),False,False
201507,2015-07-25,2015,7,21.925749,2015-07-25 06:00:00,20.527054,22.2065565,middle,linear interpolation (R type 7),False,False
201507,2015-07-26,2015,7,22.200375,2015-07-26 06:00:00,20.527054,22.2065565,middle,linear interpolation (R type 7),False,False
201507,2015-07-27,2015,7,22.761217,2015-07-27 04:00:00,20.527054,22.2065565,high,linear interpolation (R type 7),False,False
201507,2015-07-28,2015,7,22.877941,2015-07-28 06:00:00,20.527054,22.2065565,high,linear interpolation (R type 7),False,False
201507,2015-07-29,2015,7,22.903883,2015-07-29 06:00:00,20.527054,22.2065565,high,linear interpolation (R type 7),False,False
201507,2015-07-30,2015,7,22.553425,2015-07-30 06:00:00,20.527054,22.2065565,high,linear interpolation (R type 7),False,False
201507,2015-07-31,2015,7,22.505898,2015-07-31 06:00:00,20.527054,22.2065565,high,linear interpolation (R type 7),False,False
201508,2015-08-01,2015,8,22.998133,2015-08-01 07:00:00,19.9923875,21.755419500000002,high,linear interpolation (R type 7),False,False
201508,2015-08-02,2015,8,22.587008,2015-08-02 06:00:00,19.9923875,21.755419500000002,high,linear interpolation (R type 7),False,False
201508,2015-08-03,2015,8,21.699743,2015-08-03 06:00:00,19.9923875,21.755419500000002,middle,linear interpolation (R type 7),False,False
201508,2015-08-04,2015,8,21.307743,2015-08-04 10:00:00,19.9923875,21.755419500000002,middle,linear interpolation (R type 7),False,False
201508,2015-08-05,2015,8,21.348537,2015-08-05 06:00:00,19.9923875,21.755419500000002,middle,linear interpolation (R type 7),False,False
201508,2015-08-06,2015,8,21.535013,2015-08-06 06:00:00,19.9923875,21.755419500000002,middle,linear interpolation (R type 7),False,False
201508,2015-08-07,2015,8,22.03875,2015-08-07 06:00:00,19.9923875,21.755419500000002,high,linear interpolation (R type 7),False,False
201508,2015-08-08,2015,8,22.056143,2015-08-08 05:00:00,19.9923875,21.755419500000002,high,linear interpolation (R type 7),False,False
201508,2015-08-09,2015,8,21.821213,2015-08-09 06:00:00,19.9923875,21.755419500000002,high,linear interpolation (R type 7),False,False
201508,2015-08-10,2015,8,21.811096,2015-08-10 06:00:00,19.9923875,21.755419500000002,high,linear interpolation (R type 7),False,False
201508,2015-08-11,2015,8,21.921577,2015-08-11 06:00:00,19.9923875,21.755419500000002,high,linear interpolation (R type 7),False,False
201508,2015-08-12,2015,8,22.017952,2015-08-12 07:00:00,19.9923875,21.755419500000002,high,linear interpolation (R type 7),False,False
201508,2015-08-13,2015,8,21.685652,2015-08-13 06:00:00,19.9923875,21.755419500000002,middle,linear interpolation (R type 7),False,False
201508,2015-08-14,2015,8,21.428932,2015-08-14 06:00:00,19.9923875,21.755419500000002,middle,linear interpolation (R type 7),False,False
201508,2015-08-15,2015,8,21.348938,2015-08-15 06:00:00,19.9923875,21.755419500000002,middle,linear interpolation (R type 7),False,False
201508,2015-08-16,2015,8,21.518105,2015-08-16 05:00:00,19.9923875,21.755419500000002,middle,linear interpolation (R type 7),False,False
201508,2015-08-17,2015,8,20.84829,2015-08-17 07:00:00,19.9923875,21.755419500000002,middle,linear interpolation (R type 7),False,False
201508,2015-08-18,2015,8,21.071957,2015-08-18 06:00:00,19.9923875,21.755419500000002,middle,linear interpolation (R type 7),False,False
201508,2015-08-19,2015,8,19.908438,2015-08-19 05:00:00,19.9923875,21.755419500000002,low,linear interpolation (R type 7),False,False
201508,2015-08-20,2015,8,19.769526,2015-08-20 06:00:00,19.9923875,21.755419500000002,low,linear interpolation (R type 7),False,False
201508,2015-08-21,2015,8,19.84924,2015-08-21 11:00:00,19.9923875,21.755419500000002,low,linear interpolation (R type 7),False,False
201508,2015-08-22,2015,8,19.988335,2015-08-22 05:00:00,19.9923875,21.755419500000002,low,linear interpolation (R type 7),False,False
201508,2015-08-23,2015,8,20.13622,2015-08-23 06:00:00,19.9923875,21.755419500000002,middle,linear interpolation (R type 7),False,False
201508,2015-08-24,2015,8,19.99644,2015-08-24 05:00:00,19.9923875,21.755419500000002,middle,linear interpolation (R type 7),False,False
201508,2015-08-25,2015,8,19.840025,2015-08-25 06:00:00,19.9923875,21.755419500000002,low,linear interpolation (R type 7),False,False
201508,2015-08-26,2015,8,19.934736,2015-08-26 05:00:00,19.9923875,21.755419500000002,low,linear interpolation (R type 7),False,False
201508,2015-08-27,2015,8,20.197166,2015-08-27 06:00:00,19.9923875,21.755419500000002,middle,linear interpolation (R type 7),False,False
201508,2015-08-28,2015,8,20.009098,2015-08-28 05:00:00,19.9923875,21.755419500000002,middle,linear interpolation (R type 7),False,False
201508,2015-08-29,2015,8,20.004843,2015-08-29 06:00:00,19.9923875,21.755419500000002,middle,linear interpolation (R type 7),False,False
201508,2015-08-30,2015,8,19.887972,2015-08-30 06:00:00,19.9923875,21.755419500000002,low,linear interpolation (R type 7),False,False
201508,2015-08-31,2015,8,19.805737,2015-08-31 05:00:00,19.9923875,21.755419500000002,low,linear interpolation (R type 7),False,False
201606,2016-06-01,2016,6,19.231575,2016-06-01 06:00:00,19.39601975,20.8750195,low,linear interpolation (R type 7),False,False
201606,2016-06-02,2016,6,18.423296,2016-06-02 06:00:00,19.39601975,20.8750195,low,linear interpolation (R type 7),False,False
201606,2016-06-03,2016,6,18.381,2016-06-03 06:00:00,19.39601975,20.8750195,low,linear interpolation (R type 7),False,False
201606,2016-06-04,2016,6,19.200495,2016-06-04 07:00:00,19.39601975,20.8750195,low,linear interpolation (R type 7),False,False
201606,2016-06-05,2016,6,19.643528,2016-06-05 06:00:00,19.39601975,20.8750195,middle,linear interpolation (R type 7),False,False
201606,2016-06-06,2016,6,20.111237,2016-06-06 06:00:00,19.39601975,20.8750195,middle,linear interpolation (R type 7),False,False
201606,2016-06-07,2016,6,19.626955,2016-06-07 05:00:00,19.39601975,20.8750195,middle,linear interpolation (R type 7),False,False
201606,2016-06-08,2016,6,19.773544,2016-06-08 06:00:00,19.39601975,20.8750195,middle,linear interpolation (R type 7),False,False
201606,2016-06-09,2016,6,19.996935,2016-06-09 06:00:00,19.39601975,20.8750195,middle,linear interpolation (R type 7),False,False
201606,2016-06-10,2016,6,20.068953,2016-06-10 06:00:00,19.39601975,20.8750195,middle,linear interpolation (R type 7),False,False
201606,2016-06-11,2016,6,19.57772,2016-06-11 06:00:00,19.39601975,20.8750195,middle,linear interpolation (R type 7),False,False
201606,2016-06-12,2016,6,19.835945,2016-06-12 07:00:00,19.39601975,20.8750195,middle,linear interpolation (R type 7),False,False
201606,2016-06-13,2016,6,20.5012,2016-06-13 07:00:00,19.39601975,20.8750195,middle,linear interpolation (R type 7),False,False
201606,2016-06-14,2016,6,20.171434,2016-06-14 06:00:00,19.39601975,20.8750195,middle,linear interpolation (R type 7),False,False
201606,2016-06-15,2016,6,18.603416,2016-06-15 05:00:00,19.39601975,20.8750195,low,linear interpolation (R type 7),False,False
201606,2016-06-16,2016,6,18.044788,2016-06-16 11:00:00,19.39601975,20.8750195,low,linear interpolation (R type 7),False,False
201606,2016-06-17,2016,6,19.89329,2016-06-17 10:00:00,19.39601975,20.8750195,middle,linear interpolation (R type 7),False,False
201606,2016-06-18,2016,6,20.997118,2016-06-18 06:00:00,19.39601975,20.8750195,high,linear interpolation (R type 7),False,False
201606,2016-06-19,2016,6,21.561049,2016-06-19 10:00:00,19.39601975,20.8750195,high,linear interpolation (R type 7),False,False
201606,2016-06-20,2016,6,22.174894,2016-06-20 06:00:00,19.39601975,20.8750195,high,linear interpolation (R type 7),False,False
201606,2016-06-21,2016,6,22.19925,2016-06-21 06:00:00,19.39601975,20.8750195,high,linear interpolation (R type 7),False,False
201606,2016-06-22,2016,6,22.152845,2016-06-22 07:00:00,19.39601975,20.8750195,high,linear interpolation (R type 7),False,False
201606,2016-06-23,2016,6,21.290619,2016-06-23 05:00:00,19.39601975,20.8750195,high,linear interpolation (R type 7),False,False
201606,2016-06-24,2016,6,19.335453,2016-06-24 05:00:00,19.39601975,20.8750195,low,linear interpolation (R type 7),False,False
201606,2016-06-25,2016,6,18.973812,2016-06-25 06:00:00,19.39601975,20.8750195,low,linear interpolation (R type 7),False,False
201606,2016-06-26,2016,6,19.859272,2016-06-26 06:00:00,19.39601975,20.8750195,middle,linear interpolation (R type 7),False,False
201606,2016-06-27,2016,6,20.243568,2016-06-27 06:00:00,19.39601975,20.8750195,middle,linear interpolation (R type 7),False,False
201606,2016-06-28,2016,6,20.508724,2016-06-28 06:00:00,19.39601975,20.8750195,middle,linear interpolation (R type 7),False,False
201606,2016-06-29,2016,6,21.541248,2016-06-29 06:00:00,19.39601975,20.8750195,high,linear interpolation (R type 7),False,False
201606,2016-06-30,2016,6,21.928038,2016-06-30 06:00:00,19.39601975,20.8750195,high,linear interpolation (R type 7),False,False
201607,2016-07-01,2016,7,20.88972,2016-07-01 06:00:00,21.9014775,23.637954999999998,low,linear interpolation (R type 7),False,False
201607,2016-07-02,2016,7,21.211086,2016-07-02 06:00:00,21.9014775,23.637954999999998,low,linear interpolation (R type 7),False,False
201607,2016-07-03,2016,7,21.703066,2016-07-03 07:00:00,21.9014775,23.637954999999998,low,linear interpolation (R type 7),False,False
201607,2016-07-04,2016,7,21.70659,2016-07-04 06:00:00,21.9014775,23.637954999999998,low,linear interpolation (R type 7),False,False
201607,2016-07-05,2016,7,21.439186,2016-07-05 05:00:00,21.9014775,23.637954999999998,low,linear interpolation (R type 7),False,False
201607,2016-07-06,2016,7,21.727678,2016-07-06 06:00:00,21.9014775,23.637954999999998,low,linear interpolation (R type 7),False,False
201607,2016-07-07,2016,7,22.60194,2016-07-07 06:00:00,21.9014775,23.637954999999998,middle,linear interpolation (R type 7),False,False
201607,2016-07-08,2016,7,23.413237,2016-07-08 07:00:00,21.9014775,23.637954999999998,middle,linear interpolation (R type 7),False,False
201607,2016-07-09,2016,7,23.705547,2016-07-09 07:00:00,21.9014775,23.637954999999998,high,linear interpolation (R type 7),False,False
201607,2016-07-10,2016,7,23.970015,2016-07-10 07:00:00,21.9014775,23.637954999999998,high,linear interpolation (R type 7),False,False
201607,2016-07-11,2016,7,23.823977,2016-07-11 07:00:00,21.9014775,23.637954999999998,high,linear interpolation (R type 7),False,False
201607,2016-07-12,2016,7,23.216934,2016-07-12 06:00:00,21.9014775,23.637954999999998,middle,linear interpolation (R type 7),False,False
201607,2016-07-13,2016,7,22.747372,2016-07-13 06:00:00,21.9014775,23.637954999999998,middle,linear interpolation (R type 7),False,False
201607,2016-07-14,2016,7,22.075277,2016-07-14 04:00:00,21.9014775,23.637954999999998,middle,linear interpolation (R type 7),False,False
201607,2016-07-15,2016,7,21.330133,2016-07-15 06:00:00,21.9014775,23.637954999999998,low,linear interpolation (R type 7),False,False
201607,2016-07-16,2016,7,21.716028,2016-07-16 07:00:00,21.9014775,23.637954999999998,low,linear interpolation (R type 7),False,False
201607,2016-07-17,2016,7,22.312157,2016-07-17 06:00:00,21.9014775,23.637954999999998,middle,linear interpolation (R type 7),False,False
201607,2016-07-18,2016,7,22.719994,2016-07-18 06:00:00,21.9014775,23.637954999999998,middle,linear interpolation (R type 7),False,False
201607,2016-07-19,2016,7,22.626137,2016-07-19 06:00:00,21.9014775,23.637954999999998,middle,linear interpolation (R type 7),False,False
201607,2016-07-20,2016,7,22.654272,2016-07-20 06:00:00,21.9014775,23.637954999999998,middle,linear interpolation (R type 7),False,False
201607,2016-07-21,2016,7,23.243523,2016-07-21 06:00:00,21.9014775,23.637954999999998,middle,linear interpolation (R type 7),False,False
201607,2016-07-22,2016,7,23.588137,2016-07-22 10:00:00,21.9014775,23.637954999999998,middle,linear interpolation (R type 7),False,False
201607,2016-07-23,2016,7,24.105402,2016-07-23 10:00:00,21.9014775,23.637954999999998,high,linear interpolation (R type 7),False,False
201607,2016-07-24,2016,7,23.995186,2016-07-24 06:00:00,21.9014775,23.637954999999998,high,linear interpolation (R type 7),False,False
201607,2016-07-25,2016,7,23.687773,2016-07-25 11:00:00,21.9014775,23.637954999999998,high,linear interpolation (R type 7),False,False
201607,2016-07-26,2016,7,23.476696,2016-07-26 11:00:00,21.9014775,23.637954999999998,middle,linear interpolation (R type 7),False,False
201607,2016-07-27,2016,7,23.217394,2016-07-27 11:00:00,21.9014775,23.637954999999998,middle,linear interpolation (R type 7),False,False
201607,2016-07-28,2016,7,23.333017,2016-07-28 06:00:00,21.9014775,23.637954999999998,middle,linear interpolation (R type 7),False,False
201607,2016-07-29,2016,7,23.467558,2016-07-29 10:00:00,21.9014775,23.637954999999998,middle,linear interpolation (R type 7),False,False
201607,2016-07-30,2016,7,23.884165,2016-07-30 07:00:00,21.9014775,23.637954999999998,high,linear interpolation (R type 7),False,False
201607,2016-07-31,2016,7,24.106993,2016-07-31 06:00:00,21.9014775,23.637954999999998,high,linear interpolation (R type 7),False,False
201608,2016-08-01,2016,8,23.878756,2016-08-01 06:00:00,22.9155415,23.547547,high,linear interpolation (R type 7),False,False
201608,2016-08-02,2016,8,23.571074,2016-08-02 06:00:00,22.9155415,23.547547,high,linear interpolation (R type 7),False,False
201608,2016-08-03,2016,8,22.95825,2016-08-03 06:00:00,22.9155415,23.547547,middle,linear interpolation (R type 7),False,False
201608,2016-08-04,2016,8,22.983944,2016-08-04 07:00:00,22.9155415,23.547547,middle,linear interpolation (R type 7),False,False
201608,2016-08-05,2016,8,23.339802,2016-08-05 07:00:00,22.9155415,23.547547,middle,linear interpolation (R type 7),False,False
201608,2016-08-06,2016,8,23.506332,2016-08-06 06:00:00,22.9155415,23.547547,middle,linear interpolation (R type 7),False,False
201608,2016-08-07,2016,8,23.040564,2016-08-07 06:00:00,22.9155415,23.547547,middle,linear interpolation (R type 7),False,False
201608,2016-08-08,2016,8,22.872833,2016-08-08 06:00:00,22.9155415,23.547547,low,linear interpolation (R type 7),False,False
201608,2016-08-09,2016,8,23.288729,2016-08-09 06:00:00,22.9155415,23.547547,middle,linear interpolation (R type 7),False,False
201608,2016-08-10,2016,8,23.755552,2016-08-10 06:00:00,22.9155415,23.547547,high,linear interpolation (R type 7),False,False
201608,2016-08-11,2016,8,23.926577,2016-08-11 06:00:00,22.9155415,23.547547,high,linear interpolation (R type 7),False,False
201608,2016-08-12,2016,8,24.065365,2016-08-12 06:00:00,22.9155415,23.547547,high,linear interpolation (R type 7),False,False
201608,2016-08-13,2016,8,23.705147,2016-08-13 05:00:00,22.9155415,23.547547,high,linear interpolation (R type 7),False,False
201608,2016-08-14,2016,8,23.498856,2016-08-14 06:00:00,22.9155415,23.547547,middle,linear interpolation (R type 7),False,False
201608,2016-08-15,2016,8,23.215818,2016-08-15 06:00:00,22.9155415,23.547547,middle,linear interpolation (R type 7),False,False
201608,2016-08-16,2016,8,23.2245,2016-08-16 06:00:00,22.9155415,23.547547,middle,linear interpolation (R type 7),False,False
201608,2016-08-17,2016,8,23.442015,2016-08-17 10:00:00,22.9155415,23.547547,middle,linear interpolation (R type 7),False,False
201608,2016-08-18,2016,8,23.536407,2016-08-18 06:00:00,22.9155415,23.547547,middle,linear interpolation (R type 7),False,False
201608,2016-08-19,2016,8,23.268442,2016-08-19 06:00:00,22.9155415,23.547547,middle,linear interpolation (R type 7),False,False
201608,2016-08-20,2016,8,23.558687,2016-08-20 06:00:00,22.9155415,23.547547,high,linear interpolation (R type 7),False,False
201608,2016-08-21,2016,8,23.29672,2016-08-21 06:00:00,22.9155415,23.547547,middle,linear interpolation (R type 7),False,False
201608,2016-08-22,2016,8,23.44359,2016-08-22 07:00:00,22.9155415,23.547547,middle,linear interpolation (R type 7),False,False
201608,2016-08-23,2016,8,23.520325,2016-08-23 11:00:00,22.9155415,23.547547,middle,linear interpolation (R type 7),False,False
201608,2016-08-24,2016,8,23.874035,2016-08-24 06:00:00,22.9155415,23.547547,high,linear interpolation (R type 7),False,False
201608,2016-08-25,2016,8,21.185364,2016-08-25 04:00:00,22.9155415,23.547547,low,linear interpolation (R type 7),False,False
201608,2016-08-26,2016,8,18.999102,2016-08-26 06:00:00,22.9155415,23.547547,low,linear interpolation (R type 7),False,False
201608,2016-08-27,2016,8,18.366028,2016-08-27 06:00:00,22.9155415,23.547547,low,linear interpolation (R type 7),False,False
201608,2016-08-28,2016,8,17.404007,2016-08-28 06:00:00,22.9155415,23.547547,low,linear interpolation (R type 7),False,False
201608,2016-08-29,2016,8,17.71451,2016-08-29 10:00:00,22.9155415,23.547547,low,linear interpolation (R type 7),False,False
201608,2016-08-30,2016,8,17.891922,2016-08-30 10:00:00,22.9155415,23.547547,low,linear interpolation (R type 7),False,False
201608,2016-08-31,2016,8,18.165075,2016-08-31 06:00:00,22.9155415,23.547547,low,linear interpolation (R type 7),False,False
201706,2017-06-01,2017,6,18.634361,2017-06-01 05:00:00,18.601027249999998,20.1450775,middle,linear interpolation (R type 7),False,False
201706,2017-06-02,2017,6,18.367365,2017-06-02 06:00:00,18.601027249999998,20.1450775,low,linear interpolation (R type 7),False,False
201706,2017-06-03,2017,6,18.387878,2017-06-03 06:00:00,18.601027249999998,20.1450775,low,linear interpolation (R type 7),False,False
201706,2017-06-04,2017,6,18.249565,2017-06-04 06:00:00,18.601027249999998,20.1450775,low,linear interpolation (R type 7),False,False
201706,2017-06-05,2017,6,17.863401,2017-06-05 06:00:00,18.601027249999998,20.1450775,low,linear interpolation (R type 7),False,False
201706,2017-06-06,2017,6,17.876972,2017-06-06 06:00:00,18.601027249999998,20.1450775,low,linear interpolation (R type 7),False,False
201706,2017-06-07,2017,6,18.50043,2017-06-07 07:00:00,18.601027249999998,20.1450775,low,linear interpolation (R type 7),False,False
201706,2017-06-08,2017,6,19.549519,2017-06-08 05:00:00,18.601027249999998,20.1450775,middle,linear interpolation (R type 7),False,False
201706,2017-06-09,2017,6,20.016739,2017-06-09 06:00:00,18.601027249999998,20.1450775,middle,linear interpolation (R type 7),False,False
201706,2017-06-10,2017,6,19.567146,2017-06-10 06:00:00,18.601027249999998,20.1450775,middle,linear interpolation (R type 7),False,False
201706,2017-06-11,2017,6,19.492332,2017-06-11 07:00:00,18.601027249999998,20.1450775,middle,linear interpolation (R type 7),False,False
201706,2017-06-12,2017,6,19.586967,2017-06-12 06:00:00,18.601027249999998,20.1450775,middle,linear interpolation (R type 7),False,False
201706,2017-06-13,2017,6,19.08416,2017-06-13 06:00:00,18.601027249999998,20.1450775,middle,linear interpolation (R type 7),False,False
201706,2017-06-14,2017,6,18.846832,2017-06-14 07:00:00,18.601027249999998,20.1450775,middle,linear interpolation (R type 7),False,False
201706,2017-06-15,2017,6,18.589916,2017-06-15 05:00:00,18.601027249999998,20.1450775,low,linear interpolation (R type 7),False,False
201706,2017-06-16,2017,6,18.455023,2017-06-16 06:00:00,18.601027249999998,20.1450775,low,linear interpolation (R type 7),False,False
201706,2017-06-17,2017,6,18.795914,2017-06-17 07:00:00,18.601027249999998,20.1450775,middle,linear interpolation (R type 7),False,False
201706,2017-06-18,2017,6,19.39371,2017-06-18 06:00:00,18.601027249999998,20.1450775,middle,linear interpolation (R type 7),False,False
201706,2017-06-19,2017,6,19.754747,2017-06-19 06:00:00,18.601027249999998,20.1450775,middle,linear interpolation (R type 7),False,False
201706,2017-06-20,2017,6,19.864298,2017-06-20 06:00:00,18.601027249999998,20.1450775,middle,linear interpolation (R type 7),False,False
201706,2017-06-21,2017,6,20.761333,2017-06-21 06:00:00,18.601027249999998,20.1450775,high,linear interpolation (R type 7),False,False
201706,2017-06-22,2017,6,20.873985,2017-06-22 06:00:00,18.601027249999998,20.1450775,high,linear interpolation (R type 7),False,False
201706,2017-06-23,2017,6,21.04099,2017-06-23 06:00:00,18.601027249999998,20.1450775,high,linear interpolation (R type 7),False,False
201706,2017-06-24,2017,6,20.264318,2017-06-24 06:00:00,18.601027249999998,20.1450775,high,linear interpolation (R type 7),False,False
201706,2017-06-25,2017,6,19.850765,2017-06-25 06:00:00,18.601027249999998,20.1450775,middle,linear interpolation (R type 7),False,False
201706,2017-06-26,2017,6,19.831938,2017-06-26 05:00:00,18.601027249999998,20.1450775,middle,linear interpolation (R type 7),False,False
201706,2017-06-27,2017,6,20.187857,2017-06-27 06:00:00,18.601027249999998,20.1450775,high,linear interpolation (R type 7),False,False
201706,2017-06-28,2017,6,20.840956,2017-06-28 07:00:00,18.601027249999998,20.1450775,high,linear interpolation (R type 7),False,False
201706,2017-06-29,2017,6,21.37502,2017-06-29 06:00:00,18.601027249999998,20.1450775,high,linear interpolation (R type 7),False,False
201706,2017-06-30,2017,6,21.632732,2017-06-30 06:00:00,18.601027249999998,20.1450775,high,linear interpolation (R type 7),False,False
201707,2017-07-01,2017,7,21.596594,2017-07-01 06:00:00,22.2853035,23.321695499999997,low,linear interpolation (R type 7),False,False
201707,2017-07-02,2017,7,21.821108,2017-07-02 06:00:00,22.2853035,23.321695499999997,low,linear interpolation (R type 7),False,False
201707,2017-07-03,2017,7,22.11988,2017-07-03 06:00:00,22.2853035,23.321695499999997,low,linear interpolation (R type 7),False,False
201707,2017-07-04,2017,7,22.211887,2017-07-04 06:00:00,22.2853035,23.321695499999997,low,linear interpolation (R type 7),False,False
201707,2017-07-05,2017,7,22.712696,2017-07-05 06:00:00,22.2853035,23.321695499999997,middle,linear interpolation (R type 7),False,False
201707,2017-07-06,2017,7,22.55964,2017-07-06 06:00:00,22.2853035,23.321695499999997,middle,linear interpolation (R type 7),False,False
201707,2017-07-07,2017,7,22.009521,2017-07-07 07:00:00,22.2853035,23.321695499999997,low,linear interpolation (R type 7),False,False
201707,2017-07-08,2017,7,22.336552,2017-07-08 05:00:00,22.2853035,23.321695499999997,middle,linear interpolation (R type 7),False,False
201707,2017-07-09,2017,7,21.585436,2017-07-09 06:00:00,22.2853035,23.321695499999997,low,linear interpolation (R type 7),False,False
201707,2017-07-10,2017,7,21.77014,2017-07-10 11:00:00,22.2853035,23.321695499999997,low,linear interpolation (R type 7),False,False
201707,2017-07-11,2017,7,22.55935,2017-07-11 05:00:00,22.2853035,23.321695499999997,middle,linear interpolation (R type 7),False,False
201707,2017-07-12,2017,7,23.052177,2017-07-12 06:00:00,22.2853035,23.321695499999997,middle,linear interpolation (R type 7),False,False
201707,2017-07-13,2017,7,23.181421,2017-07-13 05:00:00,22.2853035,23.321695499999997,middle,linear interpolation (R type 7),False,False
201707,2017-07-14,2017,7,23.086788,2017-07-14 06:00:00,22.2853035,23.321695499999997,middle,linear interpolation (R type 7),False,False
201707,2017-07-15,2017,7,23.323683,2017-07-15 06:00:00,22.2853035,23.321695499999997,high,linear interpolation (R type 7),False,False
201707,2017-07-16,2017,7,23.154356,2017-07-16 06:00:00,22.2853035,23.321695499999997,middle,linear interpolation (R type 7),False,False
201707,2017-07-17,2017,7,23.31081,2017-07-17 07:00:00,22.2853035,23.321695499999997,middle,linear interpolation (R type 7),False,False
201707,2017-07-18,2017,7,23.62489,2017-07-18 06:00:00,22.2853035,23.321695499999997,high,linear interpolation (R type 7),False,False
201707,2017-07-19,2017,7,23.53709,2017-07-19 06:00:00,22.2853035,23.321695499999997,high,linear interpolation (R type 7),False,False
201707,2017-07-20,2017,7,23.825731,2017-07-20 07:00:00,22.2853035,23.321695499999997,high,linear interpolation (R type 7),False,False
201707,2017-07-21,2017,7,23.319708,2017-07-21 06:00:00,22.2853035,23.321695499999997,middle,linear interpolation (R type 7),False,False
201707,2017-07-22,2017,7,23.561415,2017-07-22 11:00:00,22.2853035,23.321695499999997,high,linear interpolation (R type 7),False,False
201707,2017-07-23,2017,7,23.784164,2017-07-23 11:00:00,22.2853035,23.321695499999997,high,linear interpolation (R type 7),False,False
201707,2017-07-24,2017,7,23.330873,2017-07-24 05:00:00,22.2853035,23.321695499999997,high,linear interpolation (R type 7),False,False
201707,2017-07-25,2017,7,23.1143,2017-07-25 11:00:00,22.2853035,23.321695499999997,middle,linear interpolation (R type 7),False,False
201707,2017-07-26,2017,7,23.362913,2017-07-26 07:00:00,22.2853035,23.321695499999997,high,linear interpolation (R type 7),False,False
201707,2017-07-27,2017,7,22.697285,2017-07-27 05:00:00,22.2853035,23.321695499999997,middle,linear interpolation (R type 7),False,False
201707,2017-07-28,2017,7,22.234055,2017-07-28 06:00:00,22.2853035,23.321695499999997,low,linear interpolation (R type 7),False,False
201707,2017-07-29,2017,7,22.367992,2017-07-29 06:00:00,22.2853035,23.321695499999997,middle,linear interpolation (R type 7),False,False
201707,2017-07-30,2017,7,22.75012,2017-07-30 06:00:00,22.2853035,23.321695499999997,middle,linear interpolation (R type 7),False,False
201707,2017-07-31,2017,7,23.148357,2017-07-31 06:00:00,22.2853035,23.321695499999997,middle,linear interpolation (R type 7),False,False
201708,2017-08-01,2017,8,23.333565,2017-08-01 06:00:00,21.4798015,22.961231499999997,high,linear interpolation (R type 7),False,False
201708,2017-08-02,2017,8,23.789991,2017-08-02 06:00:00,21.4798015,22.961231499999997,high,linear interpolation (R type 7),False,False
201708,2017-08-03,2017,8,23.43456,2017-08-03 05:00:00,21.4798015,22.961231499999997,high,linear interpolation (R type 7),False,False
201708,2017-08-04,2017,8,23.541466,2017-08-04 06:00:00,21.4798015,22.961231499999997,high,linear interpolation (R type 7),False,False
201708,2017-08-05,2017,8,23.8703,2017-08-05 05:00:00,21.4798015,22.961231499999997,high,linear interpolation (R type 7),False,False
201708,2017-08-06,2017,8,23.58153,2017-08-06 05:00:00,21.4798015,22.961231499999997,high,linear interpolation (R type 7),False,False
201708,2017-08-07,2017,8,22.961985,2017-08-07 06:00:00,21.4798015,22.961231499999997,high,linear interpolation (R type 7),False,False
201708,2017-08-08,2017,8,22.228682,2017-08-08 06:00:00,21.4798015,22.961231499999997,middle,linear interpolation (R type 7),False,False
201708,2017-08-09,2017,8,22.081223,2017-08-09 05:00:00,21.4798015,22.961231499999997,middle,linear interpolation (R type 7),False,False
201708,2017-08-10,2017,8,22.302523,2017-08-10 10:00:00,21.4798015,22.961231499999997,middle,linear interpolation (R type 7),False,False
201708,2017-08-11,2017,8,22.420614,2017-08-11 05:00:00,21.4798015,22.961231499999997,middle,linear interpolation (R type 7),False,False
201708,2017-08-12,2017,8,22.53224,2017-08-12 06:00:00,21.4798015,22.961231499999997,middle,linear interpolation (R type 7),False,False
201708,2017-08-13,2017,8,22.537073,2017-08-13 06:00:00,21.4798015,22.961231499999997,middle,linear interpolation (R type 7),False,False
201708,2017-08-14,2017,8,21.969723,2017-08-14 06:00:00,21.4798015,22.961231499999997,middle,linear interpolation (R type 7),False,False
201708,2017-08-15,2017,8,22.088608,2017-08-15 06:00:00,21.4798015,22.961231499999997,middle,linear interpolation (R type 7),False,False
201708,2017-08-16,2017,8,22.134138,2017-08-16 05:00:00,21.4798015,22.961231499999997,middle,linear interpolation (R type 7),False,False
201708,2017-08-17,2017,8,22.343605,2017-08-17 07:00:00,21.4798015,22.961231499999997,middle,linear interpolation (R type 7),False,False
201708,2017-08-18,2017,8,22.960478,2017-08-18 06:00:00,21.4798015,22.961231499999997,middle,linear interpolation (R type 7),False,False
201708,2017-08-19,2017,8,22.85252,2017-08-19 07:00:00,21.4798015,22.961231499999997,middle,linear interpolation (R type 7),False,False
201708,2017-08-20,2017,8,22.554022,2017-08-20 06:00:00,21.4798015,22.961231499999997,middle,linear interpolation (R type 7),False,False
201708,2017-08-21,2017,8,22.70214,2017-08-21 10:00:00,21.4798015,22.961231499999997,middle,linear interpolation (R type 7),False,False
201708,2017-08-22,2017,8,23.040693,2017-08-22 06:00:00,21.4798015,22.961231499999997,high,linear interpolation (R type 7),False,False
201708,2017-08-23,2017,8,22.28752,2017-08-23 06:00:00,21.4798015,22.961231499999997,middle,linear interpolation (R type 7),False,False
201708,2017-08-24,2017,8,20.732706,2017-08-24 06:00:00,21.4798015,22.961231499999997,low,linear interpolation (R type 7),False,False
201708,2017-08-25,2017,8,20.097773,2017-08-25 06:00:00,21.4798015,22.961231499999997,low,linear interpolation (R type 7),False,False
201708,2017-08-26,2017,8,20.02759,2017-08-26 06:00:00,21.4798015,22.961231499999997,low,linear interpolation (R type 7),False,False
201708,2017-08-27,2017,8,20.98988,2017-08-27 06:00:00,21.4798015,22.961231499999997,low,linear interpolation (R type 7),False,False
201708,2017-08-28,2017,8,20.147072,2017-08-28 05:00:00,21.4798015,22.961231499999997,low,linear interpolation (R type 7),False,False
201708,2017-08-29,2017,8,18.993088,2017-08-29 06:00:00,21.4798015,22.961231499999997,low,linear interpolation (R type 7),False,False
201708,2017-08-30,2017,8,19.203575,2017-08-30 06:00:00,21.4798015,22.961231499999997,low,linear interpolation (R type 7),False,False
201708,2017-08-31,2017,8,19.63179,2017-08-31 06:00:00,21.4798015,22.961231499999997,low,linear interpolation (R type 7),False,False
201806,2018-06-01,2018,6,17.564543,2018-06-01 06:00:00,18.56111025,21.2761045,low,linear interpolation (R type 7),False,False
201806,2018-06-02,2018,6,17.476318,2018-06-02 06:00:00,18.56111025,21.2761045,low,linear interpolation (R type 7),False,False
201806,2018-06-03,2018,6,17.17354,2018-06-03 06:00:00,18.56111025,21.2761045,low,linear interpolation (R type 7),False,False
201806,2018-06-04,2018,6,17.38449,2018-06-04 07:00:00,18.56111025,21.2761045,low,linear interpolation (R type 7),False,False
201806,2018-06-05,2018,6,18.083666,2018-06-05 06:00:00,18.56111025,21.2761045,low,linear interpolation (R type 7),False,False
201806,2018-06-06,2018,6,18.957354,2018-06-06 06:00:00,18.56111025,21.2761045,middle,linear interpolation (R type 7),False,False
201806,2018-06-07,2018,6,18.858377,2018-06-07 06:00:00,18.56111025,21.2761045,middle,linear interpolation (R type 7),False,False
201806,2018-06-08,2018,6,18.540173,2018-06-08 06:00:00,18.56111025,21.2761045,low,linear interpolation (R type 7),False,False
201806,2018-06-09,2018,6,18.200954,2018-06-09 06:00:00,18.56111025,21.2761045,low,linear interpolation (R type 7),False,False
201806,2018-06-10,2018,6,18.172161,2018-06-10 11:00:00,18.56111025,21.2761045,low,linear interpolation (R type 7),False,False
201806,2018-06-11,2018,6,18.864395,2018-06-11 11:00:00,18.56111025,21.2761045,middle,linear interpolation (R type 7),False,False
201806,2018-06-12,2018,6,18.995195,2018-06-12 04:00:00,18.56111025,21.2761045,middle,linear interpolation (R type 7),False,False
201806,2018-06-13,2018,6,18.623922,2018-06-13 06:00:00,18.56111025,21.2761045,middle,linear interpolation (R type 7),False,False
201806,2018-06-14,2018,6,18.93854,2018-06-14 06:00:00,18.56111025,21.2761045,middle,linear interpolation (R type 7),False,False
201806,2018-06-15,2018,6,19.398901,2018-06-15 10:00:00,18.56111025,21.2761045,middle,linear interpolation (R type 7),False,False
201806,2018-06-16,2018,6,19.782507,2018-06-16 07:00:00,18.56111025,21.2761045,middle,linear interpolation (R type 7),False,False
201806,2018-06-17,2018,6,20.454306,2018-06-17 06:00:00,18.56111025,21.2761045,middle,linear interpolation (R type 7),False,False
201806,2018-06-18,2018,6,21.132448,2018-06-18 07:00:00,18.56111025,21.2761045,middle,linear interpolation (R type 7),False,False
201806,2018-06-19,2018,6,20.749458,2018-06-19 06:00:00,18.56111025,21.2761045,middle,linear interpolation (R type 7),False,False
201806,2018-06-20,2018,6,20.509272,2018-06-20 06:00:00,18.56111025,21.2761045,middle,linear interpolation (R type 7),False,False
201806,2018-06-21,2018,6,20.743666,2018-06-21 06:00:00,18.56111025,21.2761045,middle,linear interpolation (R type 7),False,False
201806,2018-06-22,2018,6,20.876863,2018-06-22 05:00:00,18.56111025,21.2761045,middle,linear interpolation (R type 7),False,False
201806,2018-06-23,2018,6,21.460161,2018-06-23 06:00:00,18.56111025,21.2761045,high,linear interpolation (R type 7),False,False
201806,2018-06-24,2018,6,22.315516,2018-06-24 07:00:00,18.56111025,21.2761045,high,linear interpolation (R type 7),False,False
201806,2018-06-25,2018,6,22.797874,2018-06-25 06:00:00,18.56111025,21.2761045,high,linear interpolation (R type 7),False,False
201806,2018-06-26,2018,6,22.125587,2018-06-26 07:00:00,18.56111025,21.2761045,high,linear interpolation (R type 7),False,False
201806,2018-06-27,2018,6,22.02264,2018-06-27 06:00:00,18.56111025,21.2761045,high,linear interpolation (R type 7),False,False
201806,2018-06-28,2018,6,21.32399,2018-06-28 06:00:00,18.56111025,21.2761045,high,linear interpolation (R type 7),False,False
201806,2018-06-29,2018,6,21.848251,2018-06-29 06:00:00,18.56111025,21.2761045,high,linear interpolation (R type 7),False,False
201806,2018-06-30,2018,6,22.33521,2018-06-30 06:00:00,18.56111025,21.2761045,high,linear interpolation (R type 7),False,False
201807,2018-07-01,2018,7,22.264622,2018-07-01 07:00:00,22.63195,23.9629285,low,linear interpolation (R type 7),False,False
201807,2018-07-02,2018,7,22.301964,2018-07-02 06:00:00,22.63195,23.9629285,low,linear interpolation (R type 7),False,False
201807,2018-07-03,2018,7,22.611,2018-07-03 06:00:00,22.63195,23.9629285,low,linear interpolation (R type 7),False,False
201807,2018-07-04,2018,7,22.739616,2018-07-04 06:00:00,22.63195,23.9629285,middle,linear interpolation (R type 7),False,False
201807,2018-07-05,2018,7,22.786934,2018-07-05 07:00:00,22.63195,23.9629285,middle,linear interpolation (R type 7),False,False
201807,2018-07-06,2018,7,22.6529,2018-07-06 07:00:00,22.63195,23.9629285,middle,linear interpolation (R type 7),False,False
201807,2018-07-07,2018,7,22.354845,2018-07-07 06:00:00,22.63195,23.9629285,low,linear interpolation (R type 7),False,False
201807,2018-07-08,2018,7,22.314398,2018-07-08 06:00:00,22.63195,23.9629285,low,linear interpolation (R type 7),False,False
201807,2018-07-09,2018,7,22.23712,2018-07-09 06:00:00,22.63195,23.9629285,low,linear interpolation (R type 7),False,False
201807,2018-07-10,2018,7,22.40684,2018-07-10 07:00:00,22.63195,23.9629285,low,linear interpolation (R type 7),False,False
201807,2018-07-11,2018,7,22.441187,2018-07-11 09:00:00,22.63195,23.9629285,low,linear interpolation (R type 7),False,False
201807,2018-07-12,2018,7,22.900064,2018-07-12 06:00:00,22.63195,23.9629285,middle,linear interpolation (R type 7),False,False
201807,2018-07-13,2018,7,23.54034,2018-07-13 06:00:00,22.63195,23.9629285,middle,linear interpolation (R type 7),False,False
201807,2018-07-14,2018,7,23.493795,2018-07-14 06:00:00,22.63195,23.9629285,middle,linear interpolation (R type 7),False,False
201807,2018-07-15,2018,7,23.789206,2018-07-15 06:00:00,22.63195,23.9629285,middle,linear interpolation (R type 7),False,False
201807,2018-07-16,2018,7,23.545362,2018-07-16 06:00:00,22.63195,23.9629285,middle,linear interpolation (R type 7),False,False
201807,2018-07-17,2018,7,23.699879,2018-07-17 06:00:00,22.63195,23.9629285,middle,linear interpolation (R type 7),False,False
201807,2018-07-18,2018,7,24.206244,2018-07-18 06:00:00,22.63195,23.9629285,high,linear interpolation (R type 7),False,False
201807,2018-07-19,2018,7,24.291664,2018-07-19 06:00:00,22.63195,23.9629285,high,linear interpolation (R type 7),False,False
201807,2018-07-20,2018,7,24.14189,2018-07-20 06:00:00,22.63195,23.9629285,high,linear interpolation (R type 7),False,False
201807,2018-07-21,2018,7,23.83421,2018-07-21 06:00:00,22.63195,23.9629285,middle,linear interpolation (R type 7),False,False
201807,2018-07-22,2018,7,24.12606,2018-07-22 06:00:00,22.63195,23.9629285,high,linear interpolation (R type 7),False,False
201807,2018-07-23,2018,7,23.93556,2018-07-23 06:00:00,22.63195,23.9629285,middle,linear interpolation (R type 7),False,False
201807,2018-07-24,2018,7,23.726282,2018-07-24 06:00:00,22.63195,23.9629285,middle,linear interpolation (R type 7),False,False
201807,2018-07-25,2018,7,23.503147,2018-07-25 06:00:00,22.63195,23.9629285,middle,linear interpolation (R type 7),False,False
201807,2018-07-26,2018,7,23.925688,2018-07-26 07:00:00,22.63195,23.9629285,middle,linear interpolation (R type 7),False,False
201807,2018-07-27,2018,7,23.990297,2018-07-27 06:00:00,22.63195,23.9629285,high,linear interpolation (R type 7),False,False
201807,2018-07-28,2018,7,23.819468,2018-07-28 06:00:00,22.63195,23.9629285,middle,linear interpolation (R type 7),False,False
201807,2018-07-29,2018,7,24.156355,2018-07-29 06:00:00,22.63195,23.9629285,high,linear interpolation (R type 7),False,False
201807,2018-07-30,2018,7,24.10858,2018-07-30 06:00:00,22.63195,23.9629285,high,linear interpolation (R type 7),False,False
201807,2018-07-31,2018,7,24.115715,2018-07-31 06:00:00,22.63195,23.9629285,high,linear interpolation (R type 7),False,False
201808,2018-08-01,2018,8,24.004013,2018-08-01 06:00:00,21.869296,23.83119,high,linear interpolation (R type 7),False,False
201808,2018-08-02,2018,8,24.021442,2018-08-02 06:00:00,21.869296,23.83119,high,linear interpolation (R type 7),False,False
201808,2018-08-03,2018,8,23.801867,2018-08-03 05:00:00,21.869296,23.83119,middle,linear interpolation (R type 7),False,False
201808,2018-08-04,2018,8,24.08111,2018-08-04 07:00:00,21.869296,23.83119,high,linear interpolation (R type 7),False,False
201808,2018-08-05,2018,8,23.991613,2018-08-05 07:00:00,21.869296,23.83119,high,linear interpolation (R type 7),False,False
201808,2018-08-06,2018,8,24.262842,2018-08-06 06:00:00,21.869296,23.83119,high,linear interpolation (R type 7),False,False
201808,2018-08-07,2018,8,24.034052,2018-08-07 06:00:00,21.869296,23.83119,high,linear interpolation (R type 7),False,False
201808,2018-08-08,2018,8,23.858887,2018-08-08 06:00:00,21.869296,23.83119,high,linear interpolation (R type 7),False,False
201808,2018-08-09,2018,8,23.806587,2018-08-09 06:00:00,21.869296,23.83119,middle,linear interpolation (R type 7),False,False
201808,2018-08-10,2018,8,23.731268,2018-08-10 06:00:00,21.869296,23.83119,middle,linear interpolation (R type 7),False,False
201808,2018-08-11,2018,8,23.537891,2018-08-11 06:00:00,21.869296,23.83119,middle,linear interpolation (R type 7),False,False
201808,2018-08-12,2018,8,23.595287,2018-08-12 05:00:00,21.869296,23.83119,middle,linear interpolation (R type 7),False,False
201808,2018-08-13,2018,8,23.855793,2018-08-13 06:00:00,21.869296,23.83119,high,linear interpolation (R type 7),False,False
201808,2018-08-14,2018,8,23.659496,2018-08-14 06:00:00,21.869296,23.83119,middle,linear interpolation (R type 7),False,False
201808,2018-08-15,2018,8,23.392736,2018-08-15 06:00:00,21.869296,23.83119,middle,linear interpolation (R type 7),False,False
201808,2018-08-16,2018,8,22.155708,2018-08-16 06:00:00,21.869296,23.83119,middle,linear interpolation (R type 7),False,False
201808,2018-08-17,2018,8,21.726835,2018-08-17 06:00:00,21.869296,23.83119,low,linear interpolation (R type 7),False,False
201808,2018-08-18,2018,8,21.873196,2018-08-18 06:00:00,21.869296,23.83119,middle,linear interpolation (R type 7),False,False
201808,2018-08-19,2018,8,22.550177,2018-08-19 06:00:00,21.869296,23.83119,middle,linear interpolation (R type 7),False,False
201808,2018-08-20,2018,8,22.815323,2018-08-20 06:00:00,21.869296,23.83119,middle,linear interpolation (R type 7),False,False
201808,2018-08-21,2018,8,22.191391,2018-08-21 05:00:00,21.869296,23.83119,middle,linear interpolation (R type 7),False,False
201808,2018-08-22,2018,8,21.408825,2018-08-22 06:00:00,21.869296,23.83119,low,linear interpolation (R type 7),False,False
201808,2018-08-23,2018,8,21.046429,2018-08-23 06:00:00,21.869296,23.83119,low,linear interpolation (R type 7),False,False
201808,2018-08-24,2018,8,20.666267,2018-08-24 06:00:00,21.869296,23.83119,low,linear interpolation (R type 7),False,False
201808,2018-08-25,2018,8,20.950184,2018-08-25 07:00:00,21.869296,23.83119,low,linear interpolation (R type 7),False,False
201808,2018-08-26,2018,8,21.199465,2018-08-26 06:00:00,21.869296,23.83119,low,linear interpolation (R type 7),False,False
201808,2018-08-27,2018,8,21.688694,2018-08-27 06:00:00,21.869296,23.83119,low,linear interpolation (R type 7),False,False
201808,2018-08-28,2018,8,22.16986,2018-08-28 06:00:00,21.869296,23.83119,middle,linear interpolation (R type 7),False,False
201808,2018-08-29,2018,8,22.194927,2018-08-29 06:00:00,21.869296,23.83119,middle,linear interpolation (R type 7),False,False
201808,2018-08-30,2018,8,22.053877,2018-08-30 06:00:00,21.869296,23.83119,middle,linear interpolation (R type 7),False,False
201808,2018-08-31,2018,8,21.865396,2018-08-31 07:00:00,21.869296,23.83119,low,linear interpolation (R type 7),False,False
201906,2019-06-01,2019,6,17.212345,2019-06-01 06:00:00,19.68587625,20.811237249999998,low,linear interpolation (R type 7),False,False
201906,2019-06-02,2019,6,18.117369,2019-06-02 05:00:00,19.68587625,20.811237249999998,low,linear interpolation (R type 7),False,False
201906,2019-06-03,2019,6,18.822638,2019-06-03 11:00:00,19.68587625,20.811237249999998,low,linear interpolation (R type 7),False,False
201906,2019-06-04,2019,6,19.7944,2019-06-04 10:00:00,19.68587625,20.811237249999998,middle,linear interpolation (R type 7),False,False
201906,2019-06-05,2019,6,19.9932,2019-06-05 06:00:00,19.68587625,20.811237249999998,middle,linear interpolation (R type 7),False,False
201906,2019-06-06,2019,6,20.00898,2019-06-06 06:00:00,19.68587625,20.811237249999998,middle,linear interpolation (R type 7),False,False
201906,2019-06-07,2019,6,20.007738,2019-06-07 07:00:00,19.68587625,20.811237249999998,middle,linear interpolation (R type 7),False,False
201906,2019-06-08,2019,6,20.114004,2019-06-08 06:00:00,19.68587625,20.811237249999998,middle,linear interpolation (R type 7),False,False
201906,2019-06-09,2019,6,19.77948,2019-06-09 06:00:00,19.68587625,20.811237249999998,middle,linear interpolation (R type 7),False,False
201906,2019-06-10,2019,6,19.855303,2019-06-10 06:00:00,19.68587625,20.811237249999998,middle,linear interpolation (R type 7),False,False
201906,2019-06-11,2019,6,19.908028,2019-06-11 06:00:00,19.68587625,20.811237249999998,middle,linear interpolation (R type 7),False,False
201906,2019-06-12,2019,6,19.654675,2019-06-12 07:00:00,19.68587625,20.811237249999998,low,linear interpolation (R type 7),False,False
201906,2019-06-13,2019,6,19.118145,2019-06-13 07:00:00,19.68587625,20.811237249999998,low,linear interpolation (R type 7),False,False
201906,2019-06-14,2019,6,18.975613,2019-06-14 06:00:00,19.68587625,20.811237249999998,low,linear interpolation (R type 7),False,False
201906,2019-06-15,2019,6,19.275038,2019-06-15 06:00:00,19.68587625,20.811237249999998,low,linear interpolation (R type 7),False,False
201906,2019-06-16,2019,6,19.126543,2019-06-16 10:00:00,19.68587625,20.811237249999998,low,linear interpolation (R type 7),False,False
201906,2019-06-17,2019,6,19.863913,2019-06-17 08:00:00,19.68587625,20.811237249999998,middle,linear interpolation (R type 7),False,False
201906,2019-06-18,2019,6,20.833557,2019-06-18 07:00:00,19.68587625,20.811237249999998,high,linear interpolation (R type 7),False,False
201906,2019-06-19,2019,6,21.699059,2019-06-19 06:00:00,19.68587625,20.811237249999998,high,linear interpolation (R type 7),False,False
201906,2019-06-20,2019,6,21.92467,2019-06-20 06:00:00,19.68587625,20.811237249999998,high,linear interpolation (R type 7),False,False
201906,2019-06-21,2019,6,21.550007,2019-06-21 07:00:00,19.68587625,20.811237249999998,high,linear interpolation (R type 7),False,False
201906,2019-06-22,2019,6,21.055578,2019-06-22 06:00:00,19.68587625,20.811237249999998,high,linear interpolation (R type 7),False,False
201906,2019-06-23,2019,6,20.11343,2019-06-23 07:00:00,19.68587625,20.811237249999998,middle,linear interpolation (R type 7),False,False
201906,2019-06-24,2019,6,20.22651,2019-06-24 06:00:00,19.68587625,20.811237249999998,middle,linear interpolation (R type 7),False,False
201906,2019-06-25,2019,6,20.744278,2019-06-25 06:00:00,19.68587625,20.811237249999998,middle,linear interpolation (R type 7),False,False
201906,2019-06-26,2019,6,21.134182,2019-06-26 06:00:00,19.68587625,20.811237249999998,high,linear interpolation (R type 7),False,False
201906,2019-06-27,2019,6,21.369274,2019-06-27 06:00:00,19.68587625,20.811237249999998,high,linear interpolation (R type 7),False,False
201906,2019-06-28,2019,6,21.33372,2019-06-28 06:00:00,19.68587625,20.811237249999998,high,linear interpolation (R type 7),False,False
201906,2019-06-29,2019,6,20.654945,2019-06-29 06:00:00,19.68587625,20.811237249999998,middle,linear interpolation (R type 7),False,False
201906,2019-06-30,2019,6,20.212753,2019-06-30 11:00:00,19.68587625,20.811237249999998,middle,linear interpolation (R type 7),False,False
201907,2019-07-01,2019,7,20.500763,2019-07-01 05:00:00,20.952855,23.269882,low,linear interpolation (R type 7),False,False
201907,2019-07-02,2019,7,20.882824,2019-07-02 07:00:00,20.952855,23.269882,low,linear interpolation (R type 7),False,False
201907,2019-07-03,2019,7,21.058662,2019-07-03 05:00:00,20.952855,23.269882,middle,linear interpolation (R type 7),False,False
201907,2019-07-04,2019,7,21.064352,2019-07-04 06:00:00,20.952855,23.269882,middle,linear interpolation (R type 7),False,False
201907,2019-07-05,2019,7,21.005455,2019-07-05 06:00:00,20.952855,23.269882,middle,linear interpolation (R type 7),False,False
201907,2019-07-06,2019,7,20.221144,2019-07-06 06:00:00,20.952855,23.269882,low,linear interpolation (R type 7),False,False
201907,2019-07-07,2019,7,20.206581,2019-07-07 07:00:00,20.952855,23.269882,low,linear interpolation (R type 7),False,False
201907,2019-07-08,2019,7,20.081577,2019-07-08 07:00:00,20.952855,23.269882,low,linear interpolation (R type 7),False,False
201907,2019-07-09,2019,7,19.928682,2019-07-09 06:00:00,20.952855,23.269882,low,linear interpolation (R type 7),False,False
201907,2019-07-10,2019,7,20.042004,2019-07-10 08:00:00,20.952855,23.269882,low,linear interpolation (R type 7),False,False
201907,2019-07-11,2019,7,20.900255,2019-07-11 07:00:00,20.952855,23.269882,low,linear interpolation (R type 7),False,False
201907,2019-07-12,2019,7,21.42065,2019-07-12 06:00:00,20.952855,23.269882,middle,linear interpolation (R type 7),False,False
201907,2019-07-13,2019,7,21.157446,2019-07-13 06:00:00,20.952855,23.269882,middle,linear interpolation (R type 7),False,False
201907,2019-07-14,2019,7,21.360464,2019-07-14 11:00:00,20.952855,23.269882,middle,linear interpolation (R type 7),False,False
201907,2019-07-15,2019,7,22.03936,2019-07-15 07:00:00,20.952855,23.269882,middle,linear interpolation (R type 7),False,False
201907,2019-07-16,2019,7,22.48656,2019-07-16 06:00:00,20.952855,23.269882,middle,linear interpolation (R type 7),False,False
201907,2019-07-17,2019,7,23.04799,2019-07-17 07:00:00,20.952855,23.269882,middle,linear interpolation (R type 7),False,False
201907,2019-07-18,2019,7,23.326054,2019-07-18 06:00:00,20.952855,23.269882,high,linear interpolation (R type 7),False,False
201907,2019-07-19,2019,7,23.378872,2019-07-19 07:00:00,20.952855,23.269882,high,linear interpolation (R type 7),False,False
201907,2019-07-20,2019,7,23.292368,2019-07-20 06:00:00,20.952855,23.269882,high,linear interpolation (R type 7),False,False
201907,2019-07-21,2019,7,23.794498,2019-07-21 06:00:00,20.952855,23.269882,high,linear interpolation (R type 7),False,False
201907,2019-07-22,2019,7,23.473785,2019-07-22 07:00:00,20.952855,23.269882,high,linear interpolation (R type 7),False,False
201907,2019-07-23,2019,7,23.212116,2019-07-23 05:00:00,20.952855,23.269882,middle,linear interpolation (R type 7),False,False
201907,2019-07-24,2019,7,23.137735,2019-07-24 06:00:00,20.952855,23.269882,middle,linear interpolation (R type 7),False,False
201907,2019-07-25,2019,7,23.247396,2019-07-25 06:00:00,20.952855,23.269882,middle,linear interpolation (R type 7),False,False
201907,2019-07-26,2019,7,24.064127,2019-07-26 10:00:00,20.952855,23.269882,high,linear interpolation (R type 7),False,False
201907,2019-07-27,2019,7,24.11797,2019-07-27 10:00:00,20.952855,23.269882,high,linear interpolation (R type 7),False,False
201907,2019-07-28,2019,7,24.375486,2019-07-28 07:00:00,20.952855,23.269882,high,linear interpolation (R type 7),False,False
201907,2019-07-29,2019,7,23.246075,2019-07-29 05:00:00,20.952855,23.269882,middle,linear interpolation (R type 7),False,False
201907,2019-07-30,2019,7,22.56198,2019-07-30 06:00:00,20.952855,23.269882,middle,linear interpolation (R type 7),False,False
201907,2019-07-31,2019,7,22.780027,2019-07-31 06:00:00,20.952855,23.269882,middle,linear interpolation (R type 7),False,False
201908,2019-08-01,2019,8,22.9903,2019-08-01 05:00:00,20.975714500000002,22.6227705,high,linear interpolation (R type 7),False,False
201908,2019-08-02,2019,8,22.867434,2019-08-02 06:00:00,20.975714500000002,22.6227705,high,linear interpolation (R type 7),False,False
201908,2019-08-03,2019,8,22.470196,2019-08-03 06:00:00,20.975714500000002,22.6227705,middle,linear interpolation (R type 7),False,False
201908,2019-08-04,2019,8,22.565037,2019-08-04 07:00:00,20.975714500000002,22.6227705,middle,linear interpolation (R type 7),False,False
201908,2019-08-05,2019,8,23.243122,2019-08-05 06:00:00,20.975714500000002,22.6227705,high,linear interpolation (R type 7),False,False
201908,2019-08-06,2019,8,23.351147,2019-08-06 06:00:00,20.975714500000002,22.6227705,high,linear interpolation (R type 7),False,False
201908,2019-08-07,2019,8,23.100397,2019-08-07 06:00:00,20.975714500000002,22.6227705,high,linear interpolation (R type 7),False,False
201908,2019-08-08,2019,8,23.325886,2019-08-08 06:00:00,20.975714500000002,22.6227705,high,linear interpolation (R type 7),False,False
201908,2019-08-09,2019,8,23.26942,2019-08-09 06:00:00,20.975714500000002,22.6227705,high,linear interpolation (R type 7),False,False
201908,2019-08-10,2019,8,22.680504,2019-08-10 06:00:00,20.975714500000002,22.6227705,high,linear interpolation (R type 7),False,False
201908,2019-08-11,2019,8,22.172895,2019-08-11 05:00:00,20.975714500000002,22.6227705,middle,linear interpolation (R type 7),False,False
201908,2019-08-12,2019,8,21.920958,2019-08-12 11:00:00,20.975714500000002,22.6227705,middle,linear interpolation (R type 7),False,False
201908,2019-08-13,2019,8,22.212461,2019-08-13 07:00:00,20.975714500000002,22.6227705,middle,linear interpolation (R type 7),False,False
201908,2019-08-14,2019,8,22.134356,2019-08-14 11:00:00,20.975714500000002,22.6227705,middle,linear interpolation (R type 7),False,False
201908,2019-08-15,2019,8,21.81648,2019-08-15 06:00:00,20.975714500000002,22.6227705,middle,linear interpolation (R type 7),False,False
201908,2019-08-16,2019,8,21.084578,2019-08-16 05:00:00,20.975714500000002,22.6227705,middle,linear interpolation (R type 7),False,False
201908,2019-08-17,2019,8,20.602163,2019-08-17 11:00:00,20.975714500000002,22.6227705,low,linear interpolation (R type 7),False,False
201908,2019-08-18,2019,8,21.612219,2019-08-18 10:00:00,20.975714500000002,22.6227705,middle,linear interpolation (R type 7),False,False
201908,2019-08-19,2019,8,22.267504,2019-08-19 07:00:00,20.975714500000002,22.6227705,middle,linear interpolation (R type 7),False,False
201908,2019-08-20,2019,8,21.539303,2019-08-20 05:00:00,20.975714500000002,22.6227705,middle,linear interpolation (R type 7),False,False
201908,2019-08-21,2019,8,20.7236,2019-08-21 10:00:00,20.975714500000002,22.6227705,low,linear interpolation (R type 7),False,False
201908,2019-08-22,2019,8,20.500683,2019-08-22 06:00:00,20.975714500000002,22.6227705,low,linear interpolation (R type 7),False,False
201908,2019-08-23,2019,8,21.043436,2019-08-23 10:00:00,20.975714500000002,22.6227705,middle,linear interpolation (R type 7),False,False
201908,2019-08-24,2019,8,21.346312,2019-08-24 06:00:00,20.975714500000002,22.6227705,middle,linear interpolation (R type 7),False,False
201908,2019-08-25,2019,8,21.915068,2019-08-25 06:00:00,20.975714500000002,22.6227705,middle,linear interpolation (R type 7),False,False
201908,2019-08-26,2019,8,21.692884,2019-08-26 06:00:00,20.975714500000002,22.6227705,middle,linear interpolation (R type 7),False,False
201908,2019-08-27,2019,8,20.907993,2019-08-27 06:00:00,20.975714500000002,22.6227705,low,linear interpolation (R type 7),False,False
201908,2019-08-28,2019,8,20.394331,2019-08-28 04:00:00,20.975714500000002,22.6227705,low,linear interpolation (R type 7),False,False
201908,2019-08-29,2019,8,19.001497,2019-08-29 05:00:00,20.975714500000002,22.6227705,low,linear interpolation (R type 7),False,False
201908,2019-08-30,2019,8,18.395058,2019-08-30 10:00:00,20.975714500000002,22.6227705,low,linear interpolation (R type 7),False,False
201908,2019-08-31,2019,8,18.582027,2019-08-31 06:00:00,20.975714500000002,22.6227705,low,linear interpolation (R type 7),False,False
202006,2020-06-01,2020,6,18.711876,2020-06-01 06:00:00,19.963809,21.038594500000002,low,linear interpolation (R type 7),False,False
202006,2020-06-02,2020,6,18.197094,2020-06-02 05:00:00,19.963809,21.038594500000002,low,linear interpolation (R type 7),False,False
202006,2020-06-03,2020,6,18.189384,2020-06-03 06:00:00,19.963809,21.038594500000002,low,linear interpolation (R type 7),False,False
202006,2020-06-04,2020,6,19.053192,2020-06-04 06:00:00,19.963809,21.038594500000002,low,linear interpolation (R type 7),False,False
202006,2020-06-05,2020,6,19.698526,2020-06-05 06:00:00,19.963809,21.038594500000002,low,linear interpolation (R type 7),False,False
202006,2020-06-06,2020,6,20.006666,2020-06-06 05:00:00,19.963809,21.038594500000002,middle,linear interpolation (R type 7),False,False
202006,2020-06-07,2020,6,20.127928,2020-06-07 07:00:00,19.963809,21.038594500000002,middle,linear interpolation (R type 7),False,False
202006,2020-06-08,2020,6,19.450703,2020-06-08 06:00:00,19.963809,21.038594500000002,low,linear interpolation (R type 7),False,False
202006,2020-06-09,2020,6,19.95653,2020-06-09 08:00:00,19.963809,21.038594500000002,low,linear interpolation (R type 7),False,False
202006,2020-06-10,2020,6,20.061728,2020-06-10 06:00:00,19.963809,21.038594500000002,middle,linear interpolation (R type 7),False,False
202006,2020-06-11,2020,6,20.799915,2020-06-11 06:00:00,19.963809,21.038594500000002,middle,linear interpolation (R type 7),False,False
202006,2020-06-12,2020,6,20.999405,2020-06-12 06:00:00,19.963809,21.038594500000002,middle,linear interpolation (R type 7),False,False
202006,2020-06-13,2020,6,20.424519,2020-06-13 06:00:00,19.963809,21.038594500000002,middle,linear interpolation (R type 7),False,False
202006,2020-06-14,2020,6,19.962934,2020-06-14 06:00:00,19.963809,21.038594500000002,low,linear interpolation (R type 7),False,False
202006,2020-06-15,2020,6,20.517916,2020-06-15 07:00:00,19.963809,21.038594500000002,middle,linear interpolation (R type 7),False,False
202006,2020-06-16,2020,6,20.479307,2020-06-16 07:00:00,19.963809,21.038594500000002,middle,linear interpolation (R type 7),False,False
202006,2020-06-17,2020,6,20.248133,2020-06-17 07:00:00,19.963809,21.038594500000002,middle,linear interpolation (R type 7),False,False
202006,2020-06-18,2020,6,19.966434,2020-06-18 06:00:00,19.963809,21.038594500000002,middle,linear interpolation (R type 7),False,False
202006,2020-06-19,2020,6,20.423403,2020-06-19 07:00:00,19.963809,21.038594500000002,middle,linear interpolation (R type 7),False,False
202006,2020-06-20,2020,6,21.034174,2020-06-20 06:00:00,19.963809,21.038594500000002,middle,linear interpolation (R type 7),False,False
202006,2020-06-21,2020,6,21.1316,2020-06-21 06:00:00,19.963809,21.038594500000002,high,linear interpolation (R type 7),False,False
202006,2020-06-22,2020,6,20.992462,2020-06-22 06:00:00,19.963809,21.038594500000002,middle,linear interpolation (R type 7),False,False
202006,2020-06-23,2020,6,20.96321,2020-06-23 06:00:00,19.963809,21.038594500000002,middle,linear interpolation (R type 7),False,False
202006,2020-06-24,2020,6,21.040068,2020-06-24 06:00:00,19.963809,21.038594500000002,high,linear interpolation (R type 7),False,False
202006,2020-06-25,2020,6,21.16365,2020-06-25 06:00:00,19.963809,21.038594500000002,high,linear interpolation (R type 7),False,False
202006,2020-06-26,2020,6,21.265303,2020-06-26 06:00:00,19.963809,21.038594500000002,high,linear interpolation (R type 7),False,False
202006,2020-06-27,2020,6,21.617977,2020-06-27 06:00:00,19.963809,21.038594500000002,high,linear interpolation (R type 7),False,False
202006,2020-06-28,2020,6,21.680338,2020-06-28 08:00:00,19.963809,21.038594500000002,high,linear interpolation (R type 7),False,False
202006,2020-06-29,2020,6,21.49855,2020-06-29 07:00:00,19.963809,21.038594500000002,high,linear interpolation (R type 7),False,False
202006,2020-06-30,2020,6,21.597006,2020-06-30 06:00:00,19.963809,21.038594500000002,high,linear interpolation (R type 7),False,False
202007,2020-07-01,2020,7,21.65978,2020-07-01 06:00:00,21.5838575,22.039904,middle,linear interpolation (R type 7),False,False
202007,2020-07-02,2020,7,21.317875,2020-07-02 06:00:00,21.5838575,22.039904,low,linear interpolation (R type 7),False,False
202007,2020-07-03,2020,7,21.4512,2020-07-03 05:00:00,21.5838575,22.039904,low,linear interpolation (R type 7),False,False
202007,2020-07-04,2020,7,21.528097,2020-07-04 06:00:00,21.5838575,22.039904,low,linear interpolation (R type 7),False,False
202007,2020-07-05,2020,7,21.947887,2020-07-05 06:00:00,21.5838575,22.039904,middle,linear interpolation (R type 7),False,False
202007,2020-07-06,2020,7,21.89682,2020-07-06 06:00:00,21.5838575,22.039904,middle,linear interpolation (R type 7),False,False
202007,2020-07-07,2020,7,21.830622,2020-07-07 06:00:00,21.5838575,22.039904,middle,linear interpolation (R type 7),False,False
202007,2020-07-08,2020,7,21.942377,2020-07-08 06:00:00,21.5838575,22.039904,middle,linear interpolation (R type 7),False,False
202007,2020-07-09,2020,7,21.639618,2020-07-09 06:00:00,21.5838575,22.039904,middle,linear interpolation (R type 7),False,False
202007,2020-07-10,2020,7,21.738914,2020-07-10 06:00:00,21.5838575,22.039904,middle,linear interpolation (R type 7),False,False
202007,2020-07-11,2020,7,21.92693,2020-07-11 06:00:00,21.5838575,22.039904,middle,linear interpolation (R type 7),False,False
202007,2020-07-12,2020,7,21.33609,2020-07-12 06:00:00,21.5838575,22.039904,low,linear interpolation (R type 7),False,False
202007,2020-07-13,2020,7,21.36447,2020-07-13 06:00:00,21.5838575,22.039904,low,linear interpolation (R type 7),False,False
202007,2020-07-14,2020,7,21.79661,2020-07-14 10:00:00,21.5838575,22.039904,middle,linear interpolation (R type 7),False,False
202007,2020-07-15,2020,7,22.063828,2020-07-15 06:00:00,21.5838575,22.039904,high,linear interpolation (R type 7),False,False
202007,2020-07-16,2020,7,22.040663,2020-07-16 06:00:00,21.5838575,22.039904,high,linear interpolation (R type 7),False,False
202007,2020-07-17,2020,7,21.957623,2020-07-17 06:00:00,21.5838575,22.039904,middle,linear interpolation (R type 7),False,False
202007,2020-07-18,2020,7,21.36131,2020-07-18 06:00:00,21.5838575,22.039904,low,linear interpolation (R type 7),False,False
202007,2020-07-19,2020,7,20.569054,2020-07-19 11:00:00,21.5838575,22.039904,low,linear interpolation (R type 7),False,False
202007,2020-07-20,2020,7,21.000084,2020-07-20 10:00:00,21.5838575,22.039904,low,linear interpolation (R type 7),False,False
202007,2020-07-21,2020,7,21.844336,2020-07-21 07:00:00,21.5838575,22.039904,middle,linear interpolation (R type 7),False,False
202007,2020-07-22,2020,7,21.946455,2020-07-22 06:00:00,21.5838575,22.039904,middle,linear interpolation (R type 7),False,False
202007,2020-07-23,2020,7,22.044405,2020-07-23 10:00:00,21.5838575,22.039904,high,linear interpolation (R type 7),False,False
202007,2020-07-24,2020,7,22.039145,2020-07-24 07:00:00,21.5838575,22.039904,middle,linear interpolation (R type 7),False,False
202007,2020-07-25,2020,7,22.31054,2020-07-25 07:00:00,21.5838575,22.039904,high,linear interpolation (R type 7),False,False
202007,2020-07-26,2020,7,21.892925,2020-07-26 06:00:00,21.5838575,22.039904,middle,linear interpolation (R type 7),False,False
202007,2020-07-27,2020,7,21.918976,2020-07-27 06:00:00,21.5838575,22.039904,middle,linear interpolation (R type 7),False,False
202007,2020-07-28,2020,7,22.514977,2020-07-28 06:00:00,21.5838575,22.039904,high,linear interpolation (R type 7),False,False
202007,2020-07-29,2020,7,22.795507,2020-07-29 06:00:00,21.5838575,22.039904,high,linear interpolation (R type 7),False,False
202007,2020-07-30,2020,7,23.321213,2020-07-30 06:00:00,21.5838575,22.039904,high,linear interpolation (R type 7),False,False
202007,2020-07-31,2020,7,23.298454,2020-07-31 06:00:00,21.5838575,22.039904,high,linear interpolation (R type 7),False,False
202008,2020-08-01,2020,8,23.434221,2020-08-01 06:00:00,21.6839875,23.059027999999998,high,linear interpolation (R type 7),False,False
202008,2020-08-02,2020,8,22.826029,2020-08-02 06:00:00,21.6839875,23.059027999999998,middle,linear interpolation (R type 7),False,False
202008,2020-08-03,2020,8,23.07301,2020-08-03 06:00:00,21.6839875,23.059027999999998,high,linear interpolation (R type 7),False,False
202008,2020-08-04,2020,8,23.285442,2020-08-04 07:00:00,21.6839875,23.059027999999998,high,linear interpolation (R type 7),False,False
202008,2020-08-05,2020,8,23.496681,2020-08-05 06:00:00,21.6839875,23.059027999999998,high,linear interpolation (R type 7),False,False
202008,2020-08-06,2020,8,23.382042,2020-08-06 07:00:00,21.6839875,23.059027999999998,high,linear interpolation (R type 7),False,False
202008,2020-08-07,2020,8,23.045046,2020-08-07 06:00:00,21.6839875,23.059027999999998,middle,linear interpolation (R type 7),False,False
202008,2020-08-08,2020,8,22.716032,2020-08-08 07:00:00,21.6839875,23.059027999999998,middle,linear interpolation (R type 7),False,False
202008,2020-08-09,2020,8,22.805822,2020-08-09 07:00:00,21.6839875,23.059027999999998,middle,linear interpolation (R type 7),False,False
202008,2020-08-10,2020,8,23.09701,2020-08-10 06:00:00,21.6839875,23.059027999999998,high,linear interpolation (R type 7),False,False
202008,2020-08-11,2020,8,23.289768,2020-08-11 07:00:00,21.6839875,23.059027999999998,high,linear interpolation (R type 7),False,False
202008,2020-08-12,2020,8,23.111162,2020-08-12 06:00:00,21.6839875,23.059027999999998,high,linear interpolation (R type 7),False,False
202008,2020-08-13,2020,8,22.520124,2020-08-13 06:00:00,21.6839875,23.059027999999998,middle,linear interpolation (R type 7),False,False
202008,2020-08-14,2020,8,22.8439,2020-08-14 10:00:00,21.6839875,23.059027999999998,middle,linear interpolation (R type 7),False,False
202008,2020-08-15,2020,8,22.502117,2020-08-15 06:00:00,21.6839875,23.059027999999998,middle,linear interpolation (R type 7),False,False
202008,2020-08-16,2020,8,22.469635,2020-08-16 06:00:00,21.6839875,23.059027999999998,middle,linear interpolation (R type 7),False,False
202008,2020-08-17,2020,8,22.515434,2020-08-17 06:00:00,21.6839875,23.059027999999998,middle,linear interpolation (R type 7),False,False
202008,2020-08-18,2020,8,21.763508,2020-08-18 06:00:00,21.6839875,23.059027999999998,middle,linear interpolation (R type 7),False,False
202008,2020-08-19,2020,8,21.421806,2020-08-19 06:00:00,21.6839875,23.059027999999998,low,linear interpolation (R type 7),False,False
202008,2020-08-20,2020,8,20.787558,2020-08-20 06:00:00,21.6839875,23.059027999999998,low,linear interpolation (R type 7),False,False
202008,2020-08-21,2020,8,21.08713,2020-08-21 06:00:00,21.6839875,23.059027999999998,low,linear interpolation (R type 7),False,False
202008,2020-08-22,2020,8,21.87547,2020-08-22 07:00:00,21.6839875,23.059027999999998,middle,linear interpolation (R type 7),False,False
202008,2020-08-23,2020,8,22.428291,2020-08-23 06:00:00,21.6839875,23.059027999999998,middle,linear interpolation (R type 7),False,False
202008,2020-08-24,2020,8,21.794882,2020-08-24 06:00:00,21.6839875,23.059027999999998,middle,linear interpolation (R type 7),False,False
202008,2020-08-25,2020,8,21.919039,2020-08-25 06:00:00,21.6839875,23.059027999999998,middle,linear interpolation (R type 7),False,False
202008,2020-08-26,2020,8,21.677681,2020-08-26 04:00:00,21.6839875,23.059027999999998,low,linear interpolation (R type 7),False,False
202008,2020-08-27,2020,8,21.348804,2020-08-27 10:00:00,21.6839875,23.059027999999998,low,linear interpolation (R type 7),False,False
202008,2020-08-28,2020,8,21.538218,2020-08-28 10:00:00,21.6839875,23.059027999999998,low,linear interpolation (R type 7),False,False
202008,2020-08-29,2020,8,21.690294,2020-08-29 06:00:00,21.6839875,23.059027999999998,middle,linear interpolation (R type 7),False,False
202008,2020-08-30,2020,8,21.049204,2020-08-30 05:00:00,21.6839875,23.059027999999998,low,linear interpolation (R type 7),False,False
202008,2020-08-31,2020,8,20.807713,2020-08-31 06:00:00,21.6839875,23.059027999999998,low,linear interpolation (R type 7),False,False
202106,2021-06-01,2021,6,19.05546,2021-06-01 06:00:00,19.20352525,21.41325175,low,linear interpolation (R type 7),False,False
202106,2021-06-02,2021,6,18.849298,2021-06-02 06:00:00,19.20352525,21.41325175,low,linear interpolation (R type 7),False,False
202106,2021-06-03,2021,6,16.647837,2021-06-03 05:00:00,19.20352525,21.41325175,low,linear interpolation (R type 7),False,False
202106,2021-06-04,2021,6,15.798106,2021-06-04 07:00:00,19.20352525,21.41325175,low,linear interpolation (R type 7),False,False
202106,2021-06-05,2021,6,17.697577,2021-06-05 11:00:00,19.20352525,21.41325175,low,linear interpolation (R type 7),False,False
202106,2021-06-06,2021,6,19.201427,2021-06-06 10:00:00,19.20352525,21.41325175,low,linear interpolation (R type 7),False,False
202106,2021-06-07,2021,6,19.20982,2021-06-07 10:00:00,19.20352525,21.41325175,middle,linear interpolation (R type 7),False,False
202106,2021-06-08,2021,6,19.720531,2021-06-08 06:00:00,19.20352525,21.41325175,middle,linear interpolation (R type 7),False,False
202106,2021-06-09,2021,6,20.065392,2021-06-09 06:00:00,19.20352525,21.41325175,middle,linear interpolation (R type 7),False,False
202106,2021-06-10,2021,6,19.825546,2021-06-10 06:00:00,19.20352525,21.41325175,middle,linear interpolation (R type 7),False,False
202106,2021-06-11,2021,6,20.539364,2021-06-11 06:00:00,19.20352525,21.41325175,middle,linear interpolation (R type 7),False,False
202106,2021-06-12,2021,6,21.885744,2021-06-12 06:00:00,19.20352525,21.41325175,high,linear interpolation (R type 7),False,False
202106,2021-06-13,2021,6,22.445286,2021-06-13 06:00:00,19.20352525,21.41325175,high,linear interpolation (R type 7),False,False
202106,2021-06-14,2021,6,22.366606,2021-06-14 06:00:00,19.20352525,21.41325175,high,linear interpolation (R type 7),False,False
202106,2021-06-15,2021,6,22.183052,2021-06-15 06:00:00,19.20352525,21.41325175,high,linear interpolation (R type 7),False,False
202106,2021-06-16,2021,6,21.194437,2021-06-16 06:00:00,19.20352525,21.41325175,middle,linear interpolation (R type 7),False,False
202106,2021-06-17,2021,6,19.907106,2021-06-17 06:00:00,19.20352525,21.41325175,middle,linear interpolation (R type 7),False,False
202106,2021-06-18,2021,6,19.068,2021-06-18 06:00:00,19.20352525,21.41325175,low,linear interpolation (R type 7),False,False
202106,2021-06-19,2021,6,19.03289,2021-06-19 06:00:00,19.20352525,21.41325175,low,linear interpolation (R type 7),False,False
202106,2021-06-20,2021,6,19.563393,2021-06-20 11:00:00,19.20352525,21.41325175,middle,linear interpolation (R type 7),False,False
202106,2021-06-21,2021,6,19.848404,2021-06-21 06:00:00,19.20352525,21.41325175,middle,linear interpolation (R type 7),False,False
202106,2021-06-22,2021,6,20.103058,2021-06-22 11:00:00,19.20352525,21.41325175,middle,linear interpolation (R type 7),False,False
202106,2021-06-23,2021,6,20.39716,2021-06-23 10:00:00,19.20352525,21.41325175,middle,linear interpolation (R type 7),False,False
202106,2021-06-24,2021,6,20.799839,2021-06-24 06:00:00,19.20352525,21.41325175,middle,linear interpolation (R type 7),False,False
202106,2021-06-25,2021,6,21.057812,2021-06-25 06:00:00,19.20352525,21.41325175,middle,linear interpolation (R type 7),False,False
202106,2021-06-26,2021,6,21.658585,2021-06-26 06:00:00,19.20352525,21.41325175,high,linear interpolation (R type 7),False,False
202106,2021-06-27,2021,6,22.006262,2021-06-27 06:00:00,19.20352525,21.41325175,high,linear interpolation (R type 7),False,False
202106,2021-06-28,2021,6,22.034866,2021-06-28 07:00:00,19.20352525,21.41325175,high,linear interpolation (R type 7),False,False
202106,2021-06-29,2021,6,21.48619,2021-06-29 05:00:00,19.20352525,21.41325175,high,linear interpolation (R type 7),False,False
202106,2021-06-30,2021,6,21.184278,2021-06-30 06:00:00,19.20352525,21.41325175,middle,linear interpolation (R type 7),False,False
202107,2021-07-01,2021,7,21.40058,2021-07-01 06:00:00,22.4089965,23.06975,low,linear interpolation (R type 7),False,False
202107,2021-07-02,2021,7,21.424938,2021-07-02 07:00:00,22.4089965,23.06975,low,linear interpolation (R type 7),False,False
202107,2021-07-03,2021,7,21.243782,2021-07-03 06:00:00,22.4089965,23.06975,low,linear interpolation (R type 7),False,False
202107,2021-07-04,2021,7,21.8532,2021-07-04 06:00:00,22.4089965,23.06975,low,linear interpolation (R type 7),False,False
202107,2021-07-05,2021,7,22.119461,2021-07-05 07:00:00,22.4089965,23.06975,low,linear interpolation (R type 7),False,False
202107,2021-07-06,2021,7,22.169405,2021-07-06 06:00:00,22.4089965,23.06975,low,linear interpolation (R type 7),False,False
202107,2021-07-07,2021,7,22.364727,2021-07-07 07:00:00,22.4089965,23.06975,low,linear interpolation (R type 7),False,False
202107,2021-07-08,2021,7,22.453266,2021-07-08 06:00:00,22.4089965,23.06975,middle,linear interpolation (R type 7),False,False
202107,2021-07-09,2021,7,22.477852,2021-07-09 11:00:00,22.4089965,23.06975,middle,linear interpolation (R type 7),False,False
202107,2021-07-10,2021,7,22.97991,2021-07-10 10:00:00,22.4089965,23.06975,middle,linear interpolation (R type 7),False,False
202107,2021-07-11,2021,7,23.125109,2021-07-11 10:00:00,22.4089965,23.06975,high,linear interpolation (R type 7),False,False
202107,2021-07-12,2021,7,22.977222,2021-07-12 06:00:00,22.4089965,23.06975,middle,linear interpolation (R type 7),False,False
202107,2021-07-13,2021,7,23.44136,2021-07-13 06:00:00,22.4089965,23.06975,high,linear interpolation (R type 7),False,False
202107,2021-07-14,2021,7,24.02238,2021-07-14 06:00:00,22.4089965,23.06975,high,linear interpolation (R type 7),False,False
202107,2021-07-15,2021,7,23.82475,2021-07-15 06:00:00,22.4089965,23.06975,high,linear interpolation (R type 7),False,False
202107,2021-07-16,2021,7,23.631561,2021-07-16 06:00:00,22.4089965,23.06975,high,linear interpolation (R type 7),False,False
202107,2021-07-17,2021,7,23.400276,2021-07-17 06:00:00,22.4089965,23.06975,high,linear interpolation (R type 7),False,False
202107,2021-07-18,2021,7,22.842316,2021-07-18 06:00:00,22.4089965,23.06975,middle,linear interpolation (R type 7),False,False
202107,2021-07-19,2021,7,22.774294,2021-07-19 06:00:00,22.4089965,23.06975,middle,linear interpolation (R type 7),False,False
202107,2021-07-20,2021,7,23.065506,2021-07-20 06:00:00,22.4089965,23.06975,middle,linear interpolation (R type 7),False,False
202107,2021-07-21,2021,7,22.886324,2021-07-21 07:00:00,22.4089965,23.06975,middle,linear interpolation (R type 7),False,False
202107,2021-07-22,2021,7,22.851357,2021-07-22 06:00:00,22.4089965,23.06975,middle,linear interpolation (R type 7),False,False
202107,2021-07-23,2021,7,23.073994,2021-07-23 06:00:00,22.4089965,23.06975,high,linear interpolation (R type 7),False,False
202107,2021-07-24,2021,7,23.061682,2021-07-24 06:00:00,22.4089965,23.06975,middle,linear interpolation (R type 7),False,False
202107,2021-07-25,2021,7,23.023905,2021-07-25 06:00:00,22.4089965,23.06975,middle,linear interpolation (R type 7),False,False
202107,2021-07-26,2021,7,22.724543,2021-07-26 06:00:00,22.4089965,23.06975,middle,linear interpolation (R type 7),False,False
202107,2021-07-27,2021,7,22.490213,2021-07-27 06:00:00,22.4089965,23.06975,middle,linear interpolation (R type 7),False,False
202107,2021-07-28,2021,7,22.64099,2021-07-28 06:00:00,22.4089965,23.06975,middle,linear interpolation (R type 7),False,False
202107,2021-07-29,2021,7,22.338245,2021-07-29 06:00:00,22.4089965,23.06975,low,linear interpolation (R type 7),False,False
202107,2021-07-30,2021,7,22.986814,2021-07-30 11:00:00,22.4089965,23.06975,middle,linear interpolation (R type 7),False,False
202107,2021-07-31,2021,7,23.293869,2021-07-31 05:00:00,22.4089965,23.06975,high,linear interpolation (R type 7),False,False
202108,2021-08-01,2021,8,22.329369,2021-08-01 05:00:00,21.0309955,22.2922995,high,linear interpolation (R type 7),False,False
202108,2021-08-02,2021,8,22.406998,2021-08-02 06:00:00,21.0309955,22.2922995,high,linear interpolation (R type 7),False,False
202108,2021-08-03,2021,8,22.391321,2021-08-03 05:00:00,21.0309955,22.2922995,high,linear interpolation (R type 7),False,False
202108,2021-08-04,2021,8,22.342556,2021-08-04 06:00:00,21.0309955,22.2922995,high,linear interpolation (R type 7),False,False
202108,2021-08-05,2021,8,22.166025,2021-08-05 06:00:00,21.0309955,22.2922995,middle,linear interpolation (R type 7),False,False
202108,2021-08-06,2021,8,22.025486,2021-08-06 06:00:00,21.0309955,22.2922995,middle,linear interpolation (R type 7),False,False
202108,2021-08-07,2021,8,22.416985,2021-08-07 06:00:00,21.0309955,22.2922995,high,linear interpolation (R type 7),False,False
202108,2021-08-08,2021,8,22.456104,2021-08-08 06:00:00,21.0309955,22.2922995,high,linear interpolation (R type 7),False,False
202108,2021-08-09,2021,8,22.10523,2021-08-09 05:00:00,21.0309955,22.2922995,middle,linear interpolation (R type 7),False,False
202108,2021-08-10,2021,8,21.756182,2021-08-10 06:00:00,21.0309955,22.2922995,middle,linear interpolation (R type 7),False,False
202108,2021-08-11,2021,8,21.667389,2021-08-11 06:00:00,21.0309955,22.2922995,middle,linear interpolation (R type 7),False,False
202108,2021-08-12,2021,8,21.845665,2021-08-12 06:00:00,21.0309955,22.2922995,middle,linear interpolation (R type 7),False,False
202108,2021-08-13,2021,8,21.264915,2021-08-13 05:00:00,21.0309955,22.2922995,middle,linear interpolation (R type 7),False,False
202108,2021-08-14,2021,8,20.72327,2021-08-14 05:00:00,21.0309955,22.2922995,low,linear interpolation (R type 7),False,False
202108,2021-08-15,2021,8,21.10961,2021-08-15 06:00:00,21.0309955,22.2922995,middle,linear interpolation (R type 7),False,False
202108,2021-08-16,2021,8,21.889465,2021-08-16 06:00:00,21.0309955,22.2922995,middle,linear interpolation (R type 7),False,False
202108,2021-08-17,2021,8,22.296309,2021-08-17 06:00:00,21.0309955,22.2922995,high,linear interpolation (R type 7),False,False
202108,2021-08-18,2021,8,22.376629,2021-08-18 06:00:00,21.0309955,22.2922995,high,linear interpolation (R type 7),False,False
202108,2021-08-19,2021,8,22.192091,2021-08-19 06:00:00,21.0309955,22.2922995,middle,linear interpolation (R type 7),False,False
202108,2021-08-20,2021,8,22.262228,2021-08-20 06:00:00,21.0309955,22.2922995,middle,linear interpolation (R type 7),False,False
202108,2021-08-21,2021,8,22.28829,2021-08-21 06:00:00,21.0309955,22.2922995,middle,linear interpolation (R type 7),False,False
202108,2021-08-22,2021,8,21.949862,2021-08-22 06:00:00,21.0309955,22.2922995,middle,linear interpolation (R type 7),False,False
202108,2021-08-23,2021,8,21.174496,2021-08-23 06:00:00,21.0309955,22.2922995,middle,linear interpolation (R type 7),False,False
202108,2021-08-24,2021,8,19.71612,2021-08-24 05:00:00,21.0309955,22.2922995,low,linear interpolation (R type 7),False,False
202108,2021-08-25,2021,8,19.710182,2021-08-25 05:00:00,21.0309955,22.2922995,low,linear interpolation (R type 7),False,False
202108,2021-08-26,2021,8,19.245888,2021-08-26 06:00:00,21.0309955,22.2922995,low,linear interpolation (R type 7),False,False
202108,2021-08-27,2021,8,19.190353,2021-08-27 06:00:00,21.0309955,22.2922995,low,linear interpolation (R type 7),False,False
202108,2021-08-28,2021,8,19.73434,2021-08-28 06:00:00,21.0309955,22.2922995,low,linear interpolation (R type 7),False,False
202108,2021-08-29,2021,8,20.319643,2021-08-29 06:00:00,21.0309955,22.2922995,low,linear interpolation (R type 7),False,False
202108,2021-08-30,2021,8,20.952381,2021-08-30 10:00:00,21.0309955,22.2922995,low,linear interpolation (R type 7),False,False
202108,2021-08-31,2021,8,21.231977,2021-08-31 06:00:00,21.0309955,22.2922995,middle,linear interpolation (R type 7),False,False
202206,2022-06-01,2022,6,19.298574,2022-06-01 07:00:00,18.89759,21.95157825,middle,linear interpolation (R type 7),False,False
202206,2022-06-02,2022,6,20.17608,2022-06-02 06:00:00,18.89759,21.95157825,middle,linear interpolation (R type 7),False,False
202206,2022-06-03,2022,6,20.789244,2022-06-03 06:00:00,18.89759,21.95157825,middle,linear interpolation (R type 7),False,False
202206,2022-06-04,2022,6,19.978157,2022-06-04 05:00:00,18.89759,21.95157825,middle,linear interpolation (R type 7),False,False
202206,2022-06-05,2022,6,18.610878,2022-06-05 06:00:00,18.89759,21.95157825,low,linear interpolation (R type 7),False,False
202206,2022-06-06,2022,6,18.064009,2022-06-06 07:00:00,18.89759,21.95157825,low,linear interpolation (R type 7),False,False
202206,2022-06-07,2022,6,18.22624,2022-06-07 07:00:00,18.89759,21.95157825,low,linear interpolation (R type 7),False,False
202206,2022-06-08,2022,6,18.687382,2022-06-08 06:00:00,18.89759,21.95157825,low,linear interpolation (R type 7),False,False
202206,2022-06-09,2022,6,19.152689,2022-06-09 05:00:00,18.89759,21.95157825,middle,linear interpolation (R type 7),False,False
202206,2022-06-10,2022,6,19.161827,2022-06-10 07:00:00,18.89759,21.95157825,middle,linear interpolation (R type 7),False,False
202206,2022-06-11,2022,6,18.812557,2022-06-11 06:00:00,18.89759,21.95157825,low,linear interpolation (R type 7),False,False
202206,2022-06-12,2022,6,18.39748,2022-06-12 07:00:00,18.89759,21.95157825,low,linear interpolation (R type 7),False,False
202206,2022-06-13,2022,6,18.456623,2022-06-13 05:00:00,18.89759,21.95157825,low,linear interpolation (R type 7),False,False
202206,2022-06-14,2022,6,18.542027,2022-06-14 11:00:00,18.89759,21.95157825,low,linear interpolation (R type 7),False,False
202206,2022-06-15,2022,6,19.336424,2022-06-15 11:00:00,18.89759,21.95157825,middle,linear interpolation (R type 7),False,False
202206,2022-06-16,2022,6,20.126663,2022-06-16 05:00:00,18.89759,21.95157825,middle,linear interpolation (R type 7),False,False
202206,2022-06-17,2022,6,20.686602,2022-06-17 06:00:00,18.89759,21.95157825,middle,linear interpolation (R type 7),False,False
202206,2022-06-18,2022,6,21.124945,2022-06-18 07:00:00,18.89759,21.95157825,middle,linear interpolation (R type 7),False,False
202206,2022-06-19,2022,6,21.593786,2022-06-19 07:00:00,18.89759,21.95157825,middle,linear interpolation (R type 7),False,False
202206,2022-06-20,2022,6,21.983435,2022-06-20 06:00:00,18.89759,21.95157825,high,linear interpolation (R type 7),False,False
202206,2022-06-21,2022,6,22.444021,2022-06-21 07:00:00,18.89759,21.95157825,high,linear interpolation (R type 7),False,False
202206,2022-06-22,2022,6,22.787033,2022-06-22 06:00:00,18.89759,21.95157825,high,linear interpolation (R type 7),False,False
202206,2022-06-23,2022,6,21.98274,2022-06-23 05:00:00,18.89759,21.95157825,high,linear interpolation (R type 7),False,False
202206,2022-06-24,2022,6,21.76624,2022-06-24 11:00:00,18.89759,21.95157825,middle,linear interpolation (R type 7),False,False
202206,2022-06-25,2022,6,22.581402,2022-06-25 06:00:00,18.89759,21.95157825,high,linear interpolation (R type 7),False,False
202206,2022-06-26,2022,6,22.530476,2022-06-26 07:00:00,18.89759,21.95157825,high,linear interpolation (R type 7),False,False
202206,2022-06-27,2022,6,21.858093,2022-06-27 06:00:00,18.89759,21.95157825,middle,linear interpolation (R type 7),False,False
202206,2022-06-28,2022,6,21.7697,2022-06-28 06:00:00,18.89759,21.95157825,middle,linear interpolation (R type 7),False,False
202206,2022-06-29,2022,6,22.055094,2022-06-29 05:00:00,18.89759,21.95157825,high,linear interpolation (R type 7),False,False
202206,2022-06-30,2022,6,22.342379,2022-06-30 06:00:00,18.89759,21.95157825,high,linear interpolation (R type 7),False,False
202207,2022-07-01,2022,7,22.523493,2022-07-01 05:00:00,22.322674499999998,23.073271,middle,linear interpolation (R type 7),False,False
202207,2022-07-02,2022,7,22.797781,2022-07-02 06:00:00,22.322674499999998,23.073271,middle,linear interpolation (R type 7),False,False
202207,2022-07-03,2022,7,22.774263,2022-07-03 06:00:00,22.322674499999998,23.073271,middle,linear interpolation (R type 7),False,False
202207,2022-07-04,2022,7,23.012083,2022-07-04 06:00:00,22.322674499999998,23.073271,middle,linear interpolation (R type 7),False,False
202207,2022-07-05,2022,7,23.014023,2022-07-05 06:00:00,22.322674499999998,23.073271,middle,linear interpolation (R type 7),False,False
202207,2022-07-06,2022,7,22.264862,2022-07-06 05:00:00,22.322674499999998,23.073271,low,linear interpolation (R type 7),False,False
202207,2022-07-07,2022,7,22.76068,2022-07-07 06:00:00,22.322674499999998,23.073271,middle,linear interpolation (R type 7),False,False
202207,2022-07-08,2022,7,22.929026,2022-07-08 06:00:00,22.322674499999998,23.073271,middle,linear interpolation (R type 7),False,False
202207,2022-07-09,2022,7,22.916618,2022-07-09 10:00:00,22.322674499999998,23.073271,middle,linear interpolation (R type 7),False,False
202207,2022-07-10,2022,7,22.906002,2022-07-10 07:00:00,22.322674499999998,23.073271,middle,linear interpolation (R type 7),False,False
202207,2022-07-11,2022,7,23.233725,2022-07-11 10:00:00,22.322674499999998,23.073271,high,linear interpolation (R type 7),False,False
202207,2022-07-12,2022,7,23.37925,2022-07-12 10:00:00,22.322674499999998,23.073271,high,linear interpolation (R type 7),False,False
202207,2022-07-13,2022,7,23.301918,2022-07-13 11:00:00,22.322674499999998,23.073271,high,linear interpolation (R type 7),False,False
202207,2022-07-14,2022,7,23.609861,2022-07-14 11:00:00,22.322674499999998,23.073271,high,linear interpolation (R type 7),False,False
202207,2022-07-15,2022,7,23.36941,2022-07-15 10:00:00,22.322674499999998,23.073271,high,linear interpolation (R type 7),False,False
202207,2022-07-16,2022,7,22.965395,2022-07-16 06:00:00,22.322674499999998,23.073271,middle,linear interpolation (R type 7),False,False
202207,2022-07-17,2022,7,22.25241,2022-07-17 06:00:00,22.322674499999998,23.073271,low,linear interpolation (R type 7),False,False
202207,2022-07-18,2022,7,21.913427,2022-07-18 11:00:00,22.322674499999998,23.073271,low,linear interpolation (R type 7),False,False
202207,2022-07-19,2022,7,21.843964,2022-07-19 06:00:00,22.322674499999998,23.073271,low,linear interpolation (R type 7),False,False
202207,2022-07-20,2022,7,21.919708,2022-07-20 06:00:00,22.322674499999998,23.073271,low,linear interpolation (R type 7),False,False
202207,2022-07-21,2022,7,22.380487,2022-07-21 07:00:00,22.322674499999998,23.073271,middle,linear interpolation (R type 7),False,False
202207,2022-07-22,2022,7,21.811602,2022-07-22 06:00:00,22.322674499999998,23.073271,low,linear interpolation (R type 7),False,False
202207,2022-07-23,2022,7,21.705666,2022-07-23 11:00:00,22.322674499999998,23.073271,low,linear interpolation (R type 7),False,False
202207,2022-07-24,2022,7,22.843695,2022-07-24 10:00:00,22.322674499999998,23.073271,middle,linear interpolation (R type 7),False,False
202207,2022-07-25,2022,7,23.568201,2022-07-25 10:00:00,22.322674499999998,23.073271,high,linear interpolation (R type 7),False,False
202207,2022-07-26,2022,7,23.471544,2022-07-26 06:00:00,22.322674499999998,23.073271,high,linear interpolation (R type 7),False,False
202207,2022-07-27,2022,7,22.803509,2022-07-27 06:00:00,22.322674499999998,23.073271,middle,linear interpolation (R type 7),False,False
202207,2022-07-28,2022,7,22.125196,2022-07-28 11:00:00,22.322674499999998,23.073271,low,linear interpolation (R type 7),False,False
202207,2022-07-29,2022,7,22.412733,2022-07-29 05:00:00,22.322674499999998,23.073271,middle,linear interpolation (R type 7),False,False
202207,2022-07-30,2022,7,22.816095,2022-07-30 07:00:00,22.322674499999998,23.073271,middle,linear interpolation (R type 7),False,False
202207,2022-07-31,2022,7,23.132519,2022-07-31 06:00:00,22.322674499999998,23.073271,high,linear interpolation (R type 7),False,False
202208,2022-08-01,2022,8,23.513973,2022-08-01 06:00:00,20.7572605,23.6212855,middle,linear interpolation (R type 7),False,False
202208,2022-08-02,2022,8,23.860395,2022-08-02 06:00:00,20.7572605,23.6212855,high,linear interpolation (R type 7),False,False
202208,2022-08-03,2022,8,24.260113,2022-08-03 07:00:00,20.7572605,23.6212855,high,linear interpolation (R type 7),False,False
202208,2022-08-04,2022,8,24.649235,2022-08-04 06:00:00,20.7572605,23.6212855,high,linear interpolation (R type 7),False,False
202208,2022-08-05,2022,8,24.012005,2022-08-05 06:00:00,20.7572605,23.6212855,high,linear interpolation (R type 7),False,False
202208,2022-08-06,2022,8,24.339058,2022-08-06 06:00:00,20.7572605,23.6212855,high,linear interpolation (R type 7),False,False
202208,2022-08-07,2022,8,24.189898,2022-08-07 06:00:00,20.7572605,23.6212855,high,linear interpolation (R type 7),False,False
202208,2022-08-08,2022,8,23.232061,2022-08-08 07:00:00,20.7572605,23.6212855,middle,linear interpolation (R type 7),False,False
202208,2022-08-09,2022,8,22.592623,2022-08-09 05:00:00,20.7572605,23.6212855,middle,linear interpolation (R type 7),False,False
202208,2022-08-10,2022,8,22.595638,2022-08-10 06:00:00,20.7572605,23.6212855,middle,linear interpolation (R type 7),False,False
202208,2022-08-11,2022,8,23.322613,2022-08-11 07:00:00,20.7572605,23.6212855,middle,linear interpolation (R type 7),False,False
202208,2022-08-12,2022,8,23.786152,2022-08-12 06:00:00,20.7572605,23.6212855,high,linear interpolation (R type 7),False,False
202208,2022-08-13,2022,8,23.728598,2022-08-13 06:00:00,20.7572605,23.6212855,high,linear interpolation (R type 7),False,False
202208,2022-08-14,2022,8,23.464401,2022-08-14 06:00:00,20.7572605,23.6212855,middle,linear interpolation (R type 7),False,False
202208,2022-08-15,2022,8,22.712275,2022-08-15 05:00:00,20.7572605,23.6212855,middle,linear interpolation (R type 7),False,False
202208,2022-08-16,2022,8,22.571716,2022-08-16 06:00:00,20.7572605,23.6212855,middle,linear interpolation (R type 7),False,False
202208,2022-08-17,2022,8,23.290117,2022-08-17 06:00:00,20.7572605,23.6212855,middle,linear interpolation (R type 7),False,False
202208,2022-08-18,2022,8,23.367777,2022-08-18 05:00:00,20.7572605,23.6212855,middle,linear interpolation (R type 7),False,False
202208,2022-08-19,2022,8,22.26744,2022-08-19 05:00:00,20.7572605,23.6212855,middle,linear interpolation (R type 7),False,False
202208,2022-08-20,2022,8,22.400368,2022-08-20 06:00:00,20.7572605,23.6212855,middle,linear interpolation (R type 7),False,False
202208,2022-08-21,2022,8,23.076256,2022-08-21 07:00:00,20.7572605,23.6212855,middle,linear interpolation (R type 7),False,False
202208,2022-08-22,2022,8,21.474403,2022-08-22 06:00:00,20.7572605,23.6212855,middle,linear interpolation (R type 7),False,False
202208,2022-08-23,2022,8,20.603249,2022-08-23 06:00:00,20.7572605,23.6212855,low,linear interpolation (R type 7),False,False
202208,2022-08-24,2022,8,20.911272,2022-08-24 06:00:00,20.7572605,23.6212855,middle,linear interpolation (R type 7),False,False
202208,2022-08-25,2022,8,20.400003,2022-08-25 06:00:00,20.7572605,23.6212855,low,linear interpolation (R type 7),False,False
202208,2022-08-26,2022,8,19.882101,2022-08-26 06:00:00,20.7572605,23.6212855,low,linear interpolation (R type 7),False,False
202208,2022-08-27,2022,8,18.915495,2022-08-27 06:00:00,20.7572605,23.6212855,low,linear interpolation (R type 7),False,False
202208,2022-08-28,2022,8,19.441595,2022-08-28 06:00:00,20.7572605,23.6212855,low,linear interpolation (R type 7),False,False
202208,2022-08-29,2022,8,19.871208,2022-08-29 06:00:00,20.7572605,23.6212855,low,linear interpolation (R type 7),False,False
202208,2022-08-30,2022,8,19.40468,2022-08-30 06:00:00,20.7572605,23.6212855,low,linear interpolation (R type 7),False,False
202208,2022-08-31,2022,8,18.785112,2022-08-31 06:00:00,20.7572605,23.6212855,low,linear interpolation (R type 7),False,False
202306,2023-06-01,2023,6,18.715631,2023-06-01 06:00:00,18.753739,20.699796749999997,low,linear interpolation (R type 7),False,False
202306,2023-06-02,2023,6,18.226185,2023-06-02 06:00:00,18.753739,20.699796749999997,low,linear interpolation (R type 7),False,False
202306,2023-06-03,2023,6,18.206474,2023-06-03 06:00:00,18.753739,20.699796749999997,low,linear interpolation (R type 7),False,False
202306,2023-06-04,2023,6,17.957695,2023-06-04 06:00:00,18.753739,20.699796749999997,low,linear interpolation (R type 7),False,False
202306,2023-06-05,2023,6,17.91882,2023-06-05 06:00:00,18.753739,20.699796749999997,low,linear interpolation (R type 7),False,False
202306,2023-06-06,2023,6,18.416557,2023-06-06 10:00:00,18.753739,20.699796749999997,low,linear interpolation (R type 7),False,False
202306,2023-06-07,2023,6,19.578564,2023-06-07 06:00:00,18.753739,20.699796749999997,middle,linear interpolation (R type 7),False,False
202306,2023-06-08,2023,6,18.600058,2023-06-08 05:00:00,18.753739,20.699796749999997,low,linear interpolation (R type 7),False,False
202306,2023-06-09,2023,6,19.105156,2023-06-09 05:00:00,18.753739,20.699796749999997,middle,linear interpolation (R type 7),False,False
202306,2023-06-10,2023,6,19.01889,2023-06-10 11:00:00,18.753739,20.699796749999997,middle,linear interpolation (R type 7),False,False
202306,2023-06-11,2023,6,19.127344,2023-06-11 11:00:00,18.753739,20.699796749999997,middle,linear interpolation (R type 7),False,False
202306,2023-06-12,2023,6,18.868063,2023-06-12 06:00:00,18.753739,20.699796749999997,middle,linear interpolation (R type 7),False,False
202306,2023-06-13,2023,6,18.713343,2023-06-13 06:00:00,18.753739,20.699796749999997,low,linear interpolation (R type 7),False,False
202306,2023-06-14,2023,6,18.985357,2023-06-14 11:00:00,18.753739,20.699796749999997,middle,linear interpolation (R type 7),False,False
202306,2023-06-15,2023,6,19.373907,2023-06-15 06:00:00,18.753739,20.699796749999997,middle,linear interpolation (R type 7),False,False
202306,2023-06-16,2023,6,19.801228,2023-06-16 07:00:00,18.753739,20.699796749999997,middle,linear interpolation (R type 7),False,False
202306,2023-06-17,2023,6,20.438427,2023-06-17 07:00:00,18.753739,20.699796749999997,middle,linear interpolation (R type 7),False,False
202306,2023-06-18,2023,6,20.807491,2023-06-18 07:00:00,18.753739,20.699796749999997,high,linear interpolation (R type 7),False,False
202306,2023-06-19,2023,6,21.026608,2023-06-19 06:00:00,18.753739,20.699796749999997,high,linear interpolation (R type 7),False,False
202306,2023-06-20,2023,6,20.78692,2023-06-20 06:00:00,18.753739,20.699796749999997,high,linear interpolation (R type 7),False,False
202306,2023-06-21,2023,6,20.429087,2023-06-21 06:00:00,18.753739,20.699796749999997,middle,linear interpolation (R type 7),False,False
202306,2023-06-22,2023,6,20.135511,2023-06-22 03:00:00,18.753739,20.699796749999997,middle,linear interpolation (R type 7),False,False
202306,2023-06-23,2023,6,19.801668,2023-06-23 07:00:00,18.753739,20.699796749999997,middle,linear interpolation (R type 7),False,False
202306,2023-06-24,2023,6,20.091412,2023-06-24 06:00:00,18.753739,20.699796749999997,middle,linear interpolation (R type 7),False,False
202306,2023-06-25,2023,6,20.39126,2023-06-25 07:00:00,18.753739,20.699796749999997,middle,linear interpolation (R type 7),False,False
202306,2023-06-26,2023,6,20.92352,2023-06-26 06:00:00,18.753739,20.699796749999997,high,linear interpolation (R type 7),False,False
202306,2023-06-27,2023,6,21.899958,2023-06-27 06:00:00,18.753739,20.699796749999997,high,linear interpolation (R type 7),False,False
202306,2023-06-28,2023,6,21.945074,2023-06-28 06:00:00,18.753739,20.699796749999997,high,linear interpolation (R type 7),False,False
202306,2023-06-29,2023,6,21.158962,2023-06-29 06:00:00,18.753739,20.699796749999997,high,linear interpolation (R type 7),False,False
202306,2023-06-30,2023,6,21.480581,2023-06-30 10:00:00,18.753739,20.699796749999997,high,linear interpolation (R type 7),False,False
202307,2023-07-01,2023,7,22.254543,2023-07-01 10:00:00,22.063646,23.3460435,middle,linear interpolation (R type 7),False,False
202307,2023-07-02,2023,7,22.995716,2023-07-02 06:00:00,22.063646,23.3460435,middle,linear interpolation (R type 7),False,False
202307,2023-07-03,2023,7,22.348452,2023-07-03 06:00:00,22.063646,23.3460435,middle,linear interpolation (R type 7),False,False
202307,2023-07-04,2023,7,20.70282,2023-07-04 06:00:00,22.063646,23.3460435,low,linear interpolation (R type 7),False,False
202307,2023-07-05,2023,7,21.29014,2023-07-05 10:00:00,22.063646,23.3460435,low,linear interpolation (R type 7),False,False
202307,2023-07-06,2023,7,21.926664,2023-07-06 10:00:00,22.063646,23.3460435,low,linear interpolation (R type 7),False,False
202307,2023-07-07,2023,7,22.307064,2023-07-07 06:00:00,22.063646,23.3460435,middle,linear interpolation (R type 7),False,False
202307,2023-07-08,2023,7,22.446974,2023-07-08 06:00:00,22.063646,23.3460435,middle,linear interpolation (R type 7),False,False
202307,2023-07-09,2023,7,22.554768,2023-07-09 06:00:00,22.063646,23.3460435,middle,linear interpolation (R type 7),False,False
202307,2023-07-10,2023,7,23.257078,2023-07-10 10:00:00,22.063646,23.3460435,middle,linear interpolation (R type 7),False,False
202307,2023-07-11,2023,7,23.812733,2023-07-11 06:00:00,22.063646,23.3460435,high,linear interpolation (R type 7),False,False
202307,2023-07-12,2023,7,23.693083,2023-07-12 06:00:00,22.063646,23.3460435,high,linear interpolation (R type 7),False,False
202307,2023-07-13,2023,7,22.283289,2023-07-13 06:00:00,22.063646,23.3460435,middle,linear interpolation (R type 7),False,False
202307,2023-07-14,2023,7,21.417912,2023-07-14 06:00:00,22.063646,23.3460435,low,linear interpolation (R type 7),False,False
202307,2023-07-15,2023,7,20.844227,2023-07-15 11:00:00,22.063646,23.3460435,low,linear interpolation (R type 7),False,False
202307,2023-07-16,2023,7,20.713602,2023-07-16 06:00:00,22.063646,23.3460435,low,linear interpolation (R type 7),False,False
202307,2023-07-17,2023,7,21.018663,2023-07-17 04:00:00,22.063646,23.3460435,low,linear interpolation (R type 7),False,False
202307,2023-07-18,2023,7,21.589413,2023-07-18 07:00:00,22.063646,23.3460435,low,linear interpolation (R type 7),False,False
202307,2023-07-19,2023,7,22.200628,2023-07-19 07:00:00,22.063646,23.3460435,middle,linear interpolation (R type 7),False,False
202307,2023-07-20,2023,7,22.757912,2023-07-20 06:00:00,22.063646,23.3460435,middle,linear interpolation (R type 7),False,False
202307,2023-07-21,2023,7,22.846502,2023-07-21 06:00:00,22.063646,23.3460435,middle,linear interpolation (R type 7),False,False
202307,2023-07-22,2023,7,22.897697,2023-07-22 06:00:00,22.063646,23.3460435,middle,linear interpolation (R type 7),False,False
202307,2023-07-23,2023,7,23.045876,2023-07-23 06:00:00,22.063646,23.3460435,middle,linear interpolation (R type 7),False,False
202307,2023-07-24,2023,7,23.460543,2023-07-24 06:00:00,22.063646,23.3460435,high,linear interpolation (R type 7),False,False
202307,2023-07-25,2023,7,23.513527,2023-07-25 06:00:00,22.063646,23.3460435,high,linear interpolation (R type 7),False,False
202307,2023-07-26,2023,7,23.435009,2023-07-26 05:00:00,22.063646,23.3460435,high,linear interpolation (R type 7),False,False
202307,2023-07-27,2023,7,23.558777,2023-07-27 06:00:00,22.063646,23.3460435,high,linear interpolation (R type 7),False,False
202307,2023-07-28,2023,7,23.025219,2023-07-28 06:00:00,22.063646,23.3460435,middle,linear interpolation (R type 7),False,False
202307,2023-07-29,2023,7,23.153685,2023-07-29 06:00:00,22.063646,23.3460435,middle,linear interpolation (R type 7),False,False
202307,2023-07-30,2023,7,23.631645,2023-07-30 07:00:00,22.063646,23.3460435,high,linear interpolation (R type 7),False,False
202307,2023-07-31,2023,7,24.08133,2023-07-31 07:00:00,22.063646,23.3460435,high,linear interpolation (R type 7),False,False
202308,2023-08-01,2023,8,24.174957,2023-08-01 06:00:00,20.7004035,23.324599499999998,high,linear interpolation (R type 7),False,False
202308,2023-08-02,2023,8,24.055836,2023-08-02 06:00:00,20.7004035,23.324599499999998,high,linear interpolation (R type 7),False,False
202308,2023-08-03,2023,8,24.161737,2023-08-03 06:00:00,20.7004035,23.324599499999998,high,linear interpolation (R type 7),False,False
202308,2023-08-04,2023,8,24.231956,2023-08-04 07:00:00,20.7004035,23.324599499999998,high,linear interpolation (R type 7),False,False
202308,2023-08-05,2023,8,23.967287,2023-08-05 06:00:00,20.7004035,23.324599499999998,high,linear interpolation (R type 7),False,False
202308,2023-08-06,2023,8,23.309912,2023-08-06 06:00:00,20.7004035,23.324599499999998,middle,linear interpolation (R type 7),False,False
202308,2023-08-07,2023,8,23.109343,2023-08-07 06:00:00,20.7004035,23.324599499999998,middle,linear interpolation (R type 7),False,False
202308,2023-08-08,2023,8,23.339287,2023-08-08 06:00:00,20.7004035,23.324599499999998,high,linear interpolation (R type 7),False,False
202308,2023-08-09,2023,8,23.586216,2023-08-09 06:00:00,20.7004035,23.324599499999998,high,linear interpolation (R type 7),False,False
202308,2023-08-10,2023,8,23.679646,2023-08-10 06:00:00,20.7004035,23.324599499999998,high,linear interpolation (R type 7),False,False
202308,2023-08-11,2023,8,23.199293,2023-08-11 06:00:00,20.7004035,23.324599499999998,middle,linear interpolation (R type 7),False,False
202308,2023-08-12,2023,8,22.794895,2023-08-12 05:00:00,20.7004035,23.324599499999998,middle,linear interpolation (R type 7),False,False
202308,2023-08-13,2023,8,22.663414,2023-08-13 05:00:00,20.7004035,23.324599499999998,middle,linear interpolation (R type 7),False,False
202308,2023-08-14,2023,8,22.715115,2023-08-14 06:00:00,20.7004035,23.324599499999998,middle,linear interpolation (R type 7),False,False
202308,2023-08-15,2023,8,22.87035,2023-08-15 06:00:00,20.7004035,23.324599499999998,middle,linear interpolation (R type 7),False,False
202308,2023-08-16,2023,8,23.090652,2023-08-16 06:00:00,20.7004035,23.324599499999998,middle,linear interpolation (R type 7),False,False
202308,2023-08-17,2023,8,22.72019,2023-08-17 05:00:00,20.7004035,23.324599499999998,middle,linear interpolation (R type 7),False,False
202308,2023-08-18,2023,8,21.99494,2023-08-18 06:00:00,20.7004035,23.324599499999998,middle,linear interpolation (R type 7),False,False
202308,2023-08-19,2023,8,21.86704,2023-08-19 05:00:00,20.7004035,23.324599499999998,middle,linear interpolation (R type 7),False,False
202308,2023-08-20,2023,8,22.317211,2023-08-20 06:00:00,20.7004035,23.324599499999998,middle,linear interpolation (R type 7),False,False
202308,2023-08-21,2023,8,21.693682,2023-08-21 05:00:00,20.7004035,23.324599499999998,middle,linear interpolation (R type 7),False,False
202308,2023-08-22,2023,8,21.169977,2023-08-22 05:00:00,20.7004035,23.324599499999998,middle,linear interpolation (R type 7),False,False
202308,2023-08-23,2023,8,20.826378,2023-08-23 05:00:00,20.7004035,23.324599499999998,middle,linear interpolation (R type 7),False,False
202308,2023-08-24,2023,8,20.538628,2023-08-24 05:00:00,20.7004035,23.324599499999998,low,linear interpolation (R type 7),False,False
202308,2023-08-25,2023,8,20.574429,2023-08-25 05:00:00,20.7004035,23.324599499999998,low,linear interpolation (R type 7),False,False
202308,2023-08-26,2023,8,20.481798,2023-08-26 05:00:00,20.7004035,23.324599499999998,low,linear interpolation (R type 7),False,False
202308,2023-08-27,2023,8,19.936827,2023-08-27 06:00:00,20.7004035,23.324599499999998,low,linear interpolation (R type 7),False,False
202308,2023-08-28,2023,8,19.031845,2023-08-28 07:00:00,20.7004035,23.324599499999998,low,linear interpolation (R type 7),False,False
202308,2023-08-29,2023,8,18.789957,2023-08-29 07:00:00,20.7004035,23.324599499999998,low,linear interpolation (R type 7),False,False
202308,2023-08-30,2023,8,18.980795,2023-08-30 07:00:00,20.7004035,23.324599499999998,low,linear interpolation (R type 7),False,False
202308,2023-08-31,2023,8,19.601952,2023-08-31 06:00:00,20.7004035,23.324599499999998,low,linear interpolation (R type 7),False,False
202406,2024-06-01,2024,6,17.449694,2024-06-01 06:00:00,18.9752015,20.97352625,low,linear interpolation (R type 7),False,False
202406,2024-06-02,2024,6,17.402403,2024-06-02 06:00:00,18.9752015,20.97352625,low,linear interpolation (R type 7),False,False
202406,2024-06-03,2024,6,17.465528,2024-06-03 06:00:00,18.9752015,20.97352625,low,linear interpolation (R type 7),False,False
202406,2024-06-04,2024,6,17.403954,2024-06-04 06:00:00,18.9752015,20.97352625,low,linear interpolation (R type 7),False,False
202406,2024-06-05,2024,6,17.55593,2024-06-05 08:00:00,18.9752015,20.97352625,low,linear interpolation (R type 7),False,False
202406,2024-06-06,2024,6,18.187147,2024-06-06 06:00:00,18.9752015,20.97352625,low,linear interpolation (R type 7),False,False
202406,2024-06-07,2024,6,18.4937,2024-06-07 07:00:00,18.9752015,20.97352625,low,linear interpolation (R type 7),False,False
202406,2024-06-08,2024,6,18.91602,2024-06-08 05:00:00,18.9752015,20.97352625,low,linear interpolation (R type 7),False,False
202406,2024-06-09,2024,6,19.152746,2024-06-09 10:00:00,18.9752015,20.97352625,middle,linear interpolation (R type 7),False,False
202406,2024-06-10,2024,6,19.86359,2024-06-10 05:00:00,18.9752015,20.97352625,middle,linear interpolation (R type 7),False,False
202406,2024-06-11,2024,6,20.594955,2024-06-11 06:00:00,18.9752015,20.97352625,middle,linear interpolation (R type 7),False,False
202406,2024-06-12,2024,6,21.016607,2024-06-12 06:00:00,18.9752015,20.97352625,high,linear interpolation (R type 7),False,False
202406,2024-06-13,2024,6,21.39543,2024-06-13 05:00:00,18.9752015,20.97352625,high,linear interpolation (R type 7),False,False
202406,2024-06-14,2024,6,20.681982,2024-06-14 06:00:00,18.9752015,20.97352625,middle,linear interpolation (R type 7),False,False
202406,2024-06-15,2024,6,20.284294,2024-06-15 07:00:00,18.9752015,20.97352625,middle,linear interpolation (R type 7),False,False
202406,2024-06-16,2024,6,20.522985,2024-06-16 06:00:00,18.9752015,20.97352625,middle,linear interpolation (R type 7),False,False
202406,2024-06-17,2024,6,20.270658,2024-06-17 06:00:00,18.9752015,20.97352625,middle,linear interpolation (R type 7),False,False
202406,2024-06-18,2024,6,20.844284,2024-06-18 05:00:00,18.9752015,20.97352625,middle,linear interpolation (R type 7),False,False
202406,2024-06-19,2024,6,21.378597,2024-06-19 06:00:00,18.9752015,20.97352625,high,linear interpolation (R type 7),False,False
202406,2024-06-20,2024,6,21.854708,2024-06-20 06:00:00,18.9752015,20.97352625,high,linear interpolation (R type 7),False,False
202406,2024-06-21,2024,6,21.69223,2024-06-21 06:00:00,18.9752015,20.97352625,high,linear interpolation (R type 7),False,False
202406,2024-06-22,2024,6,20.36265,2024-06-22 06:00:00,18.9752015,20.97352625,middle,linear interpolation (R type 7),False,False
202406,2024-06-23,2024,6,19.906052,2024-06-23 06:00:00,18.9752015,20.97352625,middle,linear interpolation (R type 7),False,False
202406,2024-06-24,2024,6,19.26175,2024-06-24 06:00:00,18.9752015,20.97352625,middle,linear interpolation (R type 7),False,False
202406,2024-06-25,2024,6,19.258684,2024-06-25 07:00:00,18.9752015,20.97352625,middle,linear interpolation (R type 7),False,False
202406,2024-06-26,2024,6,20.043476,2024-06-26 06:00:00,18.9752015,20.97352625,middle,linear interpolation (R type 7),False,False
202406,2024-06-27,2024,6,20.706686,2024-06-27 06:00:00,18.9752015,20.97352625,middle,linear interpolation (R type 7),False,False
202406,2024-06-28,2024,6,21.307985,2024-06-28 06:00:00,18.9752015,20.97352625,high,linear interpolation (R type 7),False,False
202406,2024-06-29,2024,6,21.573725,2024-06-29 07:00:00,18.9752015,20.97352625,high,linear interpolation (R type 7),False,False
202406,2024-06-30,2024,6,21.686146,2024-06-30 06:00:00,18.9752015,20.97352625,high,linear interpolation (R type 7),False,False
202407,2024-07-01,2024,7,21.375687,2024-07-01 06:00:00,22.539074499999998,23.4039155,low,linear interpolation (R type 7),False,False
202407,2024-07-02,2024,7,20.650707,2024-07-02 06:00:00,22.539074499999998,23.4039155,low,linear interpolation (R type 7),False,False
202407,2024-07-03,2024,7,21.617996,2024-07-03 06:00:00,22.539074499999998,23.4039155,low,linear interpolation (R type 7),False,False
202407,2024-07-04,2024,7,21.894173,2024-07-04 06:00:00,22.539074499999998,23.4039155,low,linear interpolation (R type 7),False,False
202407,2024-07-05,2024,7,22.331564,2024-07-05 06:00:00,22.539074499999998,23.4039155,low,linear interpolation (R type 7),False,False
202407,2024-07-06,2024,7,22.470629,2024-07-06 10:00:00,22.539074499999998,23.4039155,low,linear interpolation (R type 7),False,False
202407,2024-07-07,2024,7,22.914959,2024-07-07 08:00:00,22.539074499999998,23.4039155,middle,linear interpolation (R type 7),False,False
202407,2024-07-08,2024,7,22.744707,2024-07-08 06:00:00,22.539074499999998,23.4039155,middle,linear interpolation (R type 7),False,False
202407,2024-07-09,2024,7,22.452614,2024-07-09 06:00:00,22.539074499999998,23.4039155,low,linear interpolation (R type 7),False,False
202407,2024-07-10,2024,7,22.36468,2024-07-10 07:00:00,22.539074499999998,23.4039155,low,linear interpolation (R type 7),False,False
202407,2024-07-11,2024,7,22.60752,2024-07-11 10:00:00,22.539074499999998,23.4039155,middle,linear interpolation (R type 7),False,False
202407,2024-07-12,2024,7,22.953625,2024-07-12 06:00:00,22.539074499999998,23.4039155,middle,linear interpolation (R type 7),False,False
202407,2024-07-13,2024,7,22.918373,2024-07-13 06:00:00,22.539074499999998,23.4039155,middle,linear interpolation (R type 7),False,False
202407,2024-07-14,2024,7,22.883028,2024-07-14 07:00:00,22.539074499999998,23.4039155,middle,linear interpolation (R type 7),False,False
202407,2024-07-15,2024,7,23.37027,2024-07-15 07:00:00,22.539074499999998,23.4039155,middle,linear interpolation (R type 7),False,False
202407,2024-07-16,2024,7,23.170507,2024-07-16 06:00:00,22.539074499999998,23.4039155,middle,linear interpolation (R type 7),False,False
202407,2024-07-17,2024,7,22.749279,2024-07-17 06:00:00,22.539074499999998,23.4039155,middle,linear interpolation (R type 7),False,False
202407,2024-07-18,2024,7,22.657293,2024-07-18 10:00:00,22.539074499999998,23.4039155,middle,linear interpolation (R type 7),False,False
202407,2024-07-19,2024,7,23.406189,2024-07-19 07:00:00,22.539074499999998,23.4039155,high,linear interpolation (R type 7),False,False
202407,2024-07-20,2024,7,23.65297,2024-07-20 06:00:00,22.539074499999998,23.4039155,high,linear interpolation (R type 7),False,False
202407,2024-07-21,2024,7,24.213219,2024-07-21 06:00:00,22.539074499999998,23.4039155,high,linear interpolation (R type 7),False,False
202407,2024-07-22,2024,7,24.066206,2024-07-22 06:00:00,22.539074499999998,23.4039155,high,linear interpolation (R type 7),False,False
202407,2024-07-23,2024,7,23.999783,2024-07-23 10:00:00,22.539074499999998,23.4039155,high,linear interpolation (R type 7),False,False
202407,2024-07-24,2024,7,23.824814,2024-07-24 05:00:00,22.539074499999998,23.4039155,high,linear interpolation (R type 7),False,False
202407,2024-07-25,2024,7,23.396204,2024-07-25 06:00:00,22.539074499999998,23.4039155,middle,linear interpolation (R type 7),False,False
202407,2024-07-26,2024,7,23.38943,2024-07-26 11:00:00,22.539074499999998,23.4039155,middle,linear interpolation (R type 7),False,False
202407,2024-07-27,2024,7,23.665937,2024-07-27 06:00:00,22.539074499999998,23.4039155,high,linear interpolation (R type 7),False,False
202407,2024-07-28,2024,7,23.401642,2024-07-28 06:00:00,22.539074499999998,23.4039155,middle,linear interpolation (R type 7),False,False
202407,2024-07-29,2024,7,23.276814,2024-07-29 06:00:00,22.539074499999998,23.4039155,middle,linear interpolation (R type 7),False,False
202407,2024-07-30,2024,7,23.3435,2024-07-30 07:00:00,22.539074499999998,23.4039155,middle,linear interpolation (R type 7),False,False
202407,2024-07-31,2024,7,23.636757,2024-07-31 06:00:00,22.539074499999998,23.4039155,high,linear interpolation (R type 7),False,False
202408,2024-08-01,2024,8,23.86889,2024-08-01 06:00:00,22.7069315,23.8754,middle,linear interpolation (R type 7),False,False
202408,2024-08-02,2024,8,24.056547,2024-08-02 06:00:00,22.7069315,23.8754,high,linear interpolation (R type 7),False,False
202408,2024-08-03,2024,8,24.14089,2024-08-03 06:00:00,22.7069315,23.8754,high,linear interpolation (R type 7),False,False
202408,2024-08-04,2024,8,24.00328,2024-08-04 07:00:00,22.7069315,23.8754,high,linear interpolation (R type 7),False,False
202408,2024-08-05,2024,8,23.88191,2024-08-05 05:00:00,22.7069315,23.8754,high,linear interpolation (R type 7),False,False
202408,2024-08-06,2024,8,23.911257,2024-08-06 06:00:00,22.7069315,23.8754,high,linear interpolation (R type 7),False,False
202408,2024-08-07,2024,8,24.020475,2024-08-07 06:00:00,22.7069315,23.8754,high,linear interpolation (R type 7),False,False
202408,2024-08-08,2024,8,24.282866,2024-08-08 10:00:00,22.7069315,23.8754,high,linear interpolation (R type 7),False,False
202408,2024-08-09,2024,8,23.635242,2024-08-09 10:00:00,22.7069315,23.8754,middle,linear interpolation (R type 7),False,False
202408,2024-08-10,2024,8,23.132917,2024-08-10 06:00:00,22.7069315,23.8754,middle,linear interpolation (R type 7),False,False
202408,2024-08-11,2024,8,22.576588,2024-08-11 11:00:00,22.7069315,23.8754,low,linear interpolation (R type 7),False,False
202408,2024-08-12,2024,8,22.593964,2024-08-12 05:00:00,22.7069315,23.8754,low,linear interpolation (R type 7),False,False
202408,2024-08-13,2024,8,22.572348,2024-08-13 07:00:00,22.7069315,23.8754,low,linear interpolation (R type 7),False,False
202408,2024-08-14,2024,8,22.637833,2024-08-14 06:00:00,22.7069315,23.8754,low,linear interpolation (R type 7),False,False
202408,2024-08-15,2024,8,22.77603,2024-08-15 06:00:00,22.7069315,23.8754,middle,linear interpolation (R type 7),False,False
202408,2024-08-16,2024,8,22.976463,2024-08-16 06:00:00,22.7069315,23.8754,middle,linear interpolation (R type 7),False,False
202408,2024-08-17,2024,8,23.128489,2024-08-17 06:00:00,22.7069315,23.8754,middle,linear interpolation (R type 7),False,False
202408,2024-08-18,2024,8,22.94335,2024-08-18 06:00:00,22.7069315,23.8754,middle,linear interpolation (R type 7),False,False
202408,2024-08-19,2024,8,22.920725,2024-08-19 06:00:00,22.7069315,23.8754,middle,linear interpolation (R type 7),False,False
202408,2024-08-20,2024,8,22.863184,2024-08-20 06:00:00,22.7069315,23.8754,middle,linear interpolation (R type 7),False,False
202408,2024-08-21,2024,8,22.887459,2024-08-21 06:00:00,22.7069315,23.8754,middle,linear interpolation (R type 7),False,False
202408,2024-08-22,2024,8,23.178885,2024-08-22 07:00:00,22.7069315,23.8754,middle,linear interpolation (R type 7),False,False
202408,2024-08-23,2024,8,23.67945,2024-08-23 06:00:00,22.7069315,23.8754,middle,linear interpolation (R type 7),False,False
202408,2024-08-24,2024,8,23.994968,2024-08-24 06:00:00,22.7069315,23.8754,high,linear interpolation (R type 7),False,False
202408,2024-08-25,2024,8,23.352777,2024-08-25 05:00:00,22.7069315,23.8754,middle,linear interpolation (R type 7),False,False
202408,2024-08-26,2024,8,22.40783,2024-08-26 06:00:00,22.7069315,23.8754,low,linear interpolation (R type 7),False,False
202408,2024-08-27,2024,8,21.642593,2024-08-27 06:00:00,22.7069315,23.8754,low,linear interpolation (R type 7),False,False
202408,2024-08-28,2024,8,21.79422,2024-08-28 06:00:00,22.7069315,23.8754,low,linear interpolation (R type 7),False,False
202408,2024-08-29,2024,8,22.580296,2024-08-29 06:00:00,22.7069315,23.8754,low,linear interpolation (R type 7),False,False
202408,2024-08-30,2024,8,23.288023,2024-08-30 06:00:00,22.7069315,23.8754,middle,linear interpolation (R type 7),False,False
202408,2024-08-31,2024,8,23.453661,2024-08-31 06:00:00,22.7069315,23.8754,middle,linear interpolation (R type 7),False,False
202506,2025-06-01,2025,6,18.26492,2025-06-01 05:00:00,19.6039255,20.968163,low,linear interpolation (R type 7),False,False
202506,2025-06-02,2025,6,16.646225,2025-06-02 05:00:00,19.6039255,20.968163,low,linear interpolation (R type 7),False,False
202506,2025-06-03,2025,6,16.370358,2025-06-03 11:00:00,19.6039255,20.968163,low,linear interpolation (R type 7),False,False
202506,2025-06-04,2025,6,17.924986,2025-06-04 11:00:00,19.6039255,20.968163,low,linear interpolation (R type 7),False,False
202506,2025-06-05,2025,6,19.103415,2025-06-05 10:00:00,19.6039255,20.968163,low,linear interpolation (R type 7),False,False
202506,2025-06-06,2025,6,20.23902,2025-06-06 06:00:00,19.6039255,20.968163,middle,linear interpolation (R type 7),False,False
202506,2025-06-07,2025,6,20.334564,2025-06-07 06:00:00,19.6039255,20.968163,middle,linear interpolation (R type 7),False,False
202506,2025-06-08,2025,6,20.036602,2025-06-08 05:00:00,19.6039255,20.968163,middle,linear interpolation (R type 7),False,False
202506,2025-06-09,2025,6,19.71844,2025-06-09 05:00:00,19.6039255,20.968163,middle,linear interpolation (R type 7),False,False
202506,2025-06-10,2025,6,18.811552,2025-06-10 06:00:00,19.6039255,20.968163,low,linear interpolation (R type 7),False,False
202506,2025-06-11,2025,6,19.6831,2025-06-11 07:00:00,19.6039255,20.968163,middle,linear interpolation (R type 7),False,False
202506,2025-06-12,2025,6,20.3691,2025-06-12 07:00:00,19.6039255,20.968163,middle,linear interpolation (R type 7),False,False
202506,2025-06-13,2025,6,21.118189,2025-06-13 06:00:00,19.6039255,20.968163,high,linear interpolation (R type 7),False,False
202506,2025-06-14,2025,6,20.775589,2025-06-14 05:00:00,19.6039255,20.968163,middle,linear interpolation (R type 7),False,False
202506,2025-06-15,2025,6,18.61515,2025-06-15 07:00:00,19.6039255,20.968163,low,linear interpolation (R type 7),False,False
202506,2025-06-16,2025,6,19.577534,2025-06-16 11:00:00,19.6039255,20.968163,low,linear interpolation (R type 7),False,False
202506,2025-06-17,2025,6,20.96354,2025-06-17 06:00:00,19.6039255,20.968163,middle,linear interpolation (R type 7),False,False
202506,2025-06-18,2025,6,22.001842,2025-06-18 06:00:00,19.6039255,20.968163,high,linear interpolation (R type 7),False,False
202506,2025-06-19,2025,6,21.58574,2025-06-19 06:00:00,19.6039255,20.968163,high,linear interpolation (R type 7),False,False
202506,2025-06-20,2025,6,20.54575,2025-06-20 07:00:00,19.6039255,20.968163,middle,linear interpolation (R type 7),False,False
202506,2025-06-21,2025,6,19.981968,2025-06-21 04:00:00,19.6039255,20.968163,middle,linear interpolation (R type 7),False,False
202506,2025-06-22,2025,6,20.119864,2025-06-22 06:00:00,19.6039255,20.968163,middle,linear interpolation (R type 7),False,False
202506,2025-06-23,2025,6,20.346762,2025-06-23 06:00:00,19.6039255,20.968163,middle,linear interpolation (R type 7),False,False
202506,2025-06-24,2025,6,20.462833,2025-06-24 06:00:00,19.6039255,20.968163,middle,linear interpolation (R type 7),False,False
202506,2025-06-25,2025,6,20.707582,2025-06-25 06:00:00,19.6039255,20.968163,middle,linear interpolation (R type 7),False,False
202506,2025-06-26,2025,6,20.969704,2025-06-26 07:00:00,19.6039255,20.968163,high,linear interpolation (R type 7),False,False
202506,2025-06-27,2025,6,21.510445,2025-06-27 07:00:00,19.6039255,20.968163,high,linear interpolation (R type 7),False,False
202506,2025-06-28,2025,6,22.261961,2025-06-28 06:00:00,19.6039255,20.968163,high,linear interpolation (R type 7),False,False
202506,2025-06-29,2025,6,22.406548,2025-06-29 06:00:00,19.6039255,20.968163,high,linear interpolation (R type 7),False,False
202506,2025-06-30,2025,6,22.534508,2025-06-30 06:00:00,19.6039255,20.968163,high,linear interpolation (R type 7),False,False
202507,2025-07-01,2025,7,22.81863,2025-07-01 06:00:00,23.255963,23.743907,low,linear interpolation (R type 7),False,False
202507,2025-07-02,2025,7,23.46747,2025-07-02 10:00:00,23.255963,23.743907,middle,linear interpolation (R type 7),False,False
202507,2025-07-03,2025,7,23.626076,2025-07-03 11:00:00,23.255963,23.743907,middle,linear interpolation (R type 7),False,False
202507,2025-07-04,2025,7,23.576527,2025-07-04 05:00:00,23.255963,23.743907,middle,linear interpolation (R type 7),False,False
202507,2025-07-05,2025,7,22.743874,2025-07-05 11:00:00,23.255963,23.743907,low,linear interpolation (R type 7),False,False
202507,2025-07-06,2025,7,22.893332,2025-07-06 11:00:00,23.255963,23.743907,low,linear interpolation (R type 7),False,False
202507,2025-07-07,2025,7,23.478762,2025-07-07 06:00:00,23.255963,23.743907,middle,linear interpolation (R type 7),False,False
202507,2025-07-08,2025,7,23.76444,2025-07-08 06:00:00,23.255963,23.743907,high,linear interpolation (R type 7),False,False
202507,2025-07-09,2025,7,23.610577,2025-07-09 06:00:00,23.255963,23.743907,middle,linear interpolation (R type 7),False,False
202507,2025-07-10,2025,7,23.596373,2025-07-10 06:00:00,23.255963,23.743907,middle,linear interpolation (R type 7),False,False
202507,2025-07-11,2025,7,23.47367,2025-07-11 06:00:00,23.255963,23.743907,middle,linear interpolation (R type 7),False,False
202507,2025-07-12,2025,7,23.526348,2025-07-12 06:00:00,23.255963,23.743907,middle,linear interpolation (R type 7),False,False
202507,2025-07-13,2025,7,23.256868,2025-07-13 06:00:00,23.255963,23.743907,middle,linear interpolation (R type 7),False,False
202507,2025-07-14,2025,7,23.397495,2025-07-14 11:00:00,23.255963,23.743907,middle,linear interpolation (R type 7),False,False
202507,2025-07-15,2025,7,23.78502,2025-07-15 11:00:00,23.255963,23.743907,high,linear interpolation (R type 7),False,False
202507,2025-07-16,2025,7,23.676626,2025-07-16 06:00:00,23.255963,23.743907,middle,linear interpolation (R type 7),False,False
202507,2025-07-17,2025,7,23.736582,2025-07-17 11:00:00,23.255963,23.743907,middle,linear interpolation (R type 7),False,False
202507,2025-07-18,2025,7,23.751232,2025-07-18 07:00:00,23.255963,23.743907,high,linear interpolation (R type 7),False,False
202507,2025-07-19,2025,7,23.478245,2025-07-19 06:00:00,23.255963,23.743907,middle,linear interpolation (R type 7),False,False
202507,2025-07-20,2025,7,22.738289,2025-07-20 06:00:00,23.255963,23.743907,low,linear interpolation (R type 7),False,False
202507,2025-07-21,2025,7,22.740253,2025-07-21 07:00:00,23.255963,23.743907,low,linear interpolation (R type 7),False,False
202507,2025-07-22,2025,7,23.255058,2025-07-22 06:00:00,23.255963,23.743907,low,linear interpolation (R type 7),False,False
202507,2025-07-23,2025,7,23.628792,2025-07-23 07:00:00,23.255963,23.743907,middle,linear interpolation (R type 7),False,False
202507,2025-07-24,2025,7,23.896093,2025-07-24 06:00:00,23.255963,23.743907,high,linear interpolation (R type 7),False,False
202507,2025-07-25,2025,7,24.12631,2025-07-25 06:00:00,23.255963,23.743907,high,linear interpolation (R type 7),False,False
202507,2025-07-26,2025,7,24.188444,2025-07-26 07:00:00,23.255963,23.743907,high,linear interpolation (R type 7),False,False
202507,2025-07-27,2025,7,24.216066,2025-07-27 06:00:00,23.255963,23.743907,high,linear interpolation (R type 7),False,False
202507,2025-07-28,2025,7,24.272326,2025-07-28 06:00:00,23.255963,23.743907,high,linear interpolation (R type 7),False,False
202507,2025-07-29,2025,7,23.663141,2025-07-29 05:00:00,23.255963,23.743907,middle,linear interpolation (R type 7),False,False
202507,2025-07-30,2025,7,23.028599,2025-07-30 07:00:00,23.255963,23.743907,low,linear interpolation (R type 7),False,False
202507,2025-07-31,2025,7,23.098589,2025-07-31 07:00:00,23.255963,23.743907,low,linear interpolation (R type 7),False,False
202508,2025-08-01,2025,8,23.502275,2025-08-01 06:00:00,22.104442,23.492319000000002,high,linear interpolation (R type 7),False,False
202508,2025-08-02,2025,8,24.24634,2025-08-02 06:00:00,22.104442,23.492319000000002,high,linear interpolation (R type 7),False,False
202508,2025-08-03,2025,8,24.524824,2025-08-03 07:00:00,22.104442,23.492319000000002,high,linear interpolation (R type 7),False,False
202508,2025-08-04,2025,8,24.29746,2025-08-04 07:00:00,22.104442,23.492319000000002,high,linear interpolation (R type 7),False,False
202508,2025-08-05,2025,8,24.011793,2025-08-05 07:00:00,22.104442,23.492319000000002,high,linear interpolation (R type 7),False,False
202508,2025-08-06,2025,8,23.814445,2025-08-06 06:00:00,22.104442,23.492319000000002,high,linear interpolation (R type 7),False,False
202508,2025-08-07,2025,8,23.541952,2025-08-07 06:00:00,22.104442,23.492319000000002,high,linear interpolation (R type 7),False,False
202508,2025-08-08,2025,8,23.44396,2025-08-08 07:00:00,22.104442,23.492319000000002,middle,linear interpolation (R type 7),False,False
202508,2025-08-09,2025,8,23.000237,2025-08-09 10:00:00,22.104442,23.492319000000002,middle,linear interpolation (R type 7),False,False
202508,2025-08-10,2025,8,22.645378,2025-08-10 05:00:00,22.104442,23.492319000000002,middle,linear interpolation (R type 7),False,False
202508,2025-08-11,2025,8,22.360367,2025-08-11 05:00:00,22.104442,23.492319000000002,middle,linear interpolation (R type 7),False,False
202508,2025-08-12,2025,8,22.179142,2025-08-12 06:00:00,22.104442,23.492319000000002,middle,linear interpolation (R type 7),False,False
202508,2025-08-13,2025,8,22.001701,2025-08-13 06:00:00,22.104442,23.492319000000002,low,linear interpolation (R type 7),False,False
202508,2025-08-14,2025,8,22.756002,2025-08-14 06:00:00,22.104442,23.492319000000002,middle,linear interpolation (R type 7),False,False
202508,2025-08-15,2025,8,23.029291,2025-08-15 06:00:00,22.104442,23.492319000000002,middle,linear interpolation (R type 7),False,False
202508,2025-08-16,2025,8,23.21287,2025-08-16 06:00:00,22.104442,23.492319000000002,middle,linear interpolation (R type 7),False,False
202508,2025-08-17,2025,8,23.204464,2025-08-17 06:00:00,22.104442,23.492319000000002,middle,linear interpolation (R type 7),False,False
202508,2025-08-18,2025,8,23.552912,2025-08-18 06:00:00,22.104442,23.492319000000002,high,linear interpolation (R type 7),False,False
202508,2025-08-19,2025,8,23.482363,2025-08-19 06:00:00,22.104442,23.492319000000002,middle,linear interpolation (R type 7),False,False
202508,2025-08-20,2025,8,23.411406,2025-08-20 06:00:00,22.104442,23.492319000000002,middle,linear interpolation (R type 7),False,False
202508,2025-08-21,2025,8,22.69921,2025-08-21 06:00:00,22.104442,23.492319000000002,middle,linear interpolation (R type 7),False,False
202508,2025-08-22,2025,8,22.122025,2025-08-22 10:00:00,22.104442,23.492319000000002,middle,linear interpolation (R type 7),False,False
202508,2025-08-23,2025,8,22.078333,2025-08-23 06:00:00,22.104442,23.492319000000002,low,linear interpolation (R type 7),False,False
202508,2025-08-24,2025,8,22.086859,2025-08-24 06:00:00,22.104442,23.492319000000002,low,linear interpolation (R type 7),False,False
202508,2025-08-25,2025,8,22.165062,2025-08-25 06:00:00,22.104442,23.492319000000002,middle,linear interpolation (R type 7),False,False
202508,2025-08-26,2025,8,22.253033,2025-08-26 06:00:00,22.104442,23.492319000000002,middle,linear interpolation (R type 7),False,False
202508,2025-08-27,2025,8,22.071672,2025-08-27 06:00:00,22.104442,23.492319000000002,low,linear interpolation (R type 7),False,False
202508,2025-08-28,2025,8,21.69555,2025-08-28 05:00:00,22.104442,23.492319000000002,low,linear interpolation (R type 7),False,False
202508,2025-08-29,2025,8,21.402933,2025-08-29 06:00:00,22.104442,23.492319000000002,low,linear interpolation (R type 7),False,False
202508,2025-08-30,2025,8,21.431574,2025-08-30 06:00:00,22.104442,23.492319000000002,low,linear interpolation (R type 7),False,False
202508,2025-08-31,2025,8,21.335884,2025-08-31 06:00:00,22.104442,23.492319000000002,low,linear interpolation (R type 7),False,False
