method,outcome,subset,threshold_c,mae,bias
graph,A,all,9.5,0.0011964305520627853,-0.00014035354024320595
graph,A,all,9.75,0.001349122541940368,-0.00017042020082314567
graph,A,all,10.0,0.0015007619662284455,-0.00019482924408035005
graph,A,all,10.25,0.0016676533012274768,-0.00020473734390437446
graph,A,all,10.5,0.0018015225417199418,-0.00020543914390685607
graph,A,all,10.75,0.001996749283032608,-0.00020566432135489768
graph,A,all,11.0,0.0022280281488006857,-0.00019758450770275549
graph,A,all,11.25,0.002498208157051102,-0.00020839374575261198
graph,A,all,11.5,0.002604690834005046,-0.00018579470076787947
graph,A,all,11.75,0.002850161672437783,-0.0001476174216482641
graph,A,all,12.0,0.0031268363048314813,-0.00014906274025608472
graph,A,all,12.25,0.0034441346238795042,-0.00017561005458167244
graph,A,all,12.5,0.003903240626776262,-0.00017761946488856426
graph,A,all,12.75,0.004175571257976595,-0.00015534236249029103
graph,A,all,13.0,0.004478037051331869,-0.0001465453257200673
graph,A,all,13.25,0.004684067457817356,-0.0001673017079737022
graph,A,all,13.5,0.0049634220834691815,-0.00015256218347522795
graph,A,all,13.75,0.005204998258540139,-0.00015284131416685399
graph,A,all,14.0,0.005545065323964203,-0.0001267914506834084
graph,A,all,14.25,0.005915158741502439,-0.00011517725425471587
graph,A,all,14.5,0.0061881762781955596,-8.746323354708366e-05
graph,A,all,14.75,0.006532663609815438,-5.4092110319410064e-05
graph,A,all,15.0,0.00673880321212978,-8.29989015378522e-06
graph,A,all,15.25,0.007065347042654955,-3.961773157483904e-06
graph,A,all,15.5,0.007367159451108225,8.769519434081766e-06
graph,A,all,15.75,0.007509631204694889,-2.6989838580993608e-06
graph,A,all,16.0,0.007693695365029093,-3.412833400348222e-06
graph,A,all,16.25,0.00801202649111696,-3.8021268036860144e-05
graph,A,all,16.5,0.008181028685649676,-4.343560026973425e-05
graph,A,all,16.75,0.008476525796238539,-2.56825448873097e-05
graph,A,all,17.0,0.008808221861636668,-4.973818447861435e-05
graph,A,all,17.25,0.008987913480460828,-4.6947654011870223e-05
graph,A,all,17.5,0.009096367479434413,-2.8974885408998764e-05
graph,A,all,17.75,0.009356061637389147,-4.4264050974990086e-05
graph,A,all,18.0,0.009484670032214502,-1.922518411412955e-05
graph,A,all,18.25,0.009510221055927352,-2.7157460679277187e-05
graph,A,all,18.5,0.009619232632840369,-5.905562948314909e-05
graph,A,all,18.75,0.009948774393249813,-2.2520249354725915e-05
graph,A,all,19.0,0.010257465792072913,-3.499915810334254e-05
graph,A,all,19.25,0.010410956883751933,-6.637720733942934e-05
graph,A,all,19.5,0.01073575934040907,-9.492458880953772e-05
graph,A,all,19.75,0.010641727640855626,-9.13931757239297e-05
graph,A,all,20.0,0.01083524428729046,-0.00010455314999868041
graph,A,all,20.25,0.011353803879639579,-8.75592589970408e-05
graph,A,all,20.5,0.011623481591168217,-0.0001029816734927779
graph,A,all,20.75,0.011719988673647696,-7.296514019848641e-05
graph,A,all,21.0,0.01172944723619469,-7.196377858811189e-05
graph,A,all,21.25,0.011999050428460528,-9.008040345343469e-05
graph,A,all,21.5,0.012189500347435399,-0.00014145546613650485
graph,A,all,21.75,0.011926727128604125,-0.00011307110990236502
graph,A,all,22.0,0.012071346498483432,-9.926350649184265e-05
graph,A,all,22.25,0.012110216686913061,-9.665741678430856e-05
graph,A,all,22.5,0.01225434563907967,-0.0001202992539520028
graph,A,all,22.75,0.01252303447417014,-0.0001208506363770048
graph,A,all,23.0,0.012201635068781202,-8.355558789754116e-05
graph,A,all,23.25,0.012170976643981627,-5.961228712817239e-05
graph,A,all,23.5,0.012388682821614119,-4.479272988242273e-05
graph,A,all,23.75,0.012575174913341376,-6.989085664912667e-05
graph,A,all,24.0,0.012750082091379148,-9.102638331830547e-05
graph,A,all,24.25,0.012686043063530609,-6.610430397617789e-05
graph,A,all,24.5,0.012785249547721061,-2.5078344221328385e-05
graph,A,all,24.75,0.012634631458080034,1.5590403252909375e-05
graph,A,all,25.0,0.012895016006757501,8.57585943405996e-06
graph,A,all,25.25,0.01309946371057213,7.4898947664752735e-06
graph,A,all,25.5,0.012903599089786293,8.102127314102188e-05
graph,A,all,25.75,0.01274162387595917,0.0001472198895551799
graph,A,all,26.0,0.01212783903712739,0.00018992773446801348
graph,A,all,26.25,0.011304602844202209,0.0001810801525990978
graph,A,all,26.5,0.010592945276783977,0.0002169570005441386
graph,A,all,26.75,0.010004276130803113,0.00019006347010516497
graph,A,all,27.0,0.008890354799015026,0.00021615188825550028
graph,A,all,27.25,0.007821288679385138,0.00021026945829797185
graph,A,all,27.5,0.00653122640862379,0.00018438683252849951
graph,A,all,27.75,0.005279345966706997,0.00018212743607568202
graph,A,all,28.0,0.004104417128226658,0.00020356018097013017
graph,A,all,28.25,0.003081748866514197,0.00018231992023742835
graph,A,all,28.5,0.0020111248356000557,0.0001676929099841531
graph,A,high,9.5,0.0003890435415649964,-0.00010300466788012645
graph,A,high,9.75,0.0004324869335043712,-0.00014467351292479457
graph,A,high,10.0,0.0005028495810355573,-0.00013452294820498465
graph,A,high,10.25,0.0006227119830697431,-0.0001661296930325616
graph,A,high,10.5,0.0007159958496015464,-0.00016232975038360043
graph,A,high,10.75,0.0008169402876655015,-0.0001786844827756188
graph,A,high,11.0,0.0009055201409514157,-0.00021036331494689393
graph,A,high,11.25,0.001083752724135014,-0.00014984284425679178
graph,A,high,11.5,0.001243128959054593,-5.061471486289113e-05
graph,A,high,11.75,0.0014372913123511923,-3.1254635623483476e-05
graph,A,high,12.0,0.0016223185041175834,-0.0001372262516552261
graph,A,high,12.25,0.0018383267855117834,-0.00020919718929876137
graph,A,high,12.5,0.002157706929213547,-0.00022265664502030562
graph,A,high,12.75,0.0024981789595861655,-0.00022297659144113275
graph,A,high,13.0,0.002668438176069328,-0.0002601942919666637
graph,A,high,13.25,0.0029318721709362997,-0.00024369258606999673
graph,A,high,13.5,0.003077879503505721,-0.00015117389765173167
graph,A,high,13.75,0.003480957231399698,-3.26298684565346e-05
graph,A,high,14.0,0.0037800361404619056,0.0003098997652099529
graph,A,high,14.25,0.004064878251862761,0.000300078284027868
graph,A,high,14.5,0.004423865984427664,0.00035821794506530523
graph,A,high,14.75,0.004742817455765119,0.00019932916348751217
graph,A,high,15.0,0.004751277975110392,0.0001619637137436807
graph,A,high,15.25,0.0050065825263257615,0.0001757397229941039
graph,A,high,15.5,0.005474846171102182,3.2677693322191114e-05
graph,A,high,15.75,0.005850039604205345,4.234600830911527e-05
graph,A,high,16.0,0.005894448716682152,-0.0002637858872960224
graph,A,high,16.25,0.00617636156567824,-0.0003272397179398976
graph,A,high,16.5,0.006308356203829286,-0.0006409405615754828
graph,A,high,16.75,0.0065192509503741915,-0.0005825959291008912
graph,A,high,17.0,0.006753276240151082,-0.0007538962119016488
graph,A,high,17.25,0.0071841968433886795,-0.0005535825604424048
graph,A,high,17.5,0.007392554616077813,-0.0006138701567365008
graph,A,high,17.75,0.0077398836479310555,-0.0007963150053818263
graph,A,high,18.0,0.007746096879850676,-0.000706618217201894
graph,A,high,18.25,0.007812971801440667,-0.00042817404003685753
graph,A,high,18.5,0.008109865909935211,-0.0005899582212173823
graph,A,high,18.75,0.008447417216650736,-0.0005901960102998829
graph,A,high,19.0,0.008689354859497749,-0.0003750926930646131
graph,A,high,19.25,0.008878076662592077,-0.00016421981874969243
graph,A,high,19.5,0.00914290208854214,-0.0005917018468453005
graph,A,high,19.75,0.00931392120088472,-0.0006307031287538353
graph,A,high,20.0,0.009312910763487722,-0.0008858852146657372
graph,A,high,20.25,0.00943659432810407,-0.0011106932215026748
graph,A,high,20.5,0.010090154742582307,-0.0011545173145005201
graph,A,high,20.75,0.010306231455605126,-0.00114129260256022
graph,A,high,21.0,0.010702311837635429,-0.0010839012013288435
graph,A,high,21.25,0.010645644511097322,-0.0008661576093867436
graph,A,high,21.5,0.010639094652218913,-0.0010458022557173433
graph,A,high,21.75,0.01049434720525082,-0.0009032129483243068
graph,A,high,22.0,0.010963918920905046,-0.0011526899131473133
graph,A,high,22.25,0.011155749722209863,-0.0010192688083376577
graph,A,high,22.5,0.011400914001983856,-0.0008874325978283969
graph,A,high,22.75,0.011415128337939968,-0.0006542577864727693
graph,A,high,23.0,0.011307534334288102,-0.00046482145621993144
graph,A,high,23.25,0.011479373636746074,-0.00017366173114841514
graph,A,high,23.5,0.011559640066009097,0.00010522599442479862
graph,A,high,23.75,0.011703099240246822,-0.00014999440691044075
graph,A,high,24.0,0.012136458213870126,-0.00015771277650449266
graph,A,high,24.25,0.012467377084143333,1.8301096869388622e-05
graph,A,high,24.5,0.012406769352759545,-0.0003848313446212998
graph,A,high,24.75,0.012674637705453283,-0.0005705143431089615
graph,A,high,25.0,0.013219997476983996,-0.0003607309620175365
graph,A,high,25.25,0.013544629138411255,0.00015533878310411558
graph,A,high,25.5,0.013721700535715317,0.000388463404819711
graph,A,high,25.75,0.013513837680182224,0.00051759145690548
graph,A,high,26.0,0.01385946504558138,0.0005494129892683063
graph,A,high,26.25,0.013574990834327876,0.0010792628932972097
graph,A,high,26.5,0.012891449373047863,0.0006299158244975211
graph,A,high,26.75,0.012482708991157717,-0.00017361014054457073
graph,A,high,27.0,0.011410879936584508,0.00019829711426407043
graph,A,high,27.25,0.010662001861336647,0.00017617561857928308
graph,A,high,27.5,0.009285228809051691,0.00016978132242605513
graph,A,high,27.75,0.007699542682589585,-1.4393859142393676e-05
graph,A,high,28.0,0.006181926642282147,0.00020875391461145967
graph,A,high,28.25,0.0050646548315729945,0.00035727157478828906
graph,A,high,28.5,0.003760573498400643,0.00034897178666616987
graph,A_new344,all,9.5,0.0015029242398048235,-0.00016934387445238617
graph,A_new344,all,9.75,0.001679828113994198,-0.00020386141942835083
graph,A_new344,all,10.0,0.0018586405013779886,-0.00022939820164787856
graph,A_new344,all,10.25,0.002055022545805019,-0.00023744296823336296
graph,A_new344,all,10.5,0.0022230584398089974,-0.00023445824185719199
graph,A_new344,all,10.75,0.0024721646615770017,-0.00023431316222558666
graph,A_new344,all,11.0,0.0027435938685732293,-0.0002233693634293379
graph,A_new344,all,11.25,0.0030943913292992256,-0.00023439133865515128
graph,A_new344,all,11.5,0.0032261822454904402,-0.0002081140575665869
graph,A_new344,all,11.75,0.003543840904870704,-0.00015861095187185223
graph,A_new344,all,12.0,0.0038731606533266025,-0.00016319702047158595
graph,A_new344,all,12.25,0.004241497172695273,-0.0001958072108207029
graph,A_new344,all,12.5,0.004822897202515886,-0.00019621318668310836
graph,A_new344,all,12.75,0.005166087838785101,-0.00017406162176007218
graph,A_new344,all,13.0,0.00553957725543556,-0.00016142284047788693
graph,A_new344,all,13.25,0.005808283774214132,-0.00019086054451028858
graph,A_new344,all,13.5,0.006181979947395686,-0.00016994607281016494
graph,A_new344,all,13.75,0.006517089797084023,-0.0001762030061391718
graph,A_new344,all,14.0,0.006937021193479567,-0.0001435378285469994
graph,A_new344,all,14.25,0.0073492163198897575,-0.0001291745931887898
graph,A_new344,all,14.5,0.0077176863923916345,-0.00010235277861109946
graph,A_new344,all,14.75,0.008116094448502129,-6.054253595501887e-05
graph,A_new344,all,15.0,0.008383638326159772,-2.595600062006395e-06
graph,A_new344,all,15.25,0.008798093564561493,-4.3829039110485953e-07
graph,A_new344,all,15.5,0.009216174852531915,1.8574228646547403e-05
graph,A_new344,all,15.75,0.009420047627352804,1.8234098979627254e-06
graph,A_new344,all,16.0,0.009621095877237248,1.8784453261368807e-06
graph,A_new344,all,16.25,0.01004645773428413,-3.9711450994146474e-05
graph,A_new344,all,16.5,0.01025378881888669,-4.694337386769524e-05
graph,A_new344,all,16.75,0.010569906826147436,-2.448135202718701e-05
graph,A_new344,all,17.0,0.011040478213888615,-5.603923445592221e-05
graph,A_new344,all,17.25,0.011217200043718045,-5.016659196514158e-05
graph,A_new344,all,17.5,0.011344235124998502,-3.189058061892219e-05
graph,A_new344,all,17.75,0.01165605889621481,-5.086637975114566e-05
graph,A_new344,all,18.0,0.011866882135166706,-2.0415492383421565e-05
graph,A_new344,all,18.25,0.011898979627914922,-2.954815292893683e-05
graph,A_new344,all,18.5,0.011987184257274982,-7.334246170577413e-05
graph,A_new344,all,18.75,0.01239653016180837,-2.5280633407270958e-05
graph,A_new344,all,19.0,0.012786384533079575,-4.589891640465631e-05
graph,A_new344,all,19.25,0.0129165206763902,-8.39466749894143e-05
graph,A_new344,all,19.5,0.013327519365652707,-0.00011744528933007743
graph,A_new344,all,19.75,0.013305380032569992,-0.00011140032450022767
graph,A_new344,all,20.0,0.013548544937266788,-0.00012986013367178003
graph,A_new344,all,20.25,0.014095399163090674,-0.0001078939220805215
graph,A_new344,all,20.5,0.014438458103221804,-0.00012513622157180542
graph,A_new344,all,20.75,0.014511166073199864,-9.100529001094634e-05
graph,A_new344,all,21.0,0.014454307645998853,-8.107663898760566e-05
graph,A_new344,all,21.25,0.014821325936331547,-9.940594085561216e-05
graph,A_new344,all,21.5,0.015037884113715651,-0.0001676037526751523
graph,A_new344,all,21.75,0.014753210034072968,-0.0001298399129755041
graph,A_new344,all,22.0,0.01497593564942539,-0.0001101089311045502
graph,A_new344,all,22.25,0.014974249997083801,-0.00010143797990081145
graph,A_new344,all,22.5,0.015151092699580227,-0.00012721196501893855
graph,A_new344,all,22.75,0.015572249967367337,-0.00013182938477847688
graph,A_new344,all,23.0,0.015131206955692755,-8.967981244643132e-05
graph,A_new344,all,23.25,0.015211764443089693,-5.575469123089751e-05
graph,A_new344,all,23.5,0.015441578487593236,-4.598267170214105e-05
graph,A_new344,all,23.75,0.01564661134130204,-8.163450974414271e-05
graph,A_new344,all,24.0,0.015879778837487445,-0.00011106269051471147
graph,A_new344,all,24.25,0.015735262553741466,-7.67323159868039e-05
graph,A_new344,all,24.5,0.01594041329400002,-2.624497229582248e-05
graph,A_new344,all,24.75,0.015657184471941126,1.2485052794361739e-05
graph,A_new344,all,25.0,0.016071712038173685,4.522858211041437e-06
graph,A_new344,all,25.25,0.016207722311917312,-5.004462247136957e-06
graph,A_new344,all,25.5,0.015992757363554065,8.750270416777402e-05
graph,A_new344,all,25.75,0.015733832231325136,0.00015913013376758328
graph,A_new344,all,26.0,0.015067503711458381,0.00021528402702909266
graph,A_new344,all,26.25,0.014140190293659705,0.0002085325349494903
graph,A_new344,all,26.5,0.013199822787943148,0.00024901032014662614
graph,A_new344,all,26.75,0.012419892177915061,0.00021998372089117804
graph,A_new344,all,27.0,0.011153773450936755,0.00025901656815482656
graph,A_new344,all,27.25,0.009803921849551143,0.00025368635443327985
graph,A_new344,all,27.5,0.008163793736460211,0.0002276733351427896
graph,A_new344,all,27.75,0.006620860355903438,0.00022475013209219492
graph,A_new344,all,28.0,0.005099380086942347,0.00024925233664770824
graph,A_new344,all,28.25,0.0038372086564288197,0.00022681547074654922
graph,A_new344,all,28.5,0.002516572740266606,0.00020626091763119303
graph,A_new344,high,9.5,0.0005014828669396754,-0.00012655862226934348
graph,A_new344,high,9.75,0.000551476027225184,-0.0001725783502118975
graph,A_new344,high,10.0,0.0006382004316636857,-0.0001519222707976164
graph,A_new344,high,10.25,0.0007698420365927613,-0.000189975083005222
graph,A_new344,high,10.5,0.000881014816221874,-0.00017799779946441136
graph,A_new344,high,10.75,0.0010014000152196046,-0.00020135307484416728
graph,A_new344,high,11.0,0.0011162200117680718,-0.00024961277090318224
graph,A_new344,high,11.25,0.0013355448079181563,-0.00017948009906295376
graph,A_new344,high,11.5,0.0015200160036873262,-5.337315687889281e-05
graph,A_new344,high,11.75,0.001755799352559938,-3.158464469779999e-05
graph,A_new344,high,12.0,0.0019815767934899865,-0.00018985785642363086
graph,A_new344,high,12.25,0.00223461309682786,-0.0002952219709843814
graph,A_new344,high,12.5,0.0026588782442041542,-0.00028586138641940005
graph,A_new344,high,12.75,0.003086371675505724,-0.0002903400334031711
graph,A_new344,high,13.0,0.0032893930839763643,-0.000322485815204988
graph,A_new344,high,13.25,0.003574153893756134,-0.00027607676617270004
graph,A_new344,high,13.5,0.003767238292906058,-0.000184690976382924
graph,A_new344,high,13.75,0.004287137987156916,-3.137356314714643e-05
graph,A_new344,high,14.0,0.0046726767195083875,0.00039987247261366783
graph,A_new344,high,14.25,0.005017824820757286,0.00037576411402834845
graph,A_new344,high,14.5,0.005500920793948637,0.0004503441715557833
graph,A_new344,high,14.75,0.005884033061508023,0.0002772356363176214
graph,A_new344,high,15.0,0.005904338461164156,0.00025122729341237477
graph,A_new344,high,15.25,0.006232294977976138,0.0002547929814068973
graph,A_new344,high,15.5,0.006820647047237923,8.374876133798079e-05
graph,A_new344,high,15.75,0.007362262646460754,8.767962952421013e-05
graph,A_new344,high,16.0,0.007308300590664925,-0.00025371776466179535
graph,A_new344,high,16.25,0.007653761598167611,-0.00033814461699564264
graph,A_new344,high,16.5,0.007830177971401873,-0.0007659682298247468
graph,A_new344,high,16.75,0.008071840948426121,-0.0006627960129351592
graph,A_new344,high,17.0,0.008429167553907175,-0.000902724318023305
graph,A_new344,high,17.25,0.008881382201087367,-0.0006726261896301645
graph,A_new344,high,17.5,0.009116790447139853,-0.0007490158999045858
graph,A_new344,high,17.75,0.00966072327484047,-0.000992700653594529
graph,A_new344,high,18.0,0.009645776294543378,-0.0008921169922836723
graph,A_new344,high,18.25,0.009745368278583766,-0.0005935882434288167
graph,A_new344,high,18.5,0.010147007494086209,-0.000860318298039022
graph,A_new344,high,18.75,0.01062586558457231,-0.0008597126756060394
graph,A_new344,high,19.0,0.010865054713866952,-0.0004828849022329589
graph,A_new344,high,19.25,0.01113643094117476,-0.00019113983309615519
graph,A_new344,high,19.5,0.011527109748210706,-0.0007856787389705337
graph,A_new344,high,19.75,0.0118070980711034,-0.0009249140123027656
graph,A_new344,high,20.0,0.011807642219511146,-0.0012130561967245313
graph,A_new344,high,20.25,0.011766831528697232,-0.0015157480520727555
graph,A_new344,high,20.5,0.012621676706303774,-0.0015291187105715815
graph,A_new344,high,20.75,0.012863470383743211,-0.0014874123702037063
graph,A_new344,high,21.0,0.013385506548437828,-0.0013623609701454288
graph,A_new344,high,21.25,0.013182007812134638,-0.0010342661765634093
graph,A_new344,high,21.5,0.013259288455418038,-0.001187889729666692
graph,A_new344,high,21.75,0.012944186996796067,-0.0010509786391786295
graph,A_new344,high,22.0,0.013646990013124168,-0.0013200942359034656
graph,A_new344,high,22.25,0.013811160632691706,-0.001134508234017864
graph,A_new344,high,22.5,0.014153814797041472,-0.0009258534760921951
graph,A_new344,high,22.75,0.014302196415060918,-0.0007336864567038482
graph,A_new344,high,23.0,0.013978107047188264,-0.00046268191542808294
graph,A_new344,high,23.25,0.01435909588341273,-4.5891176391427545e-05
graph,A_new344,high,23.5,0.01451752356964211,0.00030275205074208994
graph,A_new344,high,23.75,0.01473206937283039,-2.0362844646444207e-05
graph,A_new344,high,24.0,0.015496594711130659,-4.740598193119252e-05
graph,A_new344,high,24.25,0.01570619099299994,0.00021138029880327707
graph,A_new344,high,24.5,0.015726443217725268,-0.00023316993978032786
graph,A_new344,high,24.75,0.01581004709637137,-0.0005420061905823469
graph,A_new344,high,25.0,0.016632925920530468,-0.00031986302504096766
graph,A_new344,high,25.25,0.01682390202754792,0.0003159430551962051
graph,A_new344,high,25.5,0.01690528376987051,0.00047062074586951555
graph,A_new344,high,25.75,0.01657280374704226,0.0005651824146418632
graph,A_new344,high,26.0,0.01711267726906801,0.0006685492754619652
graph,A_new344,high,26.25,0.016777091507001463,0.001430508081687048
graph,A_new344,high,26.5,0.015964014481398673,0.0009313389584467497
graph,A_new344,high,26.75,0.01536864599100078,-3.097309392986281e-05
graph,A_new344,high,27.0,0.014305653125480176,0.00045145678168960636
graph,A_new344,high,27.25,0.013287268418401547,0.00037845051515871734
graph,A_new344,high,27.5,0.011531269217188925,0.0003463288317361148
graph,A_new344,high,27.75,0.00960885951260775,4.801013989751114e-05
graph,A_new344,high,28.0,0.007596911650853821,0.0003064049934383814
graph,A_new344,high,28.25,0.006207516545338804,0.00047421022682838125
graph,A_new344,high,28.5,0.004718332023630824,0.00044023018308602654
graph,C,all,9.5,0.0014634103330206619,-7.201517595003855e-06
graph,C,all,9.75,0.0016476192795127932,-2.2352492334312898e-05
graph,C,all,10.0,0.001801993163110898,-3.307990194659367e-05
graph,C,all,10.25,0.002032845539604675,-3.006141472693955e-05
graph,C,all,10.5,0.0022731357675884922,-3.0441803421367296e-05
graph,C,all,10.75,0.0024236746881094937,-3.8852478387884475e-05
graph,C,all,11.0,0.002678057745695301,-3.6242059900063536e-05
graph,C,all,11.25,0.0030354541195067226,-5.001006374566813e-05
graph,C,all,11.5,0.003211928073865313,-7.544625609808375e-05
graph,C,all,11.75,0.0034345161995009464,-4.038777779022927e-05
graph,C,all,12.0,0.003837748060476355,-1.5135315406534188e-05
graph,C,all,12.25,0.004151332092326353,-2.3377852865132002e-05
graph,C,all,12.5,0.004769686233637913,-3.3640706090043825e-05
graph,C,all,12.75,0.0052289680261943,-2.7296236539280553e-06
graph,C,all,13.0,0.005681760763853969,3.7355638670818e-06
graph,C,all,13.25,0.005982637567349566,4.659009717612916e-06
graph,C,all,13.5,0.006314648622019917,3.412115057891266e-05
graph,C,all,13.75,0.006708646475641544,1.9614317767090418e-05
graph,C,all,14.0,0.0071962598561004865,2.8367117313448382e-05
graph,C,all,14.25,0.00758011990254925,5.656695997790747e-05
graph,C,all,14.5,0.007872148108432347,8.25999170709772e-05
graph,C,all,14.75,0.008320058728013389,9.414113432454254e-05
graph,C,all,15.0,0.008622679019087824,0.0001272729516295743
graph,C,all,15.25,0.009075415493351325,0.00015322553793241988
graph,C,all,15.5,0.009601580698709105,0.00016061412781462298
graph,C,all,15.75,0.009872167648750818,8.534485162562637e-05
graph,C,all,16.0,0.010354711578815977,6.291390394561735e-05
graph,C,all,16.25,0.010794883329213299,9.411651458497463e-06
graph,C,all,16.5,0.011074439086276722,2.624058142330489e-05
graph,C,all,16.75,0.011436558616136001,-8.14050844381778e-06
graph,C,all,17.0,0.011926427641123111,-7.100820198948178e-05
graph,C,all,17.25,0.012299520505987881,-8.170933388819407e-05
graph,C,all,17.5,0.012573041304646274,-6.74327179446916e-05
graph,C,all,17.75,0.013035506904837525,-5.3719805976228464e-05
graph,C,all,18.0,0.013408766971487952,-2.714631750076312e-06
graph,C,all,18.25,0.013928828124803573,3.2766400556832585e-06
graph,C,all,18.5,0.014214486649259344,-2.7634899416553808e-05
graph,C,all,18.75,0.015115567287582907,1.9283019290422658e-05
graph,C,all,19.0,0.015776795175557055,-3.575533203763848e-05
graph,C,all,19.25,0.015874209282614668,-5.778238844331379e-05
graph,C,all,19.5,0.016455758500073307,-8.948971724922465e-05
graph,C,all,19.75,0.01676095330624365,-0.00012861405035300823
graph,C,all,20.0,0.01736612920526654,-0.00016955118521669307
graph,C,all,20.25,0.0178102736003575,-0.00014375927258552577
graph,C,all,20.5,0.018713660926215757,-0.00020854374769400046
graph,C,all,20.75,0.019601982347675195,-0.00013733786383588565
graph,C,all,21.0,0.019963283941575614,-0.00014916359167234445
graph,C,all,21.25,0.020540885865603386,-0.00017920434788211531
graph,C,all,21.5,0.021054022230323675,-0.00016897285986947847
graph,C,all,21.75,0.02181725659582609,-0.00012685990839990418
graph,C,all,22.0,0.021790987968229703,-6.08979249851186e-05
graph,C,all,22.25,0.022793451075519694,-4.196319616114775e-06
graph,C,all,22.5,0.023688673455327266,-3.388743289701728e-05
graph,C,all,22.75,0.024090370154748925,-4.247014401934127e-05
graph,C,all,23.0,0.02381125055064235,-4.831177108311777e-07
graph,C,all,23.25,0.025232657953090883,8.050481735323066e-05
graph,C,all,23.5,0.026525027539450068,0.0002152718473213053
graph,C,all,23.75,0.02810247025116214,0.0003211457393362307
graph,C,all,24.0,0.03243964014054446,0.00024010054977602032
graph,C,all,24.25,0.03465993380004132,0.0001649039701471076
graph,C,all,24.5,0.0358717550013162,0.00034818618368568944
graph,C,all,24.75,0.03454336654130268,0.00018817190352885424
graph,C,all,25.0,0.03309918087683158,3.2024606374037466e-05
graph,C,all,25.25,0.030422418935065053,-0.00012138652984463021
graph,C,all,25.5,0.02665387709427847,-7.489084778643503e-05
graph,C,all,25.75,0.023495545713503284,0.00014428893226902192
graph,C,all,26.0,0.020280991080890532,0.0002701743847004281
graph,C,all,26.25,0.018073047319171996,0.00031998349691952883
graph,C,all,26.5,0.016140696672515886,0.00038821706155122993
graph,C,all,26.75,0.013784451698096955,0.0003888366404147941
graph,C,all,27.0,0.01143999230866159,0.000390313182141578
graph,C,all,27.25,0.008943534432015817,0.0002738922653072767
graph,C,all,27.5,0.006829357889451562,0.0001682923599419627
graph,C,all,27.75,0.005032027209234128,0.00015253467409639246
graph,C,all,28.0,0.003619511822168747,0.0001211012808801607
graph,C,all,28.25,0.0025127626137142704,0.00011166736917172074
graph,C,all,28.5,0.001508785106055162,7.782477218258485e-05
graph,C,high,9.5,0.000574951938503793,5.013337651905069e-05
graph,C,high,9.75,0.0006427738268858815,2.5434252950926302e-05
graph,C,high,10.0,0.0007551985125990139,7.918504042855317e-05
graph,C,high,10.25,0.000886932783735012,6.070545919854716e-05
graph,C,high,10.5,0.0009586421892910774,6.7319175039517e-05
graph,C,high,10.75,0.0011338970036984075,8.565586995105396e-05
graph,C,high,11.0,0.0011893755441703857,6.558857099901945e-06
graph,C,high,11.25,0.0013897633786570142,0.00010531355123228342
graph,C,high,11.5,0.0015416753094698152,0.00014363943002187275
graph,C,high,11.75,0.0017041608181487787,8.666194831171331e-05
graph,C,high,12.0,0.0019142477592649688,-3.4704518911068044e-05
graph,C,high,12.25,0.002152951556115203,-7.906189115461006e-05
graph,C,high,12.5,0.0025743032748534226,-6.249056936117906e-05
graph,C,high,12.75,0.0030032688801947295,-5.3469917292198714e-05
graph,C,high,13.0,0.0032964418537365058,-5.0860017984387916e-05
graph,C,high,13.25,0.0035352029351555076,3.354251339315854e-05
graph,C,high,13.5,0.0036957993902267845,0.00011450895567216638
graph,C,high,13.75,0.004246406580629238,0.00023175494225289816
graph,C,high,14.0,0.004705887635673436,0.0006604471497199088
graph,C,high,14.25,0.0051409135553138014,0.0006363006496611583
graph,C,high,14.5,0.005455274673147265,0.000668790359471522
graph,C,high,14.75,0.005836702090873276,0.0005314644340914396
graph,C,high,15.0,0.005762082971218015,0.0005576673173219144
graph,C,high,15.25,0.0061469932095343915,0.000622871125074417
graph,C,high,15.5,0.006681929475811446,0.00043801791856591036
graph,C,high,15.75,0.00728901894189049,0.0005033528764554484
graph,C,high,16.0,0.007482911483952513,9.229092152375663e-05
graph,C,high,16.25,0.007987062807302645,-8.47751912654899e-05
graph,C,high,16.5,0.008234179662393967,-0.0003450164524378525
graph,C,high,16.75,0.008480624168891629,-0.0003356404303143149
graph,C,high,17.0,0.008678290932251939,-0.0006273676150590163
graph,C,high,17.25,0.009170003190812216,-0.00037041545150657293
graph,C,high,17.5,0.009469041021224794,-0.0005958789412361854
graph,C,high,17.75,0.009816006018902272,-0.0006802311379735939
graph,C,high,18.0,0.009882298257079265,-0.0005318198490866534
graph,C,high,18.25,0.010260325533269814,-0.00025058877508705947
graph,C,high,18.5,0.010818944723936363,-0.00041226782246348855
graph,C,high,18.75,0.011194611001223206,-0.00018712748307230228
graph,C,high,19.0,0.012110142252548875,0.0003305279419746855
graph,C,high,19.25,0.012550281611984985,0.000370962228981587
graph,C,high,19.5,0.012897756945488588,-6.151760985179801e-05
graph,C,high,19.75,0.012791222726980104,-0.000441445647320523
graph,C,high,20.0,0.012608383065556953,-0.0007928672581531841
graph,C,high,20.25,0.01280473583736832,-0.0009659894910006286
graph,C,high,20.5,0.013715711494373744,-0.0014391841343719917
graph,C,high,20.75,0.015018565532722922,-0.001592020575312765
graph,C,high,21.0,0.015777796532182323,-0.0014246893727930812
graph,C,high,21.25,0.015979076570164324,-0.0010895063637143033
graph,C,high,21.5,0.01628583983983814,-0.0014584834069566704
graph,C,high,21.75,0.017398079168441473,-0.0013897028482290597
graph,C,high,22.0,0.0184740628979501,-0.0012480757157391491
graph,C,high,22.25,0.019235910705268026,-0.0013923933132398685
graph,C,high,22.5,0.0200862095983294,-0.0012411909333902135
graph,C,high,22.75,0.020415880292189142,-0.0011870820961488488
graph,C,high,23.0,0.019932545783133578,-0.001434288243740346
graph,C,high,23.25,0.02253251763525763,-0.0007690050357482888
graph,C,high,23.5,0.024468356621677158,-0.0015616181025755339
graph,C,high,23.75,0.026430604708048012,-0.0006724563803229745
graph,C,high,24.0,0.03158492609874032,7.491490008986411e-05
graph,C,high,24.25,0.03563007759214816,0.0015186176803153022
graph,C,high,24.5,0.03788505310690311,3.2851754180986536e-05
graph,C,high,24.75,0.038104933495016924,-0.0006700454711813463
graph,C,high,25.0,0.04045250498853818,0.0001580320944863735
graph,C,high,25.25,0.03799635722870172,0.001485311779082453
graph,C,high,25.5,0.03425828283557217,0.0013824993546661408
graph,C,high,25.75,0.03007762766431945,-9.79847374438418e-05
graph,C,high,26.0,0.025494796536195675,-0.0007246050402976467
graph,C,high,26.25,0.02312889071093262,-0.00025551045914114646
graph,C,high,26.5,0.021479718711398726,-0.0006492526804310676
graph,C,high,26.75,0.019021599054429683,-0.0013301275249147037
graph,C,high,27.0,0.01628478062995345,-0.0007538937874737306
graph,C,high,27.25,0.01381736008618387,-0.00039578401697118514
graph,C,high,27.5,0.010903672372881805,-0.0004997137632443416
graph,C,high,27.75,0.00847701861746272,-0.00039206642174363806
graph,C,high,28.0,0.006345371111557826,-8.552327703636058e-05
graph,C,high,28.25,0.004557734331063733,7.211856667421525e-05
graph,C,high,28.5,0.0029908143529680806,0.0002318841941993304
interpolation,A,all,9.5,0.001719070426242855,0.0017027352686734263
interpolation,A,all,9.75,0.0019678559461149088,0.0019526519196629137
interpolation,A,all,10.0,0.0021714984496270257,0.002147304598008111
interpolation,A,all,10.25,0.00243657739382188,0.002403424031981455
interpolation,A,all,10.5,0.0027796904372735186,0.0027314164806810826
interpolation,A,all,10.75,0.0030580351265030504,0.0029957373229658984
interpolation,A,all,11.0,0.003405626826474289,0.0033460697965942234
interpolation,A,all,11.25,0.0037092008416691746,0.0036282777491866507
interpolation,A,all,11.5,0.004107885424421502,0.0039846120177721095
interpolation,A,all,11.75,0.004525250848925864,0.004408602596476409
interpolation,A,all,12.0,0.004942364234810531,0.004782860341627563
interpolation,A,all,12.25,0.0053230328974748385,0.005153112871547106
interpolation,A,all,12.5,0.005834579859631093,0.005601960960783701
interpolation,A,all,12.75,0.006247162564997905,0.0060004381777492505
interpolation,A,all,13.0,0.006650905815689794,0.006334112858648663
interpolation,A,all,13.25,0.006989663875950585,0.006578980864102337
interpolation,A,all,13.5,0.007400268020935805,0.006993386579340579
interpolation,A,all,13.75,0.007699180884663913,0.007235292558871846
interpolation,A,all,14.0,0.008168764451048518,0.007648028240747128
interpolation,A,all,14.25,0.008464002519454767,0.007932358127627622
interpolation,A,all,14.5,0.008898159965286371,0.008284651820034808
interpolation,A,all,14.75,0.009161058692708285,0.008524760919304339
interpolation,A,all,15.0,0.009480685580434748,0.008787136746361673
interpolation,A,all,15.25,0.009812532853505822,0.009051740459154778
interpolation,A,all,15.5,0.010095838697159153,0.009356267886870273
interpolation,A,all,15.75,0.010471749768359724,0.009787887342655182
interpolation,A,all,16.0,0.010779975013742978,0.010051966010064965
interpolation,A,all,16.25,0.011071840111780066,0.010319146896476197
interpolation,A,all,16.5,0.011565017752436317,0.010705031852553918
interpolation,A,all,16.75,0.012088988658249554,0.011243015718619263
interpolation,A,all,17.0,0.012686978589525647,0.011844195729459977
interpolation,A,all,17.25,0.01334171399545765,0.012537926338657414
interpolation,A,all,17.5,0.013846549406143273,0.013086901657142363
interpolation,A,all,17.75,0.014375326236984816,0.013629712754739537
interpolation,A,all,18.0,0.014996851856576027,0.014247564283082477
interpolation,A,all,18.25,0.01564535826414638,0.014812688627082092
interpolation,A,all,18.5,0.016611468470052633,0.015806071108259358
interpolation,A,all,18.75,0.017315818761971143,0.016513605175737526
interpolation,A,all,19.0,0.017937565258055455,0.017103632719149938
interpolation,A,all,19.25,0.018705858084673045,0.017853078703593577
interpolation,A,all,19.5,0.019293300676546898,0.01830849363442439
interpolation,A,all,19.75,0.01964608157432344,0.018525709954355485
interpolation,A,all,20.0,0.01997806930120594,0.018670728672410524
interpolation,A,all,20.25,0.020327410377795868,0.018848509326231593
interpolation,A,all,20.5,0.020557322819751457,0.018901676134361594
interpolation,A,all,20.75,0.020575506548479536,0.018776229656000926
interpolation,A,all,21.0,0.02067631371027777,0.018474383040061628
interpolation,A,all,21.25,0.021037811564029337,0.018269416675604604
interpolation,A,all,21.5,0.021424837169069354,0.017996935638368634
interpolation,A,all,21.75,0.021780147202420247,0.017691357488804748
interpolation,A,all,22.0,0.02251847404507721,0.017809875769817345
interpolation,A,all,22.25,0.023104417220780344,0.01787621046090531
interpolation,A,all,22.5,0.023750500540209073,0.01773174365763312
interpolation,A,all,22.75,0.02426390530667502,0.01780018998627158
interpolation,A,all,23.0,0.024188887580050968,0.017256368017710657
interpolation,A,all,23.25,0.023819019028308974,0.01625507161447974
interpolation,A,all,23.5,0.02287878304835987,0.014794560510595332
interpolation,A,all,23.75,0.021750054615112986,0.013150773629425315
interpolation,A,all,24.0,0.020175790694621325,0.010684256737280661
interpolation,A,all,24.25,0.018414476174318295,0.0069377720064633655
interpolation,A,all,24.5,0.017149231169675348,0.0023598992821978865
interpolation,A,all,24.75,0.017050372899353315,-0.002823152861486057
interpolation,A,all,25.0,0.01808559348398988,-0.008011843476570133
interpolation,A,all,25.25,0.01972376800191692,-0.013529189746153027
interpolation,A,all,25.5,0.02221360804808543,-0.018584005034119847
interpolation,A,all,25.75,0.024517137824428673,-0.022867421561916748
interpolation,A,all,26.0,0.025958224759967286,-0.025237596716015734
interpolation,A,all,26.25,0.02651419099652213,-0.02616837295829885
interpolation,A,all,26.5,0.02568232229176974,-0.02555815209386176
interpolation,A,all,26.75,0.023359897157898876,-0.023315360004626823
interpolation,A,all,27.0,0.02005161134337656,-0.02000715128939481
interpolation,A,all,27.25,0.016217001838243324,-0.016189565069091805
interpolation,A,all,27.5,0.012518511106819036,-0.0124876442301479
interpolation,A,all,27.75,0.009063266207938684,-0.009041897569839722
interpolation,A,all,28.0,0.006054312468508724,-0.006020560336117585
interpolation,A,all,28.25,0.003749420405781204,-0.0037332602718397694
interpolation,A,all,28.5,0.0021006787395958086,-0.002088594530354314
interpolation,A,high,9.5,0.00036097429559529126,0.00036097429559529126
interpolation,A,high,9.75,0.00042711779533882277,0.0004267793277078825
interpolation,A,high,10.0,0.0005436167572898685,0.0005432782896589283
interpolation,A,high,10.25,0.0006498372041398316,0.0006494987365088913
interpolation,A,high,10.5,0.0008276899851233992,0.0008195564499825599
interpolation,A,high,10.75,0.0009629684206915723,0.0009572511398016688
interpolation,A,high,11.0,0.0011587770969220014,0.0011560205508403282
interpolation,A,high,11.25,0.0013823927078240991,0.0013769704799648313
interpolation,A,high,11.5,0.0016650215634791054,0.0016463038268555766
interpolation,A,high,11.75,0.001954343658317823,0.0019376154908384538
interpolation,A,high,12.0,0.0022552800626924113,0.002214365408714312
interpolation,A,high,12.25,0.0025168352957299018,0.002496639727260633
interpolation,A,high,12.5,0.0028605795017439175,0.0028093807460291653
interpolation,A,high,12.75,0.0033253220985516277,0.003259031082012298
interpolation,A,high,13.0,0.0037477133070471283,0.003604650800070084
interpolation,A,high,13.25,0.004224418744566932,0.004097703272123649
interpolation,A,high,13.5,0.004746745526993476,0.004627825186653126
interpolation,A,high,13.75,0.005131027242920746,0.004939691208910779
interpolation,A,high,14.0,0.005623086367391121,0.005398860084831158
interpolation,A,high,14.25,0.005996538432906551,0.005736639190160933
interpolation,A,high,14.5,0.006579227413023206,0.0063231189329482134
interpolation,A,high,14.75,0.00672191090817935,0.006382512149493242
interpolation,A,high,15.0,0.0067520900708479895,0.0064006816927409055
interpolation,A,high,15.25,0.006929429807960564,0.006505599607088568
interpolation,A,high,15.5,0.0071306093258465975,0.0066818708333774976
interpolation,A,high,15.75,0.00736609964285569,0.00699285236051922
interpolation,A,high,16.0,0.007400196950721383,0.006863982739287382
interpolation,A,high,16.25,0.007641014652057684,0.0070319702938973815
interpolation,A,high,16.5,0.007872146116241365,0.007061271930668709
interpolation,A,high,16.75,0.008245737304428435,0.007461880087452566
interpolation,A,high,17.0,0.008742027339438898,0.007937460037773491
interpolation,A,high,17.25,0.009233321532421597,0.008467702396003394
interpolation,A,high,17.5,0.009642400678356049,0.008867572616977026
interpolation,A,high,17.75,0.009955922536991138,0.00909536506337024
interpolation,A,high,18.0,0.010472353087536742,0.00962132219630772
interpolation,A,high,18.25,0.010841722755900047,0.009999056662830338
interpolation,A,high,18.5,0.011861599509667501,0.011063642005958697
interpolation,A,high,18.75,0.012163349347588786,0.011613261445144553
interpolation,A,high,19.0,0.01301841203575245,0.012443252432973444
interpolation,A,high,19.25,0.013756435776146738,0.013125215966547175
interpolation,A,high,19.5,0.01416438985847684,0.013497624227737808
interpolation,A,high,19.75,0.014269006501772274,0.013534600097340267
interpolation,A,high,20.0,0.01481316898340534,0.013998760842537358
interpolation,A,high,20.25,0.015540659552130747,0.014789494936793334
interpolation,A,high,20.5,0.01669091046744946,0.015983780687781828
interpolation,A,high,20.75,0.017702446446725317,0.017035373104265023
interpolation,A,high,21.0,0.01861856850488162,0.01794452190628916
interpolation,A,high,21.25,0.020104541689538926,0.019463136034502074
interpolation,A,high,21.5,0.022239812435551003,0.021445499906202186
interpolation,A,high,21.75,0.023541652709850446,0.022901590199263418
interpolation,A,high,22.0,0.025799034957848545,0.025050596257973266
interpolation,A,high,22.25,0.027827738076328153,0.0269625216906847
interpolation,A,high,22.5,0.02998813108237506,0.028647293427042725
interpolation,A,high,22.75,0.03235300332542422,0.03058880207335507
interpolation,A,high,23.0,0.03379423575713401,0.031663424073889224
interpolation,A,high,23.25,0.03426693797091378,0.0320878884943845
interpolation,A,high,23.5,0.033816718419383086,0.03133717282797847
interpolation,A,high,23.75,0.032163602551292476,0.029541125625732863
interpolation,A,high,24.0,0.030338805908947365,0.026809768142420483
interpolation,A,high,24.25,0.02726719306845097,0.022296702767571862
interpolation,A,high,24.5,0.023423327832745738,0.016139063253719773
interpolation,A,high,24.75,0.021296821548134195,0.008980867653939122
interpolation,A,high,25.0,0.020306077984938806,0.0016201276617891676
interpolation,A,high,25.25,0.020437130226101802,-0.00638920016747858
interpolation,A,high,25.5,0.022662647484959893,-0.014246765086095894
interpolation,A,high,25.75,0.025844884265821703,-0.021980264240077763
interpolation,A,high,26.0,0.028848585841186415,-0.02722669553860699
interpolation,A,high,26.25,0.03126630246564779,-0.030488707228175253
interpolation,A,high,26.5,0.03262362932075492,-0.03232827754457732
interpolation,A,high,26.75,0.031669477120490126,-0.031564548111658555
interpolation,A,high,27.0,0.028631391533179156,-0.02852679037310885
interpolation,A,high,27.25,0.024736742727243834,-0.024736132773179414
interpolation,A,high,27.5,0.0203443369543596,-0.020307746067522912
interpolation,A,high,27.75,0.015649327687010828,-0.015648694273219087
interpolation,A,high,28.0,0.011159420297740367,-0.011128265818226192
interpolation,A,high,28.25,0.007534253667089015,-0.007501023905852341
interpolation,A,high,28.5,0.004606942335913112,-0.004576319025957341
interpolation,A_new344,all,9.5,0.0022879298309321176,0.0022661891891727487
interpolation,A_new344,all,9.75,0.0026190412291214643,0.0025988060222685207
interpolation,A_new344,all,10.0,0.002890071287877909,0.00285787142334703
interpolation,A_new344,all,10.25,0.003242867784587414,0.003198743608874511
interpolation,A_new344,all,10.5,0.003699520726497782,0.0036352723841036045
interpolation,A_new344,all,10.75,0.004069972749898369,0.003987059914601847
interpolation,A_new344,all,11.0,0.004532586385272636,0.004453321275929719
interpolation,A_new344,all,11.25,0.004936616397456729,0.004828914959240094
interpolation,A_new344,all,11.5,0.00546723011524685,0.0053031641758134185
interpolation,A_new344,all,11.75,0.006022706371801491,0.005867457923319661
interpolation,A_new344,all,12.0,0.00657784718737143,0.00636556169295995
interpolation,A_new344,all,12.25,0.007084483317988958,0.0068583348773794085
interpolation,A_new344,all,12.5,0.007765306823979888,0.007455711760399672
interpolation,A_new344,all,12.75,0.008314417706771634,0.007986049492772183
interpolation,A_new344,all,13.0,0.008851764061635264,0.008430140813640885
interpolation,A_new344,all,13.25,0.009302620908281906,0.008756038348591066
interpolation,A_new344,all,13.5,0.009849098503193038,0.00930757549537017
interpolation,A_new344,all,13.75,0.010246924937370937,0.009629530837281358
interpolation,A_new344,all,14.0,0.010871898896113823,0.010178845318199055
interpolation,A_new344,all,14.25,0.011264834504580865,0.010557263107306859
interpolation,A_new344,all,14.5,0.01184265944791979,0.011026134676384589
interpolation,A_new344,all,14.75,0.012192554270028551,0.011345698530494764
interpolation,A_new344,all,15.0,0.01261794922769508,0.011694897418728766
interpolation,A_new344,all,15.25,0.01305960843128696,0.012047061424713014
interpolation,A_new344,all,15.5,0.013436663309945125,0.012452360344158718
interpolation,A_new344,all,15.75,0.013936967509498566,0.013026807448492451
interpolation,A_new344,all,16.0,0.01434718789534975,0.013378272665772779
interpolation,A_new344,all,16.25,0.014735634380271498,0.013733866660610527
interpolation,A_new344,all,16.5,0.01539200995324452,0.014247445213786923
interpolation,A_new344,all,16.75,0.01608936862316864,0.01496345388739387
interpolation,A_new344,all,17.0,0.01688524003220325,0.015763571008580533
interpolation,A_new344,all,17.25,0.01775663462065721,0.016686864744068997
interpolation,A_new344,all,17.5,0.018428525648614028,0.017417502063188185
interpolation,A_new344,all,17.75,0.019132280577277557,0.018139935352595567
interpolation,A_new344,all,18.0,0.019959475894027422,0.0189622407806939
interpolation,A_new344,all,18.25,0.020822580239713614,0.01971437101636348
interpolation,A_new344,all,18.5,0.02210838699103551,0.021036474740280215
interpolation,A_new344,all,18.75,0.023045814579635327,0.02197813965096221
interpolation,A_new344,all,19.0,0.023873303863351174,0.02276341382998187
interpolation,A_new344,all,19.25,0.02489583327812991,0.02376085977419977
interpolation,A_new344,all,19.5,0.0256776671165758,0.024366976539280168
interpolation,A_new344,all,19.75,0.026147187112664613,0.02465607214033811
interpolation,A_new344,all,20.0,0.02658903324778654,0.024849079155069207
interpolation,A_new344,all,20.25,0.027053975147838232,0.025085689392224417
interpolation,A_new344,all,20.5,0.027359968158027048,0.02515644968480994
interpolation,A_new344,all,20.75,0.02738416908357346,0.024989491580217297
interpolation,A_new344,all,21.0,0.02751833444941822,0.024587760582795166
interpolation,A_new344,all,21.25,0.027999455938561502,0.024314968582874685
interpolation,A_new344,all,21.5,0.02851455259404925,0.023952320558722453
interpolation,A_new344,all,21.75,0.028987438644628157,0.023545623221955234
interpolation,A_new344,all,22.0,0.029970086000143843,0.023703360512120894
interpolation,A_new344,all,22.25,0.030749924249035276,0.023791646085677933
interpolation,A_new344,all,22.5,0.03160980367993172,0.023599373620431553
interpolation,A_new344,all,22.75,0.03229309975821247,0.023690469595744192
interpolation,A_new344,all,23.0,0.03219325783668807,0.022966690926998153
interpolation,A_new344,all,23.25,0.031700995693069174,0.021634054476748737
interpolation,A_new344,all,23.5,0.030449625235057884,0.019690244105763623
interpolation,A_new344,all,23.75,0.0289473880875718,0.017502509977067513
interpolation,A_new344,all,24.0,0.02685218283567009,0.014219795383245273
interpolation,A_new344,all,24.25,0.024508029873035252,0.00923355744562773
interpolation,A_new344,all,24.5,0.02282410131177954,0.0031408160383145397
interpolation,A_new344,all,24.75,0.02269252974714131,-0.003757365347266356
interpolation,A_new344,all,25.0,0.024070316265382762,-0.010663051036754941
interpolation,A_new344,all,25.25,0.02625058083780618,-0.018006148169401097
interpolation,A_new344,all,25.5,0.02956433647510638,-0.024733657706324023
interpolation,A_new344,all,25.75,0.03263012971503471,-0.030434504107173983
interpolation,A_new344,all,26.0,0.03454808824567582,-0.0335889964169795
interpolation,A_new344,all,26.25,0.035288029854923866,-0.03482777680557399
interpolation,A_new344,all,26.5,0.03418088660124021,-0.03401562711240862
interpolation,A_new344,all,26.75,0.031089945321130602,-0.031030670331577886
interpolation,A_new344,all,27.0,0.02668691116456147,-0.026627738787306388
interpolation,A_new344,all,27.25,0.021583386990775975,-0.021546871091457434
interpolation,A_new344,all,27.5,0.016661024797421528,-0.01661994373009263
interpolation,A_new344,all,27.75,0.012062401171162042,-0.012033961414531558
interpolation,A_new344,all,28.0,0.008057751381808982,-0.008012830295752005
interpolation,A_new344,all,28.25,0.004990145059874647,-0.004968637358996287
interpolation,A_new344,all,28.5,0.0027958165530369812,-0.002779733545392398
interpolation,A_new344,high,9.5,0.00048042467980629033,0.00048042467980629033
interpolation,A_new344,high,9.75,0.0005684557946898285,0.0005680053243787746
interpolation,A_new344,high,10.0,0.0007235055507972428,0.000723055080486189
interpolation,A_new344,high,10.25,0.0008648755175496342,0.0008644250472385803
interpolation,A_new344,high,10.5,0.0011015817495426308,0.0010907567377248586
interpolation,A_new344,high,10.75,0.0012816253146539815,0.0012740161223253007
interpolation,A_new344,high,11.0,0.0015422292460950287,0.0015385605284472103
interpolation,A_new344,high,11.25,0.001839841734236771,0.0018326252312477432
interpolation,A_new344,high,11.5,0.0022159956020853166,0.0021910839595285308
interpolation,A_new344,high,11.75,0.0026010575759429022,0.0025787938729505094
interpolation,A_new344,high,12.0,0.0030015771627331152,0.002947123397529702
interpolation,A_new344,high,12.25,0.0033496839133161987,0.003322805408021649
interpolation,A_new344,high,12.5,0.0038071768764569875,0.0037390358865835227
interpolation,A_new344,high,12.75,0.004425707935283426,0.004337480488665878
interpolation,A_new344,high,13.0,0.004987873063301158,0.004797469591515488
interpolation,A_new344,high,13.25,0.005622325599054929,0.005453678576211732
interpolation,A_new344,high,13.5,0.006317496086991435,0.006159223691622542
interpolation,A_new344,high,13.75,0.006828940870131207,0.006574289627656868
interpolation,A_new344,high,14.0,0.007483827797549654,0.007185402559748796
interpolation,A_new344,high,14.25,0.007980859279257704,0.007634956504457505
interpolation,A_new344,high,14.5,0.008756366483274925,0.008415508876411836
interpolation,A_new344,high,14.75,0.008946265524038995,0.008494555964776548
interpolation,A_new344,high,15.0,0.008986431305200751,0.00851873801071028
interpolation,A_new344,high,15.25,0.009222454721435243,0.008658374422558648
interpolation,A_new344,high,15.5,0.009490206765398896,0.008892975745927855
interpolation,A_new344,high,15.75,0.009803623431147893,0.009306864497636173
interpolation,A_new344,high,16.0,0.009849003915059126,0.00913535049436078
interpolation,A_new344,high,16.25,0.010169510855492054,0.009358926987534226
interpolation,A_new344,high,16.5,0.01047712627583792,0.009397924859780088
interpolation,A_new344,high,16.75,0.01097434291744736,0.009931098683509769
interpolation,A_new344,high,17.0,0.011634860810467282,0.010564053295910711
interpolation,A_new344,high,17.25,0.012288729682114094,0.011269758711173663
interpolation,A_new344,high,17.5,0.012833177638932951,0.011801950407977201
interpolation,A_new344,high,17.75,0.013250447345903738,0.012105121892640057
interpolation,A_new344,high,18.0,0.013937770473659681,0.012805124054197339
interpolation,A_new344,high,18.25,0.014429368647875807,0.013307855030738634
interpolation,A_new344,high,18.5,0.015786733892020312,0.014724723430621367
interpolation,A_new344,high,18.75,0.016188336086508607,0.015456218017100785
interpolation,A_new344,high,19.0,0.017326348469074163,0.01656086219657679
interpolation,A_new344,high,19.25,0.018308592422438333,0.01746849500105783
interpolation,A_new344,high,19.5,0.01885154301967099,0.017964137272052972
interpolation,A_new344,high,19.75,0.01899077846654602,0.018013348865595993
interpolation,A_new344,high,20.0,0.019715010327903425,0.018631105531682728
interpolation,A_new344,high,20.25,0.020683235566671787,0.01968350227760158
interpolation,A_new344,high,20.5,0.02221411722343227,0.02127299038386587
interpolation,A_new344,high,20.75,0.023560381638616498,0.022672566354067555
interpolation,A_new344,high,21.0,0.024779658611585945,0.023882562543376264
interpolation,A_new344,high,21.25,0.026757356747300558,0.02590370287164483
interpolation,A_new344,high,21.5,0.029599212184017523,0.02854205285928167
interpolation,A_new344,high,21.75,0.0313318457941415,0.030479979524279624
interpolation,A_new344,high,22.0,0.03433622077853306,0.033340115440480544
interpolation,A_new344,high,22.25,0.037036244181889964,0.03588471813112113
interpolation,A_new344,high,22.5,0.039911535112160126,0.038126999456586846
interpolation,A_new344,high,22.75,0.04305896971903707,0.04071097477318802
interpolation,A_new344,high,23.0,0.044977121892140516,0.04214120107134586
interpolation,A_new344,high,23.25,0.045606246493171576,0.04270612546012901
interpolation,A_new344,high,23.5,0.04500704431582555,0.04170698968215376
interpolation,A_new344,high,23.75,0.04280689413532483,0.03931661060922608
interpolation,A_new344,high,24.0,0.04037825211480517,0.035681416745372646
interpolation,A_new344,high,24.25,0.03629020863528057,0.029674928155704983
interpolation,A_new344,high,24.5,0.031174365907374584,0.021479657667189164
interpolation,A_new344,high,24.75,0.028344175189207992,0.011952736024904263
interpolation,A_new344,high,25.0,0.02702558363040096,0.0021562458121201105
interpolation,A_new344,high,25.25,0.027200002506666956,-0.008503457121834984
interpolation,A_new344,high,25.5,0.030161968024812857,-0.018961177120591154
interpolation,A_new344,high,25.75,0.03439724212928083,-0.029253776621912433
interpolation,A_new344,high,26.0,0.03839490175542802,-0.0362363100251979
interpolation,A_new344,high,26.25,0.041612667533608066,-0.04057775743740422
interpolation,A_new344,high,26.5,0.04341914884741441,-0.043026061904017684
interpolation,A_new344,high,26.75,0.04214925713797089,-0.04200960596035127
interpolation,A_new344,high,27.0,0.03810583545028273,-0.03796662061020314
interpolation,A_new344,high,27.25,0.03292240430745372,-0.032921592512847646
interpolation,A_new344,high,27.5,0.027076502915674115,-0.02702780369994921
interpolation,A_new344,high,27.75,0.020827863188477472,-0.02082702017106102
interpolation,A_new344,high,28.0,0.014852195817777697,-0.014810731976646167
interpolation,A_new344,high,28.25,0.010027421480583006,-0.009983195624069203
interpolation,A_new344,high,28.5,0.006131430474757413,-0.006090673573062108
interpolation,C,all,9.5,0.0018393128041264244,0.0018040125252988576
interpolation,C,all,9.75,0.0021436885898490103,0.002076159367605817
interpolation,C,all,10.0,0.00233439488439349,0.0022719046282891134
interpolation,C,all,10.25,0.002643000157693477,0.0025945386852139745
interpolation,C,all,10.5,0.003086060753360362,0.003032535222305749
interpolation,C,all,10.75,0.003384286219096865,0.0033198934059717007
interpolation,C,all,11.0,0.0038177579309564853,0.003755792306499238
interpolation,C,all,11.25,0.004189918165970707,0.004092020866510599
interpolation,C,all,11.5,0.004611146278637458,0.004545914889470312
interpolation,C,all,11.75,0.005220552638356822,0.005091455398803874
interpolation,C,all,12.0,0.005728906643832158,0.005576323905186502
interpolation,C,all,12.25,0.0061506584164831984,0.006036511357175737
interpolation,C,all,12.5,0.006644666508746453,0.006470297258986559
interpolation,C,all,12.75,0.007204405939709582,0.006950878096906768
interpolation,C,all,13.0,0.007655131290949004,0.0073669637459125885
interpolation,C,all,13.25,0.008191878433437093,0.0078099658151254804
interpolation,C,all,13.5,0.008743464782284426,0.008353018423253339
interpolation,C,all,13.75,0.009231166904982357,0.008676253486406814
interpolation,C,all,14.0,0.009764166115436748,0.009107378205467361
interpolation,C,all,14.25,0.010069098073106245,0.009489780398128637
interpolation,C,all,14.5,0.010593476560583088,0.009994389067384528
interpolation,C,all,14.75,0.0110825347184176,0.010433814326628025
interpolation,C,all,15.0,0.011526434270390334,0.010920605581169748
interpolation,C,all,15.25,0.011862168803558226,0.011103011973635443
interpolation,C,all,15.5,0.012392785758663044,0.011554259278807428
interpolation,C,all,15.75,0.012916986288616587,0.012002588273882363
interpolation,C,all,16.0,0.013306174331445084,0.012383053531202904
interpolation,C,all,16.25,0.013564583021502357,0.012677686655193213
interpolation,C,all,16.5,0.01421066804680176,0.013283694688055599
interpolation,C,all,16.75,0.01488099817300837,0.013994108265469358
interpolation,C,all,17.0,0.015614341910855171,0.01473395531800368
interpolation,C,all,17.25,0.01637390977101846,0.015485795512817228
interpolation,C,all,17.5,0.016976114574927172,0.015957936803618216
interpolation,C,all,17.75,0.01746848726182454,0.016573259290931307
interpolation,C,all,18.0,0.018191098925198122,0.01702495440976445
interpolation,C,all,18.25,0.019043984487212607,0.017835151131572618
interpolation,C,all,18.5,0.02011078850512584,0.018856371161962024
interpolation,C,all,18.75,0.020953236513358637,0.019817987358834197
interpolation,C,all,19.0,0.021827807809099323,0.020627116910354397
interpolation,C,all,19.25,0.02269991075652987,0.02169270139198797
interpolation,C,all,19.5,0.02379010140034033,0.022573345217348707
interpolation,C,all,19.75,0.02451270641331386,0.02309446591291339
interpolation,C,all,20.0,0.025404483230050314,0.023957179821325555
interpolation,C,all,20.25,0.02599755740832729,0.024541478284692022
interpolation,C,all,20.5,0.02686166219835437,0.025288603264361408
interpolation,C,all,20.75,0.027621617097698448,0.025794360549882867
interpolation,C,all,21.0,0.02776347196270287,0.025927004031124645
interpolation,C,all,21.25,0.028491858804060365,0.025982970955188492
interpolation,C,all,21.5,0.02913128644546517,0.026297897087439147
interpolation,C,all,21.75,0.030192346247751224,0.02676952135134099
interpolation,C,all,22.0,0.031304032865947025,0.027864918889465635
interpolation,C,all,22.25,0.03383887006282264,0.02961106212642675
interpolation,C,all,22.5,0.03587592866803499,0.03184488800469879
interpolation,C,all,22.75,0.03736337112636957,0.03339240231298559
interpolation,C,all,23.0,0.03881524857716763,0.034427781925494075
interpolation,C,all,23.25,0.040034204597318386,0.03580721425998179
interpolation,C,all,23.5,0.041025995849696684,0.036716604635110374
interpolation,C,all,23.75,0.04099607297625846,0.03668855359102887
interpolation,C,all,24.0,0.04398807668514988,0.03918442247122314
interpolation,C,all,24.25,0.045267297854304556,0.0392859643934802
interpolation,C,all,24.5,0.04347921444569733,0.03694615550136399
interpolation,C,all,24.75,0.041118569042443355,0.03313859323923123
interpolation,C,all,25.0,0.038089254862405025,0.027867016834547915
interpolation,C,all,25.25,0.03306043933573876,0.019535607446893574
interpolation,C,all,25.5,0.0285359404628334,0.011102486485277193
interpolation,C,all,25.75,0.02412404339559723,0.002304942954692363
interpolation,C,all,26.0,0.02035200932784525,-0.0035878560096055867
interpolation,C,all,26.25,0.01764266024143482,-0.008216291342185692
interpolation,C,all,26.5,0.015820054010080638,-0.011141863894114196
interpolation,C,all,26.75,0.01369930664030259,-0.011310662232887991
interpolation,C,all,27.0,0.011719523474025094,-0.010154217372507216
interpolation,C,all,27.25,0.009436919951957012,-0.008495508570983714
interpolation,C,all,27.5,0.007246421833511687,-0.006603997284187472
interpolation,C,all,27.75,0.005425112450699584,-0.005028676208983669
interpolation,C,all,28.0,0.003631304608190223,-0.0033623000740946917
interpolation,C,all,28.25,0.002306197511214103,-0.0020973243897368455
interpolation,C,all,28.5,0.0012580752538114217,-0.001122944998631984
interpolation,C,high,9.5,0.00038185198441844043,0.00038185198441844043
interpolation,C,high,9.75,0.0004466789066989687,0.00044634043906802845
interpolation,C,high,10.0,0.0005671544418575491,0.0005668159742266089
interpolation,C,high,10.25,0.000678649624280608,0.0006783111566496678
interpolation,C,high,10.5,0.0008790841892009349,0.0008709506540600956
interpolation,C,high,10.75,0.0010472719877064618,0.0010415547068165583
interpolation,C,high,11.0,0.001264855995579372,0.001262099449497699
interpolation,C,high,11.25,0.0014959240613594649,0.0014928721837996022
interpolation,C,high,11.5,0.001770251159889659,0.0017540707190946668
interpolation,C,high,11.75,0.0021169135253219155,0.0020378122280663305
interpolation,C,high,12.0,0.0023928024977290584,0.002327271628051613
interpolation,C,high,12.25,0.002704072981205458,0.0026864837718783624
interpolation,C,high,12.5,0.0030940390222227517,0.0030576653081717457
interpolation,C,high,12.75,0.0036960489540863945,0.0035932660167773845
interpolation,C,high,13.0,0.004252268986802946,0.004093945485269831
interpolation,C,high,13.25,0.0048484179236938495,0.004745518920450888
interpolation,C,high,13.5,0.005394657173664944,0.005310632509909467
interpolation,C,high,13.75,0.005865077169547227,0.00568289867738188
interpolation,C,high,14.0,0.006514871060744535,0.0062951021708898955
interpolation,C,high,14.25,0.006899274222330791,0.00671334115014839
interpolation,C,high,14.5,0.007563321067818693,0.0072942081449969
interpolation,C,high,14.75,0.007912741091634156,0.007562348776401555
interpolation,C,high,15.0,0.008108740430103052,0.007731438764021625
interpolation,C,high,15.25,0.008190335840480407,0.007727394524171664
interpolation,C,high,15.5,0.008584569213431745,0.007947430314042617
interpolation,C,high,15.75,0.008915483623138178,0.008155950006876553
interpolation,C,high,16.0,0.008770422376472329,0.008067232419115566
interpolation,C,high,16.25,0.009143525132534133,0.00836440060040127
interpolation,C,high,16.5,0.009342707365349975,0.008652680168879063
interpolation,C,high,16.75,0.009729088523112838,0.009165862786973218
interpolation,C,high,17.0,0.010092321919803759,0.00935773415511654
interpolation,C,high,17.25,0.01082405610270025,0.010060320129490742
interpolation,C,high,17.5,0.01115558032168072,0.010318898048778556
interpolation,C,high,17.75,0.011516006059916591,0.010623466979336423
interpolation,C,high,18.0,0.011691818134163208,0.010779820147416233
interpolation,C,high,18.25,0.01213893354663178,0.011157989848966933
interpolation,C,high,18.5,0.013277810791503973,0.01204536625926504
interpolation,C,high,18.75,0.013361525975162564,0.012432765249896682
interpolation,C,high,19.0,0.01439302104497731,0.013451403642528191
interpolation,C,high,19.25,0.015052935385634543,0.014249010683812529
interpolation,C,high,19.5,0.015733111988409203,0.01462295784519604
interpolation,C,high,19.75,0.01590771200743362,0.01458490138528762
interpolation,C,high,20.0,0.0161744222403714,0.01498101252959897
interpolation,C,high,20.25,0.017303645346731608,0.0162684418314744
interpolation,C,high,20.5,0.018466774413240173,0.01768470966823152
interpolation,C,high,20.75,0.020508381982140382,0.019614467902677186
interpolation,C,high,21.0,0.021815100455765568,0.02102498089858925
interpolation,C,high,21.25,0.023901086385106303,0.023121600494845133
interpolation,C,high,21.5,0.026565052589461735,0.025737866911930612
interpolation,C,high,21.75,0.029071290936894346,0.028281680582297235
interpolation,C,high,22.0,0.0326247066627311,0.0318199837468819
interpolation,C,high,22.25,0.03662937769396948,0.0353648531776332
interpolation,C,high,22.5,0.04107865438469678,0.039771582413680076
interpolation,C,high,22.75,0.045238464940971376,0.04446251087077112
interpolation,C,high,23.0,0.04898836920740435,0.04782895477614441
interpolation,C,high,23.25,0.05372484453311886,0.05283252179389721
interpolation,C,high,23.5,0.05625644518718294,0.05421704488628876
interpolation,C,high,23.75,0.05852182324487003,0.057502047806683845
interpolation,C,high,24.0,0.06302440682914437,0.06128848666377654
interpolation,C,high,24.25,0.06530208358453689,0.06273268813496352
interpolation,C,high,24.5,0.061981647758300645,0.058588824445941746
interpolation,C,high,24.75,0.05733521869877995,0.05334873479395625
interpolation,C,high,25.0,0.054039639560747664,0.047413912836584506
interpolation,C,high,25.25,0.04932437728349737,0.03976327987216665
interpolation,C,high,25.5,0.04144258052394318,0.027632445330488836
interpolation,C,high,25.75,0.03190626222357633,0.01245162201787087
interpolation,C,high,26.0,0.027390281759288027,0.0025478648367453383
interpolation,C,high,26.25,0.02322914149128063,-0.0061834270504611474
interpolation,C,high,26.5,0.021791518993733928,-0.014593455802951832
interpolation,C,high,26.75,0.020177539955735947,-0.016033428166809426
interpolation,C,high,27.0,0.017938644019864138,-0.015413459492631936
interpolation,C,high,27.25,0.015245544278247203,-0.013729972101217298
interpolation,C,high,27.5,0.01228463203891784,-0.011420813552185318
interpolation,C,high,27.75,0.009989924674038104,-0.009231992304274987
interpolation,C,high,28.0,0.006933006448949539,-0.006307739299885312
interpolation,C,high,28.25,0.004749030659335873,-0.0041772581882327745
interpolation,C,high,28.5,0.0027324865133057465,-0.0022909330829042817
mean,A,all,9.5,0.004534851938497243,-0.00012687461930431965
mean,A,all,9.75,0.005220678007389998,-0.00012939344095126625
mean,A,all,10.0,0.005965190263544197,-0.00012480211890689247
mean,A,all,10.25,0.006863257586836627,-0.00012034295995128385
mean,A,all,10.5,0.007796676054863433,-0.00011753269713478805
mean,A,all,10.75,0.008800212137480308,-0.00011420382579060734
mean,A,all,11.0,0.009980729564695881,-0.00011304867499086492
mean,A,all,11.25,0.011131178220187143,-0.0001086270312910687
mean,A,all,11.5,0.012399600376314369,-0.00010273515722027583
mean,A,all,11.75,0.013734241478252153,-9.100787278301247e-05
mean,A,all,12.0,0.015153342941680055,-9.252863804974678e-05
mean,A,all,12.25,0.016458607193300258,-8.347444044710252e-05
mean,A,all,12.5,0.017745362457751424,-7.72013854259403e-05
mean,A,all,12.75,0.01899462299739957,-6.385481792198984e-05
mean,A,all,13.0,0.020392968606949335,-4.863510285084195e-05
mean,A,all,13.25,0.02160245882259457,-3.63732113421506e-05
mean,A,all,13.5,0.02290018322495747,-1.5513662921442257e-05
mean,A,all,13.75,0.024177692238999276,-4.292858753156348e-06
mean,A,all,14.0,0.02532413736014648,2.7924082328538554e-05
mean,A,all,14.25,0.026245484139859224,4.845682266671995e-05
mean,A,all,14.5,0.026954692711994122,5.178409972073915e-05
mean,A,all,14.75,0.02762984109574986,5.879567594375376e-05
mean,A,all,15.0,0.028132540572386292,6.228625434958553e-05
mean,A,all,15.25,0.02853475444567223,6.259994262276568e-05
mean,A,all,15.5,0.02882178253770087,7.662368778848162e-05
mean,A,all,15.75,0.028913452754111228,7.01979993476132e-05
mean,A,all,16.0,0.028776488197724864,6.758858503937432e-05
mean,A,all,16.25,0.028550213349695396,4.259109803563724e-05
mean,A,all,16.5,0.028316270974698916,4.304547052281402e-05
mean,A,all,16.75,0.02806886934567269,3.6711636395746215e-05
mean,A,all,17.0,0.027670967252245243,3.1787477676755185e-05
mean,A,all,17.25,0.027180390555471213,3.406673020530852e-05
mean,A,all,17.5,0.026798445054808984,3.514744167787672e-05
mean,A,all,17.75,0.026315891558111735,3.149178600966168e-05
mean,A,all,18.0,0.025941365859119058,3.4136785304052906e-05
mean,A,all,18.25,0.025497365637022595,2.258732726320977e-05
mean,A,all,18.5,0.025176409529365316,1.536617779275774e-05
mean,A,all,18.75,0.025091287851767712,4.1563007590985805e-06
mean,A,all,19.0,0.02513671594741107,2.1599999373117207e-05
mean,A,all,19.25,0.025308243685044272,2.2014107497420392e-05
mean,A,all,19.5,0.025472043301517006,1.320204187442116e-05
mean,A,all,19.75,0.0262616034198996,-3.1941414919017025e-06
mean,A,all,20.0,0.02713417300750829,-2.901101238577901e-05
mean,A,all,20.25,0.028259741988229323,-5.3419605240055866e-05
mean,A,all,20.5,0.029733729727613224,-6.0376204883155125e-05
mean,A,all,20.75,0.03135160973411995,-8.089610167523042e-05
mean,A,all,21.0,0.03291437836364746,-0.00010512737120115167
mean,A,all,21.25,0.034648994378420755,-0.00013710386855516455
mean,A,all,21.5,0.03654321735425868,-0.0001576811954739593
mean,A,all,21.75,0.03834057733663388,-0.00018441085045285392
mean,A,all,22.0,0.040110793028766335,-0.00019416972893571453
mean,A,all,22.25,0.041699368025493684,-0.00022529615378615064
mean,A,all,22.5,0.043068025897791316,-0.00023512149189559143
mean,A,all,22.75,0.04456557633266872,-0.0001914146750522731
mean,A,all,23.0,0.04586800699068523,-0.00019730867847587248
mean,A,all,23.25,0.04707593031372288,-0.0001837873262174862
mean,A,all,23.5,0.04813479469693289,-0.00015414567225947387
mean,A,all,23.75,0.04920224106899389,-0.00014279669510152643
mean,A,all,24.0,0.04965705593283574,-0.0001145441855849374
mean,A,all,24.25,0.050156143794607366,-8.375977608188285e-05
mean,A,all,24.5,0.04987295794815706,-3.9621552988892415e-05
mean,A,all,24.75,0.049640998627995155,2.217290928397284e-06
mean,A,all,25.0,0.04892916108824496,3.836551519415266e-05
mean,A,all,25.25,0.047756041872847634,8.585682508283491e-05
mean,A,all,25.5,0.0459977890809374,0.00016102781412029605
mean,A,all,25.75,0.04408109184961706,0.00020404173749204022
mean,A,all,26.0,0.04172987155457886,0.00023009406246905567
mean,A,all,26.25,0.03891941037315833,0.0002828665535406668
mean,A,all,26.5,0.03573771460760917,0.0002669720359360603
mean,A,all,26.75,0.03177128183126028,0.0002446182585108605
mean,A,all,27.0,0.02785387277972957,0.00022867621381725638
mean,A,all,27.25,0.023621412553414014,0.00022441451708117818
mean,A,all,27.5,0.01921465147884965,0.0001852669434596135
mean,A,all,27.75,0.014855047641026084,0.00014334654136668738
mean,A,all,28.0,0.010857692259875222,0.00010619214717247209
mean,A,all,28.25,0.00736717009994566,7.064406155376093e-05
mean,A,all,28.5,0.004600971947558021,4.8468959047344074e-05
mean,A,high,9.5,0.0008119297271257879,7.643931939591486e-05
mean,A,high,9.75,0.0009764744479832167,0.00012832154190759972
mean,A,high,10.0,0.001172899337081499,0.00019014812742804648
mean,A,high,10.25,0.0014184062602985304,0.00022939885472749594
mean,A,high,10.5,0.0017305192386448103,0.0002895870944938002
mean,A,high,10.75,0.0020639345015782975,0.00029775867843890983
mean,A,high,11.0,0.0025548171971852946,0.0003372219062324463
mean,A,high,11.25,0.0030501698774739227,0.00037529190958240975
mean,A,high,11.5,0.0036876264323649727,0.0003501812582979207
mean,A,high,11.75,0.0044386558444139326,0.0003903900965312319
mean,A,high,12.0,0.005303411752449472,0.00032438491709775846
mean,A,high,12.25,0.006188181482820117,0.0003175226873360085
mean,A,high,12.5,0.007092761145334271,0.0002432950961371509
mean,A,high,12.75,0.008253483810112035,0.00027008089713963625
mean,A,high,13.0,0.009527310000985306,0.0002745517134070758
mean,A,high,13.25,0.010851033479284245,0.00044230502193802956
mean,A,high,13.5,0.012324926693713092,0.0005978627882578061
mean,A,high,13.75,0.013892733580542115,0.0008065776910207977
mean,A,high,14.0,0.015414099463262295,0.0010489296065795575
mean,A,high,14.25,0.01668773189368673,0.001148975352732606
mean,A,high,14.5,0.017903820806019898,0.0011891570051089186
mean,A,high,14.75,0.019234801652626834,0.001329944777616774
mean,A,high,15.0,0.02033714528183857,0.001391028645334336
mean,A,high,15.25,0.02141326196082685,0.0013572976773619098
mean,A,high,15.5,0.02258330378020435,0.00141844494179776
mean,A,high,15.75,0.023628024461151583,0.001424264796818769
mean,A,high,16.0,0.024168965320234492,0.0012760369557361024
mean,A,high,16.25,0.02472176101246658,0.0010393967156598636
mean,A,high,16.5,0.025039932910706657,0.0008704673458344966
mean,A,high,16.75,0.02544236024657638,0.0007012539283173326
mean,A,high,17.0,0.02543890032619999,0.0005745057817683841
mean,A,high,17.25,0.02525489507605833,0.00036699793710758373
mean,A,high,17.5,0.025297218480503487,0.00023364307783215423
mean,A,high,17.75,0.025153114148627205,8.136896580330771e-05
mean,A,high,18.0,0.024671828646279377,-3.2015148099860425e-06
mean,A,high,18.25,0.0241502461921005,-0.00017646209146848064
mean,A,high,18.5,0.023754738444216907,-0.00022023376576452041
mean,A,high,18.75,0.023092457881222828,-0.00037858473701680295
mean,A,high,19.0,0.02253933078455077,-0.0005249795288005892
mean,A,high,19.25,0.02194854558131449,-0.0007253607305901323
mean,A,high,19.5,0.021163470032409114,-0.0009983423563877443
mean,A,high,19.75,0.021233395194023272,-0.0011995250067406238
mean,A,high,20.0,0.020967151089089517,-0.0014009475579324557
mean,A,high,20.25,0.021045744288017733,-0.0018831250840308472
mean,A,high,20.5,0.02132287761018671,-0.002291338048059849
mean,A,high,20.75,0.021718956310941173,-0.00254876817751796
mean,A,high,21.0,0.02196230387530953,-0.0027313798789655105
mean,A,high,21.25,0.02274527023330334,-0.003019782292122244
mean,A,high,21.5,0.023959262150608826,-0.0033191461228428295
mean,A,high,21.75,0.02495927553700097,-0.003484750022987832
mean,A,high,22.0,0.026311920728163827,-0.0036368937697675227
mean,A,high,22.25,0.027401995144508643,-0.003556440307683078
mean,A,high,22.5,0.02858463916140081,-0.003583119005543769
mean,A,high,22.75,0.029974349084581003,-0.0032424814865690183
mean,A,high,23.0,0.031607312609162386,-0.003132852449346072
mean,A,high,23.25,0.03349497510843139,-0.003004246187446665
mean,A,high,23.5,0.03543545435118372,-0.0024981883830660786
mean,A,high,23.75,0.03766852218876706,-0.0023359431785920917
mean,A,high,24.0,0.03963940984510124,-0.0016411906934546085
mean,A,high,24.25,0.04164643168226715,-0.0011808853334013471
mean,A,high,24.5,0.042894184723830275,-0.0008340009614232409
mean,A,high,24.75,0.04455208212523378,-0.0004378872910971673
mean,A,high,25.0,0.04593886172448455,-0.0001435455323619829
mean,A,high,25.25,0.04611593073667553,0.00014597000447271567
mean,A,high,25.5,0.046126936702236485,0.00048019812371990215
mean,A,high,25.75,0.046001134264617806,0.0005192060425333252
mean,A,high,26.0,0.045849784912989855,0.000671464188690462
mean,A,high,26.25,0.04489756038995881,0.0007164979954100749
mean,A,high,26.5,0.04349571745940938,0.0009190008000390642
mean,A,high,26.75,0.040641499520979334,0.0007666336824984048
mean,A,high,27.0,0.038046801705469,0.0002087539241398837
mean,A,high,27.25,0.03452486072813124,-0.00032500242654014903
mean,A,high,27.5,0.02981325190184933,-0.000541144004462128
mean,A,high,27.75,0.024817655061210968,-0.00041927839810980747
mean,A,high,28.0,0.019722843939509554,-0.00016726944776415933
mean,A,high,28.25,0.014588829825116906,-7.878475323675316e-05
mean,A,high,28.5,0.009776889227407175,-6.33475961722763e-05
mean,A_new344,all,9.5,0.004767568391520074,-0.00011958633649211935
mean,A_new344,all,9.75,0.005460221305794786,-0.0001251550956092966
mean,A_new344,all,10.0,0.006207124941842097,-0.00012183474286649321
mean,A_new344,all,10.25,0.0071545593929708134,-0.00011943184112860008
mean,A_new344,all,10.5,0.008104938751465642,-0.00011788569233344848
mean,A_new344,all,10.75,0.009119752324897347,-0.00011296214270464875
mean,A_new344,all,11.0,0.010268897202660552,-0.00010948452661190917
mean,A_new344,all,11.25,0.011422103407640959,-0.00010257743465028366
mean,A_new344,all,11.5,0.012666556464428234,-9.83361940153591e-05
mean,A_new344,all,11.75,0.014013787845476954,-8.26153157071386e-05
mean,A_new344,all,12.0,0.015452770041291426,-8.120209995163239e-05
mean,A_new344,all,12.25,0.016772325792577137,-7.234946428353594e-05
mean,A_new344,all,12.5,0.018000860828398305,-6.806951254229271e-05
mean,A_new344,all,12.75,0.019190894112201838,-5.277053538189524e-05
mean,A_new344,all,13.0,0.020621534546440095,-3.790987148592564e-05
mean,A_new344,all,13.25,0.021821014435734892,-3.20868994841896e-05
mean,A_new344,all,13.5,0.023076585550865777,-8.100075608236023e-06
mean,A_new344,all,13.75,0.024339229919051752,-6.172173875222401e-06
mean,A_new344,all,14.0,0.025457231936126267,2.4422936282533425e-05
mean,A_new344,all,14.25,0.02641903417554882,4.484891376533485e-05
mean,A_new344,all,14.5,0.027193945268536076,4.842690931356181e-05
mean,A_new344,all,14.75,0.027879142469202145,5.994914053652048e-05
mean,A_new344,all,15.0,0.028393571574628358,6.588186966393455e-05
mean,A_new344,all,15.25,0.028809447108244013,6.545677421671253e-05
mean,A_new344,all,15.5,0.02909038661113565,8.215474530954096e-05
mean,A_new344,all,15.75,0.029262861637702267,7.40059935235155e-05
mean,A_new344,all,16.0,0.02912610090028053,7.353411153726942e-05
mean,A_new344,all,16.25,0.0288738148143065,3.878594240839442e-05
mean,A_new344,all,16.5,0.028645696123280807,4.129647318966407e-05
mean,A_new344,all,16.75,0.02839156138822475,4.254916784270154e-05
mean,A_new344,all,17.0,0.028015377039581842,3.0241298342056376e-05
mean,A_new344,all,17.25,0.027504207136527844,2.9281487914489488e-05
mean,A_new344,all,17.5,0.02710459169178064,3.209796739166081e-05
mean,A_new344,all,17.75,0.026675276872993814,2.4496300548180575e-05
mean,A_new344,all,18.0,0.026318731943273853,2.669330023599025e-05
mean,A_new344,all,18.25,0.02587095593158274,1.2027196766380885e-05
mean,A_new344,all,18.5,0.025509962669103138,-3.4906929168159244e-06
mean,A_new344,all,18.75,0.0254539932576643,-1.0049278136549677e-05
mean,A_new344,all,19.0,0.02554199706629102,3.7849678487436945e-06
mean,A_new344,all,19.25,0.025790449597939,-2.6265195013084315e-06
mean,A_new344,all,19.5,0.0259848484953741,-1.7902800039860785e-05
mean,A_new344,all,19.75,0.026731979117394944,-3.398228774740946e-05
mean,A_new344,all,20.0,0.027672923707373284,-5.805040490871365e-05
mean,A_new344,all,20.25,0.028955858392579432,-7.541308543173079e-05
mean,A_new344,all,20.5,0.030382135210883267,-7.449833553737392e-05
mean,A_new344,all,20.75,0.03187526278645232,-8.721760147691407e-05
mean,A_new344,all,21.0,0.03326429841856874,-0.00011128405388740075
mean,A_new344,all,21.25,0.0349209780633679,-0.0001339320702320288
mean,A_new344,all,21.5,0.036863403450024305,-0.00016800941202006314
mean,A_new344,all,21.75,0.038651731922952445,-0.00018623631467253523
mean,A_new344,all,22.0,0.040493000927997874,-0.0001955771279492129
mean,A_new344,all,22.25,0.04211307802632188,-0.0002158598829640763
mean,A_new344,all,22.5,0.043395738111081224,-0.0002200660001332016
mean,A_new344,all,22.75,0.04491736492274534,-0.0001808255783420548
mean,A_new344,all,23.0,0.04609221898938716,-0.00017662204367592318
mean,A_new344,all,23.25,0.047218095482872924,-0.0001547250613264493
mean,A_new344,all,23.5,0.048207327679089286,-0.00013697248375947312
mean,A_new344,all,23.75,0.04918493596417512,-0.00014158636889128687
mean,A_new344,all,24.0,0.049445197802300785,-0.00011885569152189929
mean,A_new344,all,24.25,0.04985899771680708,-7.714636686469419e-05
mean,A_new344,all,24.5,0.04953256568042718,-2.9732559061147558e-05
mean,A_new344,all,24.75,0.04907348082815821,4.2163142397802565e-06
mean,A_new344,all,25.0,0.048289119632354306,2.476914544309326e-05
mean,A_new344,all,25.25,0.047013509298297514,5.7933584047068774e-05
mean,A_new344,all,25.5,0.04538938077780275,0.00013753970479933733
mean,A_new344,all,25.75,0.043607961525624156,0.00018758648703253136
mean,A_new344,all,26.0,0.041538515717663635,0.0002301793249393362
mean,A_new344,all,26.25,0.03906019062668733,0.0002680577379735377
mean,A_new344,all,26.5,0.0360390979278062,0.0002591724856184792
mean,A_new344,all,26.75,0.0323279185025081,0.00024008509450869752
mean,A_new344,all,27.0,0.028450335111427097,0.00023350334520650791
mean,A_new344,all,27.25,0.024325935973158963,0.0002345960230729559
mean,A_new344,all,27.5,0.01977576226229702,0.00019016358876776948
mean,A_new344,all,27.75,0.015369401868587105,0.00014316389322371502
mean,A_new344,all,28.0,0.011257395693437786,0.00010608600172833038
mean,A_new344,all,28.25,0.007652102940777349,6.626317502971751e-05
mean,A_new344,all,28.5,0.004777685717632432,4.4547760196897014e-05
mean,A_new344,high,9.5,0.0009082035226876268,0.00010279342987802756
mean,A_new344,high,9.75,0.001061954006250258,0.00015743169638790327
mean,A_new344,high,10.0,0.0012981564017935001,0.00022776090144927815
mean,A_new344,high,10.25,0.0015659782910949585,0.0002586388918747638
mean,A_new344,high,10.5,0.001889292249568016,0.00032546559168532746
mean,A_new344,high,10.75,0.0022388009728783087,0.00033162006867242894
mean,A_new344,high,11.0,0.0027341182899258197,0.0003472911387791997
mean,A_new344,high,11.25,0.0032811166530889394,0.0004006154341350616
mean,A_new344,high,11.5,0.003960898880796662,0.00039598785538798363
mean,A_new344,high,11.75,0.004661261888521914,0.00044552755098252364
mean,A_new344,high,12.0,0.005535618559873128,0.000337497206134367
mean,A_new344,high,12.25,0.006435602956589798,0.00031786035036191325
mean,A_new344,high,12.5,0.007327967063324147,0.00026727692904201177
mean,A_new344,high,12.75,0.008489815747772668,0.0003005038891879856
mean,A_new344,high,13.0,0.009789847101903308,0.00030237003256724176
mean,A_new344,high,13.25,0.011135999310993145,0.0005061164041164068
mean,A_new344,high,13.5,0.012580478303289485,0.0006548703433190365
mean,A_new344,high,13.75,0.014050793797316942,0.000885336799162082
mean,A_new344,high,14.0,0.015598104582302557,0.0012223473119624673
mean,A_new344,high,14.25,0.01675903265101182,0.0013081520091476385
mean,A_new344,high,14.5,0.018025920568105525,0.0013727843690986012
mean,A_new344,high,14.75,0.019397099886923473,0.0014779857897872424
mean,A_new344,high,15.0,0.020483663111653665,0.0015279988442190608
mean,A_new344,high,15.25,0.021579700531095144,0.0015011698303752377
mean,A_new344,high,15.5,0.022707645709180702,0.001510577702660589
mean,A_new344,high,15.75,0.02387692956161695,0.0015104540314068574
mean,A_new344,high,16.0,0.024457895206771597,0.0012975208015058232
mean,A_new344,high,16.25,0.024958444365556356,0.0010391508251226722
mean,A_new344,high,16.5,0.025296375550639516,0.0007398842057835633
mean,A_new344,high,16.75,0.02562014288191854,0.0006258487903273208
mean,A_new344,high,17.0,0.025612738661105867,0.0004206223550280518
mean,A_new344,high,17.25,0.025470768166064476,0.0002564922912128389
mean,A_new344,high,17.5,0.02554103647721845,0.00010173946901044961
mean,A_new344,high,17.75,0.02539734627230096,-0.0001171638387086417
mean,A_new344,high,18.0,0.024917041815618806,-0.00020006136223653015
mean,A_new344,high,18.25,0.024406158090377175,-0.0003579644903297737
mean,A_new344,high,18.5,0.024079759265161683,-0.0005186398723620789
mean,A_new344,high,18.75,0.023516174689976414,-0.0006743139398964335
mean,A_new344,high,19.0,0.02293678207746635,-0.0006526895520951229
mean,A_new344,high,19.25,0.022579769982166688,-0.000765616041515123
mean,A_new344,high,19.5,0.021845110935478917,-0.0012123531304997514
mean,A_new344,high,19.75,0.021893825855834166,-0.0015041480834049868
mean,A_new344,high,20.0,0.021729223178181954,-0.0017263372392022965
mean,A_new344,high,20.25,0.02195408190120348,-0.00227169716547556
mean,A_new344,high,20.5,0.02228326791834362,-0.0026312347660268883
mean,A_new344,high,20.75,0.02263747932138427,-0.0028415445456055695
mean,A_new344,high,21.0,0.022701470534464148,-0.0029506143340265255
mean,A_new344,high,21.25,0.02331953748723682,-0.003099845793978376
mean,A_new344,high,21.5,0.02458639604515223,-0.003376523374506221
mean,A_new344,high,21.75,0.025509396001596754,-0.0035358591114455938
mean,A_new344,high,22.0,0.027085994765676354,-0.0037400736936019623
mean,A_new344,high,22.25,0.028233573990642073,-0.003633195404568576
mean,A_new344,high,22.5,0.029353003107327844,-0.00354086997349638
mean,A_new344,high,22.75,0.030886588301992268,-0.00324887278926024
mean,A_new344,high,23.0,0.032175057191261396,-0.003068911491512856
mean,A_new344,high,23.25,0.03397121876933345,-0.0027634089373853553
mean,A_new344,high,23.5,0.03577516486622772,-0.00220340366630378
mean,A_new344,high,23.75,0.0380068748374591,-0.002141904208076814
mean,A_new344,high,24.0,0.03962990293532204,-0.0015623662679383709
mean,A_new344,high,24.25,0.04133457259996465,-0.001058539591804811
mean,A_new344,high,24.5,0.042349221724285534,-0.0008063697276145687
mean,A_new344,high,24.75,0.04363764559117565,-0.0005633898401302248
mean,A_new344,high,25.0,0.04478777758364038,-0.0002962021303686581
mean,A_new344,high,25.25,0.044944961834679595,0.0001421790268275366
mean,A_new344,high,25.5,0.045104057697666365,0.0003555015471293664
mean,A_new344,high,25.75,0.04488256933046536,0.00037345733412955394
mean,A_new344,high,26.0,0.04523080724369739,0.0005949189068156403
mean,A_new344,high,26.25,0.044661486751749205,0.0009190888935513538
mean,A_new344,high,26.5,0.043444882878072556,0.0010845056620471022
mean,A_new344,high,26.75,0.041152292468523144,0.0007872884330657101
mean,A_new344,high,27.0,0.03840912127186569,0.00039399228734091085
mean,A_new344,high,27.25,0.03519724386671679,-0.00014893939147509947
mean,A_new344,high,27.5,0.03028600820837083,-0.0003902067195174669
mean,A_new344,high,27.75,0.025308079062689816,-0.0003727860737612844
mean,A_new344,high,28.0,0.0202039678024261,-7.785005373832696e-05
mean,A_new344,high,28.25,0.01490746208052922,1.790611235903215e-05
mean,A_new344,high,28.5,0.010093086948697998,-2.0356860891153444e-06
mean,C,all,9.5,0.004871922604220361,-6.989377319323032e-05
mean,C,all,9.75,0.005593451823260826,-8.117525996210967e-05
mean,C,all,10.0,0.006344462172191724,-8.525966547499624e-05
mean,C,all,10.25,0.0072996523818348045,-9.043318368013227e-05
mean,C,all,10.5,0.008370992071817974,-8.870993218122438e-05
mean,C,all,10.75,0.009463645426057064,-9.36926965305685e-05
mean,C,all,11.0,0.010756580183676803,-9.353072432779784e-05
mean,C,all,11.25,0.011974094598947127,-9.166477193938e-05
mean,C,all,11.5,0.013324410416248999,-8.478957152995434e-05
mean,C,all,11.75,0.014685758656154208,-6.910026641742356e-05
mean,C,all,12.0,0.016177070635915763,-6.119760428552599e-05
mean,C,all,12.25,0.01755060803056723,-4.7400279182415996e-05
mean,C,all,12.5,0.018901741824543388,-4.1114451780566557e-05
mean,C,all,12.75,0.020200922223722245,-3.8799170516953346e-05
mean,C,all,13.0,0.02159100870533373,-3.6615089895472516e-05
mean,C,all,13.25,0.022901989530614824,-3.5560513283173524e-05
mean,C,all,13.5,0.024159102858298066,-3.068869205677772e-06
mean,C,all,13.75,0.0255675930692267,-2.3323486782870005e-06
mean,C,all,14.0,0.02663450727083273,2.4765951292126467e-05
mean,C,all,14.25,0.027617888811748988,5.1417048616523546e-05
mean,C,all,14.5,0.02813478737846366,6.0994733264889365e-05
mean,C,all,14.75,0.028784944794356265,5.6902750536868066e-05
mean,C,all,15.0,0.029344813445609092,7.169175355156831e-05
mean,C,all,15.25,0.029675595465621128,8.275760058722285e-05
mean,C,all,15.5,0.030060832689045375,0.00010715121634332263
mean,C,all,15.75,0.030183990069973386,8.94290200409287e-05
mean,C,all,16.0,0.030255943091953945,9.027721796483282e-05
mean,C,all,16.25,0.030045575732690403,7.171201628641984e-05
mean,C,all,16.5,0.029935144760555577,7.340315149735e-05
mean,C,all,16.75,0.02988531088684676,4.991992440958388e-05
mean,C,all,17.0,0.029565708730179874,2.6344603135292825e-05
mean,C,all,17.25,0.029151014101621322,1.6795050007997063e-05
mean,C,all,17.5,0.028978321100093494,2.0259548133103677e-06
mean,C,all,17.75,0.028655554771339905,1.73922999929038e-05
mean,C,all,18.0,0.028543962091989672,2.348137117554891e-05
mean,C,all,18.25,0.02846700089907682,3.11855902227529e-05
mean,C,all,18.5,0.028446092407145095,4.4330879148178855e-05
mean,C,all,18.75,0.028841288959565493,3.975461560481868e-05
mean,C,all,19.0,0.029448888750055434,4.493050151609369e-05
mean,C,all,19.25,0.029676360422315043,4.6889706464089436e-05
mean,C,all,19.5,0.029995020156323497,2.3851415704193463e-05
mean,C,all,19.75,0.031163138885516386,-1.4468844988469992e-05
mean,C,all,20.0,0.03267910585586755,-8.378740367865126e-05
mean,C,all,20.25,0.03415730842312946,-0.0001194707634723163
mean,C,all,20.5,0.03578305666070035,-0.00013845624775853335
mean,C,all,20.75,0.03795459379481636,-0.00011571752278146244
mean,C,all,21.0,0.03960478432266714,-0.00014331410047650973
mean,C,all,21.25,0.04185469810429745,-0.00019913362257591464
mean,C,all,21.5,0.04411100111981681,-0.00020100601046845774
mean,C,all,21.75,0.04631029118933094,-0.0002279685762388001
mean,C,all,22.0,0.047615292013012143,-0.00023299578156890785
mean,C,all,22.25,0.04958361225020777,-0.000244718020022154
mean,C,all,22.5,0.05206333698751229,-0.00024993357890755626
mean,C,all,22.75,0.053744019263827936,-0.0002050331985567129
mean,C,all,23.0,0.055280872370097295,-0.00018811533776114925
mean,C,all,23.25,0.05684268026852142,-0.00012232576019378363
mean,C,all,23.5,0.058733801149002486,-3.7451047275864095e-05
mean,C,all,23.75,0.06097114937510145,3.669374335431518e-05
mean,C,all,24.0,0.06337546104411329,4.259718385429171e-05
mean,C,all,24.25,0.0643876442810975,9.448155198838545e-05
mean,C,all,24.5,0.06447740549945667,0.00030046538306517434
mean,C,all,24.75,0.061166501234568155,0.00019547936486865317
mean,C,all,25.0,0.05551564074324365,0.00018781033274142627
mean,C,all,25.25,0.0502403701840037,8.545681723887166e-05
mean,C,all,25.5,0.04427130560269977,0.0001781554909430889
mean,C,all,25.75,0.040098260031859054,0.000216041159206955
mean,C,all,26.0,0.03658296853070057,0.00016840747841873367
mean,C,all,26.25,0.033629640009611675,0.00020975377504784467
mean,C,all,26.5,0.03034736584916284,0.00019018059805556885
mean,C,all,26.75,0.02690361441993199,0.00020398609628358556
mean,C,all,27.0,0.023158618929432277,0.0001887978959488421
mean,C,all,27.25,0.019014228185604675,0.00016806891106248116
mean,C,all,27.5,0.014983846498822024,0.00014607137333215293
mean,C,all,27.75,0.011272716207477256,0.0001134449802501924
mean,C,all,28.0,0.00789949495031865,8.037446661502139e-05
mean,C,all,28.25,0.005145613113605183,5.4541647583517916e-05
mean,C,all,28.5,0.0030774365362291624,3.6560399815214236e-05
mean,C,high,9.5,0.0010341264945159059,0.0002633630011450137
mean,C,high,9.75,0.001183396317923744,0.00029749895834322004
mean,C,high,10.0,0.0013718664218030426,0.0003514122805290206
mean,C,high,10.25,0.0015913943227099704,0.0003592876423140742
mean,C,high,10.5,0.001926335117252592,0.00040693677470421625
mean,C,high,10.75,0.00228779238971773,0.00043073434574703804
mean,C,high,11.0,0.0027817491109935356,0.0004296564167461086
mean,C,high,11.25,0.003281686245215152,0.00045415774977049673
mean,C,high,11.5,0.003938386148853569,0.0003948853334007029
mean,C,high,11.75,0.004743286553938982,0.00035475896937986
mean,C,high,12.0,0.005678253402785897,0.00026842285164278677
mean,C,high,12.25,0.006647272163351516,0.00029486759218670373
mean,C,high,12.5,0.007598390747924867,0.0002603744079166039
mean,C,high,12.75,0.008852382837194653,0.0002973079793048576
mean,C,high,13.0,0.010248991036093728,0.00034879477326613904
mean,C,high,13.25,0.011654463786022626,0.000546807339120571
mean,C,high,13.5,0.013183041934642325,0.0006745611096170452
mean,C,high,13.75,0.014848406789845664,0.0008937649279581823
mean,C,high,14.0,0.01633270524637748,0.001214010446824154
mean,C,high,14.25,0.01767492751583117,0.001265099319986131
mean,C,high,14.5,0.018746580987472398,0.0012925199546448627
mean,C,high,14.75,0.019988690440764616,0.0015115637624555428
mean,C,high,15.0,0.021262897396234888,0.0016925928362324742
mean,C,high,15.25,0.022297256284597635,0.0016183133552993328
mean,C,high,15.5,0.023556438807459796,0.0016298687167889774
mean,C,high,15.75,0.024438072372847234,0.0016977386048735818
mean,C,high,16.0,0.02497817759785654,0.001484162091823951
mean,C,high,16.25,0.02560888627143588,0.0011242149638108704
mean,C,high,16.5,0.026240851513455867,0.0010399765174220288
mean,C,high,16.75,0.026694607365384194,0.0008431086584709562
mean,C,high,17.0,0.026610815986088367,0.00060477752045013
mean,C,high,17.25,0.026350328575052893,0.00043925186610740345
mean,C,high,17.5,0.026552407608655255,0.0001318705098772961
mean,C,high,17.75,0.02651984150177595,8.441448692655564e-05
mean,C,high,18.0,0.026229091831025182,-3.742278603050268e-05
mean,C,high,18.25,0.0259592719132353,-0.00018830746737791268
mean,C,high,18.5,0.025745102351851283,-0.00022436939135720807
mean,C,high,18.75,0.025348593334084943,-0.00023271767955520384
mean,C,high,19.0,0.025226593496226,-0.00012194422686055681
mean,C,high,19.25,0.024546934824152246,-0.0005678895668407257
mean,C,high,19.5,0.02386995887331783,-0.000879456992209616
mean,C,high,19.75,0.023804484627513223,-0.0013787064755276756
mean,C,high,20.0,0.023428218298769395,-0.0017202029423748586
mean,C,high,20.25,0.023864119333249972,-0.0022710189666444976
mean,C,high,20.5,0.024016659641964005,-0.003171291911682634
mean,C,high,20.75,0.025506409093864188,-0.003623309252045639
mean,C,high,21.0,0.025737367129963745,-0.0036924877151635204
mean,C,high,21.25,0.027439533456514918,-0.0038795042368482127
mean,C,high,21.5,0.028478714863840706,-0.0043899022626826415
mean,C,high,21.75,0.02946114626239764,-0.004535711291153224
mean,C,high,22.0,0.03136141335338445,-0.004219742645284191
mean,C,high,22.25,0.03266037444903609,-0.0043553768978348605
mean,C,high,22.5,0.035075432109401034,-0.004361765941327534
mean,C,high,22.75,0.03808124867765107,-0.004079760515003973
mean,C,high,23.0,0.04048988504637334,-0.004394049051038057
mean,C,high,23.25,0.04428345976791274,-0.0037469439540999652
mean,C,high,23.5,0.04717937521680448,-0.00431513526795297
mean,C,high,23.75,0.051643556344181725,-0.0029139573158956018
mean,C,high,24.0,0.056683387564206905,-0.0011511415806816571
mean,C,high,24.25,0.06167138147906991,0.0008592699052692308
mean,C,high,24.5,0.06649797160631188,0.00032537128525384835
mean,C,high,24.75,0.06676775171588238,0.00036023403056734436
mean,C,high,25.0,0.06351249115141895,0.0010799436008359121
mean,C,high,25.25,0.05828130543028319,0.0018878345554765865
mean,C,high,25.5,0.0508019420332231,0.0017397478702281788
mean,C,high,25.75,0.046831438245185764,-7.790636306508816e-05
mean,C,high,26.0,0.04387550928175079,-0.0010460352816369066
mean,C,high,26.25,0.04350189206288478,-0.0011256351855888297
mean,C,high,26.5,0.04178003288631331,-0.0009568703344222248
mean,C,high,26.75,0.03964846170285539,-0.0010842602727636277
mean,C,high,27.0,0.036362600949536895,-0.001289840370351705
mean,C,high,27.25,0.0322384211822523,-0.0011956711769738888
mean,C,high,27.5,0.02711612301160525,-0.0012657898757163979
mean,C,high,27.75,0.021596934514396985,-0.0008680462537035877
mean,C,high,28.0,0.01588221198606761,-0.0003950252121596923
mean,C,high,28.25,0.010629055995600939,-0.0003030269468695243
mean,C,high,28.5,0.006530277939164259,-9.30306794779544e-05
simple,A,all,9.5,0.001182178334913126,-9.579114350285437e-05
simple,A,all,9.75,0.0013362376329488443,-0.00012595886155984537
simple,A,all,10.0,0.0014983907594171377,-0.00014980799308352523
simple,A,all,10.25,0.0016583575973895654,-0.00014656625717698725
simple,A,all,10.5,0.0017992525236557068,-0.00014273210410681617
simple,A,all,10.75,0.001993583109135955,-0.0001418689916528906
simple,A,all,11.0,0.002231643672912651,-0.0001448592418328827
simple,A,all,11.25,0.0025007006296918054,-0.00014818318761667578
simple,A,all,11.5,0.0026183672310953706,-0.00012937365896726773
simple,A,all,11.75,0.002869619643757429,-0.00010622631806246865
simple,A,all,12.0,0.0031569353616296585,-0.00011027793184552258
simple,A,all,12.25,0.003464647656327265,-0.0001344486903350114
simple,A,all,12.5,0.003921650923315765,-0.00014972868760364255
simple,A,all,12.75,0.0041847685270534245,-0.0001304269625903826
simple,A,all,13.0,0.004491230678925417,-0.0001320218355924706
simple,A,all,13.25,0.0046886786141153245,-0.00015375456786817946
simple,A,all,13.5,0.0049691141500509284,-0.00013938448965696037
simple,A,all,13.75,0.005209919791227355,-0.00013814085017607172
simple,A,all,14.0,0.005559680963175323,-0.00011206600005833751
simple,A,all,14.25,0.005922801780472193,-0.00010469790382962423
simple,A,all,14.5,0.006199758873244677,-8.522987446161955e-05
simple,A,all,14.75,0.006536675078281556,-4.812012154714316e-05
simple,A,all,15.0,0.0067494299231596255,-8.327518339993164e-06
simple,A,all,15.25,0.007094235199248559,-1.0359549911405348e-05
simple,A,all,15.5,0.0074090206512862165,-1.280377095265611e-05
simple,A,all,15.75,0.007546219442011654,-1.7887517436884603e-05
simple,A,all,16.0,0.007756204505430422,-1.6732974979669985e-05
simple,A,all,16.25,0.008019492470973121,-4.422941421671541e-05
simple,A,all,16.5,0.00822323884292534,-4.007303371031008e-05
simple,A,all,16.75,0.008521336957414409,-2.0166689667008733e-05
simple,A,all,17.0,0.008863496296425839,-4.975496850409502e-05
simple,A,all,17.25,0.00904379762556251,-6.076263546660423e-05
simple,A,all,17.5,0.009147546046377159,-3.668649839962392e-05
simple,A,all,17.75,0.00942619698827536,-5.3534310898198387e-05
simple,A,all,18.0,0.009584189899526432,-3.044635310469384e-05
simple,A,all,18.25,0.00956592074276515,-3.923631126538225e-05
simple,A,all,18.5,0.009667377294162652,-6.836029758526183e-05
simple,A,all,18.75,0.010006212826075275,-4.3206108830068024e-05
simple,A,all,19.0,0.01031757982893529,-4.31775020965709e-05
simple,A,all,19.25,0.010445652126852818,-7.42061797381823e-05
simple,A,all,19.5,0.01073948661422447,-0.00010979530354011687
simple,A,all,19.75,0.010656873026134741,-0.0001082094604993768
simple,A,all,20.0,0.01084607712061801,-0.00012084904858507399
simple,A,all,20.25,0.011325270119580611,-0.00010386123486886267
simple,A,all,20.5,0.011631787210385526,-0.00011962911997435062
simple,A,all,20.75,0.01171761790170083,-0.00010122248789219317
simple,A,all,21.0,0.011732653274277659,-0.00010692739024298699
simple,A,all,21.25,0.012001572298988728,-0.0001438968461513843
simple,A,all,21.5,0.012215227050710641,-0.00018604784046294943
simple,A,all,21.75,0.011974251208141471,-0.0001527381377579929
simple,A,all,22.0,0.012148809015783297,-0.00015917693973567501
simple,A,all,22.25,0.012206039981847291,-0.00013241293641675622
simple,A,all,22.5,0.012399546843465977,-0.000133736802439536
simple,A,all,22.75,0.012744572610906169,-0.00011985705308992607
simple,A,all,23.0,0.012429479906765904,-7.309778109840005e-05
simple,A,all,23.25,0.012425142487587389,-4.0905417072000426e-05
simple,A,all,23.5,0.012647082154960616,-3.2658997945567706e-05
simple,A,all,23.75,0.0127410186291167,-7.46957620003732e-05
simple,A,all,24.0,0.012882827861497841,-8.059313499298162e-05
simple,A,all,24.25,0.012943122522988612,-5.2816105341673444e-05
simple,A,all,24.5,0.01312533483721499,-3.1002053536032336e-05
simple,A,all,24.75,0.013016465910563475,5.168723263054571e-06
simple,A,all,25.0,0.01315642230696582,-1.6362636726221766e-05
simple,A,all,25.25,0.013325906289664551,-1.5933467470659865e-06
simple,A,all,25.5,0.013059999978174733,7.362801260427684e-05
simple,A,all,25.75,0.012837056909014136,0.00013904675450279787
simple,A,all,26.0,0.012252209028514755,0.00020128300748719282
simple,A,all,26.25,0.011405542198579062,0.00016503700305162141
simple,A,all,26.5,0.010710613059170279,0.00019284054716117648
simple,A,all,26.75,0.010151780232870401,0.00017788793462335858
simple,A,all,27.0,0.008987094453648634,0.00022405302153539875
simple,A,all,27.25,0.0079289461103482,0.00022151178809898478
simple,A,all,27.5,0.006630223201507245,0.00018484830098256
simple,A,all,27.75,0.005348341579560385,0.00019234111696666024
simple,A,all,28.0,0.004127220863099565,0.0002089961778618555
simple,A,all,28.25,0.0030925307942509454,0.0001912378873252367
simple,A,all,28.5,0.00201558305844029,0.00017540920137635723
simple,A,high,9.5,0.00035431964236716854,-4.8492168632859645e-05
simple,A,high,9.75,0.0003940235775891998,-8.886044332096461e-05
simple,A,high,10.0,0.00047440930049768453,-8.108509360699459e-05
simple,A,high,10.25,0.0005876286589954104,-9.88627504534301e-05
simple,A,high,10.5,0.0006937260523581374,-8.796050274429764e-05
simple,A,high,10.75,0.0007997975283098935,-9.960161200714665e-05
simple,A,high,11.0,0.0008851859813303831,-0.00013314097484072094
simple,A,high,11.25,0.0010668879535942833,-6.028214822847875e-05
simple,A,high,11.5,0.0012479108519574044,4.0268259877912126e-05
simple,A,high,11.75,0.0014572851248067283,4.3287270399668016e-05
simple,A,high,12.0,0.001650458084009554,-5.7568873027522435e-05
simple,A,high,12.25,0.0018913939518785201,-0.00013441933570622472
simple,A,high,12.5,0.0022122026462772088,-0.0001705410538779015
simple,A,high,12.75,0.0025555040708528103,-0.00017512160134397606
simple,A,high,13.0,0.0027110001666770882,-0.00022730728519201223
simple,A,high,13.25,0.0029626636626818802,-0.00021871812945292637
simple,A,high,13.5,0.003120436269013149,-0.00012490347065938884
simple,A,high,13.75,0.0035115777154565964,-1.7285186564933283e-05
simple,A,high,14.0,0.0038021020709084895,0.00033275390582889527
simple,A,high,14.25,0.0040768058496826656,0.0003144787833997026
simple,A,high,14.5,0.004416861051950963,0.0003592837194850707
simple,A,high,14.75,0.004718544266043178,0.00021071466958493733
simple,A,high,15.0,0.004743075378629417,0.0001766355891011876
simple,A,high,15.25,0.005025013404684944,0.00018845402126700688
simple,A,high,15.5,0.0054984085243691295,6.257548869464704e-06
simple,A,high,15.75,0.005854707367677087,3.4064038957121374e-05
simple,A,high,16.0,0.005952811499640546,-0.00026949215083988277
simple,A,high,16.25,0.006166210460526457,-0.0003099727917853718
simple,A,high,16.5,0.006337341233386709,-0.0005940066465622666
simple,A,high,16.75,0.006547248857500235,-0.0005515541260689643
simple,A,high,17.0,0.006772652800191309,-0.0007319201552033955
simple,A,high,17.25,0.007175204493287883,-0.0005493985117479255
simple,A,high,17.5,0.007383982241260407,-0.000600920901256952
simple,A,high,17.75,0.007747199680856205,-0.0007790283520443484
simple,A,high,18.0,0.007843881619180643,-0.0006766923532199102
simple,A,high,18.25,0.007880707350538783,-0.0004064002571157095
simple,A,high,18.5,0.008178998916811892,-0.0005680558227773107
simple,A,high,18.75,0.008557168136172737,-0.0005747186005113935
simple,A,high,19.0,0.00878330808425091,-0.00035355839456201275
simple,A,high,19.25,0.008912768049157548,-0.00016042567692938492
simple,A,high,19.5,0.009143395767030299,-0.0006214499341753357
simple,A,high,19.75,0.009287728103110623,-0.0006790542176546249
simple,A,high,20.0,0.009265871914447835,-0.0009345327142683992
simple,A,high,20.25,0.00937794830544558,-0.0011445895299218292
simple,A,high,20.5,0.010020284606056003,-0.0012324800407763393
simple,A,high,20.75,0.010191766036912225,-0.0012253701786575214
simple,A,high,21.0,0.010525529978013459,-0.0011494366106750895
simple,A,high,21.25,0.010481972962460978,-0.0009558990486624368
simple,A,high,21.5,0.010506939415331071,-0.0011107988499261864
simple,A,high,21.75,0.010307272741655901,-0.0009760769288836671
simple,A,high,22.0,0.010881771143928933,-0.0012541187259689172
simple,A,high,22.25,0.01115682997107277,-0.0010796421789403686
simple,A,high,22.5,0.011473629295137825,-0.0008890056619081455
simple,A,high,22.75,0.01152558019321399,-0.0006204844346730645
simple,A,high,23.0,0.011442577902974607,-0.0004270820517170809
simple,A,high,23.25,0.011559755879227966,-0.00013970401272815083
simple,A,high,23.5,0.011691684823488167,0.0001739479431086687
simple,A,high,23.75,0.011736886946493684,-7.701102311486767e-05
simple,A,high,24.0,0.012290282974437999,-9.205418676346885e-05
simple,A,high,24.25,0.012771929380414939,6.741271314191287e-05
simple,A,high,24.5,0.0128791118466594,-0.0003910471901907844
simple,A,high,24.75,0.013055587519325495,-0.0006399713883591941
simple,A,high,25.0,0.013531215034958752,-0.000478917676136715
simple,A,high,25.25,0.013760292953398234,7.013898765313047e-05
simple,A,high,25.5,0.014019948941095808,0.0002956638931539998
simple,A,high,25.75,0.013714443576170764,0.0004238845958073459
simple,A,high,26.0,0.014030247876137053,0.0004498790888930699
simple,A,high,26.25,0.013657678783346859,0.000984811639482862
simple,A,high,26.5,0.01293500931400247,0.0005826003177463726
simple,A,high,26.75,0.012526264003023733,-0.00020572063403069576
simple,A,high,27.0,0.011446298119337759,0.00020196466792400067
simple,A,high,27.25,0.01070056117445624,0.00017838303365783312
simple,A,high,27.5,0.00933081664789525,0.00015337186829552003
simple,A,high,27.75,0.007782648099535197,-2.7314091086052532e-05
simple,A,high,28.0,0.006192781175818336,0.0001864382652609214
simple,A,high,28.25,0.005062895634708379,0.00035681666439895434
simple,A,high,28.5,0.0037749758987435686,0.0003645188887963841
simple,A_new344,all,9.5,0.0014889791450189566,-0.00012389987412838717
simple,A_new344,all,9.75,0.0016700016137439972,-0.00015983821684017763
simple,A_new344,all,10.0,0.001856752470551095,-0.0001872062037677323
simple,A_new344,all,10.25,0.0020466089725418813,-0.00018005729462331458
simple,A_new344,all,10.5,0.0022218122306060504,-0.0001739346291738631
simple,A_new344,all,10.75,0.002469559416227554,-0.0001717281755148269
simple,A_new344,all,11.0,0.002747269253721893,-0.00017173165923389986
simple,A_new344,all,11.25,0.003094482985004945,-0.0001736367331262524
simple,A_new344,all,11.5,0.003236237037835175,-0.00015055053292989984
simple,A_new344,all,11.75,0.0035632596599367472,-0.00011650118798132305
simple,A_new344,all,12.0,0.003903488910560677,-0.00012446777662633655
simple,A_new344,all,12.25,0.004265152623958043,-0.00015344221199114393
simple,A_new344,all,12.5,0.004840499038744744,-0.0001683042219724663
simple,A_new344,all,12.75,0.005173254214096837,-0.00014819575134173817
simple,A_new344,all,13.0,0.005547409995991923,-0.0001512402492289914
simple,A_new344,all,13.25,0.005802550219173308,-0.00018026431982976225
simple,A_new344,all,13.5,0.006180733398309769,-0.00015975438169561865
simple,A_new344,all,13.75,0.0065162309944178385,-0.00016324625517949486
simple,A_new344,all,14.0,0.006948633967988784,-0.0001266471578851259
simple,A_new344,all,14.25,0.007357818043757372,-0.00011805815765730305
simple,A_new344,all,14.5,0.007726340200975373,-0.00010099129268636528
simple,A_new344,all,14.75,0.008121239125553601,-5.356419088800589e-05
simple,A_new344,all,15.0,0.008396436808946606,-2.7442891883813786e-06
simple,A_new344,all,15.25,0.008840593060542063,-1.0207672533514544e-05
simple,A_new344,all,15.5,0.009251944935508516,-8.690317044353303e-06
simple,A_new344,all,15.75,0.0094541885910496,-1.8224040457875687e-05
simple,A_new344,all,16.0,0.009713276579362029,-1.75051145081098e-05
simple,A_new344,all,16.25,0.010066163374263653,-5.049512607668698e-05
simple,A_new344,all,16.5,0.010296189524971173,-4.918191276346349e-05
simple,A_new344,all,16.75,0.010632395857893433,-2.0489708751344713e-05
simple,A_new344,all,17.0,0.011091442906218553,-5.88296032470279e-05
simple,A_new344,all,17.25,0.011284418041958812,-6.86634631117622e-05
simple,A_new344,all,17.5,0.01140617825597553,-4.145517970954962e-05
simple,A_new344,all,17.75,0.011767899198452704,-6.1086429079972e-05
simple,A_new344,all,18.0,0.011996616138419266,-3.204976932828878e-05
simple,A_new344,all,18.25,0.01198213692289936,-4.365046852728648e-05
simple,A_new344,all,18.5,0.012047723052080267,-8.36888036260171e-05
simple,A_new344,all,18.75,0.012464498465424445,-4.995464758340371e-05
simple,A_new344,all,19.0,0.012857110146499682,-5.590472784932911e-05
simple,A_new344,all,19.25,0.012965389494445074,-9.503491279206128e-05
simple,A_new344,all,19.5,0.01333952765769941,-0.00013794771817078662
simple,A_new344,all,19.75,0.013346084060856193,-0.00013293003929183925
simple,A_new344,all,20.0,0.013588510800624289,-0.00014787436350137425
simple,A_new344,all,20.25,0.014080217682034497,-0.00012597422378800557
simple,A_new344,all,20.5,0.014451487673129797,-0.0001447930380151809
simple,A_new344,all,20.75,0.014498850532319201,-0.00012354321704254913
simple,A_new344,all,21.0,0.01443367620448743,-0.00012059152282171206
simple,A_new344,all,21.25,0.014790703625415316,-0.00016004326567931247
simple,A_new344,all,21.5,0.015031281452721222,-0.0002174807799624415
simple,A_new344,all,21.75,0.01473663625896407,-0.00017584084268540572
simple,A_new344,all,22.0,0.015025777975352322,-0.0001817178316587737
simple,A_new344,all,22.25,0.01506594993572259,-0.00014334963163865983
simple,A_new344,all,22.5,0.015248106271305727,-0.00014126119917804727
simple,A_new344,all,22.75,0.01580392725936086,-0.0001281045060300612
simple,A_new344,all,23.0,0.015399366003823522,-7.560198564713346e-05
simple,A_new344,all,23.25,0.015527631312125732,-3.146676256616721e-05
simple,A_new344,all,23.5,0.015783252902778228,-3.1296014240030474e-05
simple,A_new344,all,23.75,0.01581463072022844,-8.677343825945786e-05
simple,A_new344,all,24.0,0.01600731182770511,-9.79281585863582e-05
simple,A_new344,all,24.25,0.01602119169264924,-6.339862658188591e-05
simple,A_new344,all,24.5,0.016303276793401683,-3.0999162017851066e-05
simple,A_new344,all,24.75,0.016065647833444267,5.381938372269917e-06
simple,A_new344,all,25.0,0.016373469084606188,-2.4882806733146367e-05
simple,A_new344,all,25.25,0.016463143360558517,-1.8920830333777943e-05
simple,A_new344,all,25.5,0.016188699159596573,7.370310638787595e-05
simple,A_new344,all,25.75,0.01584790753568694,0.00014808818310596094
simple,A_new344,all,26.0,0.015221673970410668,0.00023597461060719424
simple,A_new344,all,26.25,0.014251161036145795,0.00019320631898983497
simple,A_new344,all,26.5,0.013336671448717377,0.00022463003636049184
simple,A_new344,all,26.75,0.012598570917938413,0.00020858048077686758
simple,A_new344,all,27.0,0.011274985778540718,0.0002724812235824442
simple,A_new344,all,27.25,0.00994305501924821,0.0002708607165273691
simple,A_new344,all,27.5,0.008299522037871529,0.00022740138758693828
simple,A_new344,all,27.75,0.0067105940805881085,0.00023611416258571366
simple,A_new344,all,28.0,0.00512433842728791,0.00025696419710731787
simple,A_new344,all,28.25,0.0038489602422839384,0.00023683159428203557
simple,A_new344,all,28.5,0.002520250957778809,0.00021675203646615395
simple,A_new344,high,9.5,0.0004630904631765657,-6.90211189231978e-05
simple,A_new344,high,9.75,0.00051206827775728,-0.00011509234327465856
simple,A_new344,high,10.0,0.000606557909632303,-0.00010146085880765803
simple,A_new344,high,10.25,0.0007329863999609009,-0.00012510686267207095
simple,A_new344,high,10.5,0.0008609117592359332,-0.00010931541822122572
simple,A_new344,high,10.75,0.0009863415186829978,-0.00012342675393142556
simple,A_new344,high,11.0,0.0010934501430774428,-0.0001732187049361034
simple,A_new344,high,11.25,0.0013196822166383281,-8.898385368331158e-05
simple,A_new344,high,11.5,0.0015185631338007915,3.969938298742344e-05
simple,A_new344,high,11.75,0.0017731151844729636,4.8418756130935055e-05
simple,A_new344,high,12.0,0.002008205705673905,-0.00010510264142716953
simple,A_new344,high,12.25,0.0022932557528205656,-0.0002160652924815977
simple,A_new344,high,12.5,0.002721269753741831,-0.0002305996865508823
simple,A_new344,high,12.75,0.0031497630546092233,-0.00024036622177996602
simple,A_new344,high,13.0,0.003324027926991406,-0.0002973802796159777
simple,A_new344,high,13.25,0.0035962516652992345,-0.00025638642495724056
simple,A_new344,high,13.5,0.00378636635379922,-0.0001650622328754171
simple,A_new344,high,13.75,0.004296915656712889,-2.7952516603562367e-05
simple,A_new344,high,14.0,0.004676068717342495,0.00041617037968775156
simple,A_new344,high,14.25,0.005002490331968762,0.00038284885638455575
simple,A_new344,high,14.5,0.00545663264720712,0.00044243055407398066
simple,A_new344,high,14.75,0.005819401656802825,0.00028396557834476163
simple,A_new344,high,15.0,0.005852196538986269,0.00025861634048907
simple,A_new344,high,15.25,0.00621145537930736,0.0002568037410032004
simple,A_new344,high,15.5,0.006805978984500783,4.098383343759198e-05
simple,A_new344,high,15.75,0.007331241923124356,6.465772928171591e-05
simple,A_new344,high,16.0,0.00737287371001288,-0.00027658193571869087
simple,A_new344,high,16.25,0.007640109729979812,-0.00033248653823909257
simple,A_new344,high,16.5,0.007826631920027076,-0.0007345066839277676
simple,A_new344,high,16.75,0.008095936134446322,-0.0006446179540434606
simple,A_new344,high,17.0,0.00841242621047119,-0.0008932876682988917
simple,A_new344,high,17.25,0.008865030099739164,-0.0006753556338829236
simple,A_new344,high,17.5,0.00910037798632157,-0.0007397958776445241
simple,A_new344,high,17.75,0.009692914107450601,-0.0009762921329893966
simple,A_new344,high,18.0,0.00977542031079132,-0.0008557740451573781
simple,A_new344,high,18.25,0.009840879277526643,-0.0005635631276280018
simple,A_new344,high,18.5,0.010230515085293074,-0.0008287228265545877
simple,A_new344,high,18.75,0.010755417240266586,-0.0008352583692816559
simple,A_new344,high,19.0,0.010975690528613118,-0.0004527529835201184
simple,A_new344,high,19.25,0.011202554600884523,-0.00018572685207375085
simple,A_new344,high,19.5,0.011540203424472002,-0.0008279769359117836
simple,A_new344,high,19.75,0.011798548666242331,-0.0009926854829370166
simple,A_new344,high,20.0,0.011776593474746567,-0.0012858408816768916
simple,A_new344,high,20.25,0.011739500172421855,-0.0015697570614192976
simple,A_new344,high,20.5,0.012570838931939035,-0.0016368796350577752
simple,A_new344,high,20.75,0.012766488884783284,-0.0016015356215034506
simple,A_new344,high,21.0,0.013218165533895083,-0.0014513984473586842
simple,A_new344,high,21.25,0.01301400685704773,-0.001150514621265122
simple,A_new344,high,21.5,0.013177469577365694,-0.0012780120878687084
simple,A_new344,high,21.75,0.012737495696379076,-0.0011472127672326256
simple,A_new344,high,22.0,0.013549637135734467,-0.0014547883637715192
simple,A_new344,high,22.25,0.013840037915419753,-0.0012196264400989763
simple,A_new344,high,22.5,0.014139689013853086,-0.0009331603820348417
simple,A_new344,high,22.75,0.01440510404926025,-0.0006931970615250817
simple,A_new344,high,23.0,0.014101268061074868,-0.00042079583594832067
simple,A_new344,high,23.25,0.014473680353268068,-5.0511753341613815e-06
simple,A_new344,high,23.5,0.014678534335894564,0.0003897932066382208
simple,A_new344,high,23.75,0.014746518382241683,7.334448051716841e-05
simple,A_new344,high,24.0,0.01562694144122834,2.9031132818051e-05
simple,A_new344,high,24.25,0.016029768464492177,0.0002608495013913654
simple,A_new344,high,24.5,0.016204490587599173,-0.0002518348188355705
simple,A_new344,high,24.75,0.016216072291706973,-0.0006404178864320212
simple,A_new344,high,25.0,0.016927353788171565,-0.0004917420904980863
simple,A_new344,high,25.25,0.017029471442523633,0.00017728673311890542
simple,A_new344,high,25.5,0.017235992269806506,0.00031259673287551776
simple,A_new344,high,25.75,0.01671458361125133,0.0004078887663543982
simple,A_new344,high,26.0,0.017353053965157662,0.000504221967173626
simple,A_new344,high,26.25,0.0168952234634212,0.001278428041340883
simple,A_new344,high,26.5,0.01602069323561589,0.0008451850258194405
simple,A_new344,high,26.75,0.015453223866362798,-8.981001021444841e-05
simple,A_new344,high,27.0,0.014369986758603692,0.00044431790463233997
simple,A_new344,high,27.25,0.013339647898403795,0.0003744481514824124
simple,A_new344,high,27.5,0.011619889016650604,0.0003198006753385238
simple,A_new344,high,27.75,0.009720983041611954,2.5215038350308438e-05
simple,A_new344,high,28.0,0.007602116273891726,0.00027834414193832847
simple,A_new344,high,28.25,0.006207917002815325,0.00047002576017428664
simple,A_new344,high,28.5,0.00473140172370629,0.00045909927308595704
simple,C,all,9.5,0.0013936406641463462,-9.826973848145935e-06
simple,C,all,9.75,0.0015800931922893603,-2.3066188173257293e-05
simple,C,all,10.0,0.0017529904025036776,-3.0906429220848024e-05
simple,C,all,10.25,0.001961454645739445,-2.956819131247627e-05
simple,C,all,10.5,0.002214594368695397,-2.3780552168717965e-05
simple,C,all,10.75,0.00236288166288622,-3.189085131163608e-05
simple,C,all,11.0,0.002634878093997572,-2.961632273103804e-05
simple,C,all,11.25,0.0029892206753595277,-3.8790715481365716e-05
simple,C,all,11.5,0.003169509998835859,-5.5353105491009066e-05
simple,C,all,11.75,0.0034175194824348025,-2.9382832178537818e-05
simple,C,all,12.0,0.0038147469821205246,-1.2128746299627872e-05
simple,C,all,12.25,0.004136418836407176,-1.6555449651947736e-05
simple,C,all,12.5,0.0047724106363320334,-2.96489452973946e-05
simple,C,all,12.75,0.005223080902666211,-1.1368118080147067e-06
simple,C,all,13.0,0.005669752414099569,-1.05814427733205e-06
simple,C,all,13.25,0.005956319388639276,1.3631195216326242e-06
simple,C,all,13.5,0.006280646322424292,3.7000798689194315e-05
simple,C,all,13.75,0.006683273682512059,2.2166331070791124e-05
simple,C,all,14.0,0.00719347139964595,3.8723539439115015e-05
simple,C,all,14.25,0.007593812918939755,5.970773313351398e-05
simple,C,all,14.5,0.007863557478565517,7.99320750600844e-05
simple,C,all,14.75,0.008330084958696268,0.00010317232804688452
simple,C,all,15.0,0.008672199307748095,0.0001283526782990264
simple,C,all,15.25,0.00910888433434314,0.00014959343533788068
simple,C,all,15.5,0.009691925833609477,0.00014798371558768941
simple,C,all,15.75,0.00999044203366571,8.5997893721449e-05
simple,C,all,16.0,0.01049354017137932,6.204294058563417e-05
simple,C,all,16.25,0.010882415383251109,1.2568334730665241e-05
simple,C,all,16.5,0.011179076101536903,2.2574167099041863e-05
simple,C,all,16.75,0.01150440744944542,2.8683335066504073e-06
simple,C,all,17.0,0.012009190885486591,-7.415043720843921e-05
simple,C,all,17.25,0.012363048088250674,-9.17915358518998e-05
simple,C,all,17.5,0.01261452665307119,-8.378771826058319e-05
simple,C,all,17.75,0.013095118091030969,-4.778886871300404e-05
simple,C,all,18.0,0.013485133419449853,-6.739799986277345e-06
simple,C,all,18.25,0.013957057506466381,9.616828140352296e-06
simple,C,all,18.5,0.014246504374399388,-2.936446554046906e-05
simple,C,all,18.75,0.015128082436678136,6.210197043159609e-06
simple,C,all,19.0,0.015798680961667054,-3.60157066551614e-05
simple,C,all,19.25,0.01585278165974049,-5.94099086932137e-05
simple,C,all,19.5,0.01642761578142012,-0.00010882177586422666
simple,C,all,19.75,0.016747705852272147,-0.0001519820975123734
simple,C,all,20.0,0.01737474861531497,-0.00018339435623066394
simple,C,all,20.25,0.01779382591359968,-0.00017256189093394674
simple,C,all,20.5,0.018707424800479294,-0.00020670568177858783
simple,C,all,20.75,0.019618721046447657,-0.00013902945471511296
simple,C,all,21.0,0.020035077679476297,-0.0001708350608224475
simple,C,all,21.25,0.020646019817946587,-0.0002247089322192134
simple,C,all,21.5,0.02113745452652014,-0.0002442976296172924
simple,C,all,21.75,0.02193802221474993,-0.00020180717639981438
simple,C,all,22.0,0.022041165010290555,-0.0001573032661077563
simple,C,all,22.25,0.02300018047865545,-0.00011052615463531053
simple,C,all,22.5,0.024068881177183338,-0.00012755549361366688
simple,C,all,22.75,0.024564312135140744,-0.00011835300414425922
simple,C,all,23.0,0.024438817713732502,-6.535340336804294e-05
simple,C,all,23.25,0.025974123202586026,2.347092239765895e-05
simple,C,all,23.5,0.027334872346304884,0.00011943377098120464
simple,C,all,23.75,0.028725884545017157,0.00020339008327907628
simple,C,all,24.0,0.03278184260681292,0.0001532918421531524
simple,C,all,24.25,0.03532249243877903,0.00012924494253876154
simple,C,all,24.5,0.03671677319984171,0.00025358155077269114
simple,C,all,24.75,0.034936001967383896,0.00014765466558405463
simple,C,all,25.0,0.033319935064666184,3.0927897059610305e-06
simple,C,all,25.25,0.03044693862190396,-0.00010698194322475908
simple,C,all,25.5,0.026603764481272444,-7.499976087279442e-05
simple,C,all,25.75,0.02356443380168476,0.0001463196464596019
simple,C,all,26.0,0.020472576596633166,0.000264044527114273
simple,C,all,26.25,0.018252232435414562,0.0002838856236343946
simple,C,all,26.5,0.01615491846966505,0.0003517927220918406
simple,C,all,26.75,0.013759434941022561,0.00034011627492004783
simple,C,all,27.0,0.011390584039634439,0.0003392940950432684
simple,C,all,27.25,0.008905298321029183,0.00024153772739222032
simple,C,all,27.5,0.006815191033358223,0.00013021446651785866
simple,C,all,27.75,0.005050206391570896,0.0001290483309664475
simple,C,all,28.0,0.0036235914199648574,0.0001032099458035528
simple,C,all,28.25,0.002516394353103682,0.00010296950201140068
simple,C,all,28.5,0.0015085765076357047,7.788370638044344e-05
simple,C,high,9.5,0.0004771867541077631,5.7770972028526894e-05
simple,C,high,9.75,0.0005410897175320594,3.364493364375411e-05
simple,C,high,10.0,0.0006687672611775945,8.195736515639326e-05
simple,C,high,10.25,0.0007734175670067207,5.6235940285734805e-05
simple,C,high,10.5,0.0008749649449095189,6.82110242228207e-05
simple,C,high,10.75,0.0010588274192983634,9.501409873813469e-05
simple,C,high,11.0,0.001114249531809651,1.7702700683308562e-05
simple,C,high,11.25,0.001301922666241773,0.00011842328395861805
simple,C,high,11.5,0.0014709899637144269,0.00017092037993723897
simple,C,high,11.75,0.0016780255225089542,0.0001090757910384791
simple,C,high,12.0,0.0018628557827197166,-1.280138431606366e-05
simple,C,high,12.25,0.0021526878642690248,-4.66630641648953e-05
simple,C,high,12.5,0.0025837892502597907,-3.377154115134938e-05
simple,C,high,12.75,0.0030358924980192397,-2.076719337579163e-05
simple,C,high,13.0,0.003311079551654534,-1.8389488694232802e-05
simple,C,high,13.25,0.00353512462302638,7.051964934142414e-05
simple,C,high,13.5,0.0036808658078419467,0.00016671521079327322
simple,C,high,13.75,0.004243126651336228,0.0002836922615044898
simple,C,high,14.0,0.004714488493532645,0.0007294543617685155
simple,C,high,14.25,0.00515329179703859,0.0006781562532279084
simple,C,high,14.5,0.005401862074165544,0.0006893162763407514
simple,C,high,14.75,0.005782980716075287,0.0005841464942209438
simple,C,high,15.0,0.005705517484631961,0.0005982207545375353
simple,C,high,15.25,0.006121518086870179,0.0006642487994733292
simple,C,high,15.5,0.0067330387858258985,0.00044294934807989183
simple,C,high,15.75,0.007316287201685388,0.0005143405262655322
simple,C,high,16.0,0.00758640715108516,0.00011091026306438119
simple,C,high,16.25,0.007982120651154175,-6.114131584605812e-05
simple,C,high,16.5,0.008245965192043776,-0.0003169653679123386
simple,C,high,16.75,0.008482756651272844,-0.00032940711073179975
simple,C,high,17.0,0.008703742007583792,-0.0006336224419653209
simple,C,high,17.25,0.009156661396204217,-0.00039978869736909237
simple,C,high,17.5,0.00952030483705645,-0.0006186598899429336
simple,C,high,17.75,0.009861721152324634,-0.000676293594331264
simple,C,high,18.0,0.009913648035056071,-0.0005681010648917626
simple,C,high,18.25,0.010254836541338496,-0.0002890585986875209
simple,C,high,18.5,0.010865647018431639,-0.0004410248527337203
simple,C,high,18.75,0.011317772970671871,-0.00023086050562160136
simple,C,high,19.0,0.012193211597588866,0.0002900881223891309
simple,C,high,19.25,0.012526310902569107,0.0002666881124727714
simple,C,high,19.5,0.012743719015830834,-0.00020533853722653534
simple,C,high,19.75,0.012677001907043713,-0.0005848345091902582
simple,C,high,20.0,0.012417539472103094,-0.0009286194742140267
simple,C,high,20.25,0.012612110711995476,-0.0011570148989311247
simple,C,high,20.5,0.013387988265616336,-0.0016747857705223558
simple,C,high,20.75,0.014697598752130735,-0.0017987898644443885
simple,C,high,21.0,0.015184409765023985,-0.0016817753506988
simple,C,high,21.25,0.01576415629312321,-0.0014065871853253104
simple,C,high,21.5,0.0158940174470588,-0.0017928959908826549
simple,C,high,21.75,0.016932085190883107,-0.0017537029815207622
simple,C,high,22.0,0.01830661640118705,-0.0016482754549678642
simple,C,high,22.25,0.019005540243291975,-0.0017802006636811892
simple,C,high,22.5,0.020014212017949957,-0.0015972375744609212
simple,C,high,22.75,0.020456345137966094,-0.0015068125039939847
simple,C,high,23.0,0.02023098751086985,-0.0017935553991775645
simple,C,high,23.25,0.022575093455653228,-0.0010999607834699852
simple,C,high,23.5,0.024416086350225366,-0.0019217054720239485
simple,C,high,23.75,0.02620647374138507,-0.0009426817641447743
simple,C,high,24.0,0.03129129880740195,-4.0736355268774175e-05
simple,C,high,24.25,0.03613128076393026,0.0015633920396012223
simple,C,high,24.5,0.03913311636490992,6.30106488305076e-05
simple,C,high,24.75,0.038863629909812396,-0.0007400533384623705
simple,C,high,25.0,0.04108326545133437,3.949375000028898e-05
simple,C,high,25.25,0.038489125278099404,0.001312751498271695
simple,C,high,25.5,0.034325523025261685,0.0011044362673866244
simple,C,high,25.75,0.03021532779088983,-0.0004895906172662533
simple,C,high,26.0,0.026410765359504002,-0.0011828539054991815
simple,C,high,26.25,0.024080238677427476,-0.0006357825477170179
simple,C,high,26.5,0.021908253931202777,-0.0009413493064572009
simple,C,high,26.75,0.019349480783406765,-0.0015857519426688157
simple,C,high,27.0,0.016531917781198977,-0.0009516716128279947
simple,C,high,27.25,0.013892442370581142,-0.0005341045630649138
simple,C,high,27.5,0.01092986121509368,-0.0006194717190824622
simple,C,high,27.75,0.008531458304838337,-0.0004775876509421307
simple,C,high,28.0,0.006346499809584513,-0.0001585406995032879
simple,C,high,28.25,0.004552410796107425,2.9322974238107317e-05
simple,C,high,28.5,0.0029663063673678355,0.00020772689509557826
variogram,A,all,9.5,0.0012005893050467552,-0.00015249217960460715
variogram,A,all,9.75,0.001353962872563255,-0.00018154590510254974
variogram,A,all,10.0,0.001510283108907954,-0.00021880701342986267
variogram,A,all,10.25,0.0016708492079210173,-0.0002215464142006347
variogram,A,all,10.5,0.0018025633291579198,-0.0002209654655493054
variogram,A,all,10.75,0.0020004936109345255,-0.0002274037520696759
variogram,A,all,11.0,0.0022241900046640075,-0.00022276287504651384
variogram,A,all,11.25,0.0024929858930306335,-0.00023855132630238815
variogram,A,all,11.5,0.0025993876807377217,-0.0002267123661698507
variogram,A,all,11.75,0.00284592168007924,-0.0001900924721357824
variogram,A,all,12.0,0.003118909697364357,-0.00018442068384793086
variogram,A,all,12.25,0.003425604700653088,-0.0002099164612050408
variogram,A,all,12.5,0.0038823424298408474,-0.00021407460548822507
variogram,A,all,12.75,0.004151554075614441,-0.00018859442000018217
variogram,A,all,13.0,0.004444345609680751,-0.00018114108531907744
variogram,A,all,13.25,0.0046479330708807,-0.00019957379193050645
variogram,A,all,13.5,0.004920016311942519,-0.000181207187303479
variogram,A,all,13.75,0.005162809713395594,-0.00017802075661808628
variogram,A,all,14.0,0.005507141298743992,-0.0001412135516785502
variogram,A,all,14.25,0.005878744569856004,-0.0001215303830167278
variogram,A,all,14.5,0.006162468974035821,-8.426826702960095e-05
variogram,A,all,14.75,0.00651804162157619,-5.203498282125087e-05
variogram,A,all,15.0,0.006747139162469648,-1.2813356874917597e-05
variogram,A,all,15.25,0.007083450880353424,-1.0559458978225638e-05
variogram,A,all,15.5,0.007381764625983874,1.970874627739307e-06
variogram,A,all,15.75,0.007528394216619176,-1.1430160166562436e-05
variogram,A,all,16.0,0.007704174200795709,-9.924440994032343e-06
variogram,A,all,16.25,0.008007350895703215,-4.404534211920849e-05
variogram,A,all,16.5,0.008201215880743504,-5.36878648690624e-05
variogram,A,all,16.75,0.008442020716436524,-3.287939878594901e-05
variogram,A,all,17.0,0.008815332748106747,-5.9067656387114416e-05
variogram,A,all,17.25,0.008946355295098104,-5.6542864357452395e-05
variogram,A,all,17.5,0.009031281320484938,-3.400979308641705e-05
variogram,A,all,17.75,0.00925154294453991,-5.2703793216776164e-05
variogram,A,all,18.0,0.009398215176749462,-2.419863247928374e-05
variogram,A,all,18.25,0.009389960288177141,-3.632432143625009e-05
variogram,A,all,18.5,0.009507406221890074,-7.455031591112931e-05
variogram,A,all,18.75,0.009850106723481985,-3.8398803019101064e-05
variogram,A,all,19.0,0.010177933709236042,-4.4242482078886495e-05
variogram,A,all,19.25,0.010336778460072403,-6.759061357199785e-05
variogram,A,all,19.5,0.010691275433443819,-9.074070763773846e-05
variogram,A,all,19.75,0.010620115390575878,-9.106100299504508e-05
variogram,A,all,20.0,0.010777329092837884,-9.404511991872896e-05
variogram,A,all,20.25,0.011306119554753118,-7.657600702787785e-05
variogram,A,all,20.5,0.011608052225972842,-0.00010274044573305337
variogram,A,all,20.75,0.011700104835201399,-8.122289551363622e-05
variogram,A,all,21.0,0.011712206781968333,-9.169555428900389e-05
variogram,A,all,21.25,0.011971430303247831,-0.00011407748827610783
variogram,A,all,21.5,0.012183555761354015,-0.00015125148906229054
variogram,A,all,21.75,0.011938761491878848,-0.00011368635921300948
variogram,A,all,22.0,0.01209327327234791,-0.00010632433636733476
variogram,A,all,22.25,0.012129054933701564,-8.189476624233868e-05
variogram,A,all,22.5,0.012209719368192212,-0.00011566432535584056
variogram,A,all,22.75,0.012495329507926178,-0.0001104857455454302
variogram,A,all,23.0,0.01214861013047717,-8.073487250380938e-05
variogram,A,all,23.25,0.012070008753235245,-5.638183254227841e-05
variogram,A,all,23.5,0.012285536069359794,-3.1853551280879685e-05
variogram,A,all,23.75,0.012452332848433563,-6.48331717671757e-05
variogram,A,all,24.0,0.012621465419976576,-7.386806611795726e-05
variogram,A,all,24.25,0.012543456664453003,-4.131375804727461e-05
variogram,A,all,24.5,0.012637061446890743,1.6405551770422473e-05
variogram,A,all,24.75,0.012462967613167853,4.6810799576376837e-05
variogram,A,all,25.0,0.01264284458202182,5.471316306292455e-05
variogram,A,all,25.25,0.012783564116167937,5.879098347364637e-05
variogram,A,all,25.5,0.012644499575408781,0.0001175671347798581
variogram,A,all,25.75,0.012497829743194118,0.00018548689944286533
variogram,A,all,26.0,0.011971441749849626,0.0002236443862098007
variogram,A,all,26.25,0.011259999232107866,0.00021366613054123271
variogram,A,all,26.5,0.010539201170595989,0.00025960702319111946
variogram,A,all,26.75,0.009946673857977801,0.0002592333223811175
variogram,A,all,27.0,0.008783391793536259,0.0002886419644177997
variogram,A,all,27.25,0.007727885879250157,0.00029517579564705806
variogram,A,all,27.5,0.006479041247381336,0.0002427881443198625
variogram,A,all,27.75,0.0052446836973834045,0.00022835669898323596
variogram,A,all,28.0,0.004045242146782037,0.0002490775219874071
variogram,A,all,28.25,0.0030518082480373993,0.00022068183287840185
variogram,A,all,28.5,0.002010420806899544,0.0001911938180804871
variogram,A,high,9.5,0.00042217574799479957,-0.000149602552454412
variogram,A,high,9.75,0.0004703687904639292,-0.00019307372729458592
variogram,A,high,10.0,0.0005563983511865012,-0.00020971261340482154
variogram,A,high,10.25,0.0006612506307069054,-0.00023592928827036625
variogram,A,high,10.5,0.0007544860232837637,-0.00022604224103226048
variogram,A,high,10.75,0.0008588073907315593,-0.00024913652337672635
variogram,A,high,11.0,0.0009412264199115231,-0.0002857086864837341
variogram,A,high,11.25,0.0011135312013396893,-0.00024119811475723876
variogram,A,high,11.5,0.0012667627108366192,-0.00015528944840939303
variogram,A,high,11.75,0.001461516446560354,-0.000133044039333939
variogram,A,high,12.0,0.0016545987074522268,-0.0002303269874365566
variogram,A,high,12.25,0.0018502525542094092,-0.0003081955210212186
variogram,A,high,12.5,0.002173803064840567,-0.00032735558008702235
variogram,A,high,12.75,0.002499377315260559,-0.00032497617508487627
variogram,A,high,13.0,0.0026546592797879634,-0.00037678955228748944
variogram,A,high,13.25,0.002882837345371451,-0.00035332266544142006
variogram,A,high,13.5,0.003010340153021035,-0.00026485359350656606
variogram,A,high,13.75,0.0034329390035846715,-0.00012720376000188195
variogram,A,high,14.0,0.003731181901672527,0.0002282952211290309
variogram,A,high,14.25,0.004012144863489007,0.00024612340242815623
variogram,A,high,14.5,0.004387450316092671,0.0003419844317851566
variogram,A,high,14.75,0.004723782662101572,0.00020511700033407117
variogram,A,high,15.0,0.004762271152529278,0.00018310926378779595
variogram,A,high,15.25,0.0050534487650491814,0.00021353333703735274
variogram,A,high,15.5,0.0055402442680148305,8.042513492417801e-05
variogram,A,high,15.75,0.005901980498261216,9.913931914999312e-05
variogram,A,high,16.0,0.00597092184125284,-0.00018473436615125361
variogram,A,high,16.25,0.006285634636537611,-0.0002507720878546025
variogram,A,high,16.5,0.006471170134677722,-0.0005746432941051983
variogram,A,high,16.75,0.006618784950037901,-0.000498234117920337
variogram,A,high,17.0,0.006975374934445711,-0.0006606038123950588
variogram,A,high,17.25,0.007361674917932688,-0.0004716063986877625
variogram,A,high,17.5,0.007503927710613723,-0.0005338688415111454
variogram,A,high,17.75,0.007811906500239392,-0.0006972065111682325
variogram,A,high,18.0,0.007888461838914689,-0.0006135586283434675
variogram,A,high,18.25,0.007889287074440372,-0.00034485105996011567
variogram,A,high,18.5,0.007968340200947627,-0.0005184079930625907
variogram,A,high,18.75,0.008346980984633292,-0.0005312114006216989
variogram,A,high,19.0,0.008533046648555,-0.0003068463522620925
variogram,A,high,19.25,0.008758401653884362,-0.00010531329386457167
variogram,A,high,19.5,0.009076275220924985,-0.0005222357572725678
variogram,A,high,19.75,0.009190551763042664,-0.0005695188077240569
variogram,A,high,20.0,0.009100908459535947,-0.0008029986195157557
variogram,A,high,20.25,0.009278591755776016,-0.0010542657609135164
variogram,A,high,20.5,0.00996693050649133,-0.0011071047819659963
variogram,A,high,20.75,0.010177922411383801,-0.0011174546157935658
variogram,A,high,21.0,0.010586598841837542,-0.0010973011177639498
variogram,A,high,21.25,0.0105266028656917,-0.0008976659210129588
variogram,A,high,21.5,0.010591950841666876,-0.0010792525357990513
variogram,A,high,21.75,0.010521040245022201,-0.0009375495728691584
variogram,A,high,22.0,0.011077130731440435,-0.0011999612927771942
variogram,A,high,22.25,0.011328594522133278,-0.001060772513021341
variogram,A,high,22.5,0.011515439536549885,-0.000966175285824682
variogram,A,high,22.75,0.011454815660935641,-0.0007379230092958805
variogram,A,high,23.0,0.011319907692125392,-0.0005715353842671315
variogram,A,high,23.25,0.011513449296264784,-0.0002843098064483779
variogram,A,high,23.5,0.011444115823180596,-1.2260376771133201e-05
variogram,A,high,23.75,0.011570905372278126,-0.00029864346688315824
variogram,A,high,24.0,0.011979638931580468,-0.0003087170674067611
variogram,A,high,24.25,0.012300379429551433,-0.00013144514976153054
variogram,A,high,24.5,0.012220702018127675,-0.0005172065369363879
variogram,A,high,24.75,0.012484902381108784,-0.0007015489284417979
variogram,A,high,25.0,0.013121806876228053,-0.0004466071112087015
variogram,A,high,25.25,0.013408968666753026,7.768390053857518e-05
variogram,A,high,25.5,0.013595525885636818,0.000308876813271789
variogram,A,high,25.75,0.013447855434057946,0.0004393959378681247
variogram,A,high,26.0,0.013751188018784654,0.0004864165239362245
variogram,A,high,26.25,0.013588740726590842,0.0010362038289619465
variogram,A,high,26.5,0.012888653835886407,0.0006217019235393719
variogram,A,high,26.75,0.012499988795691178,-0.00013382460128631693
variogram,A,high,27.0,0.011404109807197225,0.00022029876585679442
variogram,A,high,27.25,0.010600133958672939,0.00018101992951083973
variogram,A,high,27.5,0.009278823207042545,0.0001623291672372372
variogram,A,high,27.75,0.00764835420424644,-8.743296455315495e-06
variogram,A,high,28.0,0.006101039688160861,0.00023927307044645723
variogram,A,high,28.25,0.004987635901168553,0.00037434920778869256
variogram,A,high,28.5,0.0037583580045768288,0.0003578643313272588
variogram,A_new344,all,9.5,0.001509015364123965,-0.0001844024458046676
variogram,A_new344,all,9.75,0.0016875922870702997,-0.00021865566547493113
variogram,A_new344,all,10.0,0.0018680473938990471,-0.00026051316671775785
variogram,A_new344,all,10.25,0.00206191632451002,-0.00025857619794394693
variogram,A_new344,all,10.5,0.0022246530622964038,-0.0002551985950477644
variogram,A_new344,all,10.75,0.002475667995051046,-0.00026304662616720697
variogram,A_new344,all,11.0,0.0027388761594208406,-0.0002541457536899067
variogram,A_new344,all,11.25,0.0030924997629524944,-0.00027063292893607604
variogram,A_new344,all,11.5,0.003222370428317566,-0.0002588226477464046
variogram,A_new344,all,11.75,0.0035337848070614588,-0.00020901166440967067
variogram,A_new344,all,12.0,0.0038653936022972103,-0.0002036002685961943
variogram,A_new344,all,12.25,0.004220031030954334,-0.00023222222582802818
variogram,A_new344,all,12.5,0.004805787721206748,-0.00023535857772393872
variogram,A_new344,all,12.75,0.005147132863393869,-0.00020604415872340262
variogram,A_new344,all,13.0,0.005500420748074984,-0.00019741417002405896
variogram,A_new344,all,13.25,0.005764282313451788,-0.00022344103362705704
variogram,A_new344,all,13.5,0.006130742877479397,-0.00019788504394759127
variogram,A_new344,all,13.75,0.006465425631630638,-0.00020024106380867567
variogram,A_new344,all,14.0,0.0068919457662654565,-0.00015481046790271095
variogram,A_new344,all,14.25,0.0073138460669682475,-0.00013256167850471333
variogram,A_new344,all,14.5,0.007682658180794897,-9.527153378735414e-05
variogram,A_new344,all,14.75,0.008098546527791066,-5.649858195294378e-05
variogram,A_new344,all,15.0,0.008393167603629452,-8.208588489271555e-06
variogram,A_new344,all,15.25,0.008808564530964052,-1.1627249552423967e-05
variogram,A_new344,all,15.5,0.009214685197735715,9.612968106322964e-06
variogram,A_new344,all,15.75,0.00942248481459403,-1.2520165634309874e-05
variogram,A_new344,all,16.0,0.009623806778965006,-1.1380684202195415e-05
variogram,A_new344,all,16.25,0.010011819899099954,-5.244899851415166e-05
variogram,A_new344,all,16.5,0.010238275963532748,-6.67083544429885e-05
variogram,A_new344,all,16.75,0.01051440259136604,-4.072626577413415e-05
variogram,A_new344,all,17.0,0.011005374366588879,-7.380591037062361e-05
variogram,A_new344,all,17.25,0.011133755002516146,-6.668083178954973e-05
variogram,A_new344,all,17.5,0.011218729513595677,-4.083296034149367e-05
variogram,A_new344,all,17.75,0.011502556659885277,-6.189023633453653e-05
variogram,A_new344,all,18.0,0.011721314940299144,-2.47263149757421e-05
variogram,A_new344,all,18.25,0.011707546991364724,-3.865104366497904e-05
variogram,A_new344,all,18.5,0.011830769353894467,-9.045206015375937e-05
variogram,A_new344,all,18.75,0.012248139806568673,-4.510036857461525e-05
variogram,A_new344,all,19.0,0.012667602855950155,-5.770801327302132e-05
variogram,A_new344,all,19.25,0.012806071675451145,-8.65936934415122e-05
variogram,A_new344,all,19.5,0.013250714717805027,-0.00011201663673153128
variogram,A_new344,all,19.75,0.013240180100495155,-0.00010970370985708581
variogram,A_new344,all,20.0,0.013432439874582138,-0.0001136262281745828
variogram,A_new344,all,20.25,0.01400393653235791,-9.300903313244165e-05
variogram,A_new344,all,20.5,0.01440687904419386,-0.0001246691130443448
variogram,A_new344,all,20.75,0.01445285591218989,-9.903278789565875e-05
variogram,A_new344,all,21.0,0.014420131905826106,-0.00010473209221652937
variogram,A_new344,all,21.25,0.014760109694895579,-0.00012931415708211132
variogram,A_new344,all,21.5,0.015023014192926691,-0.0001786206858571668
variogram,A_new344,all,21.75,0.014740689797377256,-0.00012657732588128407
variogram,A_new344,all,22.0,0.014992859115502612,-0.00011592538254800456
variogram,A_new344,all,22.25,0.01500980954384237,-8.108732635435336e-05
variogram,A_new344,all,22.5,0.015095520311407404,-0.00012036833030639316
variogram,A_new344,all,22.75,0.015554397979742892,-0.00011661769824342139
variogram,A_new344,all,23.0,0.015071440865759428,-8.61745077369126e-05
variogram,A_new344,all,23.25,0.015104613738542837,-4.917875855735406e-05
variogram,A_new344,all,23.5,0.015337349528665514,-3.0435339160596288e-05
variogram,A_new344,all,23.75,0.015497741134117483,-7.835965944718185e-05
variogram,A_new344,all,24.0,0.015733880047845667,-9.32033557573296e-05
variogram,A_new344,all,24.25,0.015566461229657973,-4.8327200089550993e-05
variogram,A_new344,all,24.5,0.015741321002539322,2.411971057223108e-05
variogram,A_new344,all,24.75,0.015440793600727523,4.761809459819498e-05
variogram,A_new344,all,25.0,0.01579836266848925,5.866249571325039e-05
variogram,A_new344,all,25.25,0.015836847072928175,5.2363650791405933e-05
variogram,A_new344,all,25.5,0.015721543377476267,0.00012792672632241467
variogram,A_new344,all,25.75,0.015469530286306777,0.00020295232415787836
variogram,A_new344,all,26.0,0.014912520760440898,0.0002564765428456143
variogram,A_new344,all,26.25,0.014069931434955774,0.0002432418326634956
variogram,A_new344,all,26.5,0.013162814384216905,0.0002967814417491203
variogram,A_new344,all,26.75,0.012373892677610347,0.0003024695852038744
variogram,A_new344,all,27.0,0.011025708313547223,0.0003474927391976994
variogram,A_new344,all,27.25,0.009692326941154206,0.0003582537197475353
variogram,A_new344,all,27.5,0.008103999180467378,0.00029717557572712835
variogram,A_new344,all,27.75,0.006583423459561107,0.00028165897317655427
variogram,A_new344,all,28.0,0.005029097292506931,0.00030496345009665423
variogram,A_new344,all,28.25,0.003806209031870915,0.00027023405590656687
variogram,A_new344,all,28.5,0.0025196704622723956,0.00023598669144448442
variogram,A_new344,high,9.5,0.0005387501123513508,-0.00018142938499901128
variogram,A_new344,high,9.75,0.0005974697450788508,-0.00023032463472137427
variogram,A_new344,high,10.0,0.0006999718264553636,-0.00024337834130297415
variogram,A_new344,high,10.25,0.000818708279397109,-0.00027508801288482417
variogram,A_new344,high,10.5,0.0009295053730601224,-0.0002596583348515417
variogram,A_new344,high,10.75,0.0010522546661284088,-0.00029165573245417835
variogram,A_new344,high,11.0,0.0011576770109084542,-0.00034175250512582346
variogram,A_new344,high,11.25,0.0013734777419115863,-0.0002909196134609592
variogram,A_new344,high,11.5,0.0015473130923764709,-0.0001838358683294907
variogram,A_new344,high,11.75,0.0017847288216736568,-0.00015334269264380572
variogram,A_new344,high,12.0,0.0020195223898854986,-0.00029837441489854365
variogram,A_new344,high,12.25,0.002262166887150036,-0.00040468472342313817
variogram,A_new344,high,12.5,0.0026808354232267973,-0.00040245880276405826
variogram,A_new344,high,12.75,0.0030813067888183616,-0.00039535470106744183
variogram,A_new344,high,13.0,0.0032710859069215565,-0.00045066102251270485
variogram,A_new344,high,13.25,0.0035106516297847964,-0.00038795894404070443
variogram,A_new344,high,13.5,0.003665756041043195,-0.00030314023738955883
variogram,A_new344,high,13.75,0.004213575821738042,-0.00012461845992028705
variogram,A_new344,high,14.0,0.004601435781664723,0.0003237265789193557
variogram,A_new344,high,14.25,0.004964148923335875,0.0003293707204823737
variogram,A_new344,high,14.5,0.005454536727800271,0.0004474551219804303
variogram,A_new344,high,14.75,0.005859059436877905,0.00029795194053197215
variogram,A_new344,high,15.0,0.005914127063277027,0.00029053014515887206
variogram,A_new344,high,15.25,0.006261848850650722,0.00030460633257797364
variogram,A_new344,high,15.5,0.00689138887731591,0.00014559018140174383
variogram,A_new344,high,15.75,0.007416830861684264,0.0001544989546636228
variogram,A_new344,high,16.0,0.00739275783835934,-0.00016321728370300866
variogram,A_new344,high,16.25,0.007744341897190679,-0.0002494986211103443
variogram,A_new344,high,16.5,0.007976492757336508,-0.0006942668156249758
variogram,A_new344,high,16.75,0.00816706975796554,-0.0005742946267637107
variogram,A_new344,high,17.0,0.008689766096459172,-0.0007979125756320852
variogram,A_new344,high,17.25,0.009100087466410233,-0.0005845161567114061
variogram,A_new344,high,17.5,0.009225581291176432,-0.0006642215892884271
variogram,A_new344,high,17.75,0.009720298738784224,-0.0008745019847440458
variogram,A_new344,high,18.0,0.009768899133125683,-0.0007774847798270303
variogram,A_new344,high,18.25,0.009813510343231791,-0.00048602410073648425
variogram,A_new344,high,18.5,0.00994783415575572,-0.0007671554099805348
variogram,A_new344,high,18.75,0.01045334368554523,-0.0007850638012054319
variogram,A_new344,high,19.0,0.010656542127315385,-0.00039501590008570993
variogram,A_new344,high,19.25,0.010959211599550421,-0.0001148411511709532
variogram,A_new344,high,19.5,0.011375823584795275,-0.0006943204702712705
variogram,A_new344,high,19.75,0.011622787331680547,-0.0008372335678171716
variogram,A_new344,high,20.0,0.011494344421549391,-0.001097037272352306
variogram,A_new344,high,20.25,0.011516450329544754,-0.0014315243615476631
variogram,A_new344,high,20.5,0.012431870082608662,-0.0014589378633289077
variogram,A_new344,high,20.75,0.012637374901502931,-0.0014387532390449838
variogram,A_new344,high,21.0,0.013196137664348772,-0.0013561028931383399
variogram,A_new344,high,21.25,0.012988440979041784,-0.0010478286103544775
variogram,A_new344,high,21.5,0.013197546815999014,-0.0012056271042951879
variogram,A_new344,high,21.75,0.012914633626686363,-0.001065973700000835
variogram,A_new344,high,22.0,0.013700916437781263,-0.0013474080427039595
variogram,A_new344,high,22.25,0.013992338138045858,-0.0011550417901892386
variogram,A_new344,high,22.5,0.014273829532659316,-0.0009936552776011792
variogram,A_new344,high,22.75,0.014372704610481034,-0.0008032750112665576
variogram,A_new344,high,23.0,0.013958684916506939,-0.0005699725514099098
variogram,A_new344,high,23.25,0.014364042622728551,-0.0001616543313471337
variogram,A_new344,high,23.5,0.01434567718507417,0.00017264330321445598
variogram,A_new344,high,23.75,0.014596086907131794,-0.0001901746907438429
variogram,A_new344,high,24.0,0.015220149447882289,-0.0002252161279569459
variogram,A_new344,high,24.25,0.015459622711344633,3.8516931727628985e-05
variogram,A_new344,high,24.5,0.015420952663717494,-0.0003807494560906763
variogram,A_new344,high,24.75,0.015597583551396893,-0.0006902269538757192
variogram,A_new344,high,25.0,0.01656310098219425,-0.0004097738584797792
variogram,A_new344,high,25.25,0.0167352990957794,0.0002347934550308584
variogram,A_new344,high,25.5,0.016804252396457886,0.00039211965003629835
variogram,A_new344,high,25.75,0.01662862786687815,0.0004929841383067492
variogram,A_new344,high,26.0,0.017139684393806955,0.0006213620859945903
variogram,A_new344,high,26.25,0.01685280592777468,0.0014027222817683364
variogram,A_new344,high,26.5,0.016026766555018265,0.0009396601619271474
variogram,A_new344,high,26.75,0.015445222492180267,3.328470646052513e-05
variogram,A_new344,high,27.0,0.014313831800848952,0.00048684672472124973
variogram,A_new344,high,27.25,0.01323551768293456,0.00039423759462818526
variogram,A_new344,high,27.5,0.011525653926877601,0.0003424155151094212
variogram,A_new344,high,27.75,0.009564678247942871,5.4930490436300035e-05
variogram,A_new344,high,28.0,0.00750098190594339,0.0003420505305816432
variogram,A_new344,high,28.25,0.006140430094120984,0.0004938193097591432
variogram,A_new344,high,28.5,0.004725701255504082,0.0004538301696020018
variogram,C,all,9.5,0.00147591256850411,-1.1693822706216295e-05
variogram,C,all,9.75,0.001660126165416793,-2.410361055334569e-05
variogram,C,all,10.0,0.0018282118585486809,-3.3239843425345615e-05
variogram,C,all,10.25,0.0020536208308134974,-2.822001792902838e-05
variogram,C,all,10.5,0.0022954394405615,-2.8917306773425078e-05
variogram,C,all,10.75,0.0024536070567537233,-3.674364010009895e-05
variogram,C,all,11.0,0.0026996983160022144,-3.5806841256127404e-05
variogram,C,all,11.25,0.0030650585733901377,-4.320341121258573e-05
variogram,C,all,11.5,0.0032435042691647733,-6.986929522485345e-05
variogram,C,all,11.75,0.0034788323473534197,-3.5328490587105795e-05
variogram,C,all,12.0,0.003865113602066357,-1.217262585470412e-05
variogram,C,all,12.25,0.00417718246432771,-1.8784251158315542e-05
variogram,C,all,12.5,0.004786113512678399,-3.310358589038633e-05
variogram,C,all,12.75,0.005238970403450371,-2.753898347294174e-06
variogram,C,all,13.0,0.005674527992647978,5.631615550704842e-06
variogram,C,all,13.25,0.0059672414488910605,2.570508800906317e-06
variogram,C,all,13.5,0.006267843533566367,4.04610691469258e-05
variogram,C,all,13.75,0.006658759590404115,1.4579899534737513e-05
variogram,C,all,14.0,0.007146986289213805,3.3244798305549374e-05
variogram,C,all,14.25,0.007547479537845165,5.9597654555822235e-05
variogram,C,all,14.5,0.007841422722814297,8.375762695213324e-05
variogram,C,all,14.75,0.008307745271894455,8.761260781065218e-05
variogram,C,all,15.0,0.00865327364931334,0.00010495265123172094
variogram,C,all,15.25,0.009088027306566071,0.00012697577373208652
variogram,C,all,15.5,0.0096386538959514,0.00013811041440358923
variogram,C,all,15.75,0.009968681369355161,6.403757989132719e-05
variogram,C,all,16.0,0.010424086383357343,4.540020995211613e-05
variogram,C,all,16.25,0.010848984621932496,-7.857911656493131e-06
variogram,C,all,16.5,0.011132158468692888,-1.1485664506089095e-07
variogram,C,all,16.75,0.011436760165801864,-2.209170869030381e-05
variogram,C,all,17.0,0.011953139400772696,-8.285531456153478e-05
variogram,C,all,17.25,0.012280080711664835,-9.993640744584102e-05
variogram,C,all,17.5,0.012506094335311363,-8.181746055750422e-05
variogram,C,all,17.75,0.01289331610697081,-6.619694447013818e-05
variogram,C,all,18.0,0.013304323414776022,-1.2484176413051374e-05
variogram,C,all,18.25,0.013772541296573066,-4.183284644378001e-06
variogram,C,all,18.5,0.014108478118625315,-3.967877332499834e-05
variogram,C,all,18.75,0.015028010947645715,3.936630596199787e-06
variogram,C,all,19.0,0.015699567912084843,-3.966854639600208e-05
variogram,C,all,19.25,0.015819441443887406,-5.166749518580392e-05
variogram,C,all,19.5,0.016422247190205092,-7.764654914053039e-05
variogram,C,all,19.75,0.016729776224126903,-0.000111711262226141
variogram,C,all,20.0,0.01734298376542306,-0.00014252731038116333
variogram,C,all,20.25,0.01778192625401814,-0.00011531831827288447
variogram,C,all,20.5,0.01871383316444637,-0.0001882086590392749
variogram,C,all,20.75,0.019633808509152202,-9.405960092643173e-05
variogram,C,all,21.0,0.02002711261856503,-0.0001342025621483845
variogram,C,all,21.25,0.020584193488198965,-0.00016943427758889034
variogram,C,all,21.5,0.021104306872476653,-0.0001430477332596464
variogram,C,all,21.75,0.02184023761815219,-9.548528170603214e-05
variogram,C,all,22.0,0.021772520577533705,-6.023056553005069e-05
variogram,C,all,22.25,0.022727857821200927,-9.544638217917312e-06
variogram,C,all,22.5,0.023673592714204498,-4.209694760208318e-05
variogram,C,all,22.75,0.02393064940937212,-2.2379781739043612e-05
variogram,C,all,23.0,0.023602058477932425,2.9613728158122407e-05
variogram,C,all,23.25,0.024856601024758618,0.00010926644372530514
variogram,C,all,23.5,0.026011810097463135,0.00019561357573502576
variogram,C,all,23.75,0.027441894478129485,0.00027107878972027416
variogram,C,all,24.0,0.03199681920011185,0.00021435468484212964
variogram,C,all,24.25,0.03412825390949511,0.00015765302478071676
variogram,C,all,24.5,0.03515630061344295,0.00033689489134863343
variogram,C,all,24.75,0.033991042640049166,0.00017481805243336194
variogram,C,all,25.0,0.032725737288578395,7.259752101662827e-05
variogram,C,all,25.25,0.030050036921194973,-6.0227192497569735e-05
variogram,C,all,25.5,0.026148017261140404,-5.305787308906509e-05
variogram,C,all,25.75,0.022680137169517278,0.00014443836024181271
variogram,C,all,26.0,0.019307036714532908,0.0002497225458990132
variogram,C,all,26.25,0.01718925453345239,0.00028079453375145206
variogram,C,all,26.5,0.01541744012159443,0.0003629188449999576
variogram,C,all,26.75,0.013189597400179782,0.00036143464136271006
variogram,C,all,27.0,0.01107904007550066,0.0003550888485977307
variogram,C,all,27.25,0.008705965707125663,0.00024590758586625207
variogram,C,all,27.5,0.006726683075732599,0.00014005798418053806
variogram,C,all,27.75,0.004996149678855625,0.00015644957422072012
variogram,C,all,28.0,0.00358642348495238,0.00013795220055318414
variogram,C,all,28.25,0.0024880901490182323,0.00013360556685519968
variogram,C,all,28.5,0.0015049016323396736,8.872507845108274e-05
variogram,C,high,9.5,0.0006333000440878157,3.095236953874646e-05
variogram,C,high,9.75,0.0007113728687036726,9.950182064309625e-06
variogram,C,high,10.0,0.0008476500484778846,6.001016565860658e-05
variogram,C,high,10.25,0.0009719932334372105,4.104059101088057e-05
variogram,C,high,10.5,0.0010692764056444697,4.820771245185021e-05
variogram,C,high,10.75,0.0012358894474592042,6.203199062046485e-05
variogram,C,high,11.0,0.001282517082910306,-1.4186678814619621e-05
variogram,C,high,11.25,0.0014933027082792809,8.596550822883947e-05
variogram,C,high,11.5,0.0016509742619347822,0.00012371287332257476
variogram,C,high,11.75,0.0018211684188706619,6.394220468238541e-05
variogram,C,high,12.0,0.002008957258333727,-6.226174337090656e-05
variogram,C,high,12.25,0.002230686517970921,-9.615848695297674e-05
variogram,C,high,12.5,0.002655049287033058,-9.080977313288972e-05
variogram,C,high,12.75,0.0030689560253771755,-8.996619194368635e-05
variogram,C,high,13.0,0.0033608986338616548,-8.250273425077523e-05
variogram,C,high,13.25,0.0035538947689927576,8.423888685829035e-06
variogram,C,high,13.5,0.0036685862871908754,0.00010433269194589541
variogram,C,high,13.75,0.004204513079501829,0.00022320697736811704
variogram,C,high,14.0,0.0046403758598339,0.000653010776285506
variogram,C,high,14.25,0.0050973276557017685,0.0006435274060390285
variogram,C,high,14.5,0.005392064728372994,0.0006769682773170332
variogram,C,high,14.75,0.005793117847098563,0.000545093020555666
variogram,C,high,15.0,0.0057619812807601966,0.0005741487869890555
variogram,C,high,15.25,0.006177437404817727,0.0006423961479565437
variogram,C,high,15.5,0.0067949972915307775,0.00046911228918394837
variogram,C,high,15.75,0.007423792238298274,0.0005443052726583343
variogram,C,high,16.0,0.007642146860113347,0.00014719126233916425
variogram,C,high,16.25,0.008197136535665714,-4.435742476646981e-05
variogram,C,high,16.5,0.008487371801822734,-0.0003211433645622469
variogram,C,high,16.75,0.008674819226990314,-0.0002747868608203872
variogram,C,high,17.0,0.008960561639597847,-0.0005383862180982576
variogram,C,high,17.25,0.009439038242574162,-0.0002939029815750437
variogram,C,high,17.5,0.009675744182969268,-0.0005222619177053671
variogram,C,high,17.75,0.00994061212047944,-0.0005529001514361276
variogram,C,high,18.0,0.01006562105911006,-0.0004266669487720423
variogram,C,high,18.25,0.010339354038016146,-0.00015180702110410922
variogram,C,high,18.5,0.010742546542771231,-0.00033119547677881863
variogram,C,high,18.75,0.01118916945706892,-0.00011529468955882509
variogram,C,high,19.0,0.012058815778731078,0.000403515828725492
variogram,C,high,19.25,0.012485684807637846,0.00042184635929530637
variogram,C,high,19.5,0.01279581743549495,1.871598615530539e-05
variogram,C,high,19.75,0.01270286051373775,-0.00036498518102774744
variogram,C,high,20.0,0.012482749397802315,-0.0007071626529619646
variogram,C,high,20.25,0.012689901343638848,-0.0009121336088050396
variogram,C,high,20.5,0.013617027492002401,-0.0014405107703758435
variogram,C,high,20.75,0.014975989259901568,-0.0016283551316189976
variogram,C,high,21.0,0.01581307817932223,-0.001540945541106841
variogram,C,high,21.25,0.016112328697333603,-0.00123558928146138
variogram,C,high,21.5,0.01640844493200421,-0.0016149325740945142
variogram,C,high,21.75,0.017557261364145725,-0.0015453358231880682
variogram,C,high,22.0,0.01873622915729635,-0.0014879454382691031
variogram,C,high,22.25,0.01984185319558964,-0.001707960317597292
variogram,C,high,22.5,0.020778638428832347,-0.001587360008942684
variogram,C,high,22.75,0.0210180852021352,-0.001503555314212365
variogram,C,high,23.0,0.02067078033729857,-0.0017533452575308709
variogram,C,high,23.25,0.022798162298360212,-0.0010968274393148834
variogram,C,high,23.5,0.02450530763355218,-0.0019311585648044138
variogram,C,high,23.75,0.025915300123785238,-0.0011130173543414648
variogram,C,high,24.0,0.0315476732918504,-0.00045534732505358896
variogram,C,high,24.25,0.03535891774058326,0.0009601818619707015
variogram,C,high,24.5,0.03729528951008828,-0.0004619130268575584
variogram,C,high,24.75,0.03756348127671479,-0.0010139810323692602
variogram,C,high,25.0,0.0403416622075098,-8.336112421242323e-05
variogram,C,high,25.25,0.03798396485521303,0.0012883905139377749
variogram,C,high,25.5,0.034102729842147766,0.0012880498778689296
variogram,C,high,25.75,0.029729455340673224,-0.00012414842995937792
variogram,C,high,26.0,0.02503872409376987,-0.0006301940724276512
variogram,C,high,26.25,0.022784590301120147,-0.00010085167880741372
variogram,C,high,26.5,0.02097255719551386,-0.000448529875609514
variogram,C,high,26.75,0.018439037462878925,-0.0011275295350247148
variogram,C,high,27.0,0.016106997978750787,-0.0006433820596595481
variogram,C,high,27.25,0.013698672047353205,-0.00035219076826779075
variogram,C,high,27.5,0.010947475943664485,-0.0004893098497887231
variogram,C,high,27.75,0.008434465080440426,-0.0003756676170188903
variogram,C,high,28.0,0.006280883900984158,-6.79265164331709e-05
variogram,C,high,28.25,0.00449484351530313,7.755917517923995e-05
variogram,C,high,28.5,0.0029728371189574393,0.00021578146415654698
