partition,lower,upper,record,year,scale,high_n,middle_n,ratio,rms_absolute
Quartiles,0.25,0.75,199106,1991,1,8,14,0.08371187656566037,0.0931698190834096
Quartiles,0.25,0.75,199106,1991,2,8,14,0.1330967011816775,0.18898970592308562
Quartiles,0.25,0.75,199106,1991,3,8,14,0.18515352553012265,0.3550105895078115
Quartiles,0.25,0.75,199106,1991,4,8,14,0.15385180576017965,0.3855171220309508
Quartiles,0.25,0.75,199106,1991,5,8,14,0.11614352097904157,0.33103558551150414
Quartiles,0.25,0.75,199106,1991,6,8,14,0.0986048042501686,0.2948361048228607
Quartiles,0.25,0.75,199107,1991,1,8,15,0.0963914539767694,0.10594012213338111
Quartiles,0.25,0.75,199107,1991,2,8,15,0.03166054861889456,0.0457371284262762
Quartiles,0.25,0.75,199107,1991,3,8,15,-0.04965379728613817,-0.09977929339160241
Quartiles,0.25,0.75,199107,1991,4,8,15,-0.1452466482558542,-0.3772277784489715
Quartiles,0.25,0.75,199107,1991,5,8,15,-0.18946751210879575,-0.5460573135352664
Quartiles,0.25,0.75,199107,1991,6,8,15,-0.20556079708968467,-0.6131529478820008
Quartiles,0.25,0.75,199108,1991,1,8,15,0.03832790046220058,0.042864337816142406
Quartiles,0.25,0.75,199108,1991,2,8,15,0.06690066339033218,0.09227154290449269
Quartiles,0.25,0.75,199108,1991,3,8,15,0.11707911675831006,0.20537744758413012
Quartiles,0.25,0.75,199108,1991,4,8,15,0.11653002426386005,0.2514257706138938
Quartiles,0.25,0.75,199108,1991,5,8,15,0.08762206696670094,0.2088694062401819
Quartiles,0.25,0.75,199108,1991,6,8,15,0.07133932104394747,0.17626294554709343
Quartiles,0.25,0.75,199206,1992,1,8,14,0.029506156462575373,0.032476417401879676
Quartiles,0.25,0.75,199206,1992,2,8,14,0.005728163265245723,0.008114300242757277
Quartiles,0.25,0.75,199206,1992,3,8,14,0.013285827283625373,0.025158468632348274
Quartiles,0.25,0.75,199206,1992,4,8,14,0.020472682813182708,0.05063963554716011
Quartiles,0.25,0.75,199206,1992,5,8,14,0.004542601044835504,0.012904588956859975
Quartiles,0.25,0.75,199206,1992,6,8,14,-0.004584066924241403,-0.013733595057606074
Quartiles,0.25,0.75,199207,1992,1,8,15,0.01922265959339886,0.022227814178772842
Quartiles,0.25,0.75,199207,1992,2,8,15,-0.024155470496846077,-0.03664245011198064
Quartiles,0.25,0.75,199207,1992,3,8,15,-0.07108715069132476,-0.1489967910518648
Quartiles,0.25,0.75,199207,1992,4,8,15,-0.12055378453431276,-0.3199101311789381
Quartiles,0.25,0.75,199207,1992,5,8,15,-0.1460954263778219,-0.42549554611672047
Quartiles,0.25,0.75,199207,1992,6,8,15,-0.15623597099030806,-0.4689933905875865
Quartiles,0.25,0.75,199208,1992,1,8,15,0.09215781473968554,0.09821030214831161
Quartiles,0.25,0.75,199208,1992,2,8,15,0.12571364165399834,0.16568077461512853
Quartiles,0.25,0.75,199208,1992,3,8,15,0.14490590631539768,0.249038158311631
Quartiles,0.25,0.75,199208,1992,4,8,15,0.03908249733433489,0.08743996906036156
Quartiles,0.25,0.75,199208,1992,5,8,15,-0.0327507240003444,-0.08321122544308768
Quartiles,0.25,0.75,199208,1992,6,8,15,-0.06241542625556895,-0.16617258156100423
Quartiles,0.25,0.75,199306,1993,1,8,14,-0.08667183048252769,-0.10640860813568676
Quartiles,0.25,0.75,199306,1993,2,8,14,-0.0842616335939741,-0.13587089778739925
Quartiles,0.25,0.75,199306,1993,3,8,14,-0.061360189271535304,-0.13753892805437218
Quartiles,0.25,0.75,199306,1993,4,8,14,-0.05808504744768739,-0.17022310521250006
Quartiles,0.25,0.75,199306,1993,5,8,14,-0.07307386739067134,-0.2417295728633473
Quartiles,0.25,0.75,199306,1993,6,8,14,-0.08122578169412842,-0.28062805927481627
Quartiles,0.25,0.75,199307,1993,1,8,15,0.0791273988922423,0.08546476869515285
Quartiles,0.25,0.75,199307,1993,2,8,15,0.10992815774371012,0.14947980418721585
Quartiles,0.25,0.75,199307,1993,3,8,15,0.11349345136356237,0.2079672958903478
Quartiles,0.25,0.75,199307,1993,4,8,15,0.053985759238394326,0.1284125667607503
Quartiles,0.25,0.75,199307,1993,5,8,15,0.010798635099127152,0.028905238829313618
Quartiles,0.25,0.75,199307,1993,6,8,15,-0.007814109411982129,-0.021812951346228182
Quartiles,0.25,0.75,199308,1993,1,8,15,-0.04309754711558733,-0.052042148520778486
Quartiles,0.25,0.75,199308,1993,2,8,15,-0.04895974721468699,-0.07538260519745821
Quartiles,0.25,0.75,199308,1993,3,8,15,-0.06573343033765822,-0.1372711027124751
Quartiles,0.25,0.75,199308,1993,4,8,15,-0.11202571520116467,-0.3054100902844912
Quartiles,0.25,0.75,199308,1993,5,8,15,-0.13578329736818306,-0.4161954778087962
Quartiles,0.25,0.75,199308,1993,6,8,15,-0.14466238514954366,-0.46181747569679477
Quartiles,0.25,0.75,199406,1994,1,8,14,0.0927541055518768,0.09981095596766965
Quartiles,0.25,0.75,199406,1994,2,8,14,0.18064376127534598,0.23976289018683605
Quartiles,0.25,0.75,199406,1994,3,8,14,0.2980427716691705,0.5070250470413464
Quartiles,0.25,0.75,199406,1994,4,8,14,0.2686994292241889,0.5893952804978406
Quartiles,0.25,0.75,199406,1994,5,8,14,0.20756840487195682,0.5196861045907282
Quartiles,0.25,0.75,199406,1994,6,8,14,0.17736428410380345,0.4669777125135157
Quartiles,0.25,0.75,199407,1994,1,8,15,-0.03391208050089278,-0.04016875917518048
Quartiles,0.25,0.75,199407,1994,2,8,15,-0.11059297726851902,-0.17265382898517867
Quartiles,0.25,0.75,199407,1994,3,8,15,-0.20926747656276767,-0.45256622453988715
Quartiles,0.25,0.75,199407,1994,4,8,15,-0.275908820877086,-0.7437779610116717
Quartiles,0.25,0.75,199407,1994,5,8,15,-0.30217485135292455,-0.8835497271354695
Quartiles,0.25,0.75,199407,1994,6,8,15,-0.31173676007002227,-0.9344492851862896
Quartiles,0.25,0.75,199408,1994,1,8,15,0.05597536762346933,0.06364604037342181
Quartiles,0.25,0.75,199408,1994,2,8,15,0.06457234526492472,0.09146352426287274
Quartiles,0.25,0.75,199408,1994,3,8,15,0.02479183427690068,0.04663241196622492
Quartiles,0.25,0.75,199408,1994,4,8,15,-0.04373903168448268,-0.10347098120582654
Quartiles,0.25,0.75,199408,1994,5,8,15,-0.07434028431926143,-0.1930288698520375
Quartiles,0.25,0.75,199408,1994,6,8,15,-0.08598695837372095,-0.230221263410459
Quartiles,0.25,0.75,199506,1995,1,8,14,0.09444151499930498,0.10893760731526436
Quartiles,0.25,0.75,199506,1995,2,8,14,0.08869391832984186,0.13394144943371744
Quartiles,0.25,0.75,199506,1995,3,8,14,0.08779652152288753,0.18381288519223915
Quartiles,0.25,0.75,199506,1995,4,8,14,0.10409659810617944,0.2848457762564012
Quartiles,0.25,0.75,199506,1995,5,8,14,0.11338683126743754,0.3497641619096141
Quartiles,0.25,0.75,199506,1995,6,8,14,0.11589287919361135,0.37329940758262214
Quartiles,0.25,0.75,199507,1995,1,8,15,0.019076192748510357,0.021361479815924955
Quartiles,0.25,0.75,199507,1995,2,8,15,-0.026657522812672196,-0.03946008161454628
Quartiles,0.25,0.75,199507,1995,3,8,15,-0.1159826087015734,-0.24338924537732076
Quartiles,0.25,0.75,199507,1995,4,8,15,-0.2049731595300277,-0.5558691723241651
Quartiles,0.25,0.75,199507,1995,5,8,15,-0.23950864501843427,-0.7174776361504902
Quartiles,0.25,0.75,199507,1995,6,8,15,-0.2512875506192931,-0.7776856784970052
Quartiles,0.25,0.75,199508,1995,1,8,15,-0.0919530329940671,-0.10893568482465232
Quartiles,0.25,0.75,199508,1995,2,8,15,-0.0996144572969504,-0.1500115113327718
Quartiles,0.25,0.75,199508,1995,3,8,15,-0.13502415004020052,-0.2738807601725033
Quartiles,0.25,0.75,199508,1995,4,8,15,-0.18773721618903527,-0.4794896441311902
Quartiles,0.25,0.75,199508,1995,5,8,15,-0.21134825797477608,-0.5920804677530036
Quartiles,0.25,0.75,199508,1995,6,8,15,-0.2199740813709321,-0.6352429594561739
Quartiles,0.25,0.75,199606,1996,1,8,14,-0.12985189646128248,-0.16719607992756513
Quartiles,0.25,0.75,199606,1996,2,8,14,-0.11916164141210206,-0.19846626551816549
Quartiles,0.25,0.75,199606,1996,3,8,14,-0.08673455864950708,-0.19642793486882315
Quartiles,0.25,0.75,199606,1996,4,8,14,-0.0961437398692434,-0.28454518394349027
Quartiles,0.25,0.75,199606,1996,5,8,14,-0.11402341277308603,-0.3820393109554976
Quartiles,0.25,0.75,199606,1996,6,8,14,-0.12240785664651166,-0.42890580201028783
Quartiles,0.25,0.75,199607,1996,1,8,15,0.015719153439918587,0.01716291939865444
Quartiles,0.25,0.75,199607,1996,2,8,15,0.023085780048992754,0.03169810121826622
Quartiles,0.25,0.75,199607,1996,3,8,15,0.00543012159829237,0.009958616501111628
Quartiles,0.25,0.75,199607,1996,4,8,15,-0.08732251154252746,-0.20645416442915465
Quartiles,0.25,0.75,199607,1996,5,8,15,-0.14575826740276443,-0.38640921051176047
Quartiles,0.25,0.75,199607,1996,6,8,15,-0.1701827768072225,-0.4699632957046145
Quartiles,0.25,0.75,199608,1996,1,8,15,-0.09358665721360593,-0.1137936011580325
Quartiles,0.25,0.75,199608,1996,2,8,15,-0.08956278585421595,-0.136924096484778
Quartiles,0.25,0.75,199608,1996,3,8,15,-0.10799842394736991,-0.21852234116310054
Quartiles,0.25,0.75,199608,1996,4,8,15,-0.19399506320451299,-0.504641866435878
Quartiles,0.25,0.75,199608,1996,5,8,15,-0.24145057022273864,-0.7031928494059674
Quartiles,0.25,0.75,199608,1996,6,8,15,-0.259937619567183,-0.7879376279712123
Quartiles,0.25,0.75,199706,1997,1,8,14,-0.17250021686061634,-0.2041620169315026
Quartiles,0.25,0.75,199706,1997,2,8,14,-0.2390559478063522,-0.37441479923799603
Quartiles,0.25,0.75,199706,1997,3,8,14,-0.29808323897585143,-0.6552954367192836
Quartiles,0.25,0.75,199706,1997,4,8,14,-0.32917384625195256,-0.9621232246296687
Quartiles,0.25,0.75,199706,1997,5,8,14,-0.3422938618232587,-1.1406925330200393
Quartiles,0.25,0.75,199706,1997,6,8,14,-0.3468001451793734,-1.2122621214103306
Quartiles,0.25,0.75,199707,1997,1,8,15,0.0698101205629793,0.07412046416746332
Quartiles,0.25,0.75,199707,1997,2,8,15,0.04609671100815227,0.062425410827428696
Quartiles,0.25,0.75,199707,1997,3,8,15,-0.0039626490504561795,-0.007273602096993681
Quartiles,0.25,0.75,199707,1997,4,8,15,-0.0561410196812937,-0.12904211653349051
Quartiles,0.25,0.75,199707,1997,5,8,15,-0.08459367661924799,-0.21244325623046034
Quartiles,0.25,0.75,199707,1997,6,8,15,-0.09695884190061033,-0.2506088744906849
Quartiles,0.25,0.75,199708,1997,1,8,15,-0.12028757378181887,-0.15006819449230058
Quartiles,0.25,0.75,199708,1997,2,8,15,-0.11166958755869905,-0.17421163481670465
Quartiles,0.25,0.75,199708,1997,3,8,15,-0.10949679812383273,-0.22506934838711512
Quartiles,0.25,0.75,199708,1997,4,8,15,-0.14070539590381959,-0.363331475652795
Quartiles,0.25,0.75,199708,1997,5,8,15,-0.15614952020370598,-0.4431011554218163
Quartiles,0.25,0.75,199708,1997,6,8,15,-0.16156783889319082,-0.47297858287926076
Quartiles,0.25,0.75,199806,1998,1,8,14,-0.12989611041053584,-0.15466022033126858
Quartiles,0.25,0.75,199806,1998,2,8,14,-0.14762409029241597,-0.2279221980429389
Quartiles,0.25,0.75,199806,1998,3,8,14,-0.18575955524974397,-0.39731413630601153
Quartiles,0.25,0.75,199806,1998,4,8,14,-0.24466621782518205,-0.70324085573698
Quartiles,0.25,0.75,199806,1998,5,8,14,-0.2787614379124962,-0.9229321858214927
Quartiles,0.25,0.75,199806,1998,6,8,14,-0.2929066593755536,-1.0218542994010162
Quartiles,0.25,0.75,199807,1998,1,8,15,0.0442646379722742,0.049693611600639453
Quartiles,0.25,0.75,199807,1998,2,8,15,0.0925475878978983,0.12953676508843426
Quartiles,0.25,0.75,199807,1998,3,8,15,0.13893343351453002,0.25484276724289634
Quartiles,0.25,0.75,199807,1998,4,8,15,0.11437972282603992,0.26024020745220966
Quartiles,0.25,0.75,199807,1998,5,8,15,0.09660234977708049,0.2399608367455448
Quartiles,0.25,0.75,199807,1998,6,8,15,0.09033210460009711,0.230874922977228
Quartiles,0.25,0.75,199808,1998,1,8,15,0.08217308380728938,0.09317088684800234
Quartiles,0.25,0.75,199808,1998,2,8,15,0.060559608757907,0.08912127342460874
Quartiles,0.25,0.75,199808,1998,3,8,15,0.03919883918070233,0.07950884474158304
Quartiles,0.25,0.75,199808,1998,4,8,15,0.02408704612953172,0.06183614524662584
Quartiles,0.25,0.75,199808,1998,5,8,15,0.014323383274363,0.04037160062649203
Quartiles,0.25,0.75,199808,1998,6,8,15,0.00926563384189305,0.026936014841236755
Quartiles,0.25,0.75,199906,1999,1,8,14,-0.16975851364943184,-0.20561779843749672
Quartiles,0.25,0.75,199906,1999,2,8,14,-0.2153500231480776,-0.3447247852506359
Quartiles,0.25,0.75,199906,1999,3,8,14,-0.26516481776968526,-0.5947713495268312
Quartiles,0.25,0.75,199906,1999,4,8,14,-0.2958131377052957,-0.884680687634642
Quartiles,0.25,0.75,199906,1999,5,8,14,-0.31263456082853314,-1.0690872816159196
Quartiles,0.25,0.75,199906,1999,6,8,14,-0.3197160201029673,-1.1482825365378098
Quartiles,0.25,0.75,199907,1999,1,8,15,-0.0003499653089935606,-0.0003714007599096014
Quartiles,0.25,0.75,199907,1999,2,8,15,-0.003005316614307474,-0.003944594886217789
Quartiles,0.25,0.75,199907,1999,3,8,15,0.011207206461760988,0.018674840528225545
Quartiles,0.25,0.75,199907,1999,4,8,15,-0.01766015465806281,-0.03637742131328192
Quartiles,0.25,0.75,199907,1999,5,8,15,-0.04565395251001059,-0.10399975325545796
Quartiles,0.25,0.75,199907,1999,6,8,15,-0.058272937656207,-0.13759241217370377
Quartiles,0.25,0.75,199908,1999,1,8,15,-0.15143868427918505,-0.17973304216300123
Quartiles,0.25,0.75,199908,1999,2,8,15,-0.1948572358417251,-0.2977430910088481
Quartiles,0.25,0.75,199908,1999,3,8,15,-0.24500586482334596,-0.5131385959745596
Quartiles,0.25,0.75,199908,1999,4,8,15,-0.30123958737348033,-0.8274892445084143
Quartiles,0.25,0.75,199908,1999,5,8,15,-0.33198675021511614,-1.0297532994091672
Quartiles,0.25,0.75,199908,1999,6,8,15,-0.3448245691830949,-1.1168022783775662
Quartiles,0.25,0.75,200006,2000,1,8,14,0.002881790235529369,0.003156316628484035
Quartiles,0.25,0.75,200006,2000,2,8,14,-0.013165043592569425,-0.01867526706786604
Quartiles,0.25,0.75,200006,2000,3,8,14,-0.033880007731831085,-0.06678601323063393
Quartiles,0.25,0.75,200006,2000,4,8,14,-0.07206117682934687,-0.18941144513576713
Quartiles,0.25,0.75,200006,2000,5,8,14,-0.0948584279716439,-0.28330222461623844
Quartiles,0.25,0.75,200006,2000,6,8,14,-0.10430555493375104,-0.325973352512988
Quartiles,0.25,0.75,200007,2000,1,8,15,-0.1535131147170269,-0.188507067182345
Quartiles,0.25,0.75,200007,2000,2,8,15,-0.21403026566576278,-0.34242605659243264
Quartiles,0.25,0.75,200007,2000,3,8,15,-0.30205976828563375,-0.6626522426905157
Quartiles,0.25,0.75,200007,2000,4,8,15,-0.3741192574083152,-1.035136543752778
Quartiles,0.25,0.75,200007,2000,5,8,15,-0.4055862627318756,-1.2345711635570158
Quartiles,0.25,0.75,200007,2000,6,8,15,-0.41752128454329374,-1.3125389927615574
Quartiles,0.25,0.75,200008,2000,1,8,15,-0.18044906582120723,-0.22527544005836342
Quartiles,0.25,0.75,200008,2000,2,8,15,-0.17033923301352216,-0.2687033832725665
Quartiles,0.25,0.75,200008,2000,3,8,15,-0.16645653675392558,-0.35251044394257214
Quartiles,0.25,0.75,200008,2000,4,8,15,-0.21089431451001717,-0.5714209413984666
Quartiles,0.25,0.75,200008,2000,5,8,15,-0.24168798944111813,-0.7279075978053404
Quartiles,0.25,0.75,200008,2000,6,8,15,-0.255106569588884,-0.7967314776507424
Quartiles,0.25,0.75,200106,2001,1,8,14,-0.006244274206891887,-0.007240553229752589
Quartiles,0.25,0.75,200106,2001,2,8,14,0.0062152194404132555,0.00928039630423605
Quartiles,0.25,0.75,200106,2001,3,8,14,0.014996955999545092,0.030526269280289675
Quartiles,0.25,0.75,200106,2001,4,8,14,-0.02236914021980063,-0.05942844215319987
Quartiles,0.25,0.75,200106,2001,5,8,14,-0.055752825158209895,-0.16739395066635865
Quartiles,0.25,0.75,200106,2001,6,8,14,-0.07123199474135533,-0.22350315674172538
Quartiles,0.25,0.75,200107,2001,1,8,15,-0.03313110604651426,-0.03996754635445399
Quartiles,0.25,0.75,200107,2001,2,8,15,-0.04327813459631491,-0.06700469422118749
Quartiles,0.25,0.75,200107,2001,3,8,15,-0.040585001126648534,-0.08491726775292374
Quartiles,0.25,0.75,200107,2001,4,8,15,-0.05100625232269185,-0.13436410816520183
Quartiles,0.25,0.75,200107,2001,5,8,15,-0.05761039720946037,-0.1663759402829985
Quartiles,0.25,0.75,200107,2001,6,8,15,-0.059707255359567446,-0.17763697886921648
Quartiles,0.25,0.75,200108,2001,1,8,15,-0.16392685676274066,-0.21598648761105244
Quartiles,0.25,0.75,200108,2001,2,8,15,-0.1794026975186206,-0.3003178947156804
Quartiles,0.25,0.75,200108,2001,3,8,15,-0.22463963322963376,-0.5099258795194501
Quartiles,0.25,0.75,200108,2001,4,8,15,-0.29009530712937803,-0.8532421327651925
Quartiles,0.25,0.75,200108,2001,5,8,15,-0.3291223796520413,-1.0907978640661407
Quartiles,0.25,0.75,200108,2001,6,8,15,-0.3455699128866213,-1.1956448183847623
Quartiles,0.25,0.75,200206,2002,1,8,14,0.014058693747038387,0.015310547812472208
Quartiles,0.25,0.75,200206,2002,2,8,14,-0.005976209165101776,-0.008367994229261377
Quartiles,0.25,0.75,200206,2002,3,8,14,-0.030384678207578952,-0.058452681670881024
Quartiles,0.25,0.75,200206,2002,4,8,14,-0.039206584520246834,-0.09907990238816833
Quartiles,0.25,0.75,200206,2002,5,8,14,-0.04609755203411925,-0.13235970984913337
Quartiles,0.25,0.75,200206,2002,6,8,14,-0.04942409195327635,-0.14878099678462764
Quartiles,0.25,0.75,200207,2002,1,8,15,0.2026940681672651,0.22207158515055037
Quartiles,0.25,0.75,200207,2002,2,8,15,0.23958532542915711,0.325035865402191
Quartiles,0.25,0.75,200207,2002,3,8,15,0.30910461398439093,0.5390518806432922
Quartiles,0.25,0.75,200207,2002,4,8,15,0.330912625975919,0.7073434746115677
Quartiles,0.25,0.75,200207,2002,5,8,15,0.31644261602475865,0.7399277446119603
Quartiles,0.25,0.75,200207,2002,6,8,15,0.30646233267178413,0.739236679258819
Quartiles,0.25,0.75,200208,2002,1,8,15,-0.14089307361612813,-0.18125295256919483
Quartiles,0.25,0.75,200208,2002,2,8,15,-0.16472235276871272,-0.2733065106869774
Quartiles,0.25,0.75,200208,2002,3,8,15,-0.18120115444403095,-0.40345464301031075
Quartiles,0.25,0.75,200208,2002,4,8,15,-0.22835866998025267,-0.6486715019664793
Quartiles,0.25,0.75,200208,2002,5,8,15,-0.2607328850834276,-0.8271607711680975
Quartiles,0.25,0.75,200208,2002,6,8,15,-0.27392617987654155,-0.903454419230636
Quartiles,0.25,0.75,200306,2003,1,8,14,-0.0888117850128175,-0.1052820337487641
Quartiles,0.25,0.75,200306,2003,2,8,14,-0.13216717896733143,-0.20589774787576998
Quartiles,0.25,0.75,200306,2003,3,8,14,-0.1376595484943124,-0.2913344306522676
Quartiles,0.25,0.75,200306,2003,4,8,14,-0.1343020636957568,-0.3654768894623608
Quartiles,0.25,0.75,200306,2003,5,8,14,-0.14447829328063033,-0.44332965255425627
Quartiles,0.25,0.75,200306,2003,6,8,14,-0.15113151723624962,-0.48496983465854093
Quartiles,0.25,0.75,200307,2003,1,8,15,0.028211910388826755,0.031668746247261126
Quartiles,0.25,0.75,200307,2003,2,8,15,0.05931676177563072,0.08422652471800118
Quartiles,0.25,0.75,200307,2003,3,8,15,0.057643575563330884,0.10985379827212727
Quartiles,0.25,0.75,200307,2003,4,8,15,-0.061022301541304946,-0.1511580681706537
Quartiles,0.25,0.75,200307,2003,5,8,15,-0.12582655495066142,-0.34816979505895507
Quartiles,0.25,0.75,200307,2003,6,8,15,-0.15081086657189569,-0.43331448266559214
Quartiles,0.25,0.75,200308,2003,1,8,15,0.08939397813189309,0.09946363049044304
Quartiles,0.25,0.75,200308,2003,2,8,15,0.09453161362548701,0.1346155378434033
Quartiles,0.25,0.75,200308,2003,3,8,15,0.0661614953722125,0.128995345770901
Quartiles,0.25,0.75,200308,2003,4,8,15,-0.014631476952391975,-0.03721928085430015
Quartiles,0.25,0.75,200308,2003,5,8,15,-0.052346639266143025,-0.14910816366920265
Quartiles,0.25,0.75,200308,2003,6,8,15,-0.0659903615464561,-0.19548897823548472
Quartiles,0.25,0.75,200406,2004,1,8,14,0.0561564294151109,0.06545188184614936
Quartiles,0.25,0.75,200406,2004,2,8,14,0.08978984321334127,0.1331447544361657
Quartiles,0.25,0.75,200406,2004,3,8,14,0.14755022106533056,0.2872634941051375
Quartiles,0.25,0.75,200406,2004,4,8,14,0.15339714302581164,0.37647064350408943
Quartiles,0.25,0.75,200406,2004,5,8,14,0.13508595456067884,0.37041398844245776
Quartiles,0.25,0.75,200406,2004,6,8,14,0.1246200392500636,0.3558787443039151
Quartiles,0.25,0.75,200407,2004,1,8,15,-0.031243811187599557,-0.0375878914682799
Quartiles,0.25,0.75,200407,2004,2,8,15,-0.07499263616425089,-0.11776653738225651
Quartiles,0.25,0.75,200407,2004,3,8,15,-0.13165791559103512,-0.28335693054051925
Quartiles,0.25,0.75,200407,2004,4,8,15,-0.20630289036404548,-0.5644703183183335
Quartiles,0.25,0.75,200407,2004,5,8,15,-0.2490783087459031,-0.754848415574366
Quartiles,0.25,0.75,200407,2004,6,8,15,-0.2669887595881998,-0.8383438441955553
Quartiles,0.25,0.75,200408,2004,1,8,15,-0.025177080869997814,-0.028514370629702412
Quartiles,0.25,0.75,200408,2004,2,8,15,-0.04481395098377561,-0.06479212277527058
Quartiles,0.25,0.75,200408,2004,3,8,15,-0.1107319363067778,-0.21923698560635207
Quartiles,0.25,0.75,200408,2004,4,8,15,-0.23965158708909762,-0.6386559516858918
Quartiles,0.25,0.75,200408,2004,5,8,15,-0.3078725011444222,-0.9434334716950206
Quartiles,0.25,0.75,200408,2004,6,8,15,-0.33482252886194475,-1.0801544505476262
Quartiles,0.25,0.75,200506,2005,1,8,14,-0.09700719569623195,-0.1202492785358813
Quartiles,0.25,0.75,200506,2005,2,8,14,-0.09740503580712834,-0.15880715325480876
Quartiles,0.25,0.75,200506,2005,3,8,14,-0.08137296302203534,-0.1834130716242921
Quartiles,0.25,0.75,200506,2005,4,8,14,-0.09253532859729452,-0.2703783367930024
Quartiles,0.25,0.75,200506,2005,5,8,14,-0.1139043068483877,-0.37469062329866
Quartiles,0.25,0.75,200506,2005,6,8,14,-0.12518569271073487,-0.429850581762917
Quartiles,0.25,0.75,200507,2005,1,8,15,-0.05373634434124641,-0.06244472566106163
Quartiles,0.25,0.75,200507,2005,2,8,15,-0.10934983350254712,-0.16503738772482723
Quartiles,0.25,0.75,200507,2005,3,8,15,-0.17637074186274793,-0.36430935852651913
Quartiles,0.25,0.75,200507,2005,4,8,15,-0.234017413106689,-0.6087055351794399
Quartiles,0.25,0.75,200507,2005,5,8,15,-0.2614818323945235,-0.7462098726417956
Quartiles,0.25,0.75,200507,2005,6,8,15,-0.27222067878730793,-0.8009975069110951
Quartiles,0.25,0.75,200508,2005,1,8,15,-0.0007227591060662286,-0.000826822607601585
Quartiles,0.25,0.75,200508,2005,2,8,15,0.011538357032834456,0.01663537331231346
Quartiles,0.25,0.75,200508,2005,3,8,15,-0.011874945871260367,-0.022936582068112887
Quartiles,0.25,0.75,200508,2005,4,8,15,-0.1069658355365074,-0.26644827858314724
Quartiles,0.25,0.75,200508,2005,5,8,15,-0.16442405641543012,-0.45881435334289833
Quartiles,0.25,0.75,200508,2005,6,8,15,-0.18825641318079345,-0.5467698691912588
Quartiles,0.25,0.75,200606,2006,1,8,14,-0.06148056613335606,-0.07185301208951023
Quartiles,0.25,0.75,200606,2006,2,8,14,-0.006766049653331607,-0.010111861131151034
Quartiles,0.25,0.75,200606,2006,3,8,14,0.0511455465549584,0.1042392746150842
Quartiles,0.25,0.75,200606,2006,4,8,14,0.007402036239896104,0.020077586861336094
Quartiles,0.25,0.75,200606,2006,5,8,14,-0.03785265166195162,-0.11762599088762649
Quartiles,0.25,0.75,200606,2006,6,8,14,-0.058084291792679044,-0.18973561789114868
Quartiles,0.25,0.75,200607,2006,1,8,15,0.08118659298296316,0.08908342936235414
Quartiles,0.25,0.75,200607,2006,2,8,15,0.036349065867929076,0.05149919864355246
Quartiles,0.25,0.75,200607,2006,3,8,15,-0.055960856948413795,-0.1090204579399976
Quartiles,0.25,0.75,200607,2006,4,8,15,-0.10596216272265657,-0.2603475375715645
Quartiles,0.25,0.75,200607,2006,5,8,15,-0.11538012554615173,-0.310732259885234
Quartiles,0.25,0.75,200607,2006,6,8,15,-0.1160524912272487,-0.3220097868183389
Quartiles,0.25,0.75,200608,2006,1,8,15,-0.13987016131300867,-0.1663032168660794
Quartiles,0.25,0.75,200608,2006,2,8,15,-0.1887343275809441,-0.2884286537151204
Quartiles,0.25,0.75,200608,2006,3,8,15,-0.256496063880727,-0.5345546907107037
Quartiles,0.25,0.75,200608,2006,4,8,15,-0.312884629001525,-0.8265045734342191
Quartiles,0.25,0.75,200608,2006,5,8,15,-0.33286972238916,-0.9650120216144105
Quartiles,0.25,0.75,200608,2006,6,8,15,-0.33972550334426355,-1.0150890041874892
Quartiles,0.25,0.75,200706,2007,1,8,14,0.14284801859085938,0.1589483527780371
Quartiles,0.25,0.75,200706,2007,2,8,14,0.16340386755798342,0.22940518092036521
Quartiles,0.25,0.75,200706,2007,3,8,14,0.14360970333466794,0.27580754946466435
Quartiles,0.25,0.75,200706,2007,4,8,14,0.04748559751814385,0.12321383200756397
Quartiles,0.25,0.75,200706,2007,5,8,14,-0.015451019782767528,-0.04626919548618513
Quartiles,0.25,0.75,200706,2007,6,8,14,-0.042158332565469636,-0.1331454068767739
Quartiles,0.25,0.75,200707,2007,1,8,15,-0.06608156204794424,-0.07810138557657398
Quartiles,0.25,0.75,200707,2007,2,8,15,-0.05360784729523227,-0.07978576091221434
Quartiles,0.25,0.75,200707,2007,3,8,15,-0.06240073095833065,-0.12357074632063902
Quartiles,0.25,0.75,200707,2007,4,8,15,-0.13866939894034103,-0.35151649194937473
Quartiles,0.25,0.75,200707,2007,5,8,15,-0.18222964775151795,-0.514208959064903
Quartiles,0.25,0.75,200707,2007,6,8,15,-0.1997290212886773,-0.5849710423545114
Quartiles,0.25,0.75,200708,2007,1,8,15,0.06391831401753678,0.07349313877769736
Quartiles,0.25,0.75,200708,2007,2,8,15,0.02297324730869721,0.034663581559913226
Quartiles,0.25,0.75,200708,2007,3,8,15,-0.04896405478252874,-0.10296534211397201
Quartiles,0.25,0.75,200708,2007,4,8,15,-0.1420816811527118,-0.38709141970927696
Quartiles,0.25,0.75,200708,2007,5,8,15,-0.19202747236186213,-0.5850681322334204
Quartiles,0.25,0.75,200708,2007,6,8,15,-0.2124397632474332,-0.6734097240554471
Quartiles,0.25,0.75,200806,2008,1,8,14,0.08512739276540393,0.09178045200839646
Quartiles,0.25,0.75,200806,2008,2,8,14,0.07963199931969211,0.1103822321632082
Quartiles,0.25,0.75,200806,2008,3,8,14,0.10856559146001588,0.20088306982655757
Quartiles,0.25,0.75,200806,2008,4,8,14,0.09790798955743552,0.23311198137504086
Quartiles,0.25,0.75,200806,2008,5,8,14,0.07223927340055458,0.19426272776066522
Quartiles,0.25,0.75,200806,2008,6,8,14,0.05862513514285439,0.16494497290912769
Quartiles,0.25,0.75,200807,2008,1,8,15,0.021959669232760604,0.025565119504778355
Quartiles,0.25,0.75,200807,2008,2,8,15,0.028481631025994325,0.041789629142725104
Quartiles,0.25,0.75,200807,2008,3,8,15,-0.016245288212319853,-0.03224075501262069
Quartiles,0.25,0.75,200807,2008,4,8,15,-0.07465309984866608,-0.18825520155771436
Quartiles,0.25,0.75,200807,2008,5,8,15,-0.09102448953016229,-0.2517014460979645
Quartiles,0.25,0.75,200807,2008,6,8,15,-0.09501689544371117,-0.2704811598668311
Quartiles,0.25,0.75,200808,2008,1,8,15,-0.010735100219325,-0.012959918324699338
Quartiles,0.25,0.75,200808,2008,2,8,15,-0.06985004024383623,-0.10974780381740423
Quartiles,0.25,0.75,200808,2008,3,8,15,-0.14762831035532287,-0.3215981088383173
Quartiles,0.25,0.75,200808,2008,4,8,15,-0.21289975942366723,-0.5946368869516938
Quartiles,0.25,0.75,200808,2008,5,8,15,-0.24253406893456497,-0.7488819836951643
Quartiles,0.25,0.75,200808,2008,6,8,15,-0.25433523998286356,-0.8121117142537564
Quartiles,0.25,0.75,200906,2009,1,8,14,-0.07630578089487439,-0.09838556707614066
Quartiles,0.25,0.75,200906,2009,2,8,14,-0.07934019988756291,-0.1361260747419064
Quartiles,0.25,0.75,200906,2009,3,8,14,-0.08210707201665646,-0.20151983691472264
Quartiles,0.25,0.75,200906,2009,4,8,14,-0.10153093368359711,-0.33322953226799523
Quartiles,0.25,0.75,200906,2009,5,8,14,-0.11393945175587461,-0.4231880591572441
Quartiles,0.25,0.75,200906,2009,6,8,14,-0.11889034774389107,-0.4610318067910564
Quartiles,0.25,0.75,200907,2009,1,8,15,-0.004331769365993776,-0.005105101536574619
Quartiles,0.25,0.75,200907,2009,2,8,15,0.0013272596998290531,0.001995124353539879
Quartiles,0.25,0.75,200907,2009,3,8,15,-0.040821722510068326,-0.08387296108690734
Quartiles,0.25,0.75,200907,2009,4,8,15,-0.125123671422132,-0.33517158786871004
Quartiles,0.25,0.75,200907,2009,5,8,15,-0.16510212348947995,-0.4957665686844841
Quartiles,0.25,0.75,200907,2009,6,8,15,-0.17967780225068797,-0.5612735819900472
Quartiles,0.25,0.75,200908,2009,1,8,15,-0.17178764280306935,-0.22556650461944017
Quartiles,0.25,0.75,200908,2009,2,8,15,-0.18158531964099878,-0.30382886998189074
Quartiles,0.25,0.75,200908,2009,3,8,15,-0.1925929654719848,-0.43463419792905844
Quartiles,0.25,0.75,200908,2009,4,8,15,-0.2069409697366249,-0.5990540900245955
Quartiles,0.25,0.75,200908,2009,5,8,15,-0.2164350103592284,-0.697104057498434
Quartiles,0.25,0.75,200908,2009,6,8,15,-0.22074686207325633,-0.7376362790877762
Quartiles,0.25,0.75,201006,2010,1,8,14,0.028055602472336405,0.03118643016943734
Quartiles,0.25,0.75,201006,2010,2,8,14,0.0781322531523676,0.10893503969506568
Quartiles,0.25,0.75,201006,2010,3,8,14,0.18456391472024536,0.32994638273602117
Quartiles,0.25,0.75,201006,2010,4,8,14,0.20858306576863894,0.4710656649500162
Quartiles,0.25,0.75,201006,2010,5,8,14,0.1725169785579237,0.44249338692569484
Quartiles,0.25,0.75,201006,2010,6,8,14,0.1504956586514945,0.4058563762048717
Quartiles,0.25,0.75,201007,2010,1,8,15,-0.031146365378995955,-0.035914033632503006
Quartiles,0.25,0.75,201007,2010,2,8,15,-0.08144428017850347,-0.12071376525612099
Quartiles,0.25,0.75,201007,2010,3,8,15,-0.19169909684451858,-0.3927031650817612
Quartiles,0.25,0.75,201007,2010,4,8,15,-0.31485105204289643,-0.8471124706879332
Quartiles,0.25,0.75,201007,2010,5,8,15,-0.3668228246538664,-1.1066556652874127
Quartiles,0.25,0.75,201007,2010,6,8,15,-0.3856911699183502,-1.2098973257594023
Quartiles,0.25,0.75,201008,2010,1,8,15,-0.022191678365838463,-0.028006269497819147
Quartiles,0.25,0.75,201008,2010,2,8,15,-0.05307385255799979,-0.0887726415609178
Quartiles,0.25,0.75,201008,2010,3,8,15,-0.11642232694293086,-0.2772438238224053
Quartiles,0.25,0.75,201008,2010,4,8,15,-0.1863727893930175,-0.581518823591173
Quartiles,0.25,0.75,201008,2010,5,8,15,-0.21491847271623832,-0.7491649502812603
Quartiles,0.25,0.75,201008,2010,6,8,15,-0.22497494048564692,-0.8143635331349435
Quartiles,0.25,0.75,201106,2011,1,8,14,-0.04828608831587655,-0.05476920450810274
Quartiles,0.25,0.75,201106,2011,2,8,14,-0.0638212411493514,-0.09369140394500342
Quartiles,0.25,0.75,201106,2011,3,8,14,-0.08069662485652751,-0.1631287049896062
Quartiles,0.25,0.75,201106,2011,4,8,14,-0.1465282488277455,-0.39863789367769886
Quartiles,0.25,0.75,201106,2011,5,8,14,-0.19211092973989274,-0.6005262233011086
Quartiles,0.25,0.75,201106,2011,6,8,14,-0.21130453538863603,-0.6948367654480601
Quartiles,0.25,0.75,201107,2011,1,8,15,-0.02134507314404399,-0.02512309611109842
Quartiles,0.25,0.75,201107,2011,2,8,15,-0.03135150569316325,-0.04731607864035192
Quartiles,0.25,0.75,201107,2011,3,8,15,-0.03632962695969766,-0.07407445620017583
Quartiles,0.25,0.75,201107,2011,4,8,15,-0.08410873062866986,-0.21925586466034286
Quartiles,0.25,0.75,201107,2011,5,8,15,-0.1182090737526269,-0.34193383474549055
Quartiles,0.25,0.75,201107,2011,6,8,15,-0.1332532577841813,-0.39935178278625383
Quartiles,0.25,0.75,201108,2011,1,8,15,0.022087515848951966,0.02497557817184415
Quartiles,0.25,0.75,201108,2011,2,8,15,0.01706820209912774,0.024682122167804188
Quartiles,0.25,0.75,201108,2011,3,8,15,-0.018529444554886143,-0.036380261319810536
Quartiles,0.25,0.75,201108,2011,4,8,15,-0.09641365997065843,-0.24327152292464227
Quartiles,0.25,0.75,201108,2011,5,8,15,-0.1322858304655471,-0.369748627074709
Quartiles,0.25,0.75,201108,2011,6,8,15,-0.14535802498740247,-0.4202528882459875
Quartiles,0.25,0.75,201206,2012,1,8,14,-0.17394907745137878,-0.20579750773248495
Quartiles,0.25,0.75,201206,2012,2,8,14,-0.25062649474703336,-0.396682841248043
Quartiles,0.25,0.75,201206,2012,3,8,14,-0.32747673114861786,-0.7459066951452389
Quartiles,0.25,0.75,201206,2012,4,8,14,-0.3715875167641415,-1.1458693829905684
Quartiles,0.25,0.75,201206,2012,5,8,14,-0.38909252518362525,-1.3695433642759482
Quartiles,0.25,0.75,201206,2012,6,8,14,-0.3953807896408029,-1.4581934967565608
Quartiles,0.25,0.75,201207,2012,1,8,15,-0.12434466496300178,-0.1459028042279713
Quartiles,0.25,0.75,201207,2012,2,8,15,-0.1819027543539966,-0.2815895281243064
Quartiles,0.25,0.75,201207,2012,3,8,15,-0.26118227628845636,-0.564658940298123
Quartiles,0.25,0.75,201207,2012,4,8,15,-0.30565705970876844,-0.8293339092800949
Quartiles,0.25,0.75,201207,2012,5,8,15,-0.3212546516633772,-0.9504982057461122
Quartiles,0.25,0.75,201207,2012,6,8,15,-0.3270738723223391,-0.9953031755400756
Quartiles,0.25,0.75,201208,2012,1,8,15,-0.17329858031839573,-0.21095509308487337
Quartiles,0.25,0.75,201208,2012,2,8,15,-0.22925374780659902,-0.3587557774447232
Quartiles,0.25,0.75,201208,2012,3,8,15,-0.31350122366731614,-0.6742526408904763
Quartiles,0.25,0.75,201208,2012,4,8,15,-0.37561830978921074,-1.0500421638392035
Quartiles,0.25,0.75,201208,2012,5,8,15,-0.3959712922287758,-1.235508715412255
Quartiles,0.25,0.75,201208,2012,6,8,15,-0.40225664162544783,-1.303062575666643
Quartiles,0.25,0.75,201306,2013,1,8,14,0.041081789206705244,0.044308432975006085
Quartiles,0.25,0.75,201306,2013,2,8,14,0.07339272086295678,0.0987298976973281
Quartiles,0.25,0.75,201306,2013,3,8,14,0.13689483275289094,0.2419057019744093
Quartiles,0.25,0.75,201306,2013,4,8,14,0.13092732384275863,0.3006350669080229
Quartiles,0.25,0.75,201306,2013,5,8,14,0.10652592172916697,0.2770009947600762
Quartiles,0.25,0.75,201306,2013,6,8,14,0.09451787351176089,0.2571305116245757
Quartiles,0.25,0.75,201307,2013,1,8,15,-0.01608264746088317,-0.018488827346400782
Quartiles,0.25,0.75,201307,2013,2,8,15,-0.024193649266549322,-0.035443539281144076
Quartiles,0.25,0.75,201307,2013,3,8,15,-0.059384407161325425,-0.11671680295014664
Quartiles,0.25,0.75,201307,2013,4,8,15,-0.0962380225657814,-0.23278627351121184
Quartiles,0.25,0.75,201307,2013,5,8,15,-0.10700150863080193,-0.27998065676007133
Quartiles,0.25,0.75,201307,2013,6,8,15,-0.10971315671197901,-0.29426876442872185
Quartiles,0.25,0.75,201308,2013,1,8,15,-0.00047088999924915775,-0.0005578943228292665
Quartiles,0.25,0.75,201308,2013,2,8,15,-0.07959699479770688,-0.12407226845842123
Quartiles,0.25,0.75,201308,2013,3,8,15,-0.18047894885578408,-0.3892231851147625
Quartiles,0.25,0.75,201308,2013,4,8,15,-0.26937773386120023,-0.7358341171813212
Quartiles,0.25,0.75,201308,2013,5,8,15,-0.308871691698566,-0.9311220969791325
Quartiles,0.25,0.75,201308,2013,6,8,15,-0.3240465811145862,-1.010582490375577
Quartiles,0.25,0.75,201406,2014,1,8,14,-0.010398060382288077,-0.011589736546382401
Quartiles,0.25,0.75,201406,2014,2,8,14,-0.014710659579313723,-0.021192755887395
Quartiles,0.25,0.75,201406,2014,3,8,14,-0.0171489747106085,-0.033593887391394794
Quartiles,0.25,0.75,201406,2014,4,8,14,-0.014222084640251542,-0.03642295393245831
Quartiles,0.25,0.75,201406,2014,5,8,14,-0.013478032264584772,-0.039199950995244315
Quartiles,0.25,0.75,201406,2014,6,8,14,-0.01395306011615527,-0.04252100691954208
Quartiles,0.25,0.75,201407,2014,1,8,15,-0.010498156379777135,-0.011570253891987736
Quartiles,0.25,0.75,201407,2014,2,8,15,-0.01598716406270473,-0.022457289443935213
Quartiles,0.25,0.75,201407,2014,3,8,15,-0.004103520082877732,-0.007677623756618068
Quartiles,0.25,0.75,201407,2014,4,8,15,-0.061935464399674456,-0.15006593299499293
Quartiles,0.25,0.75,201407,2014,5,8,15,-0.1051923838940052,-0.28673999036342757
Quartiles,0.25,0.75,201407,2014,6,8,15,-0.12329783270811168,-0.3503221197882427
Quartiles,0.25,0.75,201408,2014,1,8,15,0.0020266359985223747,0.0023099035774674093
Quartiles,0.25,0.75,201408,2014,2,8,15,0.0302341472338179,0.043185091842018686
Quartiles,0.25,0.75,201408,2014,3,8,15,0.07615602342593197,0.1438784764869565
Quartiles,0.25,0.75,201408,2014,4,8,15,0.08151509161667558,0.1995956251567952
Quartiles,0.25,0.75,201408,2014,5,8,15,0.07308549290516564,0.20146417672623418
Quartiles,0.25,0.75,201408,2014,6,8,15,0.06956804403799,0.19987001462487175
Quartiles,0.25,0.75,201606,2016,1,8,14,0.033493313722451123,0.03867738698120027
Quartiles,0.25,0.75,201606,2016,2,8,14,0.06277084820974133,0.09357354670338491
Quartiles,0.25,0.75,201606,2016,3,8,14,0.10734524841498128,0.21794884977819518
Quartiles,0.25,0.75,201606,2016,4,8,14,0.06395475672275386,0.1733346135564462
Quartiles,0.25,0.75,201606,2016,5,8,14,0.019495529532596256,0.060773825461488684
Quartiles,0.25,0.75,201606,2016,6,8,14,-0.0005656212905811309,-0.001857275619249421
Quartiles,0.25,0.75,201607,2016,1,8,15,0.05624939015654551,0.0633227735700066
Quartiles,0.25,0.75,201607,2016,2,8,15,0.01401110616736867,0.020441198414757444
Quartiles,0.25,0.75,201607,2016,3,8,15,-0.07111672114719991,-0.14369663089545304
Quartiles,0.25,0.75,201607,2016,4,8,15,-0.134347401640461,-0.3443286388557931
Quartiles,0.25,0.75,201607,2016,5,8,15,-0.154828847944819,-0.4343558355916821
Quartiles,0.25,0.75,201607,2016,6,8,15,-0.1615978993602495,-0.46663851107643683
Quartiles,0.25,0.75,201608,2016,1,8,15,0.14762803202708485,0.15473796904845027
Quartiles,0.25,0.75,201608,2016,2,8,15,0.17079505538508544,0.22119440744854346
Quartiles,0.25,0.75,201608,2016,3,8,15,0.17995556684648628,0.2987582300782501
Quartiles,0.25,0.75,201608,2016,4,8,15,0.171591689081402,0.34622672302965896
Quartiles,0.25,0.75,201608,2016,5,8,15,0.16299143634710855,0.35803754610798677
Quartiles,0.25,0.75,201608,2016,6,8,15,0.15841559404981842,0.35837594225257163
Quartiles,0.25,0.75,201706,2017,1,8,14,-0.04569326362152226,-0.05202874494028675
Quartiles,0.25,0.75,201706,2017,2,8,14,-0.0661399606414328,-0.09903745796306396
Quartiles,0.25,0.75,201706,2017,3,8,14,-0.09240408860039262,-0.19220696191065123
Quartiles,0.25,0.75,201706,2017,4,8,14,-0.14846079107842558,-0.41584664230946444
Quartiles,0.25,0.75,201706,2017,5,8,14,-0.18816714210199625,-0.6105818582021243
Quartiles,0.25,0.75,201706,2017,6,8,14,-0.20615268826232924,-0.7076006747848682
Quartiles,0.25,0.75,201707,2017,1,8,15,-0.06954390075034245,-0.08159030878181328
Quartiles,0.25,0.75,201707,2017,2,8,15,-0.08124224023301396,-0.122128162087769
Quartiles,0.25,0.75,201707,2017,3,8,15,-0.13476101783192962,-0.27610462583647033
Quartiles,0.25,0.75,201707,2017,4,8,15,-0.20577688071080513,-0.5299527691869885
Quartiles,0.25,0.75,201707,2017,5,8,15,-0.23850354775684668,-0.6716189577080467
Quartiles,0.25,0.75,201707,2017,6,8,15,-0.25072338372270386,-0.7266533833419722
Quartiles,0.25,0.75,201708,2017,1,8,15,0.021557242598302828,0.024804527406208532
Quartiles,0.25,0.75,201708,2017,2,8,15,0.051741306530251,0.0751735433422347
Quartiles,0.25,0.75,201708,2017,3,8,15,0.08926506227339126,0.17339874033592917
Quartiles,0.25,0.75,201708,2017,4,8,15,0.07554647981527518,0.18583753936447778
Quartiles,0.25,0.75,201708,2017,5,8,15,0.05493161907572208,0.14950360343428581
Quartiles,0.25,0.75,201708,2017,6,8,15,0.044767995167832364,0.12612022160792158
Quartiles,0.25,0.75,201806,2018,1,8,14,-0.08190852714266683,-0.09700649032361097
Quartiles,0.25,0.75,201806,2018,2,8,14,-0.06279261235560896,-0.09465292062302799
Quartiles,0.25,0.75,201806,2018,3,8,14,-0.013424188499176926,-0.026803878520518687
Quartiles,0.25,0.75,201806,2018,4,8,14,-0.0403127782503393,-0.10470848081223938
Quartiles,0.25,0.75,201806,2018,5,8,14,-0.08143629779589112,-0.24151885865772105
Quartiles,0.25,0.75,201806,2018,6,8,14,-0.101458042054278,-0.31643740970354983
Quartiles,0.25,0.75,201807,2018,1,8,15,-0.09927404923697769,-0.1101460180432503
Quartiles,0.25,0.75,201807,2018,2,8,15,-0.15891294162766767,-0.22241807410632441
Quartiles,0.25,0.75,201807,2018,3,8,15,-0.23896553687357047,-0.44022898529989485
Quartiles,0.25,0.75,201807,2018,4,8,15,-0.30942649980034764,-0.7023264746339843
Quartiles,0.25,0.75,201807,2018,5,8,15,-0.34402829083192066,-0.849664169316596
Quartiles,0.25,0.75,201807,2018,6,8,15,-0.35837420935031683,-0.9098305740271133
Quartiles,0.25,0.75,201808,2018,1,8,15,-0.10030905767235532,-0.11474087285896362
Quartiles,0.25,0.75,201808,2018,2,8,15,-0.1165842617415962,-0.16549462042381213
Quartiles,0.25,0.75,201808,2018,3,8,15,-0.14818611033896523,-0.27110661946388914
Quartiles,0.25,0.75,201808,2018,4,8,15,-0.2337096900588932,-0.5357388926165294
Quartiles,0.25,0.75,201808,2018,5,8,15,-0.29025337452538413,-0.7417057584364675
Quartiles,0.25,0.75,201808,2018,6,8,15,-0.3147028208427267,-0.8371423258326187
Quartiles,0.25,0.75,201906,2019,1,8,14,-0.0748472113756341,-0.08775393591171499
Quartiles,0.25,0.75,201906,2019,2,8,14,-0.08681553224299288,-0.1315508610336753
Quartiles,0.25,0.75,201906,2019,3,8,14,-0.09879325497816616,-0.20711654045663241
Quartiles,0.25,0.75,201906,2019,4,8,14,-0.11006101247501021,-0.3085038542671015
Quartiles,0.25,0.75,201906,2019,5,8,14,-0.12207872852601998,-0.3924029702676979
Quartiles,0.25,0.75,201906,2019,6,8,14,-0.12804076085233185,-0.4329006183535409
Quartiles,0.25,0.75,201907,2019,1,8,15,-0.04406258110416916,-0.05280914253744218
Quartiles,0.25,0.75,201907,2019,2,8,15,-0.07330242964335587,-0.11263571027826558
Quartiles,0.25,0.75,201907,2019,3,8,15,-0.09856784449117073,-0.20498552169181306
Quartiles,0.25,0.75,201907,2019,4,8,15,-0.1152595831534956,-0.30305569413358224
Quartiles,0.25,0.75,201907,2019,5,8,15,-0.12691769797939256,-0.36808565467588483
Quartiles,0.25,0.75,201907,2019,6,8,15,-0.1324245349459242,-0.3969590780054082
Quartiles,0.25,0.75,201908,2019,1,8,15,-0.08253592936876475,-0.10217482314110482
Quartiles,0.25,0.75,201908,2019,2,8,15,-0.06784313375389472,-0.10512988051854721
Quartiles,0.25,0.75,201908,2019,3,8,15,-0.059369371605836,-0.12151096421764107
Quartiles,0.25,0.75,201908,2019,4,8,15,-0.11318597034232225,-0.29920698077543406
Quartiles,0.25,0.75,201908,2019,5,8,15,-0.15520175747370046,-0.4629015727028696
Quartiles,0.25,0.75,201908,2019,6,8,15,-0.17379955727760865,-0.5415480445610621
Quartiles,0.25,0.75,202006,2020,1,8,14,-0.06879807552517314,-0.08097824115174257
Quartiles,0.25,0.75,202006,2020,2,8,14,-0.04429074696576585,-0.06714044313570611
Quartiles,0.25,0.75,202006,2020,3,8,14,-0.050545967727752106,-0.10723023401603626
Quartiles,0.25,0.75,202006,2020,4,8,14,-0.09270652798579126,-0.2664229965193696
Quartiles,0.25,0.75,202006,2020,5,8,14,-0.1098962894326263,-0.3607432649061906
Quartiles,0.25,0.75,202006,2020,6,8,14,-0.11584577139219387,-0.398550106729993
Quartiles,0.25,0.75,202007,2020,1,8,15,-0.0037032018830399638,-0.003985937726223465
Quartiles,0.25,0.75,202007,2020,2,8,15,-0.047363835587747816,-0.06471755525763445
Quartiles,0.25,0.75,202007,2020,3,8,15,-0.10475289497210738,-0.1943307111644943
Quartiles,0.25,0.75,202007,2020,4,8,15,-0.15332561910826048,-0.37134462656277645
Quartiles,0.25,0.75,202007,2020,5,8,15,-0.1777366369421235,-0.4843717934212588
Quartiles,0.25,0.75,202007,2020,6,8,15,-0.18803153749139745,-0.5342362203151039
Quartiles,0.25,0.75,202008,2020,1,8,15,0.008704718083228702,0.010322259676812884
Quartiles,0.25,0.75,202008,2020,2,8,15,0.0023200723936369627,0.003587769807927632
Quartiles,0.25,0.75,202008,2020,3,8,15,-0.02009485876526884,-0.04235614568996393
Quartiles,0.25,0.75,202008,2020,4,8,15,-0.04019189802254841,-0.10491188305706611
Quartiles,0.25,0.75,202008,2020,5,8,15,-0.04444585452182359,-0.12574275878689178
Quartiles,0.25,0.75,202008,2020,6,8,15,-0.04471812869713365,-0.12972923388525626
Quartiles,0.25,0.75,202106,2021,1,8,14,-0.16809079252417547,-0.207561527756297
Quartiles,0.25,0.75,202106,2021,2,8,14,-0.16526122583186176,-0.2631822126737027
Quartiles,0.25,0.75,202106,2021,3,8,14,-0.17119163512903313,-0.37641827137147876
Quartiles,0.25,0.75,202106,2021,4,8,14,-0.206122380573191,-0.6016247999619626
Quartiles,0.25,0.75,202106,2021,5,8,14,-0.2339274247755293,-0.7791447802267477
Quartiles,0.25,0.75,202106,2021,6,8,14,-0.2465203539073737,-0.8616945281323636
Quartiles,0.25,0.75,202107,2021,1,8,15,-0.026184619120735997,-0.028798855121333844
Quartiles,0.25,0.75,202107,2021,2,8,15,-0.009138480377971048,-0.012634187959852383
Quartiles,0.25,0.75,202107,2021,3,8,15,0.005009192013315067,0.009024121180129185
Quartiles,0.25,0.75,202107,2021,4,8,15,-0.019831974132403785,-0.04370711117892334
Quartiles,0.25,0.75,202107,2021,5,8,15,-0.04003355360081873,-0.0958207010251435
Quartiles,0.25,0.75,202107,2021,6,8,15,-0.04888211607088211,-0.12015888700418831
Quartiles,0.25,0.75,202108,2021,1,8,15,-0.016225624716614484,-0.019685415233595904
Quartiles,0.25,0.75,202108,2021,2,8,15,-0.029887893410134647,-0.047170978498450644
Quartiles,0.25,0.75,202108,2021,3,8,15,-0.0458474957555951,-0.09996581055047837
Quartiles,0.25,0.75,202108,2021,4,8,15,-0.08201670614465528,-0.23329929190628107
Quartiles,0.25,0.75,202108,2021,5,8,15,-0.09749257794242361,-0.310477854355792
Quartiles,0.25,0.75,202108,2021,6,8,15,-0.10293084262379826,-0.3407464262837232
Quartiles,0.25,0.75,202306,2023,1,8,14,-0.040498284835151166,-0.04861515042859743
Quartiles,0.25,0.75,202306,2023,2,8,14,-0.03550361191419682,-0.054739946791051874
Quartiles,0.25,0.75,202306,2023,3,8,14,0.005991615229616221,0.012418864181416467
Quartiles,0.25,0.75,202306,2023,4,8,14,0.041246004782473644,0.10973337533895489
Quartiles,0.25,0.75,202306,2023,5,8,14,0.03880452964987691,0.11631447948408002
Quartiles,0.25,0.75,202306,2023,6,8,14,0.03409751034264463,0.10679990286903962
Quartiles,0.25,0.75,202307,2023,1,8,15,-0.10306495302530172,-0.12300643360986063
Quartiles,0.25,0.75,202307,2023,2,8,15,-0.17669889200504996,-0.28280669576123474
Quartiles,0.25,0.75,202307,2023,3,8,15,-0.26811615029594826,-0.6130130657747959
Quartiles,0.25,0.75,202307,2023,4,8,15,-0.33410799372052025,-0.9838424322858978
Quartiles,0.25,0.75,202307,2023,5,8,15,-0.3582384381237449,-1.1610190325173875
Quartiles,0.25,0.75,202307,2023,6,8,15,-0.36658384726516136,-1.224985869999779
Quartiles,0.25,0.75,202308,2023,1,8,15,-0.2649565032069987,-0.3510975204872482
Quartiles,0.25,0.75,202308,2023,2,8,15,-0.3114726836324181,-0.529461212823207
Quartiles,0.25,0.75,202308,2023,3,8,15,-0.38695328328794665,-0.9051380686198844
Quartiles,0.25,0.75,202308,2023,4,8,15,-0.453123933402123,-1.3803506945052577
Quartiles,0.25,0.75,202308,2023,5,8,15,-0.4810612170121711,-1.6414992214034196
Quartiles,0.25,0.75,202308,2023,6,8,15,-0.4913297778153498,-1.7432171515085662
Quartiles,0.25,0.75,202406,2024,1,8,14,-0.06999158268365535,-0.08245689685250612
Quartiles,0.25,0.75,202406,2024,2,8,14,-0.09234765937834533,-0.1424573859018161
Quartiles,0.25,0.75,202406,2024,3,8,14,-0.10693268099260256,-0.23050847638036798
Quartiles,0.25,0.75,202406,2024,4,8,14,-0.13353466483751952,-0.38767863409435677
Quartiles,0.25,0.75,202406,2024,5,8,14,-0.1543546905211547,-0.5148722445840512
Quartiles,0.25,0.75,202406,2024,6,8,14,-0.16362256665872066,-0.5741255656427944
Quartiles,0.25,0.75,202407,2024,1,8,15,0.1349851188723934,0.14946367010136807
Quartiles,0.25,0.75,202407,2024,2,8,15,0.14099297407366373,0.19908163817622704
Quartiles,0.25,0.75,202407,2024,3,8,15,0.11286159708337729,0.2148106728482193
Quartiles,0.25,0.75,202407,2024,4,8,15,0.0331927893004722,0.07957093823612382
Quartiles,0.25,0.75,202407,2024,5,8,15,-0.009578163549017749,-0.025236310495977854
Quartiles,0.25,0.75,202407,2024,6,8,15,-0.02668616937906254,-0.07255551133926552
Quartiles,0.25,0.75,202408,2024,1,8,15,0.05568723127419051,0.0631122082190747
Quartiles,0.25,0.75,202408,2024,2,8,15,0.03134792641679418,0.045289702544134336
Quartiles,0.25,0.75,202408,2024,3,8,15,-0.003097569988506299,-0.005981069678596018
Quartiles,0.25,0.75,202408,2024,4,8,15,-0.039851193899352655,-0.09541597021028725
Quartiles,0.25,0.75,202408,2024,5,8,15,-0.05615426479413366,-0.14659579106335485
Quartiles,0.25,0.75,202408,2024,6,8,15,-0.0623918248835722,-0.16755007424677704
Quartiles,0.25,0.75,202506,2025,1,8,14,-0.09514119862503123,-0.1078625844426746
Quartiles,0.25,0.75,202506,2025,2,8,14,-0.1162236009319989,-0.17456006754596443
Quartiles,0.25,0.75,202506,2025,3,8,14,-0.14013333182648835,-0.2986064989989763
Quartiles,0.25,0.75,202506,2025,4,8,14,-0.19936906387919562,-0.5767828441878331
Quartiles,0.25,0.75,202506,2025,5,8,14,-0.2406526339146121,-0.8013792053585602
Quartiles,0.25,0.75,202506,2025,6,8,14,-0.25867070140115567,-0.9068947082656402
Quartiles,0.25,0.75,202507,2025,1,8,15,-0.1415594302046811,-0.1642820754357328
Quartiles,0.25,0.75,202507,2025,2,8,15,-0.17399863255953363,-0.252409798292037
Quartiles,0.25,0.75,202507,2025,3,8,15,-0.22359271475032738,-0.42522940272995324
Quartiles,0.25,0.75,202507,2025,4,8,15,-0.24184328593547533,-0.5625695291628818
Quartiles,0.25,0.75,202507,2025,5,8,15,-0.24106193938832177,-0.607069218162267
Quartiles,0.25,0.75,202507,2025,6,8,15,-0.23943820421660578,-0.6184132438579253
Quartiles,0.25,0.75,202508,2025,1,8,15,-0.12294776446162226,-0.14764758847791848
Quartiles,0.25,0.75,202508,2025,2,8,15,-0.15461013242485833,-0.23603555576396085
Quartiles,0.25,0.75,202508,2025,3,8,15,-0.1975486280721892,-0.39930848155591114
Quartiles,0.25,0.75,202508,2025,4,8,15,-0.23696770305501957,-0.5926372938501165
Quartiles,0.25,0.75,202508,2025,5,8,15,-0.2540165903148016,-0.6930442224575941
Quartiles,0.25,0.75,202508,2025,6,8,15,-0.25984474466489105,-0.7295466503793469
Tertiles,0.3333333333333333,0.6666666666666666,199106,1991,1,10,10,0.05386543700390045,0.06040456224551072
Tertiles,0.3333333333333333,0.6666666666666666,199106,1991,2,10,10,0.08488504863410795,0.12209970958462524
Tertiles,0.3333333333333333,0.6666666666666666,199106,1991,3,10,10,0.1099934267953,0.21605215910905873
Tertiles,0.3333333333333333,0.6666666666666666,199106,1991,4,10,10,0.06399971743313748,0.16608755032472988
Tertiles,0.3333333333333333,0.6666666666666666,199106,1991,5,10,10,0.02064294392757593,0.061276645118187645
Tertiles,0.3333333333333333,0.6666666666666666,199106,1991,6,10,10,0.0010340325167557118,0.003227269374285413
Tertiles,0.3333333333333333,0.6666666666666666,199107,1991,1,11,10,0.088144835369389,0.09591659706085487
Tertiles,0.3333333333333333,0.6666666666666666,199107,1991,2,11,10,0.03813408797713391,0.054362080436259674
Tertiles,0.3333333333333333,0.6666666666666666,199107,1991,3,11,10,-0.03163395400695679,-0.06254621214683542
Tertiles,0.3333333333333333,0.6666666666666666,199107,1991,4,11,10,-0.11916468896399202,-0.30363484353482306
Tertiles,0.3333333333333333,0.6666666666666666,199107,1991,5,11,10,-0.16061114710491486,-0.4534799536182881
Tertiles,0.3333333333333333,0.6666666666666666,199107,1991,6,11,10,-0.17579480012027882,-0.5133782724446778
Tertiles,0.3333333333333333,0.6666666666666666,199108,1991,1,11,10,0.11861952155704625,0.12641594581410898
Tertiles,0.3333333333333333,0.6666666666666666,199108,1991,2,11,10,0.1493464739641095,0.1953107239768257
Tertiles,0.3333333333333333,0.6666666666666666,199108,1991,3,11,10,0.1891969911168876,0.31444711544724413
Tertiles,0.3333333333333333,0.6666666666666666,199108,1991,4,11,10,0.1838776279303671,0.3756882158377648
Tertiles,0.3333333333333333,0.6666666666666666,199108,1991,5,11,10,0.15962122627485553,0.3594211265892735
Tertiles,0.3333333333333333,0.6666666666666666,199108,1991,6,11,10,0.14661300807610878,0.341635736678942
Tertiles,0.3333333333333333,0.6666666666666666,199206,1992,1,10,10,-0.0273462671938578,-0.03082560951527613
Tertiles,0.3333333333333333,0.6666666666666666,199206,1992,2,10,10,-0.0558564369542105,-0.08125390615790495
Tertiles,0.3333333333333333,0.6666666666666666,199206,1992,3,10,10,-0.0602923118765446,-0.11816171643566831
Tertiles,0.3333333333333333,0.6666666666666666,199206,1992,4,10,10,-0.07473755419680916,-0.1942845237435069
Tertiles,0.3333333333333333,0.6666666666666666,199206,1992,5,10,10,-0.09789036263937656,-0.2942162222919009
Tertiles,0.3333333333333333,0.6666666666666666,199206,1992,6,10,10,-0.10912720495524786,-0.3467355856821728
Tertiles,0.3333333333333333,0.6666666666666666,199207,1992,1,11,10,0.08632174696953454,0.09687424776795828
Tertiles,0.3333333333333333,0.6666666666666666,199207,1992,2,11,10,0.09756568237942598,0.14007147508383344
Tertiles,0.3333333333333333,0.6666666666666666,199207,1992,3,11,10,0.06627495368411651,0.13067303918763695
Tertiles,0.3333333333333333,0.6666666666666666,199207,1992,4,11,10,0.0015667083636043966,0.0039364713918859096
Tertiles,0.3333333333333333,0.6666666666666666,199207,1992,5,11,10,-0.02476580691523922,-0.06819994272652252
Tertiles,0.3333333333333333,0.6666666666666666,199207,1992,6,11,10,-0.03394821873014475,-0.09621470663976428
Tertiles,0.3333333333333333,0.6666666666666666,199208,1992,1,11,10,0.10032516431959748,0.1050877116108353
Tertiles,0.3333333333333333,0.6666666666666666,199208,1992,2,11,10,0.10596016024931187,0.13873371490000874
Tertiles,0.3333333333333333,0.6666666666666666,199208,1992,3,11,10,0.09100562880520591,0.15797476881898076
Tertiles,0.3333333333333333,0.6666666666666666,199208,1992,4,11,10,0.006474737934929031,0.014596526992253445
Tertiles,0.3333333333333333,0.6666666666666666,199208,1992,5,11,10,-0.04379149794134418,-0.11139352526324409
Tertiles,0.3333333333333333,0.6666666666666666,199208,1992,6,11,10,-0.06370045192181051,-0.16922843691179246
Tertiles,0.3333333333333333,0.6666666666666666,199306,1993,1,10,10,-0.09761385307067205,-0.12039834354272161
Tertiles,0.3333333333333333,0.6666666666666666,199306,1993,2,10,10,-0.1081092659295817,-0.17630352418561968
Tertiles,0.3333333333333333,0.6666666666666666,199306,1993,3,10,10,-0.1095282525486575,-0.25210185949629604
Tertiles,0.3333333333333333,0.6666666666666666,199306,1993,4,10,10,-0.12000000513612463,-0.36445954485028054
Tertiles,0.3333333333333333,0.6666666666666666,199306,1993,5,10,10,-0.13386795145651886,-0.45922689672142525
Tertiles,0.3333333333333333,0.6666666666666666,199306,1993,6,10,10,-0.14006942326104477,-0.5015740717995403
Tertiles,0.3333333333333333,0.6666666666666666,199307,1993,1,11,10,-0.008018141409480761,-0.008970680950868726
Tertiles,0.3333333333333333,0.6666666666666666,199307,1993,2,11,10,0.004313669108392704,0.006125991158993926
Tertiles,0.3333333333333333,0.6666666666666666,199307,1993,3,11,10,0.004568627608194431,0.008783065398901169
Tertiles,0.3333333333333333,0.6666666666666666,199307,1993,4,11,10,-0.032378392256185884,-0.0804551937546405
Tertiles,0.3333333333333333,0.6666666666666666,199307,1993,5,11,10,-0.059195718111045514,-0.16486627113990782
Tertiles,0.3333333333333333,0.6666666666666666,199307,1993,6,11,10,-0.0708336788070617,-0.20537910484260724
Tertiles,0.3333333333333333,0.6666666666666666,199308,1993,1,11,10,-0.031674338281640124,-0.03826638140781213
Tertiles,0.3333333333333333,0.6666666666666666,199308,1993,2,11,10,-0.056006770738362355,-0.08727658224827328
Tertiles,0.3333333333333333,0.6666666666666666,199308,1993,3,11,10,-0.10548768682055853,-0.22791436801147613
Tertiles,0.3333333333333333,0.6666666666666666,199308,1993,4,11,10,-0.1694886618661684,-0.48517874760227464
Tertiles,0.3333333333333333,0.6666666666666666,199308,1993,5,11,10,-0.193655421831205,-0.624277156400419
Tertiles,0.3333333333333333,0.6666666666666666,199308,1993,6,11,10,-0.20159129795184172,-0.6766783972336183
Tertiles,0.3333333333333333,0.6666666666666666,199406,1994,1,10,10,0.04651068863760943,0.05082400919503094
Tertiles,0.3333333333333333,0.6666666666666666,199406,1994,2,10,10,0.12143978889726004,0.16426906343828707
Tertiles,0.3333333333333333,0.6666666666666666,199406,1994,3,10,10,0.2343215037384112,0.4063291061702552
Tertiles,0.3333333333333333,0.6666666666666666,199406,1994,4,10,10,0.2264531397030043,0.5048365460112425
Tertiles,0.3333333333333333,0.6666666666666666,199406,1994,5,10,10,0.18443584792251677,0.467597861262699
Tertiles,0.3333333333333333,0.6666666666666666,199406,1994,6,10,10,0.1628707454511069,0.43338772895209043
Tertiles,0.3333333333333333,0.6666666666666666,199407,1994,1,11,10,-0.0768944720041167,-0.09359270645962559
Tertiles,0.3333333333333333,0.6666666666666666,199407,1994,2,11,10,-0.13130907293909688,-0.20947304785119947
Tertiles,0.3333333333333333,0.6666666666666666,199407,1994,3,11,10,-0.206505657408231,-0.4537858337876277
Tertiles,0.3333333333333333,0.6666666666666666,199407,1994,4,11,10,-0.2691163588787885,-0.7398733841526859
Tertiles,0.3333333333333333,0.6666666666666666,199407,1994,5,11,10,-0.2974669601987904,-0.8905944263305612
Tertiles,0.3333333333333333,0.6666666666666666,199407,1994,6,11,10,-0.30849114930669574,-0.9486802443964804
Tertiles,0.3333333333333333,0.6666666666666666,199408,1994,1,11,10,0.05360233245478829,0.060858697515083104
Tertiles,0.3333333333333333,0.6666666666666666,199408,1994,2,11,10,0.09741905879498547,0.13517930782254428
Tertiles,0.3333333333333333,0.6666666666666666,199408,1994,3,11,10,0.08711937514445256,0.15815918892592862
Tertiles,0.3333333333333333,0.6666666666666666,199408,1994,4,11,10,0.02033347980052924,0.04642679350273582
Tertiles,0.3333333333333333,0.6666666666666666,199408,1994,5,11,10,-0.01264563205215552,-0.03175261083494707
Tertiles,0.3333333333333333,0.6666666666666666,199408,1994,6,11,10,-0.025547074295749428,-0.06621007007994262
Tertiles,0.3333333333333333,0.6666666666666666,199506,1995,1,10,10,0.085370212094672,0.09947452543486923
Tertiles,0.3333333333333333,0.6666666666666666,199506,1995,2,10,10,0.07541540349363696,0.115488625056964
Tertiles,0.3333333333333333,0.6666666666666666,199506,1995,3,10,10,0.08937110081223376,0.188391896015359
Tertiles,0.3333333333333333,0.6666666666666666,199506,1995,4,10,10,0.12377473295280295,0.3368943378118079
Tertiles,0.3333333333333333,0.6666666666666666,199506,1995,5,10,10,0.14099814527410448,0.43010930334378994
Tertiles,0.3333333333333333,0.6666666666666666,199506,1995,6,10,10,0.14633821119975243,0.46514375947637543
Tertiles,0.3333333333333333,0.6666666666666666,199507,1995,1,11,10,-0.027179291207443446,-0.031246521227692448
Tertiles,0.3333333333333333,0.6666666666666666,199507,1995,2,11,10,-0.0840031566879933,-0.12893642487275603
Tertiles,0.3333333333333333,0.6666666666666666,199507,1995,3,11,10,-0.1702584618616667,-0.3719753178100955
Tertiles,0.3333333333333333,0.6666666666666666,199507,1995,4,11,10,-0.244701515074351,-0.689426764007325
Tertiles,0.3333333333333333,0.6666666666666666,199507,1995,5,11,10,-0.27415103086280246,-0.8529701083642136
Tertiles,0.3333333333333333,0.6666666666666666,199507,1995,6,11,10,-0.28460079243804526,-0.9149856098291398
Tertiles,0.3333333333333333,0.6666666666666666,199508,1995,1,11,10,-0.04945846057094361,-0.05793570885833166
Tertiles,0.3333333333333333,0.6666666666666666,199508,1995,2,11,10,-0.022286445528974186,-0.03260000777776417
Tertiles,0.3333333333333333,0.6666666666666666,199508,1995,3,11,10,-0.0327240138239131,-0.06369181108978195
Tertiles,0.3333333333333333,0.6666666666666666,199508,1995,4,11,10,-0.10336556107583084,-0.25633809106186334
Tertiles,0.3333333333333333,0.6666666666666666,199508,1995,5,11,10,-0.14067782918210747,-0.38590585207238526
Tertiles,0.3333333333333333,0.6666666666666666,199508,1995,6,11,10,-0.15484499473938163,-0.4393087418889978
Tertiles,0.3333333333333333,0.6666666666666666,199606,1996,1,10,10,-0.08066494449606465,-0.1015388702041049
Tertiles,0.3333333333333333,0.6666666666666666,199606,1996,2,10,10,-0.058501411580262896,-0.09464256229582668
Tertiles,0.3333333333333333,0.6666666666666666,199606,1996,3,10,10,-0.031039208600302737,-0.0686037953793841
Tertiles,0.3333333333333333,0.6666666666666666,199606,1996,4,10,10,-0.059119453702417,-0.17274238249481044
Tertiles,0.3333333333333333,0.6666666666666666,199606,1996,5,10,10,-0.08271810432201421,-0.2746392774831845
Tertiles,0.3333333333333333,0.6666666666666666,199606,1996,6,10,10,-0.09270189850022159,-0.3222495280902251
Tertiles,0.3333333333333333,0.6666666666666666,199607,1996,1,11,10,0.09150588119165248,0.0963566800936535
Tertiles,0.3333333333333333,0.6666666666666666,199607,1996,2,11,10,0.0860099956548992,0.11494639194988787
Tertiles,0.3333333333333333,0.6666666666666666,199607,1996,3,11,10,0.04685518868643612,0.08482514468363389
Tertiles,0.3333333333333333,0.6666666666666666,199607,1996,4,11,10,-0.06934133622902816,-0.1647218699684272
Tertiles,0.3333333333333333,0.6666666666666666,199607,1996,5,11,10,-0.13502980096733852,-0.3624141906657803
Tertiles,0.3333333333333333,0.6666666666666666,199607,1996,6,11,10,-0.16115457335161643,-0.45170841852617905
Tertiles,0.3333333333333333,0.6666666666666666,199608,1996,1,11,10,-0.12390978028064803,-0.15484223481529513
Tertiles,0.3333333333333333,0.6666666666666666,199608,1996,2,11,10,-0.10143758520892299,-0.15680456465018677
Tertiles,0.3333333333333333,0.6666666666666666,199608,1996,3,11,10,-0.09316679925473459,-0.18607782803421413
Tertiles,0.3333333333333333,0.6666666666666666,199608,1996,4,11,10,-0.1553253828574057,-0.3920578984848788
Tertiles,0.3333333333333333,0.6666666666666666,199608,1996,5,11,10,-0.1934072678807255,-0.543060508907578
Tertiles,0.3333333333333333,0.6666666666666666,199608,1996,6,11,10,-0.2088469121127824,-0.6090627327230687
Tertiles,0.3333333333333333,0.6666666666666666,199706,1997,1,10,10,-0.15815846374233378,-0.1867291594896976
Tertiles,0.3333333333333333,0.6666666666666666,199706,1997,2,10,10,-0.20677632907152366,-0.32014067340283203
Tertiles,0.3333333333333333,0.6666666666666666,199706,1997,3,10,10,-0.2231220010982934,-0.4718363508046224
Tertiles,0.3333333333333333,0.6666666666666666,199706,1997,4,10,10,-0.23332900193859651,-0.6470047703890476
Tertiles,0.3333333333333333,0.6666666666666666,199706,1997,5,10,10,-0.24087227353440843,-0.7583224829327362
Tertiles,0.3333333333333333,0.6666666666666666,199706,1997,6,10,10,-0.24328521173464712,-0.8019771256415451
Tertiles,0.3333333333333333,0.6666666666666666,199707,1997,1,11,10,0.0353688360061728,0.03836471267852293
Tertiles,0.3333333333333333,0.6666666666666666,199707,1997,2,11,10,-0.017123947950427154,-0.02410596577589219
Tertiles,0.3333333333333333,0.6666666666666666,199707,1997,3,11,10,-0.09214255073439948,-0.17904916691244877
Tertiles,0.3333333333333333,0.6666666666666666,199707,1997,4,11,10,-0.14669154561664277,-0.35855125069539184
Tertiles,0.3333333333333333,0.6666666666666666,199707,1997,5,11,10,-0.17032905034291224,-0.4542001527161821
Tertiles,0.3333333333333333,0.6666666666666666,199707,1997,6,11,10,-0.18026599586617809,-0.4943282693697224
Tertiles,0.3333333333333333,0.6666666666666666,199708,1997,1,11,10,-0.10457891997239943,-0.12899940752414274
Tertiles,0.3333333333333333,0.6666666666666666,199708,1997,2,11,10,-0.10174409120454087,-0.15748260504881406
Tertiles,0.3333333333333333,0.6666666666666666,199708,1997,3,11,10,-0.10495277657323998,-0.21480946188773054
Tertiles,0.3333333333333333,0.6666666666666666,199708,1997,4,11,10,-0.14092763942851905,-0.36398627235462566
Tertiles,0.3333333333333333,0.6666666666666666,199708,1997,5,11,10,-0.1612179278332584,-0.4592823397815975
Tertiles,0.3333333333333333,0.6666666666666666,199708,1997,6,11,10,-0.1689838156442377,-0.49747166081671956
Tertiles,0.3333333333333333,0.6666666666666666,199806,1998,1,10,10,-0.08617932088960856,-0.10043213211341451
Tertiles,0.3333333333333333,0.6666666666666666,199806,1998,2,10,10,-0.0624963588615135,-0.0925336305645037
Tertiles,0.3333333333333333,0.6666666666666666,199806,1998,3,10,10,-0.05547945951513267,-0.11111681584681188
Tertiles,0.3333333333333333,0.6666666666666666,199806,1998,4,10,10,-0.10128244980859336,-0.26996679566420934
Tertiles,0.3333333333333333,0.6666666666666666,199806,1998,5,10,10,-0.1357728756444735,-0.41645327290715706
Tertiles,0.3333333333333333,0.6666666666666666,199806,1998,6,10,10,-0.15108538119247084,-0.48843421645278884
Tertiles,0.3333333333333333,0.6666666666666666,199807,1998,1,11,10,0.024759184056776018,0.028047754614381137
Tertiles,0.3333333333333333,0.6666666666666666,199807,1998,2,11,10,0.03839341494702442,0.05496344695262678
Tertiles,0.3333333333333333,0.6666666666666666,199807,1998,3,11,10,0.052130106431115486,0.09907081035168241
Tertiles,0.3333333333333333,0.6666666666666666,199807,1998,4,11,10,0.031011697513024794,0.0732694668316567
Tertiles,0.3333333333333333,0.6666666666666666,199807,1998,5,11,10,0.017810238940751733,0.04596840938293667
Tertiles,0.3333333333333333,0.6666666666666666,199807,1998,6,11,10,0.01300955837624751,0.03456339709347489
Tertiles,0.3333333333333333,0.6666666666666666,199808,1998,1,11,10,0.10462192945020443,0.11611389192514343
Tertiles,0.3333333333333333,0.6666666666666666,199808,1998,2,11,10,0.09357641193137267,0.13443337315699422
Tertiles,0.3333333333333333,0.6666666666666666,199808,1998,3,11,10,0.08182881474067782,0.16153888796029126
Tertiles,0.3333333333333333,0.6666666666666666,199808,1998,4,11,10,0.06607188088683968,0.16470156309915485
Tertiles,0.3333333333333333,0.6666666666666666,199808,1998,5,11,10,0.05294650666172651,0.14484768348963772
Tertiles,0.3333333333333333,0.6666666666666666,199808,1998,6,11,10,0.045753820216305474,0.1291280997098445
Tertiles,0.3333333333333333,0.6666666666666666,199906,1999,1,10,10,-0.1647637383259558,-0.20048103450098553
Tertiles,0.3333333333333333,0.6666666666666666,199906,1999,2,10,10,-0.22340121654679435,-0.36264540899527375
Tertiles,0.3333333333333333,0.6666666666666666,199906,1999,3,10,10,-0.2743758359420001,-0.6247472409361592
Tertiles,0.3333333333333333,0.6666666666666666,199906,1999,4,10,10,-0.2978788900736642,-0.8989291401658726
Tertiles,0.3333333333333333,0.6666666666666666,199906,1999,5,10,10,-0.3118591340300495,-1.0739270783436368
Tertiles,0.3333333333333333,0.6666666666666666,199906,1999,6,10,10,-0.3180283910253715,-1.1495187782503944
Tertiles,0.3333333333333333,0.6666666666666666,199907,1999,1,11,10,-0.029257825029197493,-0.03169255074603061
Tertiles,0.3333333333333333,0.6666666666666666,199907,1999,2,11,10,-0.06301337106916804,-0.08588517594894496
Tertiles,0.3333333333333333,0.6666666666666666,199907,1999,3,11,10,-0.06716999440911331,-0.117023554792695
Tertiles,0.3333333333333333,0.6666666666666666,199907,1999,4,11,10,-0.08183305274823649,-0.17452081105585737
Tertiles,0.3333333333333333,0.6666666666666666,199907,1999,5,11,10,-0.09948843284743425,-0.23329023850034059
Tertiles,0.3333333333333333,0.6666666666666666,199907,1999,6,11,10,-0.10796438076836279,-0.26182584630660255
Tertiles,0.3333333333333333,0.6666666666666666,199908,1999,1,11,10,-0.12374926328548896,-0.1458033756690389
Tertiles,0.3333333333333333,0.6666666666666666,199908,1999,2,11,10,-0.1806515941607627,-0.2777824210054627
Tertiles,0.3333333333333333,0.6666666666666666,199908,1999,3,11,10,-0.25917706342920854,-0.5608268885826084
Tertiles,0.3333333333333333,0.6666666666666666,199908,1999,4,11,10,-0.31069895302763817,-0.8857993115387002
Tertiles,0.3333333333333333,0.6666666666666666,199908,1999,5,11,10,-0.33095076526038414,-1.0613207066986003
Tertiles,0.3333333333333333,0.6666666666666666,199908,1999,6,11,10,-0.338511965752995,-1.1307563380243524
Tertiles,0.3333333333333333,0.6666666666666666,200006,2000,1,10,10,0.14044828302293522,0.1434293777939355
Tertiles,0.3333333333333333,0.6666666666666666,200006,2000,2,10,10,0.16167927799563264,0.21008146129259497
Tertiles,0.3333333333333333,0.6666666666666666,200006,2000,3,10,10,0.17246120978109425,0.30695160293583035
Tertiles,0.3333333333333333,0.6666666666666666,200006,2000,4,10,10,0.1365010508061928,0.32279498640271775
Tertiles,0.3333333333333333,0.6666666666666666,200006,2000,5,10,10,0.11062129185243363,0.29699719330850005
Tertiles,0.3333333333333333,0.6666666666666666,200006,2000,6,10,10,0.09959858911790098,0.2797270115461119
Tertiles,0.3333333333333333,0.6666666666666666,200007,2000,1,11,10,-0.08870520481565769,-0.10592633497806947
Tertiles,0.3333333333333333,0.6666666666666666,200007,2000,2,11,10,-0.1660024627870107,-0.2617079907446618
Tertiles,0.3333333333333333,0.6666666666666666,200007,2000,3,11,10,-0.2748420919940875,-0.6049932915546252
Tertiles,0.3333333333333333,0.6666666666666666,200007,2000,4,11,10,-0.3474412149606916,-0.96915949630844
Tertiles,0.3333333333333333,0.6666666666666666,200007,2000,5,11,10,-0.37758734761472146,-1.1606253484152642
Tertiles,0.3333333333333333,0.6666666666666666,200007,2000,6,11,10,-0.3890246148106574,-1.2359373568715002
Tertiles,0.3333333333333333,0.6666666666666666,200008,2000,1,11,10,-0.06875022566496602,-0.08208366991268345
Tertiles,0.3333333333333333,0.6666666666666666,200008,2000,2,11,10,-0.04331374165805324,-0.0648124472536229
Tertiles,0.3333333333333333,0.6666666666666666,200008,2000,3,11,10,-0.021936353686950905,-0.04361965157341574
Tertiles,0.3333333333333333,0.6666666666666666,200008,2000,4,11,10,-0.0552136724030583,-0.139326227159823
Tertiles,0.3333333333333333,0.6666666666666666,200008,2000,5,11,10,-0.08227871976582479,-0.2300244393485027
Tertiles,0.3333333333333333,0.6666666666666666,200008,2000,6,11,10,-0.09460043307845212,-0.27395185268816835
Tertiles,0.3333333333333333,0.6666666666666666,200106,2001,1,10,10,-0.056651348614432884,-0.06765526190188975
Tertiles,0.3333333333333333,0.6666666666666666,200106,2001,2,10,10,-0.04635170063386729,-0.07153670080970276
Tertiles,0.3333333333333333,0.6666666666666666,200106,2001,3,10,10,-0.03951584471512504,-0.08323720641239252
Tertiles,0.3333333333333333,0.6666666666666666,200106,2001,4,10,10,-0.053193209579333045,-0.1444909214586927
Tertiles,0.3333333333333333,0.6666666666666666,200106,2001,5,10,10,-0.0689779859648404,-0.20992609049043853
Tertiles,0.3333333333333333,0.6666666666666666,200106,2001,6,10,10,-0.0770792024834358,-0.24425258596871746
Tertiles,0.3333333333333333,0.6666666666666666,200107,2001,1,11,10,-0.11818344471260966,-0.15109046406014004
Tertiles,0.3333333333333333,0.6666666666666666,200107,2001,2,11,10,-0.1067808323489371,-0.1741264968181313
Tertiles,0.3333333333333333,0.6666666666666666,200107,2001,3,11,10,-0.09407969963764096,-0.20715012657680187
Tertiles,0.3333333333333333,0.6666666666666666,200107,2001,4,11,10,-0.11083157676624034,-0.3092801915754997
Tertiles,0.3333333333333333,0.6666666666666666,200107,2001,5,11,10,-0.12177156854410709,-0.373821680460126
Tertiles,0.3333333333333333,0.6666666666666666,200107,2001,6,11,10,-0.1257581840216131,-0.398246491890494
Tertiles,0.3333333333333333,0.6666666666666666,200108,2001,1,11,10,-0.17476446411478952,-0.23696666381138343
Tertiles,0.3333333333333333,0.6666666666666666,200108,2001,2,11,10,-0.17630690773442592,-0.30205703981694
Tertiles,0.3333333333333333,0.6666666666666666,200108,2001,3,11,10,-0.188513792624331,-0.43248426032645915
Tertiles,0.3333333333333333,0.6666666666666666,200108,2001,4,11,10,-0.2178496563705382,-0.6378146987849291
Tertiles,0.3333333333333333,0.6666666666666666,200108,2001,5,11,10,-0.24165296073180265,-0.7917558699140859
Tertiles,0.3333333333333333,0.6666666666666666,200108,2001,6,11,10,-0.252728144839066,-0.8622579993047434
Tertiles,0.3333333333333333,0.6666666666666666,200206,2002,1,10,10,0.03045179880533211,0.032802460738520445
Tertiles,0.3333333333333333,0.6666666666666666,200206,2002,2,10,10,0.0054261941845015205,0.007516501098805417
Tertiles,0.3333333333333333,0.6666666666666666,200206,2002,3,10,10,-0.030835782764298658,-0.0588043819424553
Tertiles,0.3333333333333333,0.6666666666666666,200206,2002,4,10,10,-0.05855106839248503,-0.14801350424722415
Tertiles,0.3333333333333333,0.6666666666666666,200206,2002,5,10,10,-0.07572355633899874,-0.2189598714393579
Tertiles,0.3333333333333333,0.6666666666666666,200206,2002,6,10,10,-0.08337449994817958,-0.2535168608705236
Tertiles,0.3333333333333333,0.6666666666666666,200207,2002,1,11,10,0.14379607868895783,0.1603310457680851
Tertiles,0.3333333333333333,0.6666666666666666,200207,2002,2,11,10,0.13625942204073715,0.1916071130453707
Tertiles,0.3333333333333333,0.6666666666666666,200207,2002,3,11,10,0.13927845140231,0.257918981363896
Tertiles,0.3333333333333333,0.6666666666666666,200207,2002,4,11,10,0.14017896588721834,0.320430111056333
Tertiles,0.3333333333333333,0.6666666666666666,200207,2002,5,11,10,0.13482530624299116,0.3361841930652485
Tertiles,0.3333333333333333,0.6666666666666666,200207,2002,6,11,10,0.1314563130698323,0.3374610364375421
Tertiles,0.3333333333333333,0.6666666666666666,200208,2002,1,11,10,-0.13142428244076676,-0.1710864674265804
Tertiles,0.3333333333333333,0.6666666666666666,200208,2002,2,11,10,-0.17689030706528053,-0.3016867596706594
Tertiles,0.3333333333333333,0.6666666666666666,200208,2002,3,11,10,-0.20219790912911506,-0.46547614724190733
Tertiles,0.3333333333333333,0.6666666666666666,200208,2002,4,11,10,-0.24515425012848524,-0.7185211126057087
Tertiles,0.3333333333333333,0.6666666666666666,200208,2002,5,11,10,-0.27760450530581116,-0.9096578068914933
Tertiles,0.3333333333333333,0.6666666666666666,200208,2002,6,11,10,-0.2913897315332772,-0.9935153787616109
Tertiles,0.3333333333333333,0.6666666666666666,200306,2003,1,10,10,-0.0662109125298832,-0.07817826212529377
Tertiles,0.3333333333333333,0.6666666666666666,200306,2003,2,10,10,-0.10463673407106733,-0.1626317769294321
Tertiles,0.3333333333333333,0.6666666666666666,200306,2003,3,10,10,-0.09004948780578848,-0.18881395645797028
Tertiles,0.3333333333333333,0.6666666666666666,200306,2003,4,10,10,-0.06531129431883398,-0.17418269264737152
Tertiles,0.3333333333333333,0.6666666666666666,200306,2003,5,10,10,-0.07376807130444074,-0.22142137295833653
Tertiles,0.3333333333333333,0.6666666666666666,200306,2003,6,10,10,-0.0812743339386165,-0.2550618994957201
Tertiles,0.3333333333333333,0.6666666666666666,200307,2003,1,11,10,-0.07494908616006657,-0.0892124663554208
Tertiles,0.3333333333333333,0.6666666666666666,200307,2003,2,11,10,-0.06096694916291656,-0.09239915961150302
Tertiles,0.3333333333333333,0.6666666666666666,200307,2003,3,11,10,-0.05479951128925298,-0.11092259855289255
Tertiles,0.3333333333333333,0.6666666666666666,200307,2003,4,11,10,-0.12903037389330263,-0.334635297317492
Tertiles,0.3333333333333333,0.6666666666666666,200307,2003,5,11,10,-0.17302331083207545,-0.49800838821835924
Tertiles,0.3333333333333333,0.6666666666666666,200307,2003,6,11,10,-0.19058064648570816,-0.5682787380222623
Tertiles,0.3333333333333333,0.6666666666666666,200308,2003,1,11,10,0.04826967649497971,0.055183376640980164
Tertiles,0.3333333333333333,0.6666666666666666,200308,2003,2,11,10,0.0496079466486361,0.07278683720429768
Tertiles,0.3333333333333333,0.6666666666666666,200308,2003,3,11,10,0.03905445535695806,0.077807658642838
Tertiles,0.3333333333333333,0.6666666666666666,200308,2003,4,11,10,-0.02055848299265084,-0.05295254496933044
Tertiles,0.3333333333333333,0.6666666666666666,200308,2003,5,11,10,-0.05285459464230369,-0.15208721012083526
Tertiles,0.3333333333333333,0.6666666666666666,200308,2003,6,11,10,-0.06554399080744355,-0.19608085944613318
Tertiles,0.3333333333333333,0.6666666666666666,200406,2004,1,10,10,0.08265549482629675,0.09492350955366424
Tertiles,0.3333333333333333,0.6666666666666666,200406,2004,2,10,10,0.1347114359510524,0.1952521025447096
Tertiles,0.3333333333333333,0.6666666666666666,200406,2004,3,10,10,0.20231152852841694,0.3831768884135407
Tertiles,0.3333333333333333,0.6666666666666666,200406,2004,4,10,10,0.1900674556495312,0.45834666591551176
Tertiles,0.3333333333333333,0.6666666666666666,200406,2004,5,10,10,0.1604416955833805,0.43520452387801534
Tertiles,0.3333333333333333,0.6666666666666666,200406,2004,6,10,10,0.1452539213772126,0.41153352112347186
Tertiles,0.3333333333333333,0.6666666666666666,200407,2004,1,11,10,0.07766575458836722,0.08866927198924257
Tertiles,0.3333333333333333,0.6666666666666666,200407,2004,2,11,10,0.04808697429485376,0.0713275820712802
Tertiles,0.3333333333333333,0.6666666666666666,200407,2004,3,11,10,-0.033636850836339605,-0.06943990683231327
Tertiles,0.3333333333333333,0.6666666666666666,200407,2004,4,11,10,-0.13888980323983824,-0.3717590369461563
Tertiles,0.3333333333333333,0.6666666666666666,200407,2004,5,11,10,-0.19357792249255956,-0.5790912365516387
Tertiles,0.3333333333333333,0.6666666666666666,200407,2004,6,11,10,-0.21568272087977358,-0.670887009483053
Tertiles,0.3333333333333333,0.6666666666666666,200408,2004,1,11,10,0.07170628781531141,0.07692851858879424
Tertiles,0.3333333333333333,0.6666666666666666,200408,2004,2,11,10,0.09679553698504972,0.12957768949642112
Tertiles,0.3333333333333333,0.6666666666666666,200408,2004,3,11,10,0.07244146999062862,0.12955953393320918
Tertiles,0.3333333333333333,0.6666666666666666,200408,2004,4,11,10,-0.06101950677533241,-0.146802980376032
Tertiles,0.3333333333333333,0.6666666666666666,200408,2004,5,11,10,-0.13536661282424156,-0.37592230702993046
Tertiles,0.3333333333333333,0.6666666666666666,200408,2004,6,11,10,-0.1641980419443375,-0.48084721428385624
Tertiles,0.3333333333333333,0.6666666666666666,200506,2005,1,10,10,-0.09652480710858724,-0.12073250452555584
Tertiles,0.3333333333333333,0.6666666666666666,200506,2005,2,10,10,-0.09489595616206059,-0.15615390253642136
Tertiles,0.3333333333333333,0.6666666666666666,200506,2005,3,10,10,-0.09628694721326658,-0.22110851983536595
Tertiles,0.3333333333333333,0.6666666666666666,200506,2005,4,10,10,-0.13074817478542655,-0.39368307560228466
Tertiles,0.3333333333333333,0.6666666666666666,200506,2005,5,10,10,-0.15814127263807465,-0.5376143646138587
Tertiles,0.3333333333333333,0.6666666666666666,200506,2005,6,10,10,-0.17049561179649964,-0.6053053225535567
Tertiles,0.3333333333333333,0.6666666666666666,200507,2005,1,11,10,-0.06739399906814048,-0.07825736782841597
Tertiles,0.3333333333333333,0.6666666666666666,200507,2005,2,11,10,-0.13889959080959602,-0.2116030972903573
Tertiles,0.3333333333333333,0.6666666666666666,200507,2005,3,11,10,-0.20776820073027735,-0.43525158884449233
Tertiles,0.3333333333333333,0.6666666666666666,200507,2005,4,11,10,-0.259278028837419,-0.6857649399899204
Tertiles,0.3333333333333333,0.6666666666666666,200507,2005,5,11,10,-0.2865373118685429,-0.8343700538396792
Tertiles,0.3333333333333333,0.6666666666666666,200507,2005,6,11,10,-0.2977993721701906,-0.8957247773877048
Tertiles,0.3333333333333333,0.6666666666666666,200508,2005,1,11,10,0.01052693929025117,0.01194996017329819
Tertiles,0.3333333333333333,0.6666666666666666,200508,2005,2,11,10,0.025312112267240394,0.036120993248279554
Tertiles,0.3333333333333333,0.6666666666666666,200508,2005,3,11,10,0.012074862172717582,0.022925837343366062
Tertiles,0.3333333333333333,0.6666666666666666,200508,2005,4,11,10,-0.06420849141026619,-0.15594549036846672
Tertiles,0.3333333333333333,0.6666666666666666,200508,2005,5,11,10,-0.1112948365617088,-0.30153610157729993
Tertiles,0.3333333333333333,0.6666666666666666,200508,2005,6,11,10,-0.13076060251526522,-0.3680558998128083
Tertiles,0.3333333333333333,0.6666666666666666,200606,2006,1,10,10,-0.08351580541088988,-0.09894030756352512
Tertiles,0.3333333333333333,0.6666666666666666,200606,2006,2,10,10,-0.04149109093393255,-0.06331809544118716
Tertiles,0.3333333333333333,0.6666666666666666,200606,2006,3,10,10,0.010769593112619269,0.022511914585070514
Tertiles,0.3333333333333333,0.6666666666666666,200606,2006,4,10,10,-0.01522801989276601,-0.042156963291187566
Tertiles,0.3333333333333333,0.6666666666666666,200606,2006,5,10,10,-0.0534640297197686,-0.16931531776074582
Tertiles,0.3333333333333333,0.6666666666666666,200606,2006,6,10,10,-0.0717463601017575,-0.23879407110695183
Tertiles,0.3333333333333333,0.6666666666666666,200607,2006,1,11,10,-0.0011158724730094827,-0.0012768276983345928
Tertiles,0.3333333333333333,0.6666666666666666,200607,2006,2,11,10,-0.017970121367692604,-0.026274171298830584
Tertiles,0.3333333333333333,0.6666666666666666,200607,2006,3,11,10,-0.07220336505602165,-0.1433382737459321
Tertiles,0.3333333333333333,0.6666666666666666,200607,2006,4,11,10,-0.09560853692186455,-0.2366258901797993
Tertiles,0.3333333333333333,0.6666666666666666,200607,2006,5,11,10,-0.09405855016961473,-0.2535908019479569
Tertiles,0.3333333333333333,0.6666666666666666,200607,2006,6,11,10,-0.09063940506777013,-0.2511149252809526
Tertiles,0.3333333333333333,0.6666666666666666,200608,2006,1,11,10,-0.13289537452679145,-0.1597938705524995
Tertiles,0.3333333333333333,0.6666666666666666,200608,2006,2,11,10,-0.17755152365265903,-0.27496645673128706
Tertiles,0.3333333333333333,0.6666666666666666,200608,2006,3,11,10,-0.22871087260217382,-0.4805092381673495
Tertiles,0.3333333333333333,0.6666666666666666,200608,2006,4,11,10,-0.2604651399113561,-0.6841382382832988
Tertiles,0.3333333333333333,0.6666666666666666,200608,2006,5,11,10,-0.2688720868266672,-0.7692817651724715
Tertiles,0.3333333333333333,0.6666666666666666,200608,2006,6,11,10,-0.27096879214185776,-0.7964855225448542
Tertiles,0.3333333333333333,0.6666666666666666,200706,2007,1,10,10,0.19214010283729288,0.2060331148227199
Tertiles,0.3333333333333333,0.6666666666666666,200706,2007,2,10,10,0.20972651487811134,0.28312129844270384
Tertiles,0.3333333333333333,0.6666666666666666,200706,2007,3,10,10,0.20125880756921766,0.3694328687395054
Tertiles,0.3333333333333333,0.6666666666666666,200706,2007,4,10,10,0.1274104608866673,0.31289864559041547
Tertiles,0.3333333333333333,0.6666666666666666,200706,2007,5,10,10,0.07110421386644417,0.20074270801655292
Tertiles,0.3333333333333333,0.6666666666666666,200706,2007,6,10,10,0.04553056330657257,0.13544189294486308
Tertiles,0.3333333333333333,0.6666666666666666,200707,2007,1,11,10,-0.0942369159204508,-0.11405628668063272
Tertiles,0.3333333333333333,0.6666666666666666,200707,2007,2,11,10,-0.0909661665166065,-0.13925099775641314
Tertiles,0.3333333333333333,0.6666666666666666,200707,2007,3,11,10,-0.10575659498575118,-0.21634061654956271
Tertiles,0.3333333333333333,0.6666666666666666,200707,2007,4,11,10,-0.17092493844209833,-0.447791267935826
Tertiles,0.3333333333333333,0.6666666666666666,200707,2007,5,11,10,-0.20783294969815158,-0.6061559398111864
Tertiles,0.3333333333333333,0.6666666666666666,200707,2007,6,11,10,-0.22273871600932693,-0.6743476809527627
Tertiles,0.3333333333333333,0.6666666666666666,200708,2007,1,11,10,0.03735803589273501,0.043545087385270076
Tertiles,0.3333333333333333,0.6666666666666666,200708,2007,2,11,10,-0.0055472285829962775,-0.008530173199976065
Tertiles,0.3333333333333333,0.6666666666666666,200708,2007,3,11,10,-0.07304419599894618,-0.15700015033355186
Tertiles,0.3333333333333333,0.6666666666666666,200708,2007,4,11,10,-0.15052573850522644,-0.4185134679381406
Tertiles,0.3333333333333333,0.6666666666666666,200708,2007,5,11,10,-0.19143136494746005,-0.5947386954495189
Tertiles,0.3333333333333333,0.6666666666666666,200708,2007,6,11,10,-0.2080128274553441,-0.6721439666251126
Tertiles,0.3333333333333333,0.6666666666666666,200806,2008,1,10,10,0.06949892791777246,0.07533251291970533
Tertiles,0.3333333333333333,0.6666666666666666,200806,2008,2,10,10,0.06017922425578326,0.08415602366182107
Tertiles,0.3333333333333333,0.6666666666666666,200806,2008,3,10,10,0.07149224300105028,0.1340716482831361
Tertiles,0.3333333333333333,0.6666666666666666,200806,2008,4,10,10,0.042159456201072976,0.10234248591461537
Tertiles,0.3333333333333333,0.6666666666666666,200806,2008,5,10,10,0.011675688641510584,0.032094483754748104
Tertiles,0.3333333333333333,0.6666666666666666,200806,2008,6,10,10,-0.0033273661080817085,-0.009579861634288811
Tertiles,0.3333333333333333,0.6666666666666666,200807,2008,1,11,10,0.006632889121996666,0.0078070214602137256
Tertiles,0.3333333333333333,0.6666666666666666,200807,2008,2,11,10,0.02265189012750235,0.033486636744388676
Tertiles,0.3333333333333333,0.6666666666666666,200807,2008,3,11,10,-0.0021122737110910172,-0.0041992528942444984
Tertiles,0.3333333333333333,0.6666666666666666,200807,2008,4,11,10,-0.05449476798708286,-0.13755932733868637
Tertiles,0.3333333333333333,0.6666666666666666,200807,2008,5,11,10,-0.07419624603995811,-0.20572400032239369
Tertiles,0.3333333333333333,0.6666666666666666,200807,2008,6,11,10,-0.08061010376215816,-0.23033778570579244
Tertiles,0.3333333333333333,0.6666666666666666,200808,2008,1,11,10,-0.0049210231042733366,-0.005963532829183382
Tertiles,0.3333333333333333,0.6666666666666666,200808,2008,2,11,10,-0.032343547241620696,-0.05045882612400332
Tertiles,0.3333333333333333,0.6666666666666666,200808,2008,3,11,10,-0.09222197121959186,-0.1990585367826201
Tertiles,0.3333333333333333,0.6666666666666666,200808,2008,4,11,10,-0.16075964835743461,-0.4469810029135264
Tertiles,0.3333333333333333,0.6666666666666666,200808,2008,5,11,10,-0.19477301928766533,-0.6002372614211753
Tertiles,0.3333333333333333,0.6666666666666666,200808,2008,6,11,10,-0.20856001690247394,-0.6653271844305158
Tertiles,0.3333333333333333,0.6666666666666666,200906,2009,1,10,10,0.03163964796208796,0.03883013647979627
Tertiles,0.3333333333333333,0.6666666666666666,200906,2009,2,10,10,0.06342362806041235,0.10179311460199347
Tertiles,0.3333333333333333,0.6666666666666666,200906,2009,3,10,10,0.07311017225357364,0.166709911068053
Tertiles,0.3333333333333333,0.6666666666666666,200906,2009,4,10,10,0.028201581363486605,0.08702466028149125
Tertiles,0.3333333333333333,0.6666666666666666,200906,2009,5,10,10,0.0009892696754485453,0.003479452209848688
Tertiles,0.3333333333333333,0.6666666666666666,200906,2009,6,10,10,-0.010009589963613341,-0.03686518414386164
Tertiles,0.3333333333333333,0.6666666666666666,200907,2009,1,11,10,-0.005285323789283147,-0.006244883726207906
Tertiles,0.3333333333333333,0.6666666666666666,200907,2009,2,11,10,-0.023882748188416514,-0.03646116063593219
Tertiles,0.3333333333333333,0.6666666666666666,200907,2009,3,11,10,-0.08617042866528235,-0.1824849831858928
Tertiles,0.3333333333333333,0.6666666666666666,200907,2009,4,11,10,-0.16548883643381396,-0.4578985066400758
Tertiles,0.3333333333333333,0.6666666666666666,200907,2009,5,11,10,-0.2000984129449983,-0.6196453580580323
Tertiles,0.3333333333333333,0.6666666666666666,200907,2009,6,11,10,-0.2124572263509803,-0.6837589707611214
Tertiles,0.3333333333333333,0.6666666666666666,200908,2009,1,11,10,-0.1927887519979059,-0.25782792083932016
Tertiles,0.3333333333333333,0.6666666666666666,200908,2009,2,11,10,-0.2056585995506598,-0.3511762736175137
Tertiles,0.3333333333333333,0.6666666666666666,200908,2009,3,11,10,-0.233773506460501,-0.5446956170837942
Tertiles,0.3333333333333333,0.6666666666666666,200908,2009,4,11,10,-0.24771224167500472,-0.7420807773074154
Tertiles,0.3333333333333333,0.6666666666666666,200908,2009,5,11,10,-0.25010788831804776,-0.8310421246102839
Tertiles,0.3333333333333333,0.6666666666666666,200908,2009,6,11,10,-0.250778510767378,-0.8630028442163198
Tertiles,0.3333333333333333,0.6666666666666666,201006,2010,1,10,10,-0.04825310194050181,-0.056102321687375944
Tertiles,0.3333333333333333,0.6666666666666666,201006,2010,2,10,10,-0.02599310147135747,-0.03834329362971456
Tertiles,0.3333333333333333,0.6666666666666666,201006,2010,3,10,10,0.03426501241738844,0.06570167061013121
Tertiles,0.3333333333333333,0.6666666666666666,201006,2010,4,10,10,0.04516431588838832,0.10967302647737398
Tertiles,0.3333333333333333,0.6666666666666666,201006,2010,5,10,10,0.015813940209550514,0.04358599280087194
Tertiles,0.3333333333333333,0.6666666666666666,201006,2010,6,10,10,-0.0015683308815949148,-0.004542798151333294
Tertiles,0.3333333333333333,0.6666666666666666,201007,2010,1,11,10,0.0011013215118336195,0.0012554640490929359
Tertiles,0.3333333333333333,0.6666666666666666,201007,2010,2,11,10,-0.01920853951083623,-0.027815953416661543
Tertiles,0.3333333333333333,0.6666666666666666,201007,2010,3,11,10,-0.08986767400840479,-0.17728240434657616
Tertiles,0.3333333333333333,0.6666666666666666,201007,2010,4,11,10,-0.19486880869252088,-0.5025661164768884
Tertiles,0.3333333333333333,0.6666666666666666,201007,2010,5,11,10,-0.24389351237171275,-0.7056535558752497
Tertiles,0.3333333333333333,0.6666666666666666,201007,2010,6,11,10,-0.2624254440061562,-0.790005613058403
Tertiles,0.3333333333333333,0.6666666666666666,201008,2010,1,11,10,-0.009223171859312762,-0.011594739045870384
Tertiles,0.3333333333333333,0.6666666666666666,201008,2010,2,11,10,-0.05534537244426263,-0.0932041516381541
Tertiles,0.3333333333333333,0.6666666666666666,201008,2010,3,11,10,-0.13891217500035247,-0.3379496174524128
Tertiles,0.3333333333333333,0.6666666666666666,201008,2010,4,11,10,-0.2081119256761379,-0.6652108396212135
Tertiles,0.3333333333333333,0.6666666666666666,201008,2010,5,11,10,-0.22955077140867675,-0.8175274022024164
Tertiles,0.3333333333333333,0.6666666666666666,201008,2010,6,11,10,-0.23581991202657382,-0.8706509107208982
Tertiles,0.3333333333333333,0.6666666666666666,201106,2011,1,10,10,-0.016365042850194578,-0.018293711131807555
Tertiles,0.3333333333333333,0.6666666666666666,201106,2011,2,10,10,-0.02283521162049096,-0.032839120948683576
Tertiles,0.3333333333333333,0.6666666666666666,201106,2011,3,10,10,-0.030349288571411392,-0.05969740042801375
Tertiles,0.3333333333333333,0.6666666666666666,201106,2011,4,10,10,-0.08381146957110042,-0.22049665890413195
Tertiles,0.3333333333333333,0.6666666666666666,201106,2011,5,10,10,-0.12604114167746894,-0.38053845053998714
Tertiles,0.3333333333333333,0.6666666666666666,201106,2011,6,10,10,-0.14433936300872452,-0.4583184039402113
Tertiles,0.3333333333333333,0.6666666666666666,201107,2011,1,11,10,-0.06363163952520545,-0.0769965653624145
Tertiles,0.3333333333333333,0.6666666666666666,201107,2011,2,11,10,-0.10489258914735311,-0.1655631664443482
Tertiles,0.3333333333333333,0.6666666666666666,201107,2011,3,11,10,-0.1376401243009413,-0.2982935977272678
Tertiles,0.3333333333333333,0.6666666666666666,201107,2011,4,11,10,-0.17743401992619134,-0.4921890850963182
Tertiles,0.3333333333333333,0.6666666666666666,201107,2011,5,11,10,-0.19828455819633362,-0.607963349516953
Tertiles,0.3333333333333333,0.6666666666666666,201107,2011,6,11,10,-0.20653104901080455,-0.6545508580935078
Tertiles,0.3333333333333333,0.6666666666666666,201108,2011,1,11,10,0.08081858646173146,0.08742673627363651
Tertiles,0.3333333333333333,0.6666666666666666,201108,2011,2,11,10,0.11293604834931426,0.15363964487100823
Tertiles,0.3333333333333333,0.6666666666666666,201108,2011,3,11,10,0.10427144077804007,0.19074299439005138
Tertiles,0.3333333333333333,0.6666666666666666,201108,2011,4,11,10,0.024720772517168532,0.05838341942015113
Tertiles,0.3333333333333333,0.6666666666666666,201108,2011,5,11,10,-0.014150333618264233,-0.037139546884338515
Tertiles,0.3333333333333333,0.6666666666666666,201108,2011,6,11,10,-0.028349210218273302,-0.0770560834503371
Tertiles,0.3333333333333333,0.6666666666666666,201206,2012,1,10,10,-0.14998214466205917,-0.17332639916029713
Tertiles,0.3333333333333333,0.6666666666666666,201206,2012,2,10,10,-0.20800549467317875,-0.3160898939574852
Tertiles,0.3333333333333333,0.6666666666666666,201206,2012,3,10,10,-0.26822534543168186,-0.5732881846725641
Tertiles,0.3333333333333333,0.6666666666666666,201206,2012,4,10,10,-0.31261533011382103,-0.8989889116225882
Tertiles,0.3333333333333333,0.6666666666666666,201206,2012,5,10,10,-0.332055202779148,-1.090158303213916
Tertiles,0.3333333333333333,0.6666666666666666,201206,2012,6,10,10,-0.3392794165441416,-1.1676148303307583
Tertiles,0.3333333333333333,0.6666666666666666,201207,2012,1,11,10,-0.15152753454470735,-0.1815717722046295
Tertiles,0.3333333333333333,0.6666666666666666,201207,2012,2,11,10,-0.20353196821932196,-0.3221056207413362
Tertiles,0.3333333333333333,0.6666666666666666,201207,2012,3,11,10,-0.2771670863231359,-0.6146382709190239
Tertiles,0.3333333333333333,0.6666666666666666,201207,2012,4,11,10,-0.3162462910394581,-0.8812594641177505
Tertiles,0.3333333333333333,0.6666666666666666,201207,2012,5,11,10,-0.3298405802517409,-1.0031727842373472
Tertiles,0.3333333333333333,0.6666666666666666,201207,2012,6,11,10,-0.33499116100631676,-1.0483505508069486
Tertiles,0.3333333333333333,0.6666666666666666,201208,2012,1,11,10,-0.18086398930295733,-0.22226792227157688
Tertiles,0.3333333333333333,0.6666666666666666,201208,2012,2,11,10,-0.2337163413895239,-0.36981659439771253
Tertiles,0.3333333333333333,0.6666666666666666,201208,2012,3,11,10,-0.32505380456055244,-0.7140231114493836
Tertiles,0.3333333333333333,0.6666666666666666,201208,2012,4,11,10,-0.3794796013585401,-1.0815091867023439
Tertiles,0.3333333333333333,0.6666666666666666,201208,2012,5,11,10,-0.39220085408536,-1.2417854020895787
Tertiles,0.3333333333333333,0.6666666666666666,201208,2012,6,11,10,-0.3952628345328735,-1.2965104678441355
Tertiles,0.3333333333333333,0.6666666666666666,201306,2013,1,10,10,-0.007295386968338202,-0.008067808204998084
Tertiles,0.3333333333333333,0.6666666666666666,201306,2013,2,10,10,0.016234815672431457,0.022470115914343225
Tertiles,0.3333333333333333,0.6666666666666666,201306,2013,3,10,10,0.0668716165898211,0.12206610294333542
Tertiles,0.3333333333333333,0.6666666666666666,201306,2013,4,10,10,0.061311804341582565,0.1454577301108433
Tertiles,0.3333333333333333,0.6666666666666666,201306,2013,5,10,10,0.04261762909583444,0.11428914175482952
Tertiles,0.3333333333333333,0.6666666666666666,201306,2013,6,10,10,0.033375359862635845,0.09355482515789504
Tertiles,0.3333333333333333,0.6666666666666666,201307,2013,1,11,10,0.02075073018851392,0.023453061964485933
Tertiles,0.3333333333333333,0.6666666666666666,201307,2013,2,11,10,0.025338219256299865,0.03629634113360636
Tertiles,0.3333333333333333,0.6666666666666666,201307,2013,3,11,10,-0.007804274624953922,-0.015025935050164918
Tertiles,0.3333333333333333,0.6666666666666666,201307,2013,4,11,10,-0.05434317963054747,-0.1295624627469012
Tertiles,0.3333333333333333,0.6666666666666666,201307,2013,5,11,10,-0.07410941384460734,-0.1919962564191673
Tertiles,0.3333333333333333,0.6666666666666666,201307,2013,6,11,10,-0.08120370976978908,-0.21608910140509252
Tertiles,0.3333333333333333,0.6666666666666666,201308,2013,1,11,10,-0.01612060572788132,-0.019212532601935006
Tertiles,0.3333333333333333,0.6666666666666666,201308,2013,2,11,10,-0.05386934265505816,-0.08312198275714389
Tertiles,0.3333333333333333,0.6666666666666666,201308,2013,3,11,10,-0.1039577151648623,-0.2171856110665762
Tertiles,0.3333333333333333,0.6666666666666666,201308,2013,4,11,10,-0.17827251721325676,-0.4691920380943486
Tertiles,0.3333333333333333,0.6666666666666666,201308,2013,5,11,10,-0.21802596094729887,-0.6337975428723617
Tertiles,0.3333333333333333,0.6666666666666666,201308,2013,6,11,10,-0.23458573672106742,-0.7061928166775626
Tertiles,0.3333333333333333,0.6666666666666666,201406,2014,1,10,10,0.056751052021718706,0.06135088606552408
Tertiles,0.3333333333333333,0.6666666666666666,201406,2014,2,10,10,0.05598783457150591,0.07843303017135161
Tertiles,0.3333333333333333,0.6666666666666666,201406,2014,3,10,10,0.06259404384000167,0.11898023632084564
Tertiles,0.3333333333333333,0.6666666666666666,201406,2014,4,10,10,0.0725242616298798,0.17948168991317903
Tertiles,0.3333333333333333,0.6666666666666666,201406,2014,5,10,10,0.0713579649371523,0.2005655812533611
Tertiles,0.3333333333333333,0.6666666666666666,201406,2014,6,10,10,0.06922690054355485,0.2039486569244957
Tertiles,0.3333333333333333,0.6666666666666666,201407,2014,1,11,10,-0.10486212786644034,-0.12252794142030154
Tertiles,0.3333333333333333,0.6666666666666666,201407,2014,2,11,10,-0.13994532896369571,-0.21203056857062696
Tertiles,0.3333333333333333,0.6666666666666666,201407,2014,3,11,10,-0.155554483892404,-0.31864301751539337
Tertiles,0.3333333333333333,0.6666666666666666,201407,2014,4,11,10,-0.19970035400899488,-0.5297251559035967
Tertiles,0.3333333333333333,0.6666666666666666,201407,2014,5,11,10,-0.23009401473310287,-0.6853274111409995
Tertiles,0.3333333333333333,0.6666666666666666,201407,2014,6,11,10,-0.24291585089847834,-0.7535645973557816
Tertiles,0.3333333333333333,0.6666666666666666,201408,2014,1,11,10,-0.0034136900782225643,-0.003903634084647223
Tertiles,0.3333333333333333,0.6666666666666666,201408,2014,2,11,10,0.001287609462743422,0.0018614466190056689
Tertiles,0.3333333333333333,0.6666666666666666,201408,2014,3,11,10,0.02830067441736439,0.05443204247150746
Tertiles,0.3333333333333333,0.6666666666666666,201408,2014,4,11,10,0.030903955277267636,0.07715002458771636
Tertiles,0.3333333333333333,0.6666666666666666,201408,2014,5,11,10,0.02486793184472824,0.06985190870463676
Tertiles,0.3333333333333333,0.6666666666666666,201408,2014,6,11,10,0.02259877071107752,0.06613378883507348
Tertiles,0.3333333333333333,0.6666666666666666,201606,2016,1,10,10,0.05258342907285796,0.059698646250604614
Tertiles,0.3333333333333333,0.6666666666666666,201606,2016,2,10,10,0.08824793676223197,0.12868357348550408
Tertiles,0.3333333333333333,0.6666666666666666,201606,2016,3,10,10,0.10810023970763805,0.21652591718403613
Tertiles,0.3333333333333333,0.6666666666666666,201606,2016,4,10,10,0.05437867181524392,0.1462478137927592
Tertiles,0.3333333333333333,0.6666666666666666,201606,2016,5,10,10,0.014509897152198414,0.04486281147377014
Tertiles,0.3333333333333333,0.6666666666666666,201606,2016,6,10,10,-0.002409652304926957,-0.007841800382132114
Tertiles,0.3333333333333333,0.6666666666666666,201607,2016,1,11,10,0.17814264950748582,0.18924940680458402
Tertiles,0.3333333333333333,0.6666666666666666,201607,2016,2,11,10,0.14632540931709848,0.20072815347223827
Tertiles,0.3333333333333333,0.6666666666666666,201607,2016,3,11,10,0.08583048605928179,0.16109098461304638
Tertiles,0.3333333333333333,0.6666666666666666,201607,2016,4,11,10,0.013304764073118314,0.03172128088703641
Tertiles,0.3333333333333333,0.6666666666666666,201607,2016,5,11,10,-0.02104909166934099,-0.05520144436699059
Tertiles,0.3333333333333333,0.6666666666666666,201607,2016,6,11,10,-0.034740451266791594,-0.09402180761249923
Tertiles,0.3333333333333333,0.6666666666666666,201608,2016,1,11,10,0.04333696022980482,0.04749647291528447
Tertiles,0.3333333333333333,0.6666666666666666,201608,2016,2,11,10,0.0443930257863725,0.06068404805869454
Tertiles,0.3333333333333333,0.6666666666666666,201608,2016,3,11,10,0.04223390448430453,0.07445282640185891
Tertiles,0.3333333333333333,0.6666666666666666,201608,2016,4,11,10,0.0320262198261263,0.06885262058461006
Tertiles,0.3333333333333333,0.6666666666666666,201608,2016,5,11,10,0.02064462350151608,0.04848278167807951
Tertiles,0.3333333333333333,0.6666666666666666,201608,2016,6,11,10,0.014277234375052794,0.03459602409373197
Tertiles,0.3333333333333333,0.6666666666666666,201706,2017,1,10,10,0.009508594736911569,0.01053583094770838
Tertiles,0.3333333333333333,0.6666666666666666,201706,2017,2,10,10,0.007872270150767635,0.011390615831717632
Tertiles,0.3333333333333333,0.6666666666666666,201706,2017,3,10,10,0.007395671754516719,0.014719605920722412
Tertiles,0.3333333333333333,0.6666666666666666,201706,2017,4,10,10,-0.0400256684889424,-0.10703785123987508
Tertiles,0.3333333333333333,0.6666666666666666,201706,2017,5,10,10,-0.07905199921744577,-0.2449321712929775
Tertiles,0.3333333333333333,0.6666666666666666,201706,2017,6,10,10,-0.09630761049946523,-0.3155304559741898
Tertiles,0.3333333333333333,0.6666666666666666,201707,2017,1,11,10,-0.11429212883035311,-0.13808763734472995
Tertiles,0.3333333333333333,0.6666666666666666,201707,2017,2,11,10,-0.11037017140848693,-0.16921849356712704
Tertiles,0.3333333333333333,0.6666666666666666,201707,2017,3,11,10,-0.14857233168714523,-0.30851410589248607
Tertiles,0.3333333333333333,0.6666666666666666,201707,2017,4,11,10,-0.2135465582922219,-0.55739520426462
Tertiles,0.3333333333333333,0.6666666666666666,201707,2017,5,11,10,-0.24496924637283424,-0.699829505965921
Tertiles,0.3333333333333333,0.6666666666666666,201707,2017,6,11,10,-0.25703479500859394,-0.7561964194748363
Tertiles,0.3333333333333333,0.6666666666666666,201708,2017,1,11,10,-0.047146887416012584,-0.05612573372288665
Tertiles,0.3333333333333333,0.6666666666666666,201708,2017,2,11,10,-0.05200543147903902,-0.07944199644491245
Tertiles,0.3333333333333333,0.6666666666666666,201708,2017,3,11,10,-0.05832373971301685,-0.12154754118615108
Tertiles,0.3333333333333333,0.6666666666666666,201708,2017,4,11,10,-0.0751972375524117,-0.1989715374453942
Tertiles,0.3333333333333333,0.6666666666666666,201708,2017,5,11,10,-0.08829020731172754,-0.2578893202324215
Tertiles,0.3333333333333333,0.6666666666666666,201708,2017,6,11,10,-0.09433230696560024,-0.2848405587938201
Tertiles,0.3333333333333333,0.6666666666666666,201806,2018,1,10,10,-0.07856242705553274,-0.0922443119080203
Tertiles,0.3333333333333333,0.6666666666666666,201806,2018,2,10,10,-0.06963769285665922,-0.1040150092230494
Tertiles,0.3333333333333333,0.6666666666666666,201806,2018,3,10,10,-0.037716199806636985,-0.07480985029742016
Tertiles,0.3333333333333333,0.6666666666666666,201806,2018,4,10,10,-0.05985221857515466,-0.15447453593773197
Tertiles,0.3333333333333333,0.6666666666666666,201806,2018,5,10,10,-0.09661425588849437,-0.28524089149838616
Tertiles,0.3333333333333333,0.6666666666666666,201806,2018,6,10,10,-0.11490844542947909,-0.3571612763899701
Tertiles,0.3333333333333333,0.6666666666666666,201807,2018,1,11,10,-0.08485416560207304,-0.0941376286390061
Tertiles,0.3333333333333333,0.6666666666666666,201807,2018,2,11,10,-0.13401577606710902,-0.18723554894730654
Tertiles,0.3333333333333333,0.6666666666666666,201807,2018,3,11,10,-0.20885683402341593,-0.3841784606196046
Tertiles,0.3333333333333333,0.6666666666666666,201807,2018,4,11,10,-0.2699796650385565,-0.6078435692395687
Tertiles,0.3333333333333333,0.6666666666666666,201807,2018,5,11,10,-0.2984864292005178,-0.7275054774055216
Tertiles,0.3333333333333333,0.6666666666666666,201807,2018,6,11,10,-0.3102657255968577,-0.7755598358953306
Tertiles,0.3333333333333333,0.6666666666666666,201808,2018,1,11,10,-0.05128760311068414,-0.057637349821762385
Tertiles,0.3333333333333333,0.6666666666666666,201808,2018,2,11,10,-0.07717994263592165,-0.10804893352480471
Tertiles,0.3333333333333333,0.6666666666666666,201808,2018,3,11,10,-0.14393325714782412,-0.26456229782419927
Tertiles,0.3333333333333333,0.6666666666666666,201808,2018,4,11,10,-0.26553822747211797,-0.6282995845091657
Tertiles,0.3333333333333333,0.6666666666666666,201808,2018,5,11,10,-0.3336102195563827,-0.8911307347821
Tertiles,0.3333333333333333,0.6666666666666666,201808,2018,6,11,10,-0.36128436090447635,-1.0093045095253634
Tertiles,0.3333333333333333,0.6666666666666666,201906,2019,1,10,10,-0.0418752715985391,-0.04791015109395902
Tertiles,0.3333333333333333,0.6666666666666666,201906,2019,2,10,10,-0.03856175638375947,-0.05651114951086411
Tertiles,0.3333333333333333,0.6666666666666666,201906,2019,3,10,10,-0.04652384908164264,-0.09370381843105102
Tertiles,0.3333333333333333,0.6666666666666666,201906,2019,4,10,10,-0.06250425896631284,-0.16845506060067628
Tertiles,0.3333333333333333,0.6666666666666666,201906,2019,5,10,10,-0.07927309049524367,-0.24580404962175795
Tertiles,0.3333333333333333,0.6666666666666666,201906,2019,6,10,10,-0.08769124917268689,-0.28653043109811804
Tertiles,0.3333333333333333,0.6666666666666666,201907,2019,1,11,10,0.029381725693899963,0.03425434491025259
Tertiles,0.3333333333333333,0.6666666666666666,201907,2019,2,11,10,0.04545373028473931,0.0664845075587217
Tertiles,0.3333333333333333,0.6666666666666666,201907,2019,3,11,10,0.05996805420018014,0.11642710339224438
Tertiles,0.3333333333333333,0.6666666666666666,201907,2019,4,11,10,0.03808317876045275,0.09343039925893404
Tertiles,0.3333333333333333,0.6666666666666666,201907,2019,5,11,10,0.014042128555799671,0.038154189182928455
Tertiles,0.3333333333333333,0.6666666666666666,201907,2019,6,11,10,0.002490552823741554,0.0070097081034488085
Tertiles,0.3333333333333333,0.6666666666666666,201908,2019,1,11,10,-0.13503304113132797,-0.17215826744217466
Tertiles,0.3333333333333333,0.6666666666666666,201908,2019,2,11,10,-0.12811406790799051,-0.2044022183930334
Tertiles,0.3333333333333333,0.6666666666666666,201908,2019,3,11,10,-0.12583043985753306,-0.26436084634522583
Tertiles,0.3333333333333333,0.6666666666666666,201908,2019,4,11,10,-0.1872264959562452,-0.5111770368995554
Tertiles,0.3333333333333333,0.6666666666666666,201908,2019,5,11,10,-0.2288027321085785,-0.706715894312584
Tertiles,0.3333333333333333,0.6666666666666666,201908,2019,6,11,10,-0.24625510989827726,-0.7952492009405701
Tertiles,0.3333333333333333,0.6666666666666666,202006,2020,1,10,10,-0.08197814784567325,-0.09808330688128253
Tertiles,0.3333333333333333,0.6666666666666666,202006,2020,2,10,10,-0.072763357784699,-0.11300704157839947
Tertiles,0.3333333333333333,0.6666666666666666,202006,2020,3,10,10,-0.11010696815478016,-0.2441609054249323
Tertiles,0.3333333333333333,0.6666666666666666,202006,2020,4,10,10,-0.15757869884754083,-0.4765972070964075
Tertiles,0.3333333333333333,0.6666666666666666,202006,2020,5,10,10,-0.17286524738023423,-0.5969546726039505
Tertiles,0.3333333333333333,0.6666666666666666,202006,2020,6,10,10,-0.17771103714609826,-0.6428220928642654
Tertiles,0.3333333333333333,0.6666666666666666,202007,2020,1,11,10,-0.022777553039891707,-0.024850652018275632
Tertiles,0.3333333333333333,0.6666666666666666,202007,2020,2,11,10,-0.06317116839647885,-0.08755920899494773
Tertiles,0.3333333333333333,0.6666666666666666,202007,2020,3,11,10,-0.09890427777061994,-0.1841669456695354
Tertiles,0.3333333333333333,0.6666666666666666,202007,2020,4,11,10,-0.12382414880753378,-0.29699399786646197
Tertiles,0.3333333333333333,0.6666666666666666,202007,2020,5,11,10,-0.13876573028395678,-0.3723882773715026
Tertiles,0.3333333333333333,0.6666666666666666,202007,2020,6,11,10,-0.14584533076670192,-0.4072481661055516
Tertiles,0.3333333333333333,0.6666666666666666,202008,2020,1,11,10,0.13317386185747782,0.1456010624263322
Tertiles,0.3333333333333333,0.6666666666666666,202008,2020,2,11,10,0.11083226758493736,0.1597598534348461
Tertiles,0.3333333333333333,0.6666666666666666,202008,2020,3,11,10,0.06174394278658846,0.1234918498054931
Tertiles,0.3333333333333333,0.6666666666666666,202008,2020,4,11,10,0.014938768935429447,0.037602193062224565
Tertiles,0.3333333333333333,0.6666666666666666,202008,2020,5,11,10,-0.002819788382151356,-0.007747406490858921
Tertiles,0.3333333333333333,0.6666666666666666,202008,2020,6,11,10,-0.008778406874673572,-0.024800145656037387
Tertiles,0.3333333333333333,0.6666666666666666,202106,2021,1,10,10,-0.05949820877897971,-0.06962994373408149
Tertiles,0.3333333333333333,0.6666666666666666,202106,2021,2,10,10,-0.028493490774071928,-0.0424276607496159
Tertiles,0.3333333333333333,0.6666666666666666,202106,2021,3,10,10,-0.010604740807191981,-0.021585801148020778
Tertiles,0.3333333333333333,0.6666666666666666,202106,2021,4,10,10,-0.05649680244885058,-0.15360410046470907
Tertiles,0.3333333333333333,0.6666666666666666,202106,2021,5,10,10,-0.09552972883012023,-0.2979181125191639
Tertiles,0.3333333333333333,0.6666666666666666,202106,2021,6,10,10,-0.11334310336689235,-0.37182629538986767
Tertiles,0.3333333333333333,0.6666666666666666,202107,2021,1,11,10,-0.09767031961957007,-0.11110468684022656
Tertiles,0.3333333333333333,0.6666666666666666,202107,2021,2,11,10,-0.10156932789021589,-0.14641881327826
Tertiles,0.3333333333333333,0.6666666666666666,202107,2021,3,11,10,-0.10381327805458229,-0.19556195206362537
Tertiles,0.3333333333333333,0.6666666666666666,202107,2021,4,11,10,-0.12931244637113248,-0.2979080467519335
Tertiles,0.3333333333333333,0.6666666666666666,202107,2021,5,11,10,-0.14689740765212456,-0.36748964087067204
Tertiles,0.3333333333333333,0.6666666666666666,202107,2021,6,11,10,-0.15434090846474913,-0.3965270308770359
Tertiles,0.3333333333333333,0.6666666666666666,202108,2021,1,11,10,-0.08192207309260913,-0.10319753148121391
Tertiles,0.3333333333333333,0.6666666666666666,202108,2021,2,11,10,-0.10403584367828178,-0.17157065710201058
Tertiles,0.3333333333333333,0.6666666666666666,202108,2021,3,11,10,-0.11873729625197471,-0.2705077037164365
Tertiles,0.3333333333333333,0.6666666666666666,202108,2021,4,11,10,-0.13313927698322026,-0.3917521989417416
Tertiles,0.3333333333333333,0.6666666666666666,202108,2021,5,11,10,-0.13578543400390375,-0.4444816704256125
Tertiles,0.3333333333333333,0.6666666666666666,202108,2021,6,11,10,-0.13580949924506303,-0.4608640285879968
Tertiles,0.3333333333333333,0.6666666666666666,202306,2023,1,10,10,-0.07080627421338326,-0.08631822935943312
Tertiles,0.3333333333333333,0.6666666666666666,202306,2023,2,10,10,-0.05955924182876515,-0.09286395182989304
Tertiles,0.3333333333333333,0.6666666666666666,202306,2023,3,10,10,-0.00629461318747826,-0.013085496038024225
Tertiles,0.3333333333333333,0.6666666666666666,202306,2023,4,10,10,0.03757360826362466,0.09971153580676617
Tertiles,0.3333333333333333,0.6666666666666666,202306,2023,5,10,10,0.0395591946724414,0.11804079684828661
Tertiles,0.3333333333333333,0.6666666666666666,202306,2023,6,10,10,0.036722011107084285,0.11441444105533805
Tertiles,0.3333333333333333,0.6666666666666666,202307,2023,1,11,10,-0.10623369949312478,-0.12867108162508023
Tertiles,0.3333333333333333,0.6666666666666666,202307,2023,2,11,10,-0.18998877369443634,-0.3132738381573832
Tertiles,0.3333333333333333,0.6666666666666666,202307,2023,3,11,10,-0.28167892387960913,-0.6700379209982796
Tertiles,0.3333333333333333,0.6666666666666666,202307,2023,4,11,10,-0.33759494335148954,-1.0319991238822448
Tertiles,0.3333333333333333,0.6666666666666666,202307,2023,5,11,10,-0.3546218603530087,-1.1884548880645118
Tertiles,0.3333333333333333,0.6666666666666666,202307,2023,6,11,10,-0.3597270217181606,-1.2404818297709195
Tertiles,0.3333333333333333,0.6666666666666666,202308,2023,1,11,10,-0.2899925568138325,-0.39539769706337147
Tertiles,0.3333333333333333,0.6666666666666666,202308,2023,2,11,10,-0.32773078486320906,-0.5709689147581165
Tertiles,0.3333333333333333,0.6666666666666666,202308,2023,3,11,10,-0.37360885639331054,-0.8803062634710694
Tertiles,0.3333333333333333,0.6666666666666666,202308,2023,4,11,10,-0.41031844537083884,-1.2336427938276397
Tertiles,0.3333333333333333,0.6666666666666666,202308,2023,5,11,10,-0.4259659120743752,-1.419644651754604
Tertiles,0.3333333333333333,0.6666666666666666,202308,2023,6,11,10,-0.431496206771557,-1.4886668216601242
Tertiles,0.3333333333333333,0.6666666666666666,202406,2024,1,10,10,-0.1304662425443699,-0.15973668708568756
Tertiles,0.3333333333333333,0.6666666666666666,202406,2024,2,10,10,-0.1807172024541296,-0.29486794237764613
Tertiles,0.3333333333333333,0.6666666666666666,202406,2024,3,10,10,-0.23858672226451816,-0.5608179096083687
Tertiles,0.3333333333333333,0.6666666666666666,202406,2024,4,10,10,-0.2797418893952196,-0.8988000824993625
Tertiles,0.3333333333333333,0.6666666666666666,202406,2024,5,10,10,-0.29752149987482013,-1.0995961544309845
Tertiles,0.3333333333333333,0.6666666666666666,202406,2024,6,10,10,-0.30441121628711054,-1.183116393297273
Tertiles,0.3333333333333333,0.6666666666666666,202407,2024,1,11,10,0.20204333804528973,0.2143184848504327
Tertiles,0.3333333333333333,0.6666666666666666,202407,2024,2,11,10,0.20800174102539604,0.28185410807794353
Tertiles,0.3333333333333333,0.6666666666666666,202407,2024,3,11,10,0.18141150781253268,0.33224252432569257
Tertiles,0.3333333333333333,0.6666666666666666,202407,2024,4,11,10,0.11123581250739178,0.25664336974245927
Tertiles,0.3333333333333333,0.6666666666666666,202407,2024,5,11,10,0.0787466553616627,0.19912738809930097
Tertiles,0.3333333333333333,0.6666666666666666,202407,2024,6,11,10,0.06672547722848687,0.17382103710742403
Tertiles,0.3333333333333333,0.6666666666666666,202408,2024,1,11,10,0.05610493286401086,0.06361146821697572
Tertiles,0.3333333333333333,0.6666666666666666,202408,2024,2,11,10,0.04678224748068027,0.0672132035204358
Tertiles,0.3333333333333333,0.6666666666666666,202408,2024,3,11,10,0.030767254427020996,0.05862167512641214
Tertiles,0.3333333333333333,0.6666666666666666,202408,2024,4,11,10,-0.009941092588327649,-0.023537986214469342
Tertiles,0.3333333333333333,0.6666666666666666,202408,2024,5,11,10,-0.03274142234362576,-0.08481053745757983
Tertiles,0.3333333333333333,0.6666666666666666,202408,2024,6,11,10,-0.042237495871334296,-0.11274215788166675
Tertiles,0.3333333333333333,0.6666666666666666,202506,2025,1,10,10,-0.01537127848870734,-0.016715185788388265
Tertiles,0.3333333333333333,0.6666666666666666,202506,2025,2,10,10,-0.01361053609021401,-0.019413243382569334
Tertiles,0.3333333333333333,0.6666666666666666,202506,2025,3,10,10,-0.015248982205961825,-0.03063971453657821
Tertiles,0.3333333333333333,0.6666666666666666,202506,2025,4,10,10,-0.08591968064517685,-0.2364075509569794
Tertiles,0.3333333333333333,0.6666666666666666,202506,2025,5,10,10,-0.1389159030261693,-0.4429009306078715
Tertiles,0.3333333333333333,0.6666666666666666,202506,2025,6,10,10,-0.16210054109934668,-0.5457106367397229
Tertiles,0.3333333333333333,0.6666666666666666,202507,2025,1,11,10,-0.06991123079656125,-0.07910418365766914
Tertiles,0.3333333333333333,0.6666666666666666,202507,2025,2,11,10,-0.08225864028687913,-0.1155498856038295
Tertiles,0.3333333333333333,0.6666666666666666,202507,2025,3,11,10,-0.09122404215173563,-0.16516004939589513
Tertiles,0.3333333333333333,0.6666666666666666,202507,2025,4,11,10,-0.057805116700688775,-0.12466759676693595
Tertiles,0.3333333333333333,0.6666666666666666,202507,2025,5,11,10,-0.023343332698171126,-0.05352153342854127
Tertiles,0.3333333333333333,0.6666666666666666,202507,2025,6,11,10,-0.005871383695879584,-0.013688244732039223
Tertiles,0.3333333333333333,0.6666666666666666,202508,2025,1,11,10,-0.11463831392511337,-0.13792308826233146
Tertiles,0.3333333333333333,0.6666666666666666,202508,2025,2,11,10,-0.12379239592488389,-0.18685535319582325
Tertiles,0.3333333333333333,0.6666666666666666,202508,2025,3,11,10,-0.15088425524226656,-0.29806672948637836
Tertiles,0.3333333333333333,0.6666666666666666,202508,2025,4,11,10,-0.20239257490834228,-0.4978897146076191
Tertiles,0.3333333333333333,0.6666666666666666,202508,2025,5,11,10,-0.22883139640159655,-0.6179351257362296
Tertiles,0.3333333333333333,0.6666666666666666,202508,2025,6,11,10,-0.23875030184742607,-0.665344692354437
20--80,0.2,0.8,199106,1991,1,6,18,0.08062409427947981,0.08983096813884517
20--80,0.2,0.8,199106,1991,2,6,18,0.1494168737341699,0.21118095825225014
20--80,0.2,0.8,199106,1991,3,6,18,0.20440775426788194,0.3902923245742542
20--80,0.2,0.8,199106,1991,4,6,18,0.16030509255486103,0.40152753695444865
20--80,0.2,0.8,199106,1991,5,6,18,0.11299565099364406,0.32277303897598575
20--80,0.2,0.8,199106,1991,6,6,18,0.09085472132328865,0.272623921625164
20--80,0.2,0.8,199107,1991,1,7,18,0.017433895342199968,0.019971257524573183
20--80,0.2,0.8,199107,1991,2,7,18,-0.0374383360821855,-0.056011638212884574
20--80,0.2,0.8,199107,1991,3,7,18,-0.10012590282717437,-0.20566581229731629
20--80,0.2,0.8,199107,1991,4,7,18,-0.1818409785035,-0.47902179786962407
20--80,0.2,0.8,199107,1991,5,7,18,-0.22230791140291528,-0.6492799971705212
20--80,0.2,0.8,199107,1991,6,7,18,-0.23721056285558828,-0.7170295094209793
20--80,0.2,0.8,199108,1991,1,7,18,0.06157651268756803,0.06845311821625844
20--80,0.2,0.8,199108,1991,2,7,18,0.09784081176608073,0.13369797949470108
20--80,0.2,0.8,199108,1991,3,7,18,0.1482899082088993,0.2582374458321248
20--80,0.2,0.8,199108,1991,4,7,18,0.14142831052804872,0.304002199298119
20--80,0.2,0.8,199108,1991,5,7,18,0.11115675622677257,0.26403497786066676
20--80,0.2,0.8,199108,1991,6,7,18,0.09448624203004075,0.2326263011344718
20--80,0.2,0.8,199206,1992,1,6,18,-0.03470288500976648,-0.039262118048237316
20--80,0.2,0.8,199206,1992,2,6,18,-0.08156998626565892,-0.11988552054522739
20--80,0.2,0.8,199206,1992,3,6,18,-0.10459472462563868,-0.208616275188664
20--80,0.2,0.8,199206,1992,4,6,18,-0.10661875567123769,-0.2798764441002106
20--80,0.2,0.8,199206,1992,5,6,18,-0.11350723837780785,-0.3411161429237195
20--80,0.2,0.8,199206,1992,6,6,18,-0.11725259515365005,-0.3707602236181904
20--80,0.2,0.8,199207,1992,1,7,18,0.056431671317160204,0.06380042190777147
20--80,0.2,0.8,199207,1992,2,7,18,0.029167846138169917,0.04292274895527104
20--80,0.2,0.8,199207,1992,3,7,18,-0.004486413240883724,-0.009034350906611088
20--80,0.2,0.8,199207,1992,4,7,18,-0.06539038759722304,-0.16719359105657094
20--80,0.2,0.8,199207,1992,5,7,18,-0.10197892559154276,-0.2877915927314252
20--80,0.2,0.8,199207,1992,6,7,18,-0.11720412579954709,-0.3419129200794133
20--80,0.2,0.8,199208,1992,1,7,18,0.14015224739642296,0.1464176839269271
20--80,0.2,0.8,199208,1992,2,7,18,0.1632925756970931,0.2122494868717153
20--80,0.2,0.8,199208,1992,3,7,18,0.16803436149468176,0.28702539918835823
20--80,0.2,0.8,199208,1992,4,7,18,0.06116550616325256,0.13577552662732018
20--80,0.2,0.8,199208,1992,5,7,18,-0.008607787079546902,-0.021636718737500615
20--80,0.2,0.8,199208,1992,6,7,18,-0.03747397683923259,-0.09857822171361263
20--80,0.2,0.8,199306,1993,1,6,18,-0.09271546941974329,-0.11370370184154233
20--80,0.2,0.8,199306,1993,2,6,18,-0.0899987445648257,-0.14482462546893116
20--80,0.2,0.8,199306,1993,3,6,18,-0.05577478110825207,-0.12386641700866807
20--80,0.2,0.8,199306,1993,4,6,18,-0.0344115827457363,-0.09906663218080869
20--80,0.2,0.8,199306,1993,5,6,18,-0.044879692550767514,-0.1455690925317441
20--80,0.2,0.8,199306,1993,6,6,18,-0.05225036967900931,-0.1769602336093401
20--80,0.2,0.8,199307,1993,1,7,18,0.07862284539307485,0.08548321429642858
20--80,0.2,0.8,199307,1993,2,7,18,0.1037321359824066,0.14217151595007183
20--80,0.2,0.8,199307,1993,3,7,18,0.1144795738622697,0.20955935069206522
20--80,0.2,0.8,199307,1993,4,7,18,0.06870105125358039,0.161545261844239
20--80,0.2,0.8,199307,1993,5,7,18,0.027615820776869082,0.07290679242093567
20--80,0.2,0.8,199307,1993,6,7,18,0.008993931898745977,0.024751535541314595
20--80,0.2,0.8,199308,1993,1,7,18,-0.05503437331168726,-0.06700620900066756
20--80,0.2,0.8,199308,1993,2,7,18,-0.056725300522437516,-0.08802928941358568
20--80,0.2,0.8,199308,1993,3,7,18,-0.05752352586684506,-0.12010308662781721
20--80,0.2,0.8,199308,1993,4,7,18,-0.09945373224940157,-0.2698467876995707
20--80,0.2,0.8,199308,1993,5,7,18,-0.12766750883332734,-0.3898238010298085
20--80,0.2,0.8,199308,1993,6,7,18,-0.13911888957311103,-0.44277518802101046
20--80,0.2,0.8,199406,1994,1,6,18,0.17737055614902375,0.18724918834489657
20--80,0.2,0.8,199406,1994,2,6,18,0.27145806062786226,0.3543213298418548
20--80,0.2,0.8,199406,1994,3,6,18,0.3908330028561733,0.6571526227243654
20--80,0.2,0.8,199406,1994,4,6,18,0.332947107535857,0.7285216045584786
20--80,0.2,0.8,199406,1994,5,6,18,0.24942855034927902,0.6264504538769904
20--80,0.2,0.8,199406,1994,6,6,18,0.20989062560136995,0.5555781550229755
20--80,0.2,0.8,199407,1994,1,7,18,-0.009660935034411344,-0.011405119555920162
20--80,0.2,0.8,199407,1994,2,7,18,-0.08576951417764289,-0.13289682309741924
20--80,0.2,0.8,199407,1994,3,7,18,-0.18473068629548284,-0.3947661114243304
20--80,0.2,0.8,199407,1994,4,7,18,-0.2525057533658409,-0.6714560239165177
20--80,0.2,0.8,199407,1994,5,7,18,-0.27917085635372607,-0.8048370989529436
20--80,0.2,0.8,199407,1994,6,7,18,-0.2888812730026805,-0.8536690949428323
20--80,0.2,0.8,199408,1994,1,7,18,0.0641515935921757,0.07292768931559701
20--80,0.2,0.8,199408,1994,2,7,18,0.0954028319639264,0.13386598903223668
20--80,0.2,0.8,199408,1994,3,7,18,0.07942280821824355,0.1462905247048183
20--80,0.2,0.8,199408,1994,4,7,18,0.008870141525167519,0.020533757632047234
20--80,0.2,0.8,199408,1994,5,7,18,-0.02586921963924005,-0.0658025591590663
20--80,0.2,0.8,199408,1994,6,7,18,-0.03930756104313016,-0.10314628075904686
20--80,0.2,0.8,199506,1995,1,6,18,0.05485506012388752,0.06424999370011442
20--80,0.2,0.8,199506,1995,2,6,18,0.04944589443201508,0.07556451789038432
20--80,0.2,0.8,199506,1995,3,6,18,0.060376055679922436,0.1268837602295685
20--80,0.2,0.8,199506,1995,4,6,18,0.07689472527891228,0.2112446848291789
20--80,0.2,0.8,199506,1995,5,6,18,0.08062202346597247,0.25043182050821855
20--80,0.2,0.8,199506,1995,6,6,18,0.08039314423762933,0.2611319186347476
20--80,0.2,0.8,199507,1995,1,7,18,-0.027681464282368506,-0.03146612673689475
20--80,0.2,0.8,199507,1995,2,7,18,-0.07457218199673721,-0.11170865870374769
20--80,0.2,0.8,199507,1995,3,7,18,-0.15932301981434405,-0.33628683190310005
20--80,0.2,0.8,199507,1995,4,7,18,-0.24034443881063283,-0.6526436686826083
20--80,0.2,0.8,199507,1995,5,7,18,-0.27301621874213744,-0.8182798580721702
20--80,0.2,0.8,199507,1995,6,7,18,-0.28419678388656233,-0.8797949896977952
20--80,0.2,0.8,199508,1995,1,7,18,-0.12495608184261808,-0.14988312580596297
20--80,0.2,0.8,199508,1995,2,7,18,-0.16110880748574574,-0.24953862694507167
20--80,0.2,0.8,199508,1995,3,7,18,-0.21891652478601165,-0.4630466045595396
20--80,0.2,0.8,199508,1995,4,7,18,-0.2659329370378726,-0.7065614896440389
20--80,0.2,0.8,199508,1995,5,7,18,-0.2840918873963334,-0.8254211558526343
20--80,0.2,0.8,199508,1995,6,7,18,-0.29045196901518877,-0.8687743006123938
20--80,0.2,0.8,199606,1996,1,6,18,-0.1515238611127806,-0.19489002101025532
20--80,0.2,0.8,199606,1996,2,6,18,-0.14445521436200026,-0.24144999652321308
20--80,0.2,0.8,199606,1996,3,6,18,-0.13302252314294005,-0.3073579343448145
20--80,0.2,0.8,199606,1996,4,6,18,-0.1552332165680368,-0.47421831882449794
20--80,0.2,0.8,199606,1996,5,6,18,-0.17526099256364813,-0.608012044790228
20--80,0.2,0.8,199606,1996,6,6,18,-0.18416538948335093,-0.6688131192203475
20--80,0.2,0.8,199607,1996,1,7,18,0.013492470297667092,0.014689149071273278
20--80,0.2,0.8,199607,1996,2,7,18,0.006884926063046359,0.009485356151918811
20--80,0.2,0.8,199607,1996,3,7,18,-0.02695299460586842,-0.049975435093710274
20--80,0.2,0.8,199607,1996,4,7,18,-0.117428647806184,-0.2806293660142636
20--80,0.2,0.8,199607,1996,5,7,18,-0.1723066812488061,-0.4612092708551945
20--80,0.2,0.8,199607,1996,6,7,18,-0.19517490198707665,-0.5439305555945699
20--80,0.2,0.8,199608,1996,1,7,18,-0.08030001489713212,-0.09666597897906071
20--80,0.2,0.8,199608,1996,2,7,18,-0.05695755405410474,-0.08540936581012426
20--80,0.2,0.8,199608,1996,3,7,18,-0.05604596332988665,-0.11039601465996451
20--80,0.2,0.8,199608,1996,4,7,18,-0.14105468198776716,-0.3566225101435503
20--80,0.2,0.8,199608,1996,5,7,18,-0.18933691242293382,-0.5355474081469191
20--80,0.2,0.8,199608,1996,6,7,18,-0.20796718968700656,-0.6119888647185716
20--80,0.2,0.8,199706,1997,1,6,18,-0.1859086986105919,-0.21820099563291473
20--80,0.2,0.8,199706,1997,2,6,18,-0.2547028829226823,-0.39354294570649273
20--80,0.2,0.8,199706,1997,3,6,18,-0.2933026262038192,-0.6250383492527929
20--80,0.2,0.8,199706,1997,4,6,18,-0.3002872394089924,-0.835538327382455
20--80,0.2,0.8,199706,1997,5,6,18,-0.30471916649230857,-0.9601273691376404
20--80,0.2,0.8,199706,1997,6,6,18,-0.30593041431677603,-1.0086171191911175
20--80,0.2,0.8,199707,1997,1,7,18,0.05950524763215714,0.06366339414273581
20--80,0.2,0.8,199707,1997,2,7,18,0.026808134961124885,0.0365460994642226
20--80,0.2,0.8,199707,1997,3,7,18,-0.030948828670475548,-0.05691765831142659
20--80,0.2,0.8,199707,1997,4,7,18,-0.08662506717940832,-0.19901618258129883
20--80,0.2,0.8,199707,1997,5,7,18,-0.11679185001322923,-0.29326773471954937
20--80,0.2,0.8,199707,1997,6,7,18,-0.1299103204305766,-0.3358722659900897
20--80,0.2,0.8,199708,1997,1,7,18,-0.18929639298648426,-0.24604042650454527
20--80,0.2,0.8,199708,1997,2,7,18,-0.19738175076005826,-0.3232214714144246
20--80,0.2,0.8,199708,1997,3,7,18,-0.2185746895109667,-0.47700996174115184
20--80,0.2,0.8,199708,1997,4,7,18,-0.25224656884853647,-0.6940076499811081
20--80,0.2,0.8,199708,1997,5,7,18,-0.2644592089305381,-0.799251487254141
20--80,0.2,0.8,199708,1997,6,7,18,-0.2681189047219815,-0.8355579010243437
20--80,0.2,0.8,199806,1998,1,6,18,-0.1488244767261906,-0.17735286379099158
20--80,0.2,0.8,199806,1998,2,6,18,-0.17301594684230548,-0.266957955895577
20--80,0.2,0.8,199806,1998,3,6,18,-0.19490339984461302,-0.4108731547712341
20--80,0.2,0.8,199806,1998,4,6,18,-0.23555583537365388,-0.6575460610573822
20--80,0.2,0.8,199806,1998,5,6,18,-0.266521647254239,-0.8535008296919484
20--80,0.2,0.8,199806,1998,6,6,18,-0.2803355718143833,-0.9449750012873483
20--80,0.2,0.8,199807,1998,1,7,18,0.07565801721012533,0.08400050396370462
20--80,0.2,0.8,199807,1998,2,7,18,0.12833156797267042,0.177702688737023
20--80,0.2,0.8,199807,1998,3,7,18,0.1771160513744532,0.3216610101150654
20--80,0.2,0.8,199807,1998,4,7,18,0.14539065845392574,0.328065870551141
20--80,0.2,0.8,199807,1998,5,7,18,0.12462311012364324,0.30712457587152286
20--80,0.2,0.8,199807,1998,6,7,18,0.11752172578860987,0.29801022694202217
20--80,0.2,0.8,199808,1998,1,7,18,0.11928974690998428,0.13334415245688813
20--80,0.2,0.8,199808,1998,2,7,18,0.1067821454974045,0.15414261094582438
20--80,0.2,0.8,199808,1998,3,7,18,0.08973135230245743,0.1781637892961916
20--80,0.2,0.8,199808,1998,4,7,18,0.05847219254468916,0.14818803208661446
20--80,0.2,0.8,199808,1998,5,7,18,0.036113055968407526,0.101123437503845
20--80,0.2,0.8,199808,1998,6,7,18,0.02511392189680306,0.07274558051478408
20--80,0.2,0.8,199906,1999,1,6,18,-0.15885942522916152,-0.19080972934673657
20--80,0.2,0.8,199906,1999,2,6,18,-0.19371203519553692,-0.30586182905429116
20--80,0.2,0.8,199906,1999,3,6,18,-0.2255624438307534,-0.4944927634029832
20--80,0.2,0.8,199906,1999,4,6,18,-0.25176912649754846,-0.7327715855605392
20--80,0.2,0.8,199906,1999,5,6,18,-0.2683264914716995,-0.8909947606038298
20--80,0.2,0.8,199906,1999,6,6,18,-0.274989077539336,-0.9578899302778154
20--80,0.2,0.8,199907,1999,1,7,18,0.030478056102868578,0.0318234177269594
20--80,0.2,0.8,199907,1999,2,7,18,0.012658916625538419,0.01643478767430695
20--80,0.2,0.8,199907,1999,3,7,18,0.005451448368569256,0.00905735865037327
20--80,0.2,0.8,199907,1999,4,7,18,-0.03502182511971108,-0.07236271584329224
20--80,0.2,0.8,199907,1999,5,7,18,-0.06740499405719358,-0.15451592235002742
20--80,0.2,0.8,199907,1999,6,7,18,-0.08176795669147496,-0.19455693358727455
20--80,0.2,0.8,199908,1999,1,7,18,-0.11653643852643447,-0.1357287367518123
20--80,0.2,0.8,199908,1999,2,7,18,-0.15496706526258686,-0.2314115069170155
20--80,0.2,0.8,199908,1999,3,7,18,-0.18981582222703486,-0.3837165638225688
20--80,0.2,0.8,199908,1999,4,7,18,-0.2408839607947837,-0.6342074799832051
20--80,0.2,0.8,199908,1999,5,7,18,-0.27219859908238253,-0.8082784906555478
20--80,0.2,0.8,199908,1999,6,7,18,-0.2857527599982711,-0.8859258169411452
20--80,0.2,0.8,200006,2000,1,6,18,0.002809083161689596,0.003074330345231413
20--80,0.2,0.8,200006,2000,2,6,18,-0.022448749748403385,-0.03191119097122064
20--80,0.2,0.8,200006,2000,3,6,18,-0.04038132313274112,-0.07955811114881861
20--80,0.2,0.8,200006,2000,4,6,18,-0.08114777516070804,-0.21294155723560948
20--80,0.2,0.8,200006,2000,5,6,18,-0.11230905353212117,-0.3359458558009516
20--80,0.2,0.8,200006,2000,6,6,18,-0.1263664261977504,-0.3963564161869906
20--80,0.2,0.8,200007,2000,1,7,18,-0.13052763331487016,-0.15810759638035066
20--80,0.2,0.8,200007,2000,2,7,18,-0.19415960494393225,-0.305605125056327
20--80,0.2,0.8,200007,2000,3,7,18,-0.29137371544428003,-0.6292473608273119
20--80,0.2,0.8,200007,2000,4,7,18,-0.364718244019537,-0.9923078115338644
20--80,0.2,0.8,200007,2000,5,7,18,-0.39476094172167986,-1.179615136059465
20--80,0.2,0.8,200007,2000,6,7,18,-0.40586223404669075,-1.2514055136886881
20--80,0.2,0.8,200008,2000,1,7,18,-0.14612693577014402,-0.17835234530842436
20--80,0.2,0.8,200008,2000,2,7,18,-0.1312854160290261,-0.20193312569825572
20--80,0.2,0.8,200008,2000,3,7,18,-0.12339342643184059,-0.2540329216816586
20--80,0.2,0.8,200008,2000,4,7,18,-0.17136280643374635,-0.4515622233468921
20--80,0.2,0.8,200008,2000,5,7,18,-0.20403231056443993,-0.5980263819181966
20--80,0.2,0.8,200008,2000,6,7,18,-0.21811230206279741,-0.6631277399025679
20--80,0.2,0.8,200106,2001,1,6,18,0.026909901645948198,0.03068466873668596
20--80,0.2,0.8,200106,2001,2,6,18,0.04659932087290519,0.06835891577279085
20--80,0.2,0.8,200106,2001,3,6,18,0.055307751631956226,0.1107521007238903
20--80,0.2,0.8,200106,2001,4,6,18,-0.009057012321314728,-0.023870276145090408
20--80,0.2,0.8,200106,2001,5,6,18,-0.05997408414693661,-0.17960386517146
20--80,0.2,0.8,200106,2001,6,6,18,-0.08253863750651447,-0.2588878687354992
20--80,0.2,0.8,200107,2001,1,7,18,0.005098314771972312,0.0060481472493880695
20--80,0.2,0.8,200107,2001,2,7,18,-0.008921703845651718,-0.013645987679296478
20--80,0.2,0.8,200107,2001,3,7,18,-0.009664176375810518,-0.020055701798155745
20--80,0.2,0.8,200107,2001,4,7,18,-0.031172972790726616,-0.0818766138357585
20--80,0.2,0.8,200107,2001,5,7,18,-0.04514627968729301,-0.130405663666604
20--80,0.2,0.8,200107,2001,6,7,18,-0.0507123472207901,-0.15112895830121964
20--80,0.2,0.8,200108,2001,1,7,18,-0.1352834486856972,-0.17376858680517326
20--80,0.2,0.8,200108,2001,2,7,18,-0.13648718717801478,-0.22077249878869676
20--80,0.2,0.8,200108,2001,3,7,18,-0.1657718627473429,-0.3587933503080456
20--80,0.2,0.8,200108,2001,4,7,18,-0.2319212048198015,-0.6476470164926615
20--80,0.2,0.8,200108,2001,5,7,18,-0.2748997052513893,-0.8654369038662528
20--80,0.2,0.8,200108,2001,6,7,18,-0.29333103888458845,-0.96459377515834
20--80,0.2,0.8,200206,2002,1,6,18,-0.02818011037282886,-0.03128723454699589
20--80,0.2,0.8,200206,2002,2,6,18,-0.06663587193956688,-0.095722290717414
20--80,0.2,0.8,200206,2002,3,6,18,-0.09868102940411771,-0.19461782491395985
20--80,0.2,0.8,200206,2002,4,6,18,-0.08763260300210263,-0.22454230374606787
20--80,0.2,0.8,200206,2002,5,6,18,-0.07997617966989357,-0.2313007265472935
20--80,0.2,0.8,200206,2002,6,6,18,-0.07718134509968455,-0.23341109424678663
20--80,0.2,0.8,200207,2002,1,7,18,0.29079759081403034,0.3087245556817222
20--80,0.2,0.8,200207,2002,2,7,18,0.3347604895436367,0.4384612327611701
20--80,0.2,0.8,200207,2002,3,7,18,0.41882650302103985,0.7006692056193464
20--80,0.2,0.8,200207,2002,4,7,18,0.45035628769970226,0.9211552605758442
20--80,0.2,0.8,200207,2002,5,7,18,0.43699949449589637,0.9782757649062432
20--80,0.2,0.8,200207,2002,6,7,18,0.42674029514841316,0.9860511787812509
20--80,0.2,0.8,200208,2002,1,7,18,-0.0910046335148198,-0.11379412186774251
20--80,0.2,0.8,200208,2002,2,7,18,-0.11429443919406612,-0.18356930210119948
20--80,0.2,0.8,200208,2002,3,7,18,-0.14306779695003458,-0.30893617673996987
20--80,0.2,0.8,200208,2002,4,7,18,-0.20500474635910504,-0.5663633348618058
20--80,0.2,0.8,200208,2002,5,7,18,-0.24196693261117597,-0.7462912242587487
20--80,0.2,0.8,200208,2002,6,7,18,-0.2566076249588679,-0.8224898631826623
20--80,0.2,0.8,200306,2003,1,6,18,-0.10731888941982048,-0.12765838567038879
20--80,0.2,0.8,200306,2003,2,6,18,-0.1255169935832694,-0.19336399453218966
20--80,0.2,0.8,200306,2003,3,6,18,-0.1255637580387906,-0.26152138833315997
20--80,0.2,0.8,200306,2003,4,6,18,-0.1318533696347709,-0.3541528784462731
20--80,0.2,0.8,200306,2003,5,6,18,-0.14172763832299795,-0.4287552735873357
20--80,0.2,0.8,200306,2003,6,6,18,-0.14688926123226764,-0.4641825301728595
20--80,0.2,0.8,200307,2003,1,7,18,-0.04413293430325915,-0.05132069681960649
20--80,0.2,0.8,200307,2003,2,7,18,-0.050359479988738465,-0.07541574389753425
20--80,0.2,0.8,200307,2003,3,7,18,-0.08189539860271888,-0.16711267377511385
20--80,0.2,0.8,200307,2003,4,7,18,-0.19047461291098577,-0.5051639228103744
20--80,0.2,0.8,200307,2003,5,7,18,-0.2495433663794221,-0.7397672330381262
20--80,0.2,0.8,200307,2003,6,7,18,-0.27275421470769345,-0.8401619778381626
20--80,0.2,0.8,200308,2003,1,7,18,0.03657845625620726,0.04152716551696045
20--80,0.2,0.8,200308,2003,2,7,18,0.01358231791006248,0.02002274610016075
20--80,0.2,0.8,200308,2003,3,7,18,-0.03396522357874188,-0.06932405442627099
20--80,0.2,0.8,200308,2003,4,7,18,-0.10891096614808748,-0.2903441610674946
20--80,0.2,0.8,200308,2003,5,7,18,-0.14124963910807187,-0.42143885128517944
20--80,0.2,0.8,200308,2003,6,7,18,-0.15259501381790253,-0.47333367664002246
20--80,0.2,0.8,200406,2004,1,6,18,-0.007537428105606203,-0.008987125106744376
20--80,0.2,0.8,200406,2004,2,6,18,0.005041094868552198,0.007726540346280952
20--80,0.2,0.8,200406,2004,3,6,18,0.028419417455630702,0.05831754516077048
20--80,0.2,0.8,200406,2004,4,6,18,0.009474408407469603,0.024929628371971546
20--80,0.2,0.8,200406,2004,5,6,18,-0.01281984591080354,-0.03787645343522783
20--80,0.2,0.8,200406,2004,6,6,18,-0.02313864689494982,-0.07128902409384352
20--80,0.2,0.8,200407,2004,1,7,18,-0.03605512537552613,-0.04333977956061075
20--80,0.2,0.8,200407,2004,2,7,18,-0.0896048570357787,-0.14069547393315185
20--80,0.2,0.8,200407,2004,3,7,18,-0.15601421947969063,-0.33628704939107923
20--80,0.2,0.8,200407,2004,4,7,18,-0.22899180244788375,-0.6262359675741394
20--80,0.2,0.8,200407,2004,5,7,18,-0.2698341250425417,-0.8158585556690374
20--80,0.2,0.8,200407,2004,6,7,18,-0.28686065289713236,-0.8978513693739272
20--80,0.2,0.8,200408,2004,1,7,18,0.0067254301194688,0.00755542149947841
20--80,0.2,0.8,200408,2004,2,7,18,-0.007211816760674172,-0.010311458589543854
20--80,0.2,0.8,200408,2004,3,7,18,-0.07107928379094663,-0.13846409468334286
20--80,0.2,0.8,200408,2004,4,7,18,-0.20703008340010098,-0.5415876667514743
20--80,0.2,0.8,200408,2004,5,7,18,-0.27917713539911704,-0.8393920141564566
20--80,0.2,0.8,200408,2004,6,7,18,-0.30763680806604377,-0.9736748476442108
20--80,0.2,0.8,200506,2005,1,6,18,-0.05568110450201735,-0.06768581862190892
20--80,0.2,0.8,200506,2005,2,6,18,-0.038828531997364135,-0.06149613577634527
20--80,0.2,0.8,200506,2005,3,6,18,-0.023745880944328057,-0.05203683045959906
20--80,0.2,0.8,200506,2005,4,6,18,-0.06558620545605243,-0.18908794891988734
20--80,0.2,0.8,200506,2005,5,6,18,-0.10176915274907172,-0.33269185269569856
20--80,0.2,0.8,200506,2005,6,6,18,-0.1182411554816557,-0.404516547285807
20--80,0.2,0.8,200507,2005,1,7,18,-0.038178336029557114,-0.04395522627574655
20--80,0.2,0.8,200507,2005,2,7,18,-0.11249698326759983,-0.16970238264158244
20--80,0.2,0.8,200507,2005,3,7,18,-0.19662229142395893,-0.40914799097896326
20--80,0.2,0.8,200507,2005,4,7,18,-0.26111957340899317,-0.6876561990489343
20--80,0.2,0.8,200507,2005,5,7,18,-0.28970866518634786,-0.8384528376114595
20--80,0.2,0.8,200507,2005,6,7,18,-0.3004902995878673,-0.897110611190258
20--80,0.2,0.8,200508,2005,1,7,18,-0.036374195589572667,-0.04194127575879225
20--80,0.2,0.8,200508,2005,2,7,18,-0.04337990603391062,-0.06346272324200486
20--80,0.2,0.8,200508,2005,3,7,18,-0.08135463639629081,-0.15991586659094947
20--80,0.2,0.8,200508,2005,4,7,18,-0.17877982576185536,-0.45317569899026644
20--80,0.2,0.8,200508,2005,5,7,18,-0.2356622448662502,-0.6694996986766508
20--80,0.2,0.8,200508,2005,6,7,18,-0.25885813178912176,-0.7656236949737103
20--80,0.2,0.8,200606,2006,1,6,18,-0.0952639004226018,-0.1129915213551298
20--80,0.2,0.8,200606,2006,2,6,18,-0.059202638154553844,-0.09039527600096786
20--80,0.2,0.8,200606,2006,3,6,18,-0.026042485445076924,-0.05472248678803471
20--80,0.2,0.8,200606,2006,4,6,18,-0.07816201595200278,-0.21927979714843904
20--80,0.2,0.8,200606,2006,5,6,18,-0.12066202094975953,-0.3875334234403329
20--80,0.2,0.8,200606,2006,6,6,18,-0.13901271261815162,-0.469088977048707
20--80,0.2,0.8,200607,2006,1,7,18,0.12876517830175827,0.13939853761056265
20--80,0.2,0.8,200607,2006,2,7,18,0.09473733670762319,0.1315160234834889
20--80,0.2,0.8,200607,2006,3,7,18,0.013978705894365673,0.02640124116830611
20--80,0.2,0.8,200607,2006,4,7,18,-0.03059979070925578,-0.07246812656889645
20--80,0.2,0.8,200607,2006,5,7,18,-0.03805104444661067,-0.0986173847070555
20--80,0.2,0.8,200607,2006,6,7,18,-0.03796799407954965,-0.10133700834897397
20--80,0.2,0.8,200608,2006,1,7,18,-0.12868185020808964,-0.15127554421885847
20--80,0.2,0.8,200608,2006,2,7,18,-0.17325798332196563,-0.2602957045031782
20--80,0.2,0.8,200608,2006,3,7,18,-0.23536797664996678,-0.4783711786098319
20--80,0.2,0.8,200608,2006,4,7,18,-0.2861561788379766,-0.7337096780045953
20--80,0.2,0.8,200608,2006,5,7,18,-0.30352152845352964,-0.8533718502880419
20--80,0.2,0.8,200608,2006,6,7,18,-0.3093540690075073,-0.8963749023283407
20--80,0.2,0.8,200706,2007,1,6,18,0.18643270356482766,0.20493272820178987
20--80,0.2,0.8,200706,2007,2,6,18,0.18737506955527827,0.261798338508747
20--80,0.2,0.8,200706,2007,3,6,18,0.15215463229536752,0.29145892931362605
20--80,0.2,0.8,200706,2007,4,6,18,0.05105938727848969,0.13142863080814404
20--80,0.2,0.8,200706,2007,5,6,18,-0.01361941991639104,-0.040332709255161525
20--80,0.2,0.8,200706,2007,6,6,18,-0.0411028425256722,-0.12822458803965198
20--80,0.2,0.8,200707,2007,1,7,18,-0.08702734075856566,-0.10464785652121611
20--80,0.2,0.8,200707,2007,2,7,18,-0.08655695029267774,-0.13188824834805546
20--80,0.2,0.8,200707,2007,3,7,18,-0.09915552155490126,-0.20152451071447208
20--80,0.2,0.8,200707,2007,4,7,18,-0.1610961235359707,-0.4164584923220138
20--80,0.2,0.8,200707,2007,5,7,18,-0.19602216243997217,-0.5618460756551089
20--80,0.2,0.8,200707,2007,6,7,18,-0.21008859761331178,-0.6240083822987774
20--80,0.2,0.8,200708,2007,1,7,18,0.008970755596485747,0.010544111239694676
20--80,0.2,0.8,200708,2007,2,7,18,-0.03718576319404654,-0.057343295795963645
20--80,0.2,0.8,200708,2007,3,7,18,-0.10604534291707934,-0.22723198100978914
20--80,0.2,0.8,200708,2007,4,7,18,-0.18379261062340646,-0.5071802673485415
20--80,0.2,0.8,200708,2007,5,7,18,-0.22367710791740203,-0.6872788988773779
20--80,0.2,0.8,200708,2007,6,7,18,-0.23978514597050693,-0.7650225504080277
20--80,0.2,0.8,200806,2008,1,6,18,-0.01825801173037478,-0.020506422904305044
20--80,0.2,0.8,200806,2008,2,6,18,-0.020913498391059826,-0.03016196185214426
20--80,0.2,0.8,200806,2008,3,6,18,0.02886478345718846,0.055252091009264426
20--80,0.2,0.8,200806,2008,4,6,18,0.03168006922547972,0.07784323089274281
20--80,0.2,0.8,200806,2008,5,6,18,0.007473650526269804,0.020742644031389368
20--80,0.2,0.8,200806,2008,6,6,18,-0.006026722077654423,-0.0175023403136656
20--80,0.2,0.8,200807,2008,1,7,18,0.0029310608790347192,0.003425383779979807
20--80,0.2,0.8,200807,2008,2,7,18,0.032084307220031416,0.04688161581020278
20--80,0.2,0.8,200807,2008,3,7,18,0.005431268716220572,0.010672977208326273
20--80,0.2,0.8,200807,2008,4,7,18,-0.05318112676565079,-0.1326660604601857
20--80,0.2,0.8,200807,2008,5,7,18,-0.07446534641029201,-0.20393716239780169
20--80,0.2,0.8,200807,2008,6,7,18,-0.08139033694981956,-0.2296700000549432
20--80,0.2,0.8,200808,2008,1,7,18,-0.0377224118813414,-0.04616020280367161
20--80,0.2,0.8,200808,2008,2,7,18,-0.09611250238838276,-0.15224844239690016
20--80,0.2,0.8,200808,2008,3,7,18,-0.16844405961517017,-0.3669012347454892
20--80,0.2,0.8,200808,2008,4,7,18,-0.22684293407551337,-0.6301288766169453
20--80,0.2,0.8,200808,2008,5,7,18,-0.2533909843228527,-0.7771482665450256
20--80,0.2,0.8,200808,2008,6,7,18,-0.26380122169263853,-0.8363629293680237
20--80,0.2,0.8,200906,2009,1,6,18,-0.1681369616998749,-0.22525364300926398
20--80,0.2,0.8,200906,2009,2,6,18,-0.2211701101736827,-0.4019433856126491
20--80,0.2,0.8,200906,2009,3,6,18,-0.2756894051632981,-0.731999318216987
20--80,0.2,0.8,200906,2009,4,6,18,-0.31147317303561606,-1.1138035737225582
20--80,0.2,0.8,200906,2009,5,6,18,-0.32504744102995375,-1.3168477665766884
20--80,0.2,0.8,200906,2009,6,6,18,-0.3299306155480112,-1.3960138493498926
20--80,0.2,0.8,200907,2009,1,7,18,-0.025320308178655382,-0.029950013207256987
20--80,0.2,0.8,200907,2009,2,7,18,-0.02950903326507104,-0.04466427239535742
20--80,0.2,0.8,200907,2009,3,7,18,-0.0751688856522541,-0.1555242932955445
20--80,0.2,0.8,200907,2009,4,7,18,-0.15138717153367676,-0.40660446491792523
20--80,0.2,0.8,200907,2009,5,7,18,-0.1887285294060831,-0.5673934017832698
20--80,0.2,0.8,200907,2009,6,7,18,-0.20271749697133457,-0.6337817475684142
20--80,0.2,0.8,200908,2009,1,7,18,-0.15939531492903103,-0.20771635853631398
20--80,0.2,0.8,200908,2009,2,7,18,-0.18565098775748923,-0.3115618264387625
20--80,0.2,0.8,200908,2009,3,7,18,-0.2158976391797015,-0.4950909326074875
20--80,0.2,0.8,200908,2009,4,7,18,-0.23658007240214884,-0.6992607805793734
20--80,0.2,0.8,200908,2009,5,7,18,-0.24639626418999006,-0.8104602037890727
20--80,0.2,0.8,200908,2009,6,7,18,-0.25055561428799256,-0.8549208898775618
20--80,0.2,0.8,201006,2010,1,6,18,0.01767651347027388,0.01971930620983864
20--80,0.2,0.8,201006,2010,2,6,18,0.03919452965436476,0.05550905986104793
20--80,0.2,0.8,201006,2010,3,6,18,0.09750992684196924,0.18062270936508673
20--80,0.2,0.8,201006,2010,4,6,18,0.09492937039515192,0.2247832541950192
20--80,0.2,0.8,201006,2010,5,6,18,0.05440837211358018,0.14667423425430393
20--80,0.2,0.8,201006,2010,6,6,18,0.032242458740713964,0.09141714391464717
20--80,0.2,0.8,201007,2010,1,7,18,-0.0338386641073769,-0.03893993393126083
20--80,0.2,0.8,201007,2010,2,7,18,-0.081283769952741,-0.11992246498821046
20--80,0.2,0.8,201007,2010,3,7,18,-0.19281081047035453,-0.39225466494781935
20--80,0.2,0.8,201007,2010,4,7,18,-0.31746987409129357,-0.846765179505236
20--80,0.2,0.8,201007,2010,5,7,18,-0.36904484265709114,-1.1024662141857862
20--80,0.2,0.8,201007,2010,6,7,18,-0.3875069936859371,-1.2030433923178583
20--80,0.2,0.8,201008,2010,1,7,18,-0.08349030558491077,-0.10840619199709689
20--80,0.2,0.8,201008,2010,2,7,18,-0.12079731119372417,-0.20785409803108168
20--80,0.2,0.8,201008,2010,3,7,18,-0.1810746151619148,-0.4408484781649866
20--80,0.2,0.8,201008,2010,4,7,18,-0.24033643220038958,-0.7612317232016741
20--80,0.2,0.8,201008,2010,5,7,18,-0.2658557354619211,-0.9393353729718958
20--80,0.2,0.8,201008,2010,6,7,18,-0.27501291038510456,-1.0087437266818595
20--80,0.2,0.8,201106,2011,1,6,18,-0.10114821377031269,-0.11682971674061804
20--80,0.2,0.8,201106,2011,2,6,18,-0.1202178057468496,-0.17971682575461312
20--80,0.2,0.8,201106,2011,3,6,18,-0.14446636907938748,-0.29823759570510955
20--80,0.2,0.8,201106,2011,4,6,18,-0.21925400393023342,-0.6110958562443543
20--80,0.2,0.8,201106,2011,5,6,18,-0.26918945889629875,-0.8635403174982477
20--80,0.2,0.8,201106,2011,6,6,18,-0.29063060472126234,-0.981743607193649
20--80,0.2,0.8,201107,2011,1,7,18,-0.017165273625851962,-0.02020079322539159
20--80,0.2,0.8,201107,2011,2,7,18,-0.03740758241768116,-0.056674479756643414
20--80,0.2,0.8,201107,2011,3,7,18,-0.0599336328721064,-0.12376546995571891
20--80,0.2,0.8,201107,2011,4,7,18,-0.11837373120473016,-0.31425645452383844
20--80,0.2,0.8,201107,2011,5,7,18,-0.15584208960910018,-0.4600174731972402
20--80,0.2,0.8,201107,2011,6,7,18,-0.17194130415824915,-0.5262236826106692
20--80,0.2,0.8,201108,2011,1,7,18,0.011496239782144979,0.01311738270611773
20--80,0.2,0.8,201108,2011,2,7,18,0.008460072792473294,0.01232393461253789
20--80,0.2,0.8,201108,2011,3,7,18,-0.02273290162173791,-0.0447567280434078
20--80,0.2,0.8,201108,2011,4,7,18,-0.10702673312543687,-0.2710767102026441
20--80,0.2,0.8,201108,2011,5,7,18,-0.14871585624279715,-0.4181795270229882
20--80,0.2,0.8,201108,2011,6,7,18,-0.1642808939435928,-0.4783454134010965
20--80,0.2,0.8,201206,2012,1,6,18,-0.14186155452677474,-0.1651413313999872
20--80,0.2,0.8,201206,2012,2,6,18,-0.21937384320336173,-0.3400333299372793
20--80,0.2,0.8,201206,2012,3,6,18,-0.27680742078275544,-0.6095039005070335
20--80,0.2,0.8,201206,2012,4,6,18,-0.3078468445455764,-0.9108250970494236
20--80,0.2,0.8,201206,2012,5,6,18,-0.32598441778525544,-1.1006547215641715
20--80,0.2,0.8,201206,2012,6,6,18,-0.33337332035815725,-1.1798436507341084
20--80,0.2,0.8,201207,2012,1,7,18,-0.1128327395781239,-0.13136047848404298
20--80,0.2,0.8,201207,2012,2,7,18,-0.17616318213742432,-0.26986627425906873
20--80,0.2,0.8,201207,2012,3,7,18,-0.264327035810319,-0.5645751816062412
20--80,0.2,0.8,201207,2012,4,7,18,-0.31429426747707534,-0.8439604279164694
20--80,0.2,0.8,201207,2012,5,7,18,-0.33183065517291155,-0.9730724641824473
20--80,0.2,0.8,201207,2012,6,7,18,-0.3383563451430519,-1.02118408134152
20--80,0.2,0.8,201208,2012,1,7,18,-0.1777599163013891,-0.21758431690562174
20--80,0.2,0.8,201208,2012,2,7,18,-0.23440270127910334,-0.3681459547801653
20--80,0.2,0.8,201208,2012,3,7,18,-0.3256589202174497,-0.7030927749788334
20--80,0.2,0.8,201208,2012,4,7,18,-0.3932094628224272,-1.1035212302190405
20--80,0.2,0.8,201208,2012,5,7,18,-0.4137906501154526,-1.2956293419606686
20--80,0.2,0.8,201208,2012,6,7,18,-0.41979544132265556,-1.364313630890699
20--80,0.2,0.8,201306,2013,1,6,18,0.0019484453938209967,0.0021435906822504514
20--80,0.2,0.8,201306,2013,2,6,18,0.02123620477210819,0.029335095352317264
20--80,0.2,0.8,201306,2013,3,6,18,0.07459249119772471,0.13569738407205056
20--80,0.2,0.8,201306,2013,4,6,18,0.06340762790821364,0.14951053239782652
20--80,0.2,0.8,201306,2013,5,6,18,0.03577247690486063,0.095523994753548
20--80,0.2,0.8,201306,2013,6,6,18,0.02252425267919933,0.06294289061013547
20--80,0.2,0.8,201307,2013,1,7,18,-0.059098285307488174,-0.06899939924621057
20--80,0.2,0.8,201307,2013,2,7,18,-0.056819102538178345,-0.08440208233492408
20--80,0.2,0.8,201307,2013,3,7,18,-0.07807455978658828,-0.1549839243107658
20--80,0.2,0.8,201307,2013,4,7,18,-0.11125124711106715,-0.27144457811870115
20--80,0.2,0.8,201307,2013,5,7,18,-0.12399133355006642,-0.32753198560883323
20--80,0.2,0.8,201307,2013,6,7,18,-0.12827525639677906,-0.3475578451935952
20--80,0.2,0.8,201308,2013,1,7,18,-0.04101478833330874,-0.04908803427195618
20--80,0.2,0.8,201308,2013,2,7,18,-0.09461785328676275,-0.14673422378968493
20--80,0.2,0.8,201308,2013,3,7,18,-0.17779442410329904,-0.37712652649398226
20--80,0.2,0.8,201308,2013,4,7,18,-0.2665865123680703,-0.7167999747837843
20--80,0.2,0.8,201308,2013,5,7,18,-0.30694609461675093,-0.9120796805153981
20--80,0.2,0.8,201308,2013,6,7,18,-0.32242184599503376,-0.9917110951531241
20--80,0.2,0.8,201406,2014,1,6,18,-0.11502702482481497,-0.1353010161706667
20--80,0.2,0.8,201406,2014,2,6,18,-0.1353950097288945,-0.20781690797293217
20--80,0.2,0.8,201406,2014,3,6,18,-0.14210721251975666,-0.2985465911185239
20--80,0.2,0.8,201406,2014,4,6,18,-0.1282091985092939,-0.3512664887373802
20--80,0.2,0.8,201406,2014,5,6,18,-0.12315391739576409,-0.3824335795669507
20--80,0.2,0.8,201406,2014,6,6,18,-0.12221135043099085,-0.3973127596894548
20--80,0.2,0.8,201407,2014,1,7,18,-0.0678632102191341,-0.0770496697006644
20--80,0.2,0.8,201407,2014,2,7,18,-0.11069816447666025,-0.16285139256566428
20--80,0.2,0.8,201407,2014,3,7,18,-0.15046446119048107,-0.3030693899170882
20--80,0.2,0.8,201407,2014,4,7,18,-0.221113211010031,-0.5851891836776115
20--80,0.2,0.8,201407,2014,5,7,18,-0.2639888177797344,-0.7893883308188654
20--80,0.2,0.8,201407,2014,6,7,18,-0.28156080397749206,-0.8789314714374576
20--80,0.2,0.8,201408,2014,1,7,18,0.006251988230141947,0.007129786136982563
20--80,0.2,0.8,201408,2014,2,7,18,0.03316418277903366,0.04750064683977362
20--80,0.2,0.8,201408,2014,3,7,18,0.0808776744694446,0.15334136642102258
20--80,0.2,0.8,201408,2014,4,7,18,0.07398350997146919,0.1826082730264087
20--80,0.2,0.8,201408,2014,5,7,18,0.053936103145453274,0.1505309444139682
20--80,0.2,0.8,201408,2014,6,7,18,0.045200834764916875,0.13175258946089574
20--80,0.2,0.8,201606,2016,1,6,18,-0.01359254167697399,-0.016007033447708263
20--80,0.2,0.8,201606,2016,2,6,18,-0.002821740725044375,-0.004326247602350453
20--80,0.2,0.8,201606,2016,3,6,18,0.012180132126438536,0.025820225423516696
20--80,0.2,0.8,201606,2016,4,6,18,-0.04691684608709357,-0.13413294413008714
20--80,0.2,0.8,201606,2016,5,6,18,-0.09249742660162286,-0.3047682369448985
20--80,0.2,0.8,201606,2016,6,6,18,-0.11223487778067087,-0.3896809368219971
20--80,0.2,0.8,201607,2016,1,7,18,-0.07148892468412116,-0.08389950670787671
20--80,0.2,0.8,201607,2016,2,7,18,-0.1091923430305054,-0.16587671394238734
20--80,0.2,0.8,201607,2016,3,7,18,-0.18533017968290788,-0.38934068469963234
20--80,0.2,0.8,201607,2016,4,7,18,-0.24433806645191603,-0.6532044142230653
20--80,0.2,0.8,201607,2016,5,7,18,-0.26422012731915856,-0.7754702908805742
20--80,0.2,0.8,201607,2016,6,7,18,-0.27094456797249267,-0.8196546223595922
20--80,0.2,0.8,201608,2016,1,7,18,0.14114745700697973,0.1499993201519665
20--80,0.2,0.8,201608,2016,2,7,18,0.14013897551112842,0.18751431740390512
20--80,0.2,0.8,201608,2016,3,7,18,0.1024761545955919,0.18123343208257126
20--80,0.2,0.8,201608,2016,4,7,18,0.049130930573054066,0.10855575849205312
20--80,0.2,0.8,201608,2016,5,7,18,0.022383237115551236,0.054498771453899586
20--80,0.2,0.8,201608,2016,6,7,18,0.011424079990548286,0.028777764852131682
20--80,0.2,0.8,201706,2017,1,6,18,-0.09023499603340912,-0.10428262882610895
20--80,0.2,0.8,201706,2017,2,6,18,-0.10735833296928643,-0.16297856231016405
20--80,0.2,0.8,201706,2017,3,6,18,-0.13313813105313055,-0.2802590494888184
20--80,0.2,0.8,201706,2017,4,6,18,-0.18620121978831095,-0.5254423669019337
20--80,0.2,0.8,201706,2017,5,6,18,-0.22223823502185458,-0.7244151521042621
20--80,0.2,0.8,201706,2017,6,6,18,-0.2383504018993141,-0.8207422971827549
20--80,0.2,0.8,201707,2017,1,7,18,-0.06921343637835198,-0.08103768965319036
20--80,0.2,0.8,201707,2017,2,7,18,-0.07286492184739835,-0.10906477602920805
20--80,0.2,0.8,201707,2017,3,7,18,-0.11668281122455981,-0.23710755753196588
20--80,0.2,0.8,201707,2017,4,7,18,-0.19153829619313245,-0.49003128489765047
20--80,0.2,0.8,201707,2017,5,7,18,-0.22714527830854891,-0.6363322985764714
20--80,0.2,0.8,201707,2017,6,7,18,-0.24043152315434468,-0.6936519077992322
20--80,0.2,0.8,201708,2017,1,7,18,-0.004195800242510539,-0.004912501458527618
20--80,0.2,0.8,201708,2017,2,7,18,-0.01854714062067664,-0.02810607698383283
20--80,0.2,0.8,201708,2017,3,7,18,-0.03604489779879372,-0.07527893617129777
20--80,0.2,0.8,201708,2017,4,7,18,-0.06900680622551225,-0.18500288452474845
20--80,0.2,0.8,201708,2017,5,7,18,-0.09046172852676393,-0.2691000540441193
20--80,0.2,0.8,201708,2017,6,7,18,-0.10019722884577686,-0.3088031091490411
20--80,0.2,0.8,201806,2018,1,6,18,-0.056218546898114785,-0.06566437077950438
20--80,0.2,0.8,201806,2018,2,6,18,-0.060572093383947645,-0.09131333047892154
20--80,0.2,0.8,201806,2018,3,6,18,-0.05416191573397888,-0.11115931277403313
20--80,0.2,0.8,201806,2018,4,6,18,-0.10607104825151237,-0.28758544633552496
20--80,0.2,0.8,201806,2018,5,6,18,-0.1490535866453384,-0.461846213966024
20--80,0.2,0.8,201806,2018,6,6,18,-0.16827026699260028,-0.5479332733873514
20--80,0.2,0.8,201807,2018,1,7,18,-0.0856477251587362,-0.0943529523723785
20--80,0.2,0.8,201807,2018,2,7,18,-0.15081955751373533,-0.21045187195880954
20--80,0.2,0.8,201807,2018,3,7,18,-0.24219732578804332,-0.4490591609489125
20--80,0.2,0.8,201807,2018,4,7,18,-0.32147080639510495,-0.7400001006921868
20--80,0.2,0.8,201807,2018,5,7,18,-0.3585563127510969,-0.9004075073120781
20--80,0.2,0.8,201807,2018,6,7,18,-0.3736279108208125,-0.9653224583236732
20--80,0.2,0.8,201808,2018,1,7,18,-0.09984335037271908,-0.11371221781965701
20--80,0.2,0.8,201808,2018,2,7,18,-0.1095941860895221,-0.1543498361011859
20--80,0.2,0.8,201808,2018,3,7,18,-0.13445192429550867,-0.24341401220107306
20--80,0.2,0.8,201808,2018,4,7,18,-0.22694551673970942,-0.516564080198815
20--80,0.2,0.8,201808,2018,5,7,18,-0.2894349718485075,-0.7362911169667439
20--80,0.2,0.8,201808,2018,6,7,18,-0.3164813736830674,-0.839056002069718
20--80,0.2,0.8,201906,2019,1,6,18,-0.025338196026529314,-0.02894754341124628
20--80,0.2,0.8,201906,2019,2,6,18,-0.018273025227106166,-0.02665258960605943
20--80,0.2,0.8,201906,2019,3,6,18,0.0026445846569609355,0.005241456572059544
20--80,0.2,0.8,201906,2019,4,6,18,0.0012223170409335626,0.003217798101845304
20--80,0.2,0.8,201906,2019,5,6,18,-0.017193811366389533,-0.051994135530986085
20--80,0.2,0.8,201906,2019,6,6,18,-0.027626175045198043,-0.08801230011119454
20--80,0.2,0.8,201907,2019,1,7,18,0.002857280258116379,0.0033392138529237947
20--80,0.2,0.8,201907,2019,2,7,18,-0.017057644641733427,-0.025393330783073154
20--80,0.2,0.8,201907,2019,3,7,18,-0.03617662651680409,-0.07252035193060813
20--80,0.2,0.8,201907,2019,4,7,18,-0.06755947969727727,-0.17253848334526456
20--80,0.2,0.8,201907,2019,5,7,18,-0.0922303484929996,-0.2617907727361306
20--80,0.2,0.8,201907,2019,6,7,18,-0.10365080562552753,-0.305190595970223
20--80,0.2,0.8,201908,2019,1,7,18,-0.09583827267959832,-0.1197319550874445
20--80,0.2,0.8,201908,2019,2,7,18,-0.09157152892689735,-0.1440880455471083
20--80,0.2,0.8,201908,2019,3,7,18,-0.09979923633743648,-0.20962534595705806
20--80,0.2,0.8,201908,2019,4,7,18,-0.16384917746952277,-0.4474617542862296
20--80,0.2,0.8,201908,2019,5,7,18,-0.207918886299586,-0.6417711050859181
20--80,0.2,0.8,201908,2019,6,7,18,-0.22675348951206242,-0.7315198788418869
20--80,0.2,0.8,202006,2020,1,6,18,-0.02405599268945602,-0.027742479394123443
20--80,0.2,0.8,202006,2020,2,6,18,-0.0017421829579076231,-0.002602423027776357
20--80,0.2,0.8,202006,2020,3,6,18,-0.014358219556267482,-0.030261339102374052
20--80,0.2,0.8,202006,2020,4,6,18,-0.0685674861075094,-0.19682861614345004
20--80,0.2,0.8,202006,2020,5,6,18,-0.094245799647795,-0.30990616791511716
20--80,0.2,0.8,202006,2020,6,6,18,-0.10357409554276586,-0.3573444385850424
20--80,0.2,0.8,202007,2020,1,7,18,0.01552460239692377,0.016591077533727017
20--80,0.2,0.8,202007,2020,2,7,18,-0.01905731641456443,-0.025743489393474484
20--80,0.2,0.8,202007,2020,3,7,18,-0.06689497980206116,-0.12192211456054158
20--80,0.2,0.8,202007,2020,4,7,18,-0.11802610524543056,-0.2809149081407867
20--80,0.2,0.8,202007,2020,5,7,18,-0.1460292447084638,-0.3916307790863156
20--80,0.2,0.8,202007,2020,6,7,18,-0.15778545643857922,-0.44139599006063346
20--80,0.2,0.8,202008,2020,1,7,18,-0.04409941470180889,-0.05361429827721986
20--80,0.2,0.8,202008,2020,2,7,18,-0.05403068895331575,-0.08537043941479316
20--80,0.2,0.8,202008,2020,3,7,18,-0.07258564959412117,-0.15523591793290947
20--80,0.2,0.8,202008,2020,4,7,18,-0.08566784930323079,-0.22613122662210028
20--80,0.2,0.8,202008,2020,5,7,18,-0.08932820592782298,-0.2559430759655239
20--80,0.2,0.8,202008,2020,6,7,18,-0.08987423807404904,-0.26436115748436695
20--80,0.2,0.8,202106,2021,1,6,18,-0.20987069389846713,-0.2620460108900162
20--80,0.2,0.8,202106,2021,2,6,18,-0.2243731697782697,-0.36464983993374567
20--80,0.2,0.8,202106,2021,3,6,18,-0.24976242760303868,-0.5664395642037752
20--80,0.2,0.8,202106,2021,4,6,18,-0.2899013219535398,-0.8765435358179907
20--80,0.2,0.8,202106,2021,5,6,18,-0.3181965012546981,-1.0989796539830277
20--80,0.2,0.8,202106,2021,6,6,18,-0.33058177952551526,-1.1984647564645057
20--80,0.2,0.8,202107,2021,1,7,18,-0.01259418561491088,-0.013813620526191173
20--80,0.2,0.8,202107,2021,2,7,18,0.01794870006307092,0.024647823852690376
20--80,0.2,0.8,202107,2021,3,7,18,0.04550955672863344,0.0812827766637989
20--80,0.2,0.8,202107,2021,4,7,18,0.012444651722097744,0.027405896264109053
20--80,0.2,0.8,202107,2021,5,7,18,-0.014659027576995332,-0.03523467284947834
20--80,0.2,0.8,202107,2021,6,7,18,-0.02638114911291911,-0.06525175093808677
20--80,0.2,0.8,202108,2021,1,7,18,0.04706233225903622,0.05550340191194314
20--80,0.2,0.8,202108,2021,2,7,18,0.051706881998342835,0.07860681503103306
20--80,0.2,0.8,202108,2021,3,7,18,0.05632141432652649,0.11702452597719493
20--80,0.2,0.8,202108,2021,4,7,18,0.020631920291912298,0.055745517743844175
20--80,0.2,0.8,202108,2021,5,7,18,0.0015495191268783959,0.004688088771398924
20--80,0.2,0.8,202108,2021,6,7,18,-0.005953544037714864,-0.018731827766931275
20--80,0.2,0.8,202306,2023,1,6,18,-0.058302691955272046,-0.07053417433979847
20--80,0.2,0.8,202306,2023,2,6,18,-0.06268523405578086,-0.09810132023493123
20--80,0.2,0.8,202306,2023,3,6,18,-0.04144526722666164,-0.08845038556364315
20--80,0.2,0.8,202306,2023,4,6,18,-0.03139981510055867,-0.08737333631114552
20--80,0.2,0.8,202306,2023,5,6,18,-0.044277437485062854,-0.1397184469916457
20--80,0.2,0.8,202306,2023,6,6,18,-0.052642755415700515,-0.1739874716134402
20--80,0.2,0.8,202307,2023,1,7,18,-0.09665459366685825,-0.11497177083551469
20--80,0.2,0.8,202307,2023,2,7,18,-0.16092730680659917,-0.2551015686830751
20--80,0.2,0.8,202307,2023,3,7,18,-0.2460284853685053,-0.5543478021420185
20--80,0.2,0.8,202307,2023,4,7,18,-0.3108333772947768,-0.900634257405196
20--80,0.2,0.8,202307,2023,5,7,18,-0.33446222788032465,-1.0659523658941046
20--80,0.2,0.8,202307,2023,6,7,18,-0.3424932594936694,-1.125134418720065
20--80,0.2,0.8,202308,2023,1,7,18,-0.26025109904016974,-0.3427579109037686
20--80,0.2,0.8,202308,2023,2,7,18,-0.30488472716867376,-0.5143415080710252
20--80,0.2,0.8,202308,2023,3,7,18,-0.3819787331993081,-0.8875952014477804
20--80,0.2,0.8,202308,2023,4,7,18,-0.4577058832955311,-1.396252500412714
20--80,0.2,0.8,202308,2023,5,7,18,-0.4904875589276333,-1.684771960354949
20--80,0.2,0.8,202308,2023,6,7,18,-0.5024878652705167,-1.798521116592628
20--80,0.2,0.8,202406,2024,1,6,18,-0.024733240536630063,-0.028530038214030995
20--80,0.2,0.8,202406,2024,2,6,18,-0.03275888570022856,-0.04902189610794405
20--80,0.2,0.8,202406,2024,3,6,18,-0.027027840061419672,-0.05575256570422038
20--80,0.2,0.8,202406,2024,4,6,18,-0.04748491642675812,-0.13110424777230545
20--80,0.2,0.8,202406,2024,5,6,18,-0.06938396838247796,-0.21987857618901874
20--80,0.2,0.8,202406,2024,6,6,18,-0.07969266007942011,-0.2656458314229724
20--80,0.2,0.8,202407,2024,1,7,18,0.15425582907373014,0.16929685916154424
20--80,0.2,0.8,202407,2024,2,7,18,0.16835697822157347,0.23514033300870496
20--80,0.2,0.8,202407,2024,3,7,18,0.14265224775586027,0.2689058609717421
20--80,0.2,0.8,202407,2024,4,7,18,0.05339148813734451,0.12745998675755565
20--80,0.2,0.8,202407,2024,5,7,18,0.004286085251764327,0.011283892632034664
20--80,0.2,0.8,202407,2024,6,7,18,-0.015665113737472924,-0.04262321561631133
20--80,0.2,0.8,202408,2024,1,7,18,-0.0063362252313161616,-0.007385125700375195
20--80,0.2,0.8,202408,2024,2,7,18,-0.02262803694195703,-0.033476091264244445
20--80,0.2,0.8,202408,2024,3,7,18,-0.04450592008812204,-0.08748381281524509
20--80,0.2,0.8,202408,2024,4,7,18,-0.07974568176665942,-0.1944526334583303
20--80,0.2,0.8,202408,2024,5,7,18,-0.09838031596839714,-0.2620071963464996
20--80,0.2,0.8,202408,2024,6,7,18,-0.10590867551193173,-0.29038065571434224
20--80,0.2,0.8,202506,2025,1,6,18,-0.07377273042975208,-0.08304619295996574
20--80,0.2,0.8,202506,2025,2,6,18,-0.10395387961288749,-0.1550803049558156
20--80,0.2,0.8,202506,2025,3,6,18,-0.15495339740819392,-0.33080371440010126
20--80,0.2,0.8,202506,2025,4,6,18,-0.23492015180577253,-0.6853690261968488
20--80,0.2,0.8,202506,2025,5,6,18,-0.27974561527412445,-0.9394531495893244
20--80,0.2,0.8,202506,2025,6,6,18,-0.29821327091369254,-1.0539034336482453
20--80,0.2,0.8,202507,2025,1,7,18,-0.10266864772708295,-0.11647797862400466
20--80,0.2,0.8,202507,2025,2,7,18,-0.12361937752317453,-0.17371597335696576
20--80,0.2,0.8,202507,2025,3,7,18,-0.17096152793390196,-0.31305484107263615
20--80,0.2,0.8,202507,2025,4,7,18,-0.20271936496343623,-0.45626964817760873
20--80,0.2,0.8,202507,2025,5,7,18,-0.2114408350668079,-0.5178413793534471
20--80,0.2,0.8,202507,2025,6,7,18,-0.21397513502264165,-0.5387639856462396
20--80,0.2,0.8,202508,2025,1,7,18,-0.08635774812468833,-0.10162158760214934
20--80,0.2,0.8,202508,2025,2,7,18,-0.12360418379094296,-0.18611186190849338
20--80,0.2,0.8,202508,2025,3,7,18,-0.17570467065510864,-0.35401835993757524
20--80,0.2,0.8,202508,2025,4,7,18,-0.22619359198904276,-0.5685136907414421
20--80,0.2,0.8,202508,2025,5,7,18,-0.24908487453691464,-0.685295934978126
20--80,0.2,0.8,202508,2025,6,7,18,-0.25717779301397703,-0.7289975528827446
30--70,0.3,0.7,199106,1991,1,9,12,0.09302949534987603,0.10291111221794536
30--70,0.3,0.7,199106,1991,2,9,12,0.12667427561821332,0.17988977544618878
30--70,0.3,0.7,199106,1991,3,9,12,0.1579038282616434,0.3056986181623076
30--70,0.3,0.7,199106,1991,4,9,12,0.11205893798106636,0.2863396034517418
30--70,0.3,0.7,199106,1991,5,9,12,0.06660263296559821,0.19470871316845972
30--70,0.3,0.7,199106,1991,6,9,12,0.045907209733186294,0.14113322976656661
30--70,0.3,0.7,199107,1991,1,10,12,0.037123692589217105,0.041740780151723555
30--70,0.3,0.7,199107,1991,2,10,12,-0.023222643385883535,-0.034400046967393294
30--70,0.3,0.7,199107,1991,3,10,12,-0.0952648222097825,-0.19651566335655568
30--70,0.3,0.7,199107,1991,4,10,12,-0.18514625338796187,-0.4947323462269191
30--70,0.3,0.7,199107,1991,5,10,12,-0.2270042037325779,-0.6735944358335697
30--70,0.3,0.7,199107,1991,6,10,12,-0.24207426719803116,-0.7434541824242631
30--70,0.3,0.7,199108,1991,1,10,12,0.06229517251213146,0.06840231947396092
30--70,0.3,0.7,199108,1991,2,10,12,0.08956193254608258,0.12091004056287336
30--70,0.3,0.7,199108,1991,3,10,12,0.14209267940711157,0.2422547067227523
30--70,0.3,0.7,199108,1991,4,10,12,0.14686964382074996,0.3060771159290274
30--70,0.3,0.7,199108,1991,5,10,12,0.12240505699592497,0.2810270992706698
30--70,0.3,0.7,199108,1991,6,10,12,0.10820290631073393,0.2571881244407077
30--70,0.3,0.7,199206,1992,1,9,12,0.036218667573572505,0.03955249501476521
30--70,0.3,0.7,199206,1992,2,9,12,0.010700577792672972,0.01504122709515432
30--70,0.3,0.7,199206,1992,3,9,12,0.02052448234708404,0.03851697906595053
30--70,0.3,0.7,199206,1992,4,9,12,0.027104565699599625,0.06654930302033968
30--70,0.3,0.7,199206,1992,5,9,12,0.010695850992426204,0.030188927403268728
30--70,0.3,0.7,199206,1992,6,9,12,0.0014997030181989057,0.004465498788875699
30--70,0.3,0.7,199207,1992,1,10,12,0.09467474378210494,0.10564244482471441
30--70,0.3,0.7,199207,1992,2,10,12,0.08789677937807983,0.12661388555968278
30--70,0.3,0.7,199207,1992,3,10,12,0.055356264060398175,0.10950693291700198
30--70,0.3,0.7,199207,1992,4,10,12,-0.0036021113998412346,-0.009046394925787737
30--70,0.3,0.7,199207,1992,5,10,12,-0.03003270232977684,-0.0826566348305029
30--70,0.3,0.7,199207,1992,6,10,12,-0.03966359284002163,-0.1123749197375874
30--70,0.3,0.7,199208,1992,1,10,12,0.1129676958017729,0.1184398066120167
30--70,0.3,0.7,199208,1992,2,10,12,0.1316794510622168,0.17147214891953633
30--70,0.3,0.7,199208,1992,3,10,12,0.13243616427659655,0.22660937191207964
30--70,0.3,0.7,199208,1992,4,10,12,0.03991941372513774,0.08869244990998126
30--70,0.3,0.7,199208,1992,5,10,12,-0.02081645671847776,-0.0523529672427534
30--70,0.3,0.7,199208,1992,6,10,12,-0.04574181670838229,-0.12036183314847904
30--70,0.3,0.7,199306,1993,1,9,12,-0.11443892330300331,-0.1421798217224901
30--70,0.3,0.7,199306,1993,2,9,12,-0.12173705200923324,-0.1995043596965944
30--70,0.3,0.7,199306,1993,3,9,12,-0.12152440965877365,-0.280503243392519
30--70,0.3,0.7,199306,1993,4,9,12,-0.12919532161778513,-0.39248481068680086
30--70,0.3,0.7,199306,1993,5,9,12,-0.1423968472691295,-0.4880665011709331
30--70,0.3,0.7,199306,1993,6,9,12,-0.14866411402516122,-0.5317492788114535
30--70,0.3,0.7,199307,1993,1,10,12,0.0076860504392499696,0.008580227810714547
30--70,0.3,0.7,199307,1993,2,10,12,0.03152187283989338,0.04438618138616679
30--70,0.3,0.7,199307,1993,3,10,12,0.04125203361642571,0.07815087681409238
30--70,0.3,0.7,199307,1993,4,10,12,-0.004661024032895034,-0.01143913833272503
30--70,0.3,0.7,199307,1993,5,10,12,-0.04135992270376265,-0.11420037984486253
30--70,0.3,0.7,199307,1993,6,10,12,-0.05751737792777445,-0.1656292611848107
30--70,0.3,0.7,199308,1993,1,10,12,0.016434713144046542,0.019301280689535627
30--70,0.3,0.7,199308,1993,2,10,12,0.007241625479192715,0.010858575430606532
30--70,0.3,0.7,199308,1993,3,10,12,-0.02815401768399428,-0.057824513905183395
30--70,0.3,0.7,199308,1993,4,10,12,-0.08897453335477068,-0.2406135857194167
30--70,0.3,0.7,199308,1993,5,10,12,-0.11171138395815372,-0.3394755719149716
30--70,0.3,0.7,199308,1993,6,10,12,-0.1189476327890917,-0.376094674482216
30--70,0.3,0.7,199406,1994,1,9,12,0.05385997372477158,0.0588346671766371
30--70,0.3,0.7,199406,1994,2,9,12,0.12364326237337986,0.16786515591478368
30--70,0.3,0.7,199406,1994,3,9,12,0.22595153230254694,0.39550175777647567
30--70,0.3,0.7,199406,1994,4,9,12,0.2066380693426837,0.4663350867835314
30--70,0.3,0.7,199406,1994,5,9,12,0.15725280485535276,0.404393477045387
30--70,0.3,0.7,199406,1994,6,9,12,0.1323894142062676,0.3577139313409088
30--70,0.3,0.7,199407,1994,1,10,12,-0.10703395393700765,-0.1323264900480483
30--70,0.3,0.7,199407,1994,2,10,12,-0.17189434764277767,-0.2802793524210032
30--70,0.3,0.7,199407,1994,3,10,12,-0.2563932491118287,-0.5796863321365411
30--70,0.3,0.7,199407,1994,4,10,12,-0.3190726718134569,-0.9024648538578939
30--70,0.3,0.7,199407,1994,5,10,12,-0.34598736731613644,-1.0643751998717006
30--70,0.3,0.7,199407,1994,6,10,12,-0.3562588906337981,-1.1250421801264583
30--70,0.3,0.7,199408,1994,1,10,12,0.08335254258481273,0.0935578625485034
30--70,0.3,0.7,199408,1994,2,10,12,0.11739999985138816,0.1622370655142027
30--70,0.3,0.7,199408,1994,3,10,12,0.0980649204824744,0.17857584247371383
30--70,0.3,0.7,199408,1994,4,10,12,0.03399625831812325,0.0778531410093688
30--70,0.3,0.7,199408,1994,5,10,12,0.003348405817920508,0.008425521346071996
30--70,0.3,0.7,199408,1994,6,10,12,-0.008641824317330293,-0.022435951359139672
30--70,0.3,0.7,199506,1995,1,9,12,0.10729798855247608,0.12315399685034567
30--70,0.3,0.7,199506,1995,2,9,12,0.10782186717627029,0.16160136761424404
30--70,0.3,0.7,199506,1995,3,9,12,0.124839343927031,0.2569126174887657
30--70,0.3,0.7,199506,1995,4,9,12,0.15327152337168526,0.4087717604629866
30--70,0.3,0.7,199506,1995,5,9,12,0.1657642341668526,0.4968913270373623
30--70,0.3,0.7,199506,1995,6,9,12,0.16902123232982902,0.5285666901772021
30--70,0.3,0.7,199507,1995,1,10,12,0.008046068367971282,0.009086492932739887
30--70,0.3,0.7,199507,1995,2,10,12,-0.03959537913650191,-0.05931479145093643
30--70,0.3,0.7,199507,1995,3,10,12,-0.12475934291297919,-0.2651673987584058
30--70,0.3,0.7,199507,1995,4,10,12,-0.20868033661663632,-0.5730128441716547
30--70,0.3,0.7,199507,1995,5,10,12,-0.24233846107926849,-0.7354423413618161
30--70,0.3,0.7,199507,1995,6,10,12,-0.25428335861438345,-0.7976246737387589
30--70,0.3,0.7,199508,1995,1,10,12,-0.12246652983683048,-0.14849131342636301
30--70,0.3,0.7,199508,1995,2,10,12,-0.11495485115296233,-0.17570551282081404
30--70,0.3,0.7,199508,1995,3,10,12,-0.13294542041853497,-0.271301637439477
30--70,0.3,0.7,199508,1995,4,10,12,-0.18796831496783384,-0.48466868073671954
30--70,0.3,0.7,199508,1995,5,10,12,-0.21463741025145366,-0.6086798431107594
30--70,0.3,0.7,199508,1995,6,10,12,-0.22426832919538953,-0.6561581337543814
30--70,0.3,0.7,199606,1996,1,9,12,-0.10890170959801326,-0.13835847357061049
30--70,0.3,0.7,199606,1996,2,9,12,-0.09145213906486105,-0.14956440809162963
30--70,0.3,0.7,199606,1996,3,9,12,-0.05184539371776942,-0.11487642181761881
30--70,0.3,0.7,199606,1996,4,9,12,-0.06626121253345318,-0.19242115741638166
30--70,0.3,0.7,199606,1996,5,9,12,-0.0869928081176683,-0.2864212871409242
30--70,0.3,0.7,199606,1996,6,9,12,-0.09636717232565939,-0.33199156816856235
30--70,0.3,0.7,199607,1996,1,10,12,0.09982761007746688,0.10524051396363054
30--70,0.3,0.7,199607,1996,2,10,12,0.11025306503765941,0.14623022205698222
30--70,0.3,0.7,199607,1996,3,10,12,0.08229918450906282,0.1468047322557977
30--70,0.3,0.7,199607,1996,4,10,12,-0.03633848173019416,-0.08481292163880116
30--70,0.3,0.7,199607,1996,5,10,12,-0.10452561787445402,-0.2753212942199905
30--70,0.3,0.7,199607,1996,6,10,12,-0.13161064292379987,-0.3618524298365644
30--70,0.3,0.7,199608,1996,1,10,12,-0.11768465260409999,-0.14595450620823813
30--70,0.3,0.7,199608,1996,2,10,12,-0.12584451473936709,-0.1975008785288499
30--70,0.3,0.7,199608,1996,3,10,12,-0.15807452924388088,-0.33078688600450823
30--70,0.3,0.7,199608,1996,4,10,12,-0.2388067992573324,-0.6429070537374235
30--70,0.3,0.7,199608,1996,5,10,12,-0.2819865345485697,-0.8499423112003095
30--70,0.3,0.7,199608,1996,6,10,12,-0.2989658048861019,-0.9380789451649356
30--70,0.3,0.7,199706,1997,1,9,12,-0.1628833195966638,-0.19172026259413633
30--70,0.3,0.7,199706,1997,2,9,12,-0.21506272440936047,-0.3333241966988112
30--70,0.3,0.7,199706,1997,3,9,12,-0.23716710582928124,-0.5062971328487373
30--70,0.3,0.7,199706,1997,4,9,12,-0.24586636464933775,-0.6904584213305354
30--70,0.3,0.7,199706,1997,5,9,12,-0.2516481909486421,-0.8031748842444539
30--70,0.3,0.7,199706,1997,6,9,12,-0.25332393469565206,-0.8470207518845312
30--70,0.3,0.7,199707,1997,1,10,12,0.08221213416064788,0.08681957558321685
30--70,0.3,0.7,199707,1997,2,10,12,0.04721263302232659,0.06401604790187454
30--70,0.3,0.7,199707,1997,3,10,12,-0.015673726643055885,-0.029079245946697974
30--70,0.3,0.7,199707,1997,4,10,12,-0.07008698663286173,-0.16338790682694704
30--70,0.3,0.7,199707,1997,5,10,12,-0.094985567920296,-0.24164154247633984
30--70,0.3,0.7,199707,1997,6,10,12,-0.10539845850018303,-0.27573918711089007
30--70,0.3,0.7,199708,1997,1,10,12,-0.10541711644484963,-0.1299569681086834
30--70,0.3,0.7,199708,1997,2,10,12,-0.10727594976822419,-0.1663440749342735
30--70,0.3,0.7,199708,1997,3,10,12,-0.12403735369815327,-0.255954547466827
30--70,0.3,0.7,199708,1997,4,10,12,-0.16576843695570453,-0.4324250583416287
30--70,0.3,0.7,199708,1997,5,10,12,-0.18590512752003607,-0.5343676390322267
30--70,0.3,0.7,199708,1997,6,10,12,-0.19339932408285065,-0.5741188460208164
30--70,0.3,0.7,199806,1998,1,9,12,-0.06886366954250456,-0.07971728025772462
30--70,0.3,0.7,199806,1998,2,9,12,-0.04148294369629213,-0.06091005163608543
30--70,0.3,0.7,199806,1998,3,9,12,-0.03470711326810039,-0.06893187962937608
30--70,0.3,0.7,199806,1998,4,9,12,-0.08807227744395318,-0.23319722950756017
30--70,0.3,0.7,199806,1998,5,9,12,-0.1272399629350236,-0.388157116029868
30--70,0.3,0.7,199806,1998,6,9,12,-0.14454465640059722,-0.46502258491270254
30--70,0.3,0.7,199807,1998,1,10,12,0.0035147251535494473,0.004025512851148605
30--70,0.3,0.7,199807,1998,2,10,12,0.01283677387790072,0.018643449376034127
30--70,0.3,0.7,199807,1998,3,10,12,0.015547616946494758,0.030153303768925444
30--70,0.3,0.7,199807,1998,4,10,12,-0.013231614381558399,-0.03198406065823978
30--70,0.3,0.7,199807,1998,5,10,12,-0.028492750767553865,-0.07524404886535319
30--70,0.3,0.7,199807,1998,6,10,12,-0.033855530928981636,-0.0920170524248336
30--70,0.3,0.7,199808,1998,1,10,12,0.059689979174755825,0.06810554939742453
30--70,0.3,0.7,199808,1998,2,10,12,0.03751299196819269,0.0557953249014318
30--70,0.3,0.7,199808,1998,3,10,12,0.015568627295423854,0.032064943089360476
30--70,0.3,0.7,199808,1998,4,10,12,-0.0041860205698665,-0.010941839400992137
30--70,0.3,0.7,199808,1998,5,10,12,-0.018393395664939804,-0.052873305049933705
30--70,0.3,0.7,199808,1998,6,10,12,-0.025672457627411216,-0.07617753598323596
30--70,0.3,0.7,199906,1999,1,9,12,-0.17043210701135703,-0.20679141682965207
30--70,0.3,0.7,199906,1999,2,9,12,-0.22325956842918881,-0.35918035213455424
30--70,0.3,0.7,199906,1999,3,9,12,-0.27774079563550624,-0.6266125830552238
30--70,0.3,0.7,199906,1999,4,9,12,-0.3084161700409097,-0.9270200118212308
30--70,0.3,0.7,199906,1999,5,9,12,-0.32467641180631857,-1.1158311695402983
30--70,0.3,0.7,199906,1999,6,9,12,-0.33157920392680074,-1.1970015825549707
30--70,0.3,0.7,199907,1999,1,10,12,-0.019696947539596388,-0.0211622716193407
30--70,0.3,0.7,199907,1999,2,10,12,-0.043712756720554524,-0.058711381303473864
30--70,0.3,0.7,199907,1999,3,10,12,-0.04067459029489451,-0.06972648014932048
30--70,0.3,0.7,199907,1999,4,10,12,-0.06629671165171958,-0.1404447242994662
30--70,0.3,0.7,199907,1999,5,10,12,-0.09106664331560188,-0.2131891436127571
30--70,0.3,0.7,199907,1999,6,10,12,-0.10224245005481969,-0.24799163989009898
30--70,0.3,0.7,199908,1999,1,10,12,-0.07589710210638978,-0.08669754616278702
30--70,0.3,0.7,199908,1999,2,10,12,-0.13500688733777066,-0.20055162228169632
30--70,0.3,0.7,199908,1999,3,10,12,-0.21351279916260657,-0.44354161891072286
30--70,0.3,0.7,199908,1999,4,10,12,-0.2650196268592073,-0.7231024135318433
30--70,0.3,0.7,199908,1999,5,10,12,-0.28376949685100183,-0.86933173914238
30--70,0.3,0.7,199908,1999,6,10,12,-0.29037481273902155,-0.9257671228056399
30--70,0.3,0.7,200006,2000,1,9,12,0.10097745699147409,0.10536601053103078
30--70,0.3,0.7,200006,2000,2,9,12,0.09767847370592109,0.13111562515661923
30--70,0.3,0.7,200006,2000,3,9,12,0.08588841540939907,0.15931980473733853
30--70,0.3,0.7,200006,2000,4,9,12,0.04588050502150143,0.11329633238200376
30--70,0.3,0.7,200006,2000,5,9,12,0.019609870411544827,0.05502983117252658
30--70,0.3,0.7,200006,2000,6,9,12,0.00842806190056078,0.02475230847453691
30--70,0.3,0.7,200007,2000,1,10,12,-0.0835544834344043,-0.09934367159887092
30--70,0.3,0.7,200007,2000,2,10,12,-0.14891883319820964,-0.23141454086917035
30--70,0.3,0.7,200007,2000,3,10,12,-0.25328935374179506,-0.5451523123701758
30--70,0.3,0.7,200007,2000,4,10,12,-0.3275463800447558,-0.8912632730238199
30--70,0.3,0.7,200007,2000,5,10,12,-0.3582150350273485,-1.0727390313365186
30--70,0.3,0.7,200007,2000,6,10,12,-0.3698017400714708,-1.1439870179747533
30--70,0.3,0.7,200008,2000,1,10,12,-0.11690729179651382,-0.14253996843854155
30--70,0.3,0.7,200008,2000,2,10,12,-0.10075008926090256,-0.15476718835234138
30--70,0.3,0.7,200008,2000,3,10,12,-0.09252898031245893,-0.19031607919971405
30--70,0.3,0.7,200008,2000,4,10,12,-0.13301844723211076,-0.3490513556695056
30--70,0.3,0.7,200008,2000,5,10,12,-0.1614638772204745,-0.47011878128283335
30--70,0.3,0.7,200008,2000,6,10,12,-0.17396620956662157,-0.5248752791374613
30--70,0.3,0.7,200106,2001,1,9,12,-0.05431970327581315,-0.06444752476457527
30--70,0.3,0.7,200106,2001,2,9,12,-0.04731585385836734,-0.07261228896702843
30--70,0.3,0.7,200106,2001,3,9,12,-0.046439818610993,-0.09757203949159354
30--70,0.3,0.7,200106,2001,4,9,12,-0.07341969517176183,-0.20037793873032417
30--70,0.3,0.7,200106,2001,5,9,12,-0.09662368965004053,-0.29663204387510156
30--70,0.3,0.7,200106,2001,6,9,12,-0.10759062020467702,-0.3444503782656225
30--70,0.3,0.7,200107,2001,1,10,12,-0.08680069007977975,-0.10832150992039136
30--70,0.3,0.7,200107,2001,2,10,12,-0.07899752146736738,-0.12582309300814742
30--70,0.3,0.7,200107,2001,3,10,12,-0.06441373418413276,-0.138151617839819
30--70,0.3,0.7,200107,2001,4,10,12,-0.07343057024678512,-0.19843836955025296
30--70,0.3,0.7,200107,2001,5,10,12,-0.07938781018078755,-0.23524093319889694
30--70,0.3,0.7,200107,2001,6,10,12,-0.0811953947540881,-0.2478583718534777
30--70,0.3,0.7,200108,2001,1,10,12,-0.14629602082320758,-0.19413795209572493
30--70,0.3,0.7,200108,2001,2,10,12,-0.14724021908622997,-0.24695718796088784
30--70,0.3,0.7,200108,2001,3,10,12,-0.16431759780708977,-0.36957149813467005
30--70,0.3,0.7,200108,2001,4,10,12,-0.20453406076905034,-0.5895454060836078
30--70,0.3,0.7,200108,2001,5,10,12,-0.2336775927362167,-0.75549283388722
30--70,0.3,0.7,200108,2001,6,10,12,-0.2466800421243871,-0.8312001686136545
30--70,0.3,0.7,200206,2002,1,9,12,0.03528748175315277,0.03787279087425954
30--70,0.3,0.7,200206,2002,2,9,12,0.014653274708021913,0.020166732504426133
30--70,0.3,0.7,200206,2002,3,9,12,-0.01590536704022416,-0.029998688686877717
30--70,0.3,0.7,200206,2002,4,9,12,-0.03366356300477635,-0.08360266457255161
30--70,0.3,0.7,200206,2002,5,9,12,-0.04320913846408336,-0.12212331564033008
30--70,0.3,0.7,200206,2002,6,9,12,-0.04738177762137619,-0.14049403700513796
30--70,0.3,0.7,200207,2002,1,10,12,0.21996519646861534,0.23741160816742823
30--70,0.3,0.7,200207,2002,2,10,12,0.2226423164721163,0.3014612500469873
30--70,0.3,0.7,200207,2002,3,10,12,0.23776149265587354,0.4219466652769781
30--70,0.3,0.7,200207,2002,4,10,12,0.24065307326498542,0.526975327453278
30--70,0.3,0.7,200207,2002,5,10,12,0.23027740493298787,0.5511410274860831
30--70,0.3,0.7,200207,2002,6,10,12,0.2240279767735638,0.5526069637571158
30--70,0.3,0.7,200208,2002,1,10,12,-0.1617284286649171,-0.2122000244985789
30--70,0.3,0.7,200208,2002,2,10,12,-0.1884296231190069,-0.319812692565411
30--70,0.3,0.7,200208,2002,3,10,12,-0.18665746957834828,-0.42040738949843304
30--70,0.3,0.7,200208,2002,4,10,12,-0.2125710625191155,-0.6028519350875792
30--70,0.3,0.7,200208,2002,5,10,12,-0.24062763313491176,-0.7601585481291879
30--70,0.3,0.7,200208,2002,6,10,12,-0.25324144678754923,-0.8314014278453072
30--70,0.3,0.7,200306,2003,1,9,12,-0.09326241840956584,-0.11148959715911433
30--70,0.3,0.7,200306,2003,2,9,12,-0.13152887908270627,-0.20677691938587195
30--70,0.3,0.7,200306,2003,3,9,12,-0.11184513469906254,-0.23636627052488146
30--70,0.3,0.7,200306,2003,4,9,12,-0.09390467412790338,-0.2535256907760228
30--70,0.3,0.7,200306,2003,5,9,12,-0.105490984603693,-0.32135529131641505
30--70,0.3,0.7,200306,2003,6,9,12,-0.11401541808292948,-0.36351859292697064
30--70,0.3,0.7,200307,2003,1,10,12,-0.033552121794712564,-0.03884293558900742
30--70,0.3,0.7,200307,2003,2,10,12,-0.018754718326399522,-0.027626733699087413
30--70,0.3,0.7,200307,2003,3,10,12,-0.01916142119882236,-0.03784152730703649
30--70,0.3,0.7,200307,2003,4,10,12,-0.1092720487103035,-0.2783984069069074
30--70,0.3,0.7,200307,2003,5,10,12,-0.16025766133801755,-0.4544994956549955
30--70,0.3,0.7,200307,2003,6,10,12,-0.18026395834786724,-0.530200978935965
30--70,0.3,0.7,200308,2003,1,10,12,0.010917179327714743,0.012615104511207065
30--70,0.3,0.7,200308,2003,2,10,12,0.003946147128343069,0.0058713753960994985
30--70,0.3,0.7,200308,2003,3,10,12,-0.023648464273995917,-0.048225186687108845
30--70,0.3,0.7,200308,2003,4,10,12,-0.08898444212308687,-0.2357786255415597
30--70,0.3,0.7,200308,2003,5,10,12,-0.1197352638726561,-0.35452226554049027
30--70,0.3,0.7,200308,2003,6,10,12,-0.13108340368009197,-0.4033817250422054
30--70,0.3,0.7,200406,2004,1,9,12,0.08676171829101542,0.09954667255799521
30--70,0.3,0.7,200406,2004,2,9,12,0.13478083318878298,0.1956194451282003
30--70,0.3,0.7,200406,2004,3,9,12,0.19252483317940117,0.3670507381243593
30--70,0.3,0.7,200406,2004,4,9,12,0.18749936181300164,0.45318729580700357
30--70,0.3,0.7,200406,2004,5,9,12,0.16228458712112137,0.43985937486128623
30--70,0.3,0.7,200406,2004,6,9,12,0.14874536363166713,0.4205617365406864
30--70,0.3,0.7,200407,2004,1,10,12,0.05726383599767648,0.06622284287082358
30--70,0.3,0.7,200407,2004,2,10,12,0.020310825501315577,0.030583246304197953
30--70,0.3,0.7,200407,2004,3,10,12,-0.05390141281774785,-0.11235010135496148
30--70,0.3,0.7,200407,2004,4,10,12,-0.14637517843408976,-0.3925298907619137
30--70,0.3,0.7,200407,2004,5,10,12,-0.1965763801569923,-0.5873194115091183
30--70,0.3,0.7,200407,2004,6,10,12,-0.21728479350655305,-0.6742523428539737
30--70,0.3,0.7,200408,2004,1,10,12,-0.04945374246036871,-0.05673717737131856
30--70,0.3,0.7,200408,2004,2,10,12,-0.061851168430852366,-0.09039196876947608
30--70,0.3,0.7,200408,2004,3,10,12,-0.10953869198577226,-0.21761815631767956
30--70,0.3,0.7,200408,2004,4,10,12,-0.2236507140040731,-0.5958152156293197
30--70,0.3,0.7,200408,2004,5,10,12,-0.28687750216032915,-0.8787091615630924
30--70,0.3,0.7,200408,2004,6,10,12,-0.31200938559243274,-1.0062376241270892
30--70,0.3,0.7,200506,2005,1,9,12,-0.10210160444816807,-0.12785399561984478
30--70,0.3,0.7,200506,2005,2,9,12,-0.10791480674189857,-0.178497228041961
30--70,0.3,0.7,200506,2005,3,9,12,-0.10601996483797904,-0.24416247358724696
30--70,0.3,0.7,200506,2005,4,9,12,-0.12995598330306068,-0.39010764059260694
30--70,0.3,0.7,200506,2005,5,9,12,-0.15477188129707053,-0.5238626417193153
30--70,0.3,0.7,200506,2005,6,9,12,-0.16672907672379078,-0.58925465350198
30--70,0.3,0.7,200507,2005,1,10,12,-0.08756787985451453,-0.10322096545486259
30--70,0.3,0.7,200507,2005,2,10,12,-0.1497189702602898,-0.230108055107189
30--70,0.3,0.7,200507,2005,3,10,12,-0.2140898488507088,-0.4509874860005181
30--70,0.3,0.7,200507,2005,4,10,12,-0.2650171425472573,-0.7037491248349177
30--70,0.3,0.7,200507,2005,5,10,12,-0.290675221536565,-0.8481768339923406
30--70,0.3,0.7,200507,2005,6,10,12,-0.3010759802655887,-0.9066035822657819
30--70,0.3,0.7,200508,2005,1,10,12,0.038059825292882765,0.0425084135331284
30--70,0.3,0.7,200508,2005,2,10,12,0.050954301404896096,0.07159166093205638
30--70,0.3,0.7,200508,2005,3,10,12,0.032640282755304284,0.06104177425659518
30--70,0.3,0.7,200508,2005,4,10,12,-0.054769228723361096,-0.13132264220690626
30--70,0.3,0.7,200508,2005,5,10,12,-0.10858351241257025,-0.2910814775736661
30--70,0.3,0.7,200508,2005,6,10,12,-0.1308585087023051,-0.3648385363927513
30--70,0.3,0.7,200606,2006,1,9,12,-0.09497643951113899,-0.11308928632855242
30--70,0.3,0.7,200606,2006,2,9,12,-0.043267390530221106,-0.06593409370121561
30--70,0.3,0.7,200606,2006,3,9,12,0.015142754324000363,0.031431141670791085
30--70,0.3,0.7,200606,2006,4,9,12,-0.014061717078570402,-0.03863691519347956
30--70,0.3,0.7,200606,2006,5,9,12,-0.053419115961794494,-0.16790656941430893
30--70,0.3,0.7,200606,2006,6,9,12,-0.07206057378368125,-0.2380559518853973
30--70,0.3,0.7,200607,2006,1,10,12,0.04794262898810686,0.05346299966522672
30--70,0.3,0.7,200607,2006,2,10,12,0.041990794238975226,0.05940423700350683
30--70,0.3,0.7,200607,2006,3,10,12,-0.004751288434055034,-0.009058549282161987
30--70,0.3,0.7,200607,2006,4,10,12,-0.033613306222095685,-0.08005548498150805
30--70,0.3,0.7,200607,2006,5,10,12,-0.03613964775686329,-0.09401687579625051
30--70,0.3,0.7,200607,2006,6,10,12,-0.03438425918168786,-0.09203548506994164
30--70,0.3,0.7,200608,2006,1,10,12,-0.12629253586109535,-0.15056915811782767
30--70,0.3,0.7,200608,2006,2,10,12,-0.17374331018022882,-0.26689428442568497
30--70,0.3,0.7,200608,2006,3,10,12,-0.22465989495197236,-0.46788800720416956
30--70,0.3,0.7,200608,2006,4,10,12,-0.25077285611883937,-0.6512947617569695
30--70,0.3,0.7,200608,2006,5,10,12,-0.25533615299483714,-0.7212017808595661
30--70,0.3,0.7,200608,2006,6,10,12,-0.2558176697839166,-0.7418691370976749
30--70,0.3,0.7,200706,2007,1,9,12,0.1980780413227372,0.2127902406776938
30--70,0.3,0.7,200706,2007,2,9,12,0.21818755896772113,0.2951980660603133
30--70,0.3,0.7,200706,2007,3,9,12,0.20928195574430863,0.3850734105450897
30--70,0.3,0.7,200706,2007,4,9,12,0.12312975744317023,0.3044126388374577
30--70,0.3,0.7,200706,2007,5,9,12,0.060841176494204285,0.1733342713947783
30--70,0.3,0.7,200706,2007,6,9,12,0.03332650069446719,0.10011946851252329
30--70,0.3,0.7,200707,2007,1,10,12,-0.09880429070811525,-0.11940198562824289
30--70,0.3,0.7,200707,2007,2,10,12,-0.0912802729058787,-0.13922450792880214
30--70,0.3,0.7,200707,2007,3,10,12,-0.09980956889630233,-0.20268746858962583
30--70,0.3,0.7,200707,2007,4,10,12,-0.15471652944580916,-0.3995702561999952
30--70,0.3,0.7,200707,2007,5,10,12,-0.18631399020336292,-0.533599549465448
30--70,0.3,0.7,200707,2007,6,10,12,-0.19919171724649687,-0.5912662435975076
30--70,0.3,0.7,200708,2007,1,10,12,0.02128550695149012,0.024953259964012098
30--70,0.3,0.7,200708,2007,2,10,12,-0.018671189146662437,-0.02879882737651851
30--70,0.3,0.7,200708,2007,3,10,12,-0.07708889633086824,-0.16535114249316774
30--70,0.3,0.7,200708,2007,4,10,12,-0.15202251310813397,-0.42110664810568377
30--70,0.3,0.7,200708,2007,5,10,12,-0.19483638389536295,-0.6034750794746175
30--70,0.3,0.7,200708,2007,6,10,12,-0.21287481439023181,-0.6861864683653254
30--70,0.3,0.7,200806,2008,1,9,12,0.11149810690759043,0.11843241573594065
30--70,0.3,0.7,200806,2008,2,9,12,0.1123262119219881,0.15293961304260506
30--70,0.3,0.7,200806,2008,3,9,12,0.13563864956098226,0.2465108984866209
30--70,0.3,0.7,200806,2008,4,9,12,0.11133514990664706,0.261600562037013
30--70,0.3,0.7,200806,2008,5,9,12,0.07942624536926957,0.21146038660215538
30--70,0.3,0.7,200806,2008,6,9,12,0.06353345473219552,0.17720988765106593
30--70,0.3,0.7,200807,2008,1,10,12,0.006729187346987686,0.007896400353419875
30--70,0.3,0.7,200807,2008,2,10,12,0.019823079179231096,0.029234485865452964
30--70,0.3,0.7,200807,2008,3,10,12,-0.011006269041522354,-0.021866063116227963
30--70,0.3,0.7,200807,2008,4,10,12,-0.06233738921789622,-0.15716042622865256
30--70,0.3,0.7,200807,2008,5,10,12,-0.08006867803667583,-0.22162579020879836
30--70,0.3,0.7,200807,2008,6,10,12,-0.08548280026247179,-0.24379055768161706
30--70,0.3,0.7,200808,2008,1,10,12,0.001931933217927062,0.002329415210771568
30--70,0.3,0.7,200808,2008,2,10,12,-0.03570313305509354,-0.05565684214780564
30--70,0.3,0.7,200808,2008,3,10,12,-0.1059526273768211,-0.2290670644013333
30--70,0.3,0.7,200808,2008,4,10,12,-0.18126495543587406,-0.5061680098322796
30--70,0.3,0.7,200808,2008,5,10,12,-0.2170360521215292,-0.6725653673538305
30--70,0.3,0.7,200808,2008,6,10,12,-0.23127590499648787,-0.7422455296565653
30--70,0.3,0.7,200906,2009,1,9,12,0.08275673821615182,0.09924520857791652
30--70,0.3,0.7,200906,2009,2,9,12,0.12540218353485666,0.19617432608741492
30--70,0.3,0.7,200906,2009,3,9,12,0.1428828782658964,0.3167664722773109
30--70,0.3,0.7,200906,2009,4,9,12,0.0943078286145822,0.28291746166440834
30--70,0.3,0.7,200906,2009,5,9,12,0.0624508317237511,0.2137595971937465
30--70,0.3,0.7,200906,2009,6,9,12,0.04922319101934236,0.17653036222890783
30--70,0.3,0.7,200907,2009,1,10,12,0.003239167387764974,0.0037996614898432313
30--70,0.3,0.7,200907,2009,2,10,12,-0.023145018149635765,-0.03518142291040016
30--70,0.3,0.7,200907,2009,3,10,12,-0.10187420483820808,-0.21627494833759364
30--70,0.3,0.7,200907,2009,4,10,12,-0.1918718288686242,-0.5353194734960409
30--70,0.3,0.7,200907,2009,5,10,12,-0.2291919709814273,-0.7173661636693343
30--70,0.3,0.7,200907,2009,6,10,12,-0.24224607044672652,-0.788701095748908
30--70,0.3,0.7,200908,2009,1,10,12,-0.19026632323136627,-0.2532254716187028
30--70,0.3,0.7,200908,2009,2,10,12,-0.1957309195063338,-0.33068597708742153
30--70,0.3,0.7,200908,2009,3,10,12,-0.21409067315674746,-0.48979908292656527
30--70,0.3,0.7,200908,2009,4,10,12,-0.22864584419618994,-0.6723572232500823
30--70,0.3,0.7,200908,2009,5,10,12,-0.23362988971423815,-0.7631230295508082
30--70,0.3,0.7,200908,2009,6,10,12,-0.2356617396566919,-0.797849343299724
30--70,0.3,0.7,201006,2010,1,9,12,-0.0006474101976059465,-0.0007322591205438655
30--70,0.3,0.7,201006,2010,2,9,12,0.034698635774437214,0.0495105809945815
30--70,0.3,0.7,201006,2010,3,9,12,0.11209179799680125,0.20694816087730006
30--70,0.3,0.7,201006,2010,4,9,12,0.12143254549310223,0.2846648211031937
30--70,0.3,0.7,201006,2010,5,9,12,0.08773795520600758,0.23368940015225093
30--70,0.3,0.7,201006,2010,6,9,12,0.06825314397220694,0.19110298540663972
30--70,0.3,0.7,201007,2010,1,10,12,-0.0035975844047320127,-0.004119055071751809
30--70,0.3,0.7,201007,2010,2,10,12,-0.017331208027620115,-0.025114018131781712
30--70,0.3,0.7,201007,2010,3,10,12,-0.0795022691080336,-0.1560030187953525
30--70,0.3,0.7,201007,2010,4,10,12,-0.17398358212958864,-0.4420055403236631
30--70,0.3,0.7,201007,2010,5,10,12,-0.2167645094314261,-0.613984140646088
30--70,0.3,0.7,201007,2010,6,10,12,-0.23261675615769972,-0.6836951956944564
30--70,0.3,0.7,201008,2010,1,10,12,0.02354490013310162,0.02914892334917507
30--70,0.3,0.7,201008,2010,2,10,12,-0.00932552979524881,-0.01533104250618722
30--70,0.3,0.7,201008,2010,3,10,12,-0.09284702620325735,-0.21981587062725616
30--70,0.3,0.7,201008,2010,4,10,12,-0.17087984391470767,-0.5329710774959819
30--70,0.3,0.7,201008,2010,5,10,12,-0.19683525098018906,-0.6854101572740197
30--70,0.3,0.7,201008,2010,6,10,12,-0.20501252842169704,-0.7407844647735589
30--70,0.3,0.7,201106,2011,1,9,12,-0.0169271978756812,-0.018907495814203923
30--70,0.3,0.7,201106,2011,2,9,12,-0.022173977455457572,-0.03186070342212011
30--70,0.3,0.7,201106,2011,3,9,12,-0.015105652186228724,-0.029466885676749932
30--70,0.3,0.7,201106,2011,4,9,12,-0.06912997339253668,-0.1801239291317378
30--70,0.3,0.7,201106,2011,5,9,12,-0.11537662241890756,-0.34535493601393696
30--70,0.3,0.7,201106,2011,6,9,12,-0.13550932230116963,-0.4268246207507609
30--70,0.3,0.7,201107,2011,1,10,12,-0.06335624054926292,-0.0763711753967855
30--70,0.3,0.7,201107,2011,2,10,12,-0.08626923694759892,-0.13418557413200638
30--70,0.3,0.7,201107,2011,3,10,12,-0.09906411158846895,-0.20876989284704406
30--70,0.3,0.7,201107,2011,4,10,12,-0.14232501298445388,-0.38364152524483863
30--70,0.3,0.7,201107,2011,5,10,12,-0.16837502743429522,-0.5025791294845314
30--70,0.3,0.7,201107,2011,6,10,12,-0.17896546423045545,-0.5526608247347422
30--70,0.3,0.7,201108,2011,1,10,12,0.028095038521756877,0.031546328728456974
30--70,0.3,0.7,201108,2011,2,10,12,0.053656177118438286,0.07607060406303479
30--70,0.3,0.7,201108,2011,3,10,12,0.04043478507848186,0.07728858516568904
30--70,0.3,0.7,201108,2011,4,10,12,-0.03908370794386684,-0.09640912963807757
30--70,0.3,0.7,201108,2011,5,10,12,-0.07652007101205716,-0.20952434918727203
30--70,0.3,0.7,201108,2011,6,10,12,-0.0899452935006162,-0.2549074426880127
30--70,0.3,0.7,201206,2012,1,9,12,-0.17550441060822608,-0.20735828106543686
30--70,0.3,0.7,201206,2012,2,9,12,-0.24839372189560838,-0.3916634113912121
30--70,0.3,0.7,201206,2012,3,9,12,-0.32666841488496,-0.7410512636898301
30--70,0.3,0.7,201206,2012,4,9,12,-0.3754384170085988,-1.1566034216783967
30--70,0.3,0.7,201206,2012,5,9,12,-0.3945913136374313,-1.3898893475412377
30--70,0.3,0.7,201206,2012,6,9,12,-0.40143868193119847,-1.4825779514719901
30--70,0.3,0.7,201207,2012,1,10,12,-0.12418483024148974,-0.14643330560468293
30--70,0.3,0.7,201207,2012,2,10,12,-0.1700396060071575,-0.26384618601428667
30--70,0.3,0.7,201207,2012,3,10,12,-0.24056503034185583,-0.5213214844869181
30--70,0.3,0.7,201207,2012,4,10,12,-0.2847139093995835,-0.7763809953403946
30--70,0.3,0.7,201207,2012,5,10,12,-0.3018947413843207,-0.8995733124810581
30--70,0.3,0.7,201207,2012,6,10,12,-0.3085502370721259,-0.9465087003721759
30--70,0.3,0.7,201208,2012,1,10,12,-0.19572462327884732,-0.24388521044609668
30--70,0.3,0.7,201208,2012,2,10,12,-0.2538592781723715,-0.4092596127521886
30--70,0.3,0.7,201208,2012,3,10,12,-0.351289737693923,-0.7906618827268321
30--70,0.3,0.7,201208,2012,4,10,12,-0.41698799996809066,-1.229127960574286
30--70,0.3,0.7,201208,2012,5,10,12,-0.435211903518647,-1.4318851746734964
30--70,0.3,0.7,201208,2012,6,10,12,-0.4403448639220422,-1.503520716976265
30--70,0.3,0.7,201306,2013,1,9,12,0.02231983334015819,0.024366878618541143
30--70,0.3,0.7,201306,2013,2,9,12,0.04190250235095583,0.05745840070139119
30--70,0.3,0.7,201306,2013,3,9,12,0.0808582005439058,0.14717250272065163
30--70,0.3,0.7,201306,2013,4,9,12,0.06104791933824161,0.1453187091079604
30--70,0.3,0.7,201306,2013,5,9,12,0.036525406767328406,0.098552828722692
30--70,0.3,0.7,201306,2013,6,9,12,0.025264050015585404,0.07132405573732914
30--70,0.3,0.7,201307,2013,1,10,12,0.012413878151777968,0.014062890975476972
30--70,0.3,0.7,201307,2013,2,10,12,-0.0009229793161206201,-0.0013372698783977732
30--70,0.3,0.7,201307,2013,3,10,12,-0.04588928154117766,-0.08988128402572926
30--70,0.3,0.7,201307,2013,4,10,12,-0.09092265096165708,-0.22037642814671976
30--70,0.3,0.7,201307,2013,5,10,12,-0.1067683241672237,-0.2806674020047657
30--70,0.3,0.7,201307,2013,6,10,12,-0.11171627455184785,-0.30133562603633646
30--70,0.3,0.7,201308,2013,1,10,12,-0.0011972406353562004,-0.0014132234465535909
30--70,0.3,0.7,201308,2013,2,10,12,-0.04402664817542201,-0.0672387628458706
30--70,0.3,0.7,201308,2013,3,10,12,-0.10671034784733624,-0.22141314266617051
30--70,0.3,0.7,201308,2013,4,10,12,-0.1894576767677989,-0.497358718517491
30--70,0.3,0.7,201308,2013,5,10,12,-0.2314453733803199,-0.6722564759557708
30--70,0.3,0.7,201308,2013,6,10,12,-0.24847486570484312,-0.7477931671883864
30--70,0.3,0.7,201406,2014,1,9,12,0.07002638071997613,0.07499398308443439
30--70,0.3,0.7,201406,2014,2,9,12,0.067732146286126,0.09389579903474665
30--70,0.3,0.7,201406,2014,3,9,12,0.07695856726375316,0.14453709292753913
30--70,0.3,0.7,201406,2014,4,9,12,0.0794758105536113,0.19533805982828323
30--70,0.3,0.7,201406,2014,5,9,12,0.07265793041629798,0.20359303627864023
30--70,0.3,0.7,201406,2014,6,9,12,0.06823373442727232,0.20072736555723925
30--70,0.3,0.7,201407,2014,1,10,12,-0.06870214055292789,-0.07807613524624069
30--70,0.3,0.7,201407,2014,2,10,12,-0.08994794781577464,-0.1314226543443655
30--70,0.3,0.7,201407,2014,3,10,12,-0.09521740697862224,-0.18694189358615132
30--70,0.3,0.7,201407,2014,4,10,12,-0.1410352052640894,-0.35814417499435525
30--70,0.3,0.7,201407,2014,5,10,12,-0.1728416338954657,-0.49252743267008636
30--70,0.3,0.7,201407,2014,6,10,12,-0.18608147452799306,-0.5520745319099367
30--70,0.3,0.7,201408,2014,1,10,12,-0.020081345846192367,-0.023139184302045646
30--70,0.3,0.7,201408,2014,2,10,12,0.002592594237185164,0.0037430693365472223
30--70,0.3,0.7,201408,2014,3,10,12,0.04937307760575749,0.09398168272367524
30--70,0.3,0.7,201408,2014,4,10,12,0.054279985076497006,0.1340334824680438
30--70,0.3,0.7,201408,2014,5,10,12,0.04357652082522634,0.121361519742754
30--70,0.3,0.7,201408,2014,6,10,12,0.03896006017029441,0.11317917027192159
30--70,0.3,0.7,201606,2016,1,9,12,0.06310804921628899,0.07153589080092981
30--70,0.3,0.7,201606,2016,2,9,12,0.09406359257752128,0.13725147808134208
30--70,0.3,0.7,201606,2016,3,9,12,0.11929824930972033,0.2383650477774939
30--70,0.3,0.7,201606,2016,4,9,12,0.06697632874255843,0.1794038649768659
30--70,0.3,0.7,201606,2016,5,9,12,0.02083395232156504,0.0643160196163981
30--70,0.3,0.7,201606,2016,6,9,12,7.512847958812685e-05,0.0002445314886543315
30--70,0.3,0.7,201607,2016,1,10,12,0.11570079287252732,0.12670337153581812
30--70,0.3,0.7,201607,2016,2,10,12,0.08690163590250388,0.1227956132714465
30--70,0.3,0.7,201607,2016,3,10,12,0.0217124765692549,0.04215093000158765
30--70,0.3,0.7,201607,2016,4,10,12,-0.0431149602617763,-0.1061972594389804
30--70,0.3,0.7,201607,2016,5,10,12,-0.07157243229157051,-0.19363635819464164
30--70,0.3,0.7,201607,2016,6,10,12,-0.08251845536079461,-0.23022317792570668
30--70,0.3,0.7,201608,2016,1,10,12,0.09227672835294753,0.09866740839942523
30--70,0.3,0.7,201608,2016,2,10,12,0.09932159718768019,0.13205845709791086
30--70,0.3,0.7,201608,2016,3,10,12,0.09288240634432454,0.1595102038124967
30--70,0.3,0.7,201608,2016,4,10,12,0.07979977538205762,0.1671878648216012
30--70,0.3,0.7,201608,2016,5,10,12,0.07197267442943756,0.16428597610573004
30--70,0.3,0.7,201608,2016,6,10,12,0.0682816573383287,0.16053393701046215
30--70,0.3,0.7,201706,2017,1,9,12,-0.011101552794998581,-0.01236738223661904
30--70,0.3,0.7,201706,2017,2,9,12,-0.018862467320712284,-0.027447990398210997
30--70,0.3,0.7,201706,2017,3,9,12,-0.014722853598193475,-0.02931559451717991
30--70,0.3,0.7,201706,2017,4,9,12,-0.045321381591525656,-0.11994014904799855
30--70,0.3,0.7,201706,2017,5,9,12,-0.07538860382249069,-0.22977561347395525
30--70,0.3,0.7,201706,2017,6,9,12,-0.0892075735102239,-0.2868229363403598
30--70,0.3,0.7,201707,2017,1,10,12,-0.11062490829627658,-0.1327133358955086
30--70,0.3,0.7,201707,2017,2,10,12,-0.10975343846900487,-0.16744282666874932
30--70,0.3,0.7,201707,2017,3,10,12,-0.15285794323651247,-0.31656477319901777
30--70,0.3,0.7,201707,2017,4,10,12,-0.22483325059116965,-0.587693325844036
30--70,0.3,0.7,201707,2017,5,10,12,-0.25939760006766244,-0.7438035217113406
30--70,0.3,0.7,201707,2017,6,10,12,-0.27252106959882016,-0.8054612660970459
30--70,0.3,0.7,201708,2017,1,10,12,-0.07953708904003232,-0.09623855000008064
30--70,0.3,0.7,201708,2017,2,10,12,-0.08384900624347813,-0.13019666580208566
30--70,0.3,0.7,201708,2017,3,10,12,-0.08066889637656449,-0.16994035354644854
30--70,0.3,0.7,201708,2017,4,10,12,-0.10070464368876253,-0.2696010291026001
30--70,0.3,0.7,201708,2017,5,10,12,-0.11849072001012917,-0.3508788335534616
30--70,0.3,0.7,201708,2017,6,10,12,-0.12664845031597038,-0.3880480837899558
30--70,0.3,0.7,201806,2018,1,9,12,-0.08529199920596742,-0.10119883502468152
30--70,0.3,0.7,201806,2018,2,9,12,-0.07538772446276876,-0.11413274694717979
30--70,0.3,0.7,201806,2018,3,9,12,-0.041163539007505356,-0.0830025000576895
30--70,0.3,0.7,201806,2018,4,9,12,-0.06781255835521782,-0.17832264951642696
30--70,0.3,0.7,201806,2018,5,9,12,-0.10437266800119893,-0.31337365807601536
30--70,0.3,0.7,201806,2018,6,9,12,-0.12192485437044942,-0.38486459993897437
30--70,0.3,0.7,201807,2018,1,10,12,-0.11558120185283316,-0.13044183679305332
30--70,0.3,0.7,201807,2018,2,10,12,-0.1740270661410943,-0.24862398822739706
30--70,0.3,0.7,201807,2018,3,10,12,-0.25349144513275923,-0.4790417157434317
30--70,0.3,0.7,201807,2018,4,10,12,-0.3175510612459026,-0.7383742978535133
30--70,0.3,0.7,201807,2018,5,10,12,-0.3475100675526944,-0.8770272832384745
30--70,0.3,0.7,201807,2018,6,10,12,-0.35974313340945985,-0.9320307875527245
30--70,0.3,0.7,201808,2018,1,10,12,-0.0704194365387687,-0.0795928776572441
30--70,0.3,0.7,201808,2018,2,10,12,-0.0912808635086575,-0.128328656734515
30--70,0.3,0.7,201808,2018,3,10,12,-0.14803010965119123,-0.2720838426323686
30--70,0.3,0.7,201808,2018,4,10,12,-0.25401713904955125,-0.5938234261547763
30--70,0.3,0.7,201808,2018,5,10,12,-0.3163482612291437,-0.8296195390624601
30--70,0.3,0.7,201808,2018,6,10,12,-0.3424588750276307,-0.9371501943736087
30--70,0.3,0.7,201906,2019,1,9,12,-0.11076716372760265,-0.13210172965882272
30--70,0.3,0.7,201906,2019,2,9,12,-0.13686768211633782,-0.21260132189078051
30--70,0.3,0.7,201906,2019,3,9,12,-0.16440466641041662,-0.3553635278772971
30--70,0.3,0.7,201906,2019,4,9,12,-0.1811826980083041,-0.5244479383774729
30--70,0.3,0.7,201906,2019,5,9,12,-0.19236847551626657,-0.6384385436153721
30--70,0.3,0.7,201906,2019,6,9,12,-0.1974141159474473,-0.688985248438299
30--70,0.3,0.7,201907,2019,1,10,12,0.04288281368145497,0.04964284469113256
30--70,0.3,0.7,201907,2019,2,10,12,0.041750973588823515,0.06113838619476031
30--70,0.3,0.7,201907,2019,3,10,12,0.035165422546807434,0.06902965640210512
30--70,0.3,0.7,201907,2019,4,10,12,0.006615723782281702,0.01648192990513131
30--70,0.3,0.7,201907,2019,5,10,12,-0.016743390217044185,-0.046224246227605015
30--70,0.3,0.7,201907,2019,6,10,12,-0.02760222633375109,-0.07893917518869564
30--70,0.3,0.7,201908,2019,1,10,12,-0.11155845005084408,-0.14057131282531632
30--70,0.3,0.7,201908,2019,2,10,12,-0.10424827832596595,-0.16503779532360774
30--70,0.3,0.7,201908,2019,3,10,12,-0.10283917005309928,-0.21577688569140152
30--70,0.3,0.7,201908,2019,4,10,12,-0.16913501042588186,-0.4626975612167179
30--70,0.3,0.7,201908,2019,5,10,12,-0.2168745888555239,-0.6731455562363626
30--70,0.3,0.7,201908,2019,6,10,12,-0.23749172516163752,-0.771854785864468
30--70,0.3,0.7,202006,2020,1,9,12,-0.0950655763316468,-0.11355793890254784
30--70,0.3,0.7,202006,2020,2,9,12,-0.08507034884501796,-0.13184578216020348
30--70,0.3,0.7,202006,2020,3,9,12,-0.1179445961728578,-0.2599845660734825
30--70,0.3,0.7,202006,2020,4,9,12,-0.16614902804517584,-0.4989761017124854
30--70,0.3,0.7,202006,2020,5,9,12,-0.18075685811725628,-0.619539626242898
30--70,0.3,0.7,202006,2020,6,9,12,-0.1852481393733343,-0.6650108271760748
30--70,0.3,0.7,202007,2020,1,10,12,-0.02166877483525298,-0.023598613813037073
30--70,0.3,0.7,202007,2020,2,10,12,-0.07506501202211369,-0.10446819320630318
30--70,0.3,0.7,202007,2020,3,10,12,-0.13572695695923087,-0.2572909060630626
30--70,0.3,0.7,202007,2020,4,10,12,-0.17702148588635436,-0.43677593068508536
30--70,0.3,0.7,202007,2020,5,10,12,-0.19687458763576982,-0.5453388540334538
30--70,0.3,0.7,202007,2020,6,10,12,-0.2053642508548671,-0.5925180543334472
30--70,0.3,0.7,202008,2020,1,10,12,0.03458215759668759,0.04023738325662851
30--70,0.3,0.7,202008,2020,2,10,12,-0.006978259928058783,-0.01081786274402674
30--70,0.3,0.7,202008,2020,3,10,12,-0.06933659312108853,-0.15029587183667648
30--70,0.3,0.7,202008,2020,4,10,12,-0.10791371429946939,-0.29296808237725447
30--70,0.3,0.7,202008,2020,5,10,12,-0.11795886500975872,-0.3478893470503772
30--70,0.3,0.7,202008,2020,6,10,12,-0.12011838439026234,-0.36339961180540303
30--70,0.3,0.7,202106,2021,1,9,12,-0.12587059336511508,-0.15234541184599815
30--70,0.3,0.7,202106,2021,2,9,12,-0.1075282122712925,-0.16678257079205272
30--70,0.3,0.7,202106,2021,3,9,12,-0.09142705697038822,-0.193891928043183
30--70,0.3,0.7,202106,2021,4,9,12,-0.1228509378824103,-0.3455851257314748
30--70,0.3,0.7,202106,2021,5,9,12,-0.15667995639482046,-0.5046216310609868
30--70,0.3,0.7,202106,2021,6,9,12,-0.1727732156672328,-0.5850706311824512
30--70,0.3,0.7,202107,2021,1,10,12,-0.07818503006268873,-0.08805282981291329
30--70,0.3,0.7,202107,2021,2,10,12,-0.07160874127200678,-0.10171642362331745
30--70,0.3,0.7,202107,2021,3,10,12,-0.06072841677680685,-0.11217518451443587
30--70,0.3,0.7,202107,2021,4,10,12,-0.08171380820390817,-0.1841310789513262
30--70,0.3,0.7,202107,2021,5,10,12,-0.0998924477839278,-0.2443129426441928
30--70,0.3,0.7,202107,2021,6,10,12,-0.10804280466339233,-0.2713630790689834
30--70,0.3,0.7,202108,2021,1,10,12,-0.05375750235511656,-0.06681568544491023
30--70,0.3,0.7,202108,2021,2,10,12,-0.07075587399147032,-0.11486694508532169
30--70,0.3,0.7,202108,2021,3,10,12,-0.09300280650927761,-0.2099109178103653
30--70,0.3,0.7,202108,2021,4,10,12,-0.11833188509197257,-0.34769660558070203
30--70,0.3,0.7,202108,2021,5,10,12,-0.1257576950446746,-0.41244956554369416
30--70,0.3,0.7,202108,2021,6,10,12,-0.12759149588298457,-0.4343337472734996
30--70,0.3,0.7,202306,2023,1,9,12,-0.07251897941480923,-0.08816517246340805
30--70,0.3,0.7,202306,2023,2,9,12,-0.06228035899828621,-0.09685429139002633
30--70,0.3,0.7,202306,2023,3,9,12,-0.017266963210242237,-0.03597379657448041
30--70,0.3,0.7,202306,2023,4,9,12,0.019723601081566233,0.0526567555378632
30--70,0.3,0.7,202306,2023,5,9,12,0.017670806842030373,0.053142186588254425
30--70,0.3,0.7,202306,2023,6,9,12,0.013112238215479355,0.0412050709912446
30--70,0.3,0.7,202307,2023,1,10,12,-0.10325340366995572,-0.12412034140598527
30--70,0.3,0.7,202307,2023,2,10,12,-0.18104544809402223,-0.29409304477238774
30--70,0.3,0.7,202307,2023,3,10,12,-0.27888259715904395,-0.6537897556401506
30--70,0.3,0.7,202307,2023,4,10,12,-0.3437141194656388,-1.0418254105263793
30--70,0.3,0.7,202307,2023,5,10,12,-0.36467124043885324,-1.216240062719784
30--70,0.3,0.7,202307,2023,6,10,12,-0.3713060713667139,-1.276270062064758
30--70,0.3,0.7,202308,2023,1,10,12,-0.2623237834855058,-0.34982605047364146
30--70,0.3,0.7,202308,2023,2,10,12,-0.3073053142966594,-0.5260372444638857
30--70,0.3,0.7,202308,2023,3,10,12,-0.3699065277982737,-0.8670210335222563
30--70,0.3,0.7,202308,2023,4,10,12,-0.42348326882258014,-1.2839164111733563
30--70,0.3,0.7,202308,2023,5,10,12,-0.4460394961512302,-1.5087125046311032
30--70,0.3,0.7,202308,2023,6,10,12,-0.45413076620385207,-1.5942511120719507
30--70,0.3,0.7,202406,2024,1,9,12,-0.07972398582129825,-0.0946248641548002
30--70,0.3,0.7,202406,2024,2,9,12,-0.12092473418794458,-0.18993612856112163
30--70,0.3,0.7,202406,2024,3,9,12,-0.16041752531354814,-0.35738656708276517
30--70,0.3,0.7,202406,2024,4,9,12,-0.1958570366911232,-0.5917779752460204
30--70,0.3,0.7,202406,2024,5,9,12,-0.21574254393835346,-0.7496479759034687
30--70,0.3,0.7,202406,2024,6,9,12,-0.2240492364556086,-0.8189817152601258
30--70,0.3,0.7,202407,2024,1,10,12,0.13525661478495676,0.1490563372989615
30--70,0.3,0.7,202407,2024,2,10,12,0.144861385142512,0.20354996562925987
30--70,0.3,0.7,202407,2024,3,10,12,0.1242958095651483,0.23543145030265755
30--70,0.3,0.7,202407,2024,4,10,12,0.05355600496666013,0.1276828721123371
30--70,0.3,0.7,202407,2024,5,10,12,0.014350695431204485,0.03759310754568279
30--70,0.3,0.7,202407,2024,6,10,12,-0.0016638114478142452,-0.0044976257300373135
30--70,0.3,0.7,202408,2024,1,10,12,0.049959546192269055,0.05665703483736406
30--70,0.3,0.7,202408,2024,2,10,12,0.020328168956432524,0.029504023631599097
30--70,0.3,0.7,202408,2024,3,10,12,-0.01767178034082173,-0.03441450801551271
30--70,0.3,0.7,202408,2024,4,10,12,-0.06175437093665148,-0.14997366530039535
30--70,0.3,0.7,202408,2024,5,10,12,-0.0825544037802387,-0.21931451751770314
30--70,0.3,0.7,202408,2024,6,10,12,-0.09067168919498303,-0.2481269475702934
30--70,0.3,0.7,202506,2025,1,9,12,-0.09295344584410059,-0.10566091979907011
30--70,0.3,0.7,202506,2025,2,9,12,-0.11851274266111,-0.17916722390982676
30--70,0.3,0.7,202506,2025,3,9,12,-0.14359892566020027,-0.3091061517958247
30--70,0.3,0.7,202506,2025,4,9,12,-0.20141224771387556,-0.5899763833550562
30--70,0.3,0.7,202506,2025,5,9,12,-0.24118144546433584,-0.8135049839799615
30--70,0.3,0.7,202506,2025,6,9,12,-0.25843103378142684,-0.9177744597512376
30--70,0.3,0.7,202507,2025,1,10,12,-0.09994572545846192,-0.11469373659141313
30--70,0.3,0.7,202507,2025,2,10,12,-0.11526625422842796,-0.1641594764083636
30--70,0.3,0.7,202507,2025,3,10,12,-0.11594197197319844,-0.21150364899520246
30--70,0.3,0.7,202507,2025,4,10,12,-0.08886613683729105,-0.1938124746824741
30--70,0.3,0.7,202507,2025,5,10,12,-0.06694972093045393,-0.15636047067120362
30--70,0.3,0.7,202507,2025,6,10,12,-0.05662437152954536,-0.1350189877043606
30--70,0.3,0.7,202508,2025,1,10,12,-0.08995358302521539,-0.10629930400801246
30--70,0.3,0.7,202508,2025,2,10,12,-0.10848741116931748,-0.16181015043965363
30--70,0.3,0.7,202508,2025,3,10,12,-0.1444351173001357,-0.28393722587360726
30--70,0.3,0.7,202508,2025,4,10,12,-0.19698713519376998,-0.4828539384964854
30--70,0.3,0.7,202508,2025,5,10,12,-0.221874723436152,-0.5963102082074148
30--70,0.3,0.7,202508,2025,6,10,12,-0.23076674594239355,-0.6395380537359712
25--70,0.25,0.7,199106,1991,1,9,13,0.09216190364865184,0.10201254804358051
25--70,0.25,0.7,199106,1991,2,9,13,0.1277734430888413,0.18131672473949267
25--70,0.25,0.7,199106,1991,3,9,13,0.16766260164172686,0.3225291841943365
25--70,0.25,0.7,199106,1991,4,9,13,0.13296402501144233,0.3349997247540788
25--70,0.25,0.7,199106,1991,5,9,13,0.09118367979055786,0.2620250294154296
25--70,0.25,0.7,199106,1991,6,9,13,0.07147603664172797,0.2157766900638931
25--70,0.25,0.7,199107,1991,1,10,13,0.037748338994819886,0.04242389327978291
25--70,0.25,0.7,199107,1991,2,10,13,-0.0202694806831496,-0.029957703347074816
25--70,0.25,0.7,199107,1991,3,10,13,-0.0900518598718606,-0.1849699099349773
25--70,0.25,0.7,199107,1991,4,10,13,-0.18248156857066244,-0.48643963371718435
25--70,0.25,0.7,199107,1991,5,10,13,-0.2267070034726819,-0.672522781174389
25--70,0.25,0.7,199107,1991,6,10,13,-0.24289202709529178,-0.7465559181993084
25--70,0.25,0.7,199108,1991,1,10,13,0.040151455042894746,0.04479274980529846
25--70,0.25,0.7,199108,1991,2,10,13,0.05643303790968446,0.07798099016175142
25--70,0.25,0.7,199108,1991,3,10,13,0.08916610574473505,0.15757824854348446
25--70,0.25,0.7,199108,1991,4,10,13,0.0779057138854462,0.1701557101947131
25--70,0.25,0.7,199108,1991,5,10,13,0.04844205505022381,0.11709163167451653
25--70,0.25,0.7,199108,1991,6,10,13,0.03267794082841635,0.08191938117737951
25--70,0.25,0.7,199206,1992,1,9,13,0.02140255915929279,0.023627026407513352
25--70,0.25,0.7,199206,1992,2,9,13,-0.007470604535334213,-0.010644908021941735
25--70,0.25,0.7,199206,1992,3,9,13,0.001760860254162111,0.0033508499608538855
25--70,0.25,0.7,199206,1992,4,9,13,0.013289614561453833,0.03296336856104798
25--70,0.25,0.7,199206,1992,5,9,13,-0.0014878309564778647,-0.004237773846080373
25--70,0.25,0.7,199206,1992,6,9,13,-0.010210040379372898,-0.03067055301969468
25--70,0.25,0.7,199207,1992,1,10,13,0.09183350970098192,0.10267348066149928
25--70,0.25,0.7,199207,1992,2,10,13,0.0824444991133515,0.11921138766672357
25--70,0.25,0.7,199207,1992,3,10,13,0.04932067671278495,0.09798959368058391
25--70,0.25,0.7,199207,1992,4,10,13,-0.016730950681879242,-0.04243807322386317
25--70,0.25,0.7,199207,1992,5,10,13,-0.04996319136325533,-0.13966029056547935
25--70,0.25,0.7,199207,1992,6,10,13,-0.06287332799048595,-0.18141684766777644
25--70,0.25,0.7,199208,1992,1,10,13,0.09956114930430138,0.105344994970757
25--70,0.25,0.7,199208,1992,2,10,13,0.11407235477146882,0.15031863193867911
25--70,0.25,0.7,199208,1992,3,10,13,0.11643373257141132,0.20138678134255583
25--70,0.25,0.7,199208,1992,4,10,13,0.02177018127631425,0.049013293654432744
25--70,0.25,0.7,199208,1992,5,10,13,-0.04099500918663046,-0.10472012134383135
25--70,0.25,0.7,199208,1992,6,10,13,-0.06674977528966586,-0.17858337269888747
25--70,0.25,0.7,199306,1993,1,9,13,-0.1245899231798786,-0.1561214338000685
25--70,0.25,0.7,199306,1993,2,9,13,-0.132796864293248,-0.21968398999915495
25--70,0.25,0.7,199306,1993,3,9,13,-0.12448705682782657,-0.2880626031509781
25--70,0.25,0.7,199306,1993,4,9,13,-0.12820011027128453,-0.3891317730041486
25--70,0.25,0.7,199306,1993,5,9,13,-0.14221745464103897,-0.4873761493252289
25--70,0.25,0.7,199306,1993,6,9,13,-0.1491238416882984,-0.5336068826600648
25--70,0.25,0.7,199307,1993,1,10,13,0.021405594952275786,0.023654450304793073
25--70,0.25,0.7,199307,1993,2,10,13,0.04773197509847371,0.06642780840451135
25--70,0.25,0.7,199307,1993,3,10,13,0.06316607881711933,0.1178039180082262
25--70,0.25,0.7,199307,1993,4,10,13,0.01879632171233614,0.04533077678003661
25--70,0.25,0.7,199307,1993,5,10,13,-0.017981128053779605,-0.048761417279938435
25--70,0.25,0.7,199307,1993,6,10,13,-0.034193421581197425,-0.09668278125909602
25--70,0.25,0.7,199308,1993,1,10,13,0.01043375515209477,0.012308227510558378
25--70,0.25,0.7,199308,1993,2,10,13,1.3047812485789123e-05,1.9670762939405506e-05
25--70,0.25,0.7,199308,1993,3,10,13,-0.033166567439223416,-0.06838362280174515
25--70,0.25,0.7,199308,1993,4,10,13,-0.09422593707123927,-0.25591326428053573
25--70,0.25,0.7,199308,1993,5,10,13,-0.11965891574109522,-0.3660610492363645
25--70,0.25,0.7,199308,1993,6,10,13,-0.12834638719596803,-0.40905335268514786
25--70,0.25,0.7,199406,1994,1,9,13,0.05425522186313292,0.05924968335099656
25--70,0.25,0.7,199406,1994,2,9,13,0.13446720071258755,0.18123925758822423
25--70,0.25,0.7,199406,1994,3,9,13,0.2543115561395046,0.4374381963268865
25--70,0.25,0.7,199406,1994,4,9,13,0.24836173967169017,0.5461488738847882
25--70,0.25,0.7,199406,1994,5,9,13,0.202141617121955,0.5050048094829958
25--70,0.25,0.7,199406,1994,6,9,13,0.1778834403091989,0.466481377001581
25--70,0.25,0.7,199407,1994,1,10,13,-0.0899347854675564,-0.10962967832556192
25--70,0.25,0.7,199407,1994,2,10,13,-0.1523903156078792,-0.2442395614163595
25--70,0.25,0.7,199407,1994,3,10,13,-0.23542292161816747,-0.5215422928103628
25--70,0.25,0.7,199407,1994,4,10,13,-0.29831720798406913,-0.8255417934278855
25--70,0.25,0.7,199407,1994,5,10,13,-0.3255456927607886,-0.9794050775532579
25--70,0.25,0.7,199407,1994,6,10,13,-0.3359466832063809,-1.0373173441387236
25--70,0.25,0.7,199408,1994,1,10,13,0.09029778570695313,0.10086549128257838
25--70,0.25,0.7,199408,1994,2,10,13,0.12355108604532616,0.17002919177456155
25--70,0.25,0.7,199408,1994,3,10,13,0.10500495682546873,0.1903049731678017
25--70,0.25,0.7,199408,1994,4,10,13,0.041597230486870584,0.09473630109897524
25--70,0.25,0.7,199408,1994,5,10,13,0.011869804672217432,0.02967876849686757
25--70,0.25,0.7,199408,1994,6,10,13,0.0003751221366676827,0.0009673052675820415
25--70,0.25,0.7,199506,1995,1,9,13,0.11760574528641432,0.13404190447506004
25--70,0.25,0.7,199506,1995,2,9,13,0.11809700392389177,0.17576932711551718
25--70,0.25,0.7,199506,1995,3,9,13,0.12718674762637794,0.2613304838148993
25--70,0.25,0.7,199506,1995,4,9,13,0.14243686668178857,0.3826058934793126
25--70,0.25,0.7,199506,1995,5,9,13,0.14835207569970565,0.44980627916216864
25--70,0.25,0.7,199506,1995,6,9,13,0.1491105133133659,0.47242299141609045
25--70,0.25,0.7,199507,1995,1,10,13,0.023121253645226325,0.025821572605739362
25--70,0.25,0.7,199507,1995,2,10,13,-0.02410275624807523,-0.035676882304715996
25--70,0.25,0.7,199507,1995,3,10,13,-0.11578351730629444,-0.2442338894569671
25--70,0.25,0.7,199507,1995,4,10,13,-0.2067039934402245,-0.5665457125789448
25--70,0.25,0.7,199507,1995,5,10,13,-0.2424854710782096,-0.7359931165159912
25--70,0.25,0.7,199507,1995,6,10,13,-0.25502056105215587,-0.8005161957721425
25--70,0.25,0.7,199508,1995,1,10,13,-0.11119108418711021,-0.1335482230303433
25--70,0.25,0.7,199508,1995,2,10,13,-0.10691200911300236,-0.16231805295022017
25--70,0.25,0.7,199508,1995,3,10,13,-0.13029884716145534,-0.2653008061367905
25--70,0.25,0.7,199508,1995,4,10,13,-0.18643340213199133,-0.48004234373026566
25--70,0.25,0.7,199508,1995,5,10,13,-0.2135811782450211,-0.6050865375812204
25--70,0.25,0.7,199508,1995,6,10,13,-0.2236024803462866,-0.653798048135954
25--70,0.25,0.7,199606,1996,1,9,13,-0.1265615212048825,-0.16320169169545418
25--70,0.25,0.7,199606,1996,2,9,13,-0.11361124206444351,-0.18924562070205964
25--70,0.25,0.7,199606,1996,3,9,13,-0.07452503481737938,-0.16813798439313388
25--70,0.25,0.7,199606,1996,4,9,13,-0.08730559929760329,-0.2578760951699115
25--70,0.25,0.7,199606,1996,5,9,13,-0.10785166632314636,-0.3612537139107985
25--70,0.25,0.7,199606,1996,6,9,13,-0.11712633787848803,-0.4105360937777407
25--70,0.25,0.7,199607,1996,1,10,13,0.11464798074201976,0.11964701415529211
25--70,0.25,0.7,199607,1996,2,10,13,0.13342103358715285,0.17421253584040786
25--70,0.25,0.7,199607,1996,3,10,13,0.1127098301229974,0.19688402447119513
25--70,0.25,0.7,199607,1996,4,10,13,-0.009187977890941168,-0.021003059505730448
25--70,0.25,0.7,199607,1996,5,10,13,-0.08077593498266467,-0.2086613518442082
25--70,0.25,0.7,199607,1996,6,10,13,-0.10935359142452694,-0.2950656300258867
25--70,0.25,0.7,199608,1996,1,10,13,-0.10715537068661607,-0.1317303888750896
25--70,0.25,0.7,199608,1996,2,10,13,-0.11397265008620794,-0.17708766770469575
25--70,0.25,0.7,199608,1996,3,10,13,-0.1489873293796694,-0.30930538807380703
25--70,0.25,0.7,199608,1996,4,10,13,-0.23634170885715033,-0.6347643312599995
25--70,0.25,0.7,199608,1996,5,10,13,-0.2817280068075346,-0.8489401463677897
25--70,0.25,0.7,199608,1996,6,10,13,-0.2992860115078616,-0.9393959962755583
25--70,0.25,0.7,199706,1997,1,9,13,-0.17556180521821485,-0.20898523571447924
25--70,0.25,0.7,199706,1997,2,9,13,-0.22418514292389446,-0.35045929458850145
25--70,0.25,0.7,199706,1997,3,9,13,-0.24603452320862096,-0.5297462550100103
25--70,0.25,0.7,199706,1997,4,9,13,-0.25150395838932693,-0.7101812451351606
25--70,0.25,0.7,199706,1997,5,9,13,-0.2552977637678967,-0.8177432379641578
25--70,0.25,0.7,199706,1997,6,9,13,-0.2562536108148923,-0.8592845701295833
25--70,0.25,0.7,199707,1997,1,10,13,0.09467108300311788,0.0991161271980423
25--70,0.25,0.7,199707,1997,2,10,13,0.06140851819494375,0.0824240904877942
25--70,0.25,0.7,199707,1997,3,10,13,0.0019175050674786753,0.003510597706321228
25--70,0.25,0.7,199707,1997,4,10,13,-0.05444922655520634,-0.12536359984234657
25--70,0.25,0.7,199707,1997,5,10,13,-0.08267083372169248,-0.2082083529720986
25--70,0.25,0.7,199707,1997,6,10,13,-0.09469305939413197,-0.2455510287729128
25--70,0.25,0.7,199708,1997,1,10,13,-0.1347738070913862,-0.17031236072749545
25--70,0.25,0.7,199708,1997,2,10,13,-0.13366519481518357,-0.21192993307482766
25--70,0.25,0.7,199708,1997,3,10,13,-0.14815919944439082,-0.31212131919731156
25--70,0.25,0.7,199708,1997,4,10,13,-0.190539147766573,-0.5082189020721559
25--70,0.25,0.7,199708,1997,5,10,13,-0.21157019747228467,-0.6226510108710759
25--70,0.25,0.7,199708,1997,6,10,13,-0.21958353950613463,-0.6678649963758501
25--70,0.25,0.7,199806,1998,1,9,13,-0.07414137889049899,-0.08619120912572464
25--70,0.25,0.7,199806,1998,2,9,13,-0.04969440558924898,-0.07343759095875502
25--70,0.25,0.7,199806,1998,3,9,13,-0.05067807450780004,-0.10191454179766923
25--70,0.25,0.7,199806,1998,4,9,13,-0.11410985285402175,-0.30871579912159763
25--70,0.25,0.7,199806,1998,5,9,13,-0.15526157484977843,-0.48522427428942283
25--70,0.25,0.7,199806,1998,6,9,13,-0.17265697173307037,-0.5693551704170181
25--70,0.25,0.7,199807,1998,1,10,13,0.014682346943172053,0.016676996881161976
25--70,0.25,0.7,199807,1998,2,10,13,0.02998586917885926,0.0430039675950713
25--70,0.25,0.7,199807,1998,3,10,13,0.03878704067109062,0.07395569457972107
25--70,0.25,0.7,199807,1998,4,10,13,0.012911514614114994,0.030604192113171003
25--70,0.25,0.7,199807,1998,5,10,13,-0.0010025957345956016,-0.002592902707172051
25--70,0.25,0.7,199807,1998,6,10,13,-0.005738553917287392,-0.015265565926991798
25--70,0.25,0.7,199808,1998,1,10,13,0.058415940764189545,0.06671233834007095
25--70,0.25,0.7,199808,1998,2,10,13,0.04781365791850645,0.07058931929357071
25--70,0.25,0.7,199808,1998,3,10,13,0.03797744151061644,0.07694515154460468
25--70,0.25,0.7,199808,1998,4,10,13,0.016991896052774624,0.043719254865598245
25--70,0.25,0.7,199808,1998,5,10,13,-0.001009853426343632,-0.002864967848472233
25--70,0.25,0.7,199808,1998,6,10,13,-0.010207349372195806,-0.02993303629931887
25--70,0.25,0.7,199906,1999,1,9,13,-0.17754474529172237,-0.21679487728493374
25--70,0.25,0.7,199906,1999,2,9,13,-0.23387297850684852,-0.3800730733285631
25--70,0.25,0.7,199906,1999,3,9,13,-0.29431474030276206,-0.6753379286685228
25--70,0.25,0.7,199906,1999,4,9,13,-0.32772042080366803,-1.0055028387004636
25--70,0.25,0.7,199906,1999,5,9,13,-0.34394845885324743,-1.2071265669053233
25--70,0.25,0.7,199906,1999,6,9,13,-0.3506461605276122,-1.2926361872515004
25--70,0.25,0.7,199907,1999,1,10,13,-0.008618373094977594,-0.009181901258036529
25--70,0.25,0.7,199907,1999,2,10,13,-0.031657595945837724,-0.042123520600329645
25--70,0.25,0.7,199907,1999,3,10,13,-0.025935906619873772,-0.043956573283255196
25--70,0.25,0.7,199907,1999,4,10,13,-0.05354691925639676,-0.1122930907665296
25--70,0.25,0.7,199907,1999,5,10,13,-0.08135136582127933,-0.18894420553499458
25--70,0.25,0.7,199907,1999,6,10,13,-0.09402498010180593,-0.22652008576129212
25--70,0.25,0.7,199908,1999,1,10,13,-0.09855945798346033,-0.11468478374686297
25--70,0.25,0.7,199908,1999,2,10,13,-0.15277495488328785,-0.23045986738838353
25--70,0.25,0.7,199908,1999,3,10,13,-0.22052608817043573,-0.4611355281531866
25--70,0.25,0.7,199908,1999,4,10,13,-0.26738060410589315,-0.7312614726934488
25--70,0.25,0.7,199908,1999,5,10,13,-0.28616940674954805,-0.8788318409582043
25--70,0.25,0.7,199908,1999,6,10,13,-0.2931834255291088,-0.937425801606139
25--70,0.25,0.7,200006,2000,1,9,13,0.08137701411237774,0.08607387321484739
25--70,0.25,0.7,200006,2000,2,9,13,0.07346368374260592,0.10028680594345252
25--70,0.25,0.7,200006,2000,3,9,13,0.056241949235609656,0.10652790517135946
25--70,0.25,0.7,200006,2000,4,9,13,0.010456672042181259,0.026499047855956803
25--70,0.25,0.7,200006,2000,5,9,13,-0.018546990050205436,-0.05355754326759943
25--70,0.25,0.7,200006,2000,6,9,13,-0.030951318540132333,-0.09365461504178363
25--70,0.25,0.7,200007,2000,1,10,13,-0.09626005904959356,-0.11564537001736364
25--70,0.25,0.7,200007,2000,2,10,13,-0.16289341846433258,-0.25624835579028815
25--70,0.25,0.7,200007,2000,3,10,13,-0.26816738062979006,-0.585730131982289
25--70,0.25,0.7,200007,2000,4,10,13,-0.34322298587740396,-0.9500186808279896
25--70,0.25,0.7,200007,2000,5,10,13,-0.37340861655892155,-1.1377412753895237
25--70,0.25,0.7,200007,2000,6,10,13,-0.38459096734049913,-1.210270294961047
25--70,0.25,0.7,200008,2000,1,10,13,-0.11510277606288855,-0.14012731029063863
25--70,0.25,0.7,200008,2000,2,10,13,-0.09768958289141849,-0.1496872009062722
25--70,0.25,0.7,200008,2000,3,10,13,-0.09064214774621371,-0.18614731025357267
25--70,0.25,0.7,200008,2000,4,10,13,-0.13681854298453222,-0.3601935725579537
25--70,0.25,0.7,200008,2000,5,10,13,-0.1685719369741514,-0.49391097731701183
25--70,0.25,0.7,200008,2000,6,10,13,-0.18233965842775723,-0.5542896810053799
25--70,0.25,0.7,200106,2001,1,9,13,-0.05265397757555956,-0.06238920353476152
25--70,0.25,0.7,200106,2001,2,9,13,-0.0381194077005621,-0.058080695482533695
25--70,0.25,0.7,200106,2001,3,9,13,-0.034179897624517896,-0.07113098126483042
25--70,0.25,0.7,200106,2001,4,9,13,-0.06572129401721283,-0.1782643865759974
25--70,0.25,0.7,200106,2001,5,9,13,-0.09226258148367927,-0.28223076913180467
25--70,0.25,0.7,200106,2001,6,9,13,-0.10469775633249478,-0.33438387391852675
25--70,0.25,0.7,200107,2001,1,10,13,-0.06659199384168746,-0.08175823807730831
25--70,0.25,0.7,200107,2001,2,10,13,-0.04974347177903471,-0.07740241439649331
25--70,0.25,0.7,200107,2001,3,10,13,-0.026516021980292126,-0.05520806200655404
25--70,0.25,0.7,200107,2001,4,10,13,-0.03293064093331466,-0.0861941734704299
25--70,0.25,0.7,200107,2001,5,10,13,-0.03873404203594144,-0.11113438001311149
25--70,0.25,0.7,200107,2001,6,10,13,-0.04057438456796203,-0.11992426297847913
25--70,0.25,0.7,200108,2001,1,10,13,-0.12137991238664425,-0.1576763696759218
25--70,0.25,0.7,200108,2001,2,10,13,-0.11755725945115825,-0.19223469909647228
25--70,0.25,0.7,200108,2001,3,10,13,-0.13012861165456036,-0.28411901632113956
25--70,0.25,0.7,200108,2001,4,10,13,-0.17069664645790705,-0.47713657730398484
25--70,0.25,0.7,200108,2001,5,10,13,-0.2013260555747145,-0.631422334920348
25--70,0.25,0.7,200108,2001,6,10,13,-0.215064494588464,-0.7031406186658105
25--70,0.25,0.7,200206,2002,1,9,13,0.01853143908231636,0.020134573207678308
25--70,0.25,0.7,200206,2002,2,9,13,-0.012597256611219354,-0.01769477367434069
25--70,0.25,0.7,200206,2002,3,9,13,-0.06014774119342825,-0.11741190097104992
25--70,0.25,0.7,200206,2002,4,9,13,-0.08266373628654167,-0.21342230344721536
25--70,0.25,0.7,200206,2002,5,9,13,-0.09080322526867601,-0.2665919974805373
25--70,0.25,0.7,200206,2002,6,9,13,-0.09409292126154734,-0.28965389921973195
25--70,0.25,0.7,200207,2002,1,10,13,0.22168527775853364,0.23901121662444513
25--70,0.25,0.7,200207,2002,2,10,13,0.2255274094817834,0.30481931748188495
25--70,0.25,0.7,200207,2002,3,10,13,0.2414051477246466,0.42745265286096323
25--70,0.25,0.7,200207,2002,4,10,13,0.24436355014996192,0.5338816807870002
25--70,0.25,0.7,200207,2002,5,10,13,0.23437283016653665,0.5595222644980824
25--70,0.25,0.7,200207,2002,6,10,13,0.2284747540705565,0.5620191166081492
25--70,0.25,0.7,200208,2002,1,10,13,-0.15479297341075227,-0.2018668675096169
25--70,0.25,0.7,200208,2002,2,10,13,-0.1815564493968116,-0.30623729186483706
25--70,0.25,0.7,200208,2002,3,10,13,-0.18629504288072063,-0.4194533332669148
25--70,0.25,0.7,200208,2002,4,10,13,-0.22252935168113253,-0.6370223853529184
25--70,0.25,0.7,200208,2002,5,10,13,-0.2542224659119944,-0.8137997705738309
25--70,0.25,0.7,200208,2002,6,10,13,-0.2680247135521726,-0.8928943188372163
25--70,0.25,0.7,200306,2003,1,9,13,-0.0808664219297599,-0.09569884887361058
25--70,0.25,0.7,200306,2003,2,9,13,-0.11389804263775272,-0.17640967055924017
25--70,0.25,0.7,200306,2003,3,9,13,-0.08857805388389228,-0.18363083735375563
25--70,0.25,0.7,200306,2003,4,9,13,-0.06810989536734857,-0.18008033950506874
25--70,0.25,0.7,200306,2003,5,9,13,-0.08059246081800131,-0.24054418013298662
25--70,0.25,0.7,200306,2003,6,9,13,-0.08996505591556081,-0.2811843997737036
25--70,0.25,0.7,200307,2003,1,10,13,-0.022905233467951813,-0.026300657771977765
25--70,0.25,0.7,200307,2003,2,10,13,-0.00770149356130323,-0.011249920114717593
25--70,0.25,0.7,200307,2003,3,10,13,-0.010176201484597858,-0.019959976816249725
25--70,0.25,0.7,200307,2003,4,10,13,-0.10438569818301946,-0.26487043133785093
25--70,0.25,0.7,200307,2003,5,10,13,-0.15683554139314837,-0.44345898202238576
25--70,0.25,0.7,200307,2003,6,10,13,-0.17730722864391724,-0.520121204451784
25--70,0.25,0.7,200308,2003,1,10,13,0.03266859801146493,0.03715048051814884
25--70,0.25,0.7,200308,2003,2,10,13,0.028166536777027407,0.04116470239343828
25--70,0.25,0.7,200308,2003,3,10,13,-0.0019305869576174972,-0.0038725957605745265
25--70,0.25,0.7,200308,2003,4,10,13,-0.07566835065560684,-0.198340744644387
25--70,0.25,0.7,200308,2003,5,10,13,-0.11040600071971685,-0.3243509607411932
25--70,0.25,0.7,200308,2003,6,10,13,-0.12310201375419472,-0.37626095706291895
25--70,0.25,0.7,200406,2004,1,9,13,0.08251996560931163,0.09495986258854572
25--70,0.25,0.7,200406,2004,2,9,13,0.1336035937503064,0.19406340892299578
25--70,0.25,0.7,200406,2004,3,9,13,0.19603734584397126,0.3729117038400447
25--70,0.25,0.7,200406,2004,4,9,13,0.1966517148626865,0.47253969226699066
25--70,0.25,0.7,200406,2004,5,9,13,0.17360900913238075,0.4670999104353619
25--70,0.25,0.7,200406,2004,6,9,13,0.16074076270126114,0.4509082675636469
25--70,0.25,0.7,200407,2004,1,10,13,0.05794374499003707,0.06697667268934726
25--70,0.25,0.7,200407,2004,2,10,13,0.02006825420991798,0.030223390120439397
25--70,0.25,0.7,200407,2004,3,10,13,-0.0524052747851379,-0.10910282209834277
25--70,0.25,0.7,200407,2004,4,10,13,-0.14193945977325118,-0.37917715291181064
25--70,0.25,0.7,200407,2004,5,10,13,-0.1907324065957111,-0.5668251972049623
25--70,0.25,0.7,200407,2004,6,10,13,-0.21084698308953476,-0.6503481805237046
25--70,0.25,0.7,200408,2004,1,10,13,-0.048785348353437286,-0.05594096819072414
25--70,0.25,0.7,200408,2004,2,10,13,-0.06008081131656984,-0.08768127658278724
25--70,0.25,0.7,200408,2004,3,10,13,-0.11256672932225131,-0.2242003325900015
25--70,0.25,0.7,200408,2004,4,10,13,-0.23128938876863847,-0.6206525518576402
25--70,0.25,0.7,200408,2004,5,10,13,-0.2947838543765353,-0.9102905360538536
25--70,0.25,0.7,200408,2004,6,10,13,-0.3197198581268894,-1.039579629207772
25--70,0.25,0.7,200506,2005,1,9,13,-0.0862295945319842,-0.10658048916603224
25--70,0.25,0.7,200506,2005,2,9,13,-0.08731641122050637,-0.1419954909990433
25--70,0.25,0.7,200506,2005,3,9,13,-0.08326668488972322,-0.1882105687340161
25--70,0.25,0.7,200506,2005,4,9,13,-0.11134565642986638,-0.3290346183369852
25--70,0.25,0.7,200506,2005,5,9,13,-0.13957194565000108,-0.4662244301828169
25--70,0.25,0.7,200506,2005,6,9,13,-0.1530734971218698,-0.5345322343054653
25--70,0.25,0.7,200507,2005,1,10,13,-0.10183054773255806,-0.12144798838717463
25--70,0.25,0.7,200507,2005,2,10,13,-0.16988773873741025,-0.2657803323744985
25--70,0.25,0.7,200507,2005,3,10,13,-0.23550056249823248,-0.5062516416448561
25--70,0.25,0.7,200507,2005,4,10,13,-0.2823583494687669,-0.762983005462158
25--70,0.25,0.7,200507,2005,5,10,13,-0.3056042533668747,-0.9056542795126896
25--70,0.25,0.7,200507,2005,6,10,13,-0.31502225337243117,-0.9626020031903693
25--70,0.25,0.7,200508,2005,1,10,13,0.015722106103592592,0.017849254086091726
25--70,0.25,0.7,200508,2005,2,10,13,0.0240122373192031,0.03440322111385319
25--70,0.25,0.7,200508,2005,3,10,13,-0.010946627632703043,-0.021145255574038124
25--70,0.25,0.7,200508,2005,4,10,13,-0.10905166458899707,-0.27325078209962417
25--70,0.25,0.7,200508,2005,5,10,13,-0.16396040333848771,-0.4609185832647462
25--70,0.25,0.7,200508,2005,6,10,13,-0.1862069272691883,-0.5450268433610521
25--70,0.25,0.7,200606,2006,1,9,13,-0.09132207881135435,-0.10841253332940104
25--70,0.25,0.7,200606,2006,2,9,13,-0.03537773121962895,-0.05358129794897293
25--70,0.25,0.7,200606,2006,3,9,13,0.02683231644739248,0.05521762083711668
25--70,0.25,0.7,200606,2006,4,9,13,-0.003043325796375007,-0.008292685893295904
25--70,0.25,0.7,200606,2006,5,9,13,-0.04305477634503241,-0.1342331972089319
25--70,0.25,0.7,200606,2006,6,9,13,-0.061923845446141046,-0.20291812744522986
25--70,0.25,0.7,200607,2006,1,10,13,0.06565839724737077,0.07229965997589316
25--70,0.25,0.7,200607,2006,2,10,13,0.05201603457780979,0.0730583368403881
25--70,0.25,0.7,200607,2006,3,10,13,-0.003668960676020183,-0.0069893439018313686
25--70,0.25,0.7,200607,2006,4,10,13,-0.03571148180573547,-0.08519097919887031
25--70,0.25,0.7,200607,2006,5,10,13,-0.03960490700807495,-0.10330950042285103
25--70,0.25,0.7,200607,2006,6,10,13,-0.03854060235441381,-0.10349391683899434
25--70,0.25,0.7,200608,2006,1,10,13,-0.11687609119180231,-0.13823882418162636
25--70,0.25,0.7,200608,2006,2,10,13,-0.16230334867891238,-0.24680186489628353
25--70,0.25,0.7,200608,2006,3,10,13,-0.21362457445793503,-0.44031054604167563
25--70,0.25,0.7,200608,2006,4,10,13,-0.2441813905907233,-0.6301211420313111
25--70,0.25,0.7,200608,2006,5,10,13,-0.25127954392092033,-0.7069277690508553
25--70,0.25,0.7,200608,2006,6,10,13,-0.2527846476901241,-0.7308949708093415
25--70,0.25,0.7,200706,2007,1,9,13,0.15849354548479044,0.17467066588756675
25--70,0.25,0.7,200706,2007,2,9,13,0.16986298358539043,0.2370069717367742
25--70,0.25,0.7,200706,2007,3,9,13,0.15468151002457775,0.2947870394130394
25--70,0.25,0.7,200706,2007,4,9,13,0.0671128242840402,0.17246285714063792
25--70,0.25,0.7,200706,2007,5,9,13,0.0042838440003327705,0.012717829408309456
25--70,0.25,0.7,200706,2007,6,9,13,-0.023114567614400006,-0.07242978710031966
25--70,0.25,0.7,200707,2007,1,10,13,-0.08901093481886635,-0.10670567058367242
25--70,0.25,0.7,200707,2007,2,10,13,-0.07974376599875632,-0.12049166512190546
25--70,0.25,0.7,200707,2007,3,10,13,-0.0875344751858802,-0.1759780316559687
25--70,0.25,0.7,200707,2007,4,10,13,-0.14341227093360187,-0.36675312972444907
25--70,0.25,0.7,200707,2007,5,10,13,-0.175188277940595,-0.4967352594444243
25--70,0.25,0.7,200707,2007,6,10,13,-0.18804995566450022,-0.5525417785778677
25--70,0.25,0.7,200708,2007,1,10,13,0.031102928679566766,0.03620109669131244
25--70,0.25,0.7,200708,2007,2,10,13,-0.006357114127920616,-0.009714160394890037
25--70,0.25,0.7,200708,2007,3,10,13,-0.06444747837537157,-0.13684129744715445
25--70,0.25,0.7,200708,2007,4,10,13,-0.13798892200254675,-0.3776172237264488
25--70,0.25,0.7,200708,2007,5,10,13,-0.1791473490124399,-0.5470439674531686
25--70,0.25,0.7,200708,2007,6,10,13,-0.19635994725416472,-0.6233563215844047
25--70,0.25,0.7,200806,2008,1,9,13,0.10478687106582707,0.11181485621896847
25--70,0.25,0.7,200806,2008,2,9,13,0.10418798716770539,0.14264904521748845
25--70,0.25,0.7,200806,2008,3,9,13,0.11914433853347539,0.21894711056936877
25--70,0.25,0.7,200806,2008,4,9,13,0.09067366757580064,0.21609723342832954
25--70,0.25,0.7,200806,2008,5,9,13,0.05971265766871414,0.1612013418271001
25--70,0.25,0.7,200806,2008,6,9,13,0.04448560118288625,0.12578163867455228
25--70,0.25,0.7,200807,2008,1,10,13,0.013262706419902015,0.015487806051157182
25--70,0.25,0.7,200807,2008,2,10,13,0.028424835160227424,0.04165633693105297
25--70,0.25,0.7,200807,2008,3,10,13,-0.0011833564234360328,-0.002333611276177816
25--70,0.25,0.7,200807,2008,4,10,13,-0.054472631119339976,-0.13647903948355378
25--70,0.25,0.7,200807,2008,5,10,13,-0.07283800608259838,-0.2004390925383852
25--70,0.25,0.7,200807,2008,6,10,13,-0.07836757228378943,-0.22221230888253274
25--70,0.25,0.7,200808,2008,1,10,13,0.017071588155046946,0.02035353769931003
25--70,0.25,0.7,200808,2008,2,10,13,-0.016977537366675288,-0.0260877349123958
25--70,0.25,0.7,200808,2008,3,10,13,-0.0853343747127322,-0.1813889398183064
25--70,0.25,0.7,200808,2008,4,10,13,-0.16362200390543558,-0.44976703867504764
25--70,0.25,0.7,200808,2008,5,10,13,-0.20218949907553507,-0.6179631113667483
25--70,0.25,0.7,200808,2008,6,10,13,-0.21767383194730472,-0.6896540406581044
25--70,0.25,0.7,200906,2009,1,9,13,0.07514848313856626,0.0906019992390279
25--70,0.25,0.7,200906,2009,2,9,13,0.11631233332005952,0.18307517933011264
25--70,0.25,0.7,200906,2009,3,9,13,0.1305760966271483,0.2918682063368392
25--70,0.25,0.7,200906,2009,4,9,13,0.08305073622363879,0.2511003754209238
25--70,0.25,0.7,200906,2009,5,9,13,0.05197302611657695,0.17922910657271096
25--70,0.25,0.7,200906,2009,6,9,13,0.03899141738212708,0.14087115928106453
25--70,0.25,0.7,200907,2009,1,10,13,-0.001428738398834728,-0.0016818350889713507
25--70,0.25,0.7,200907,2009,2,10,13,-0.024197714112187185,-0.03681126258349332
25--70,0.25,0.7,200907,2009,3,10,13,-0.09856772187438323,-0.20868454382081492
25--70,0.25,0.7,200907,2009,4,10,13,-0.19079890396124888,-0.5318059373369737
25--70,0.25,0.7,200907,2009,5,10,13,-0.22992166264897718,-0.7201503526691093
25--70,0.25,0.7,200907,2009,6,10,13,-0.2437950686397744,-0.7949351477376014
25--70,0.25,0.7,200908,2009,1,10,13,-0.201273209210296,-0.2705879984799222
25--70,0.25,0.7,200908,2009,2,10,13,-0.2118827295846053,-0.36335772954677026
25--70,0.25,0.7,200908,2009,3,10,13,-0.23117416187678652,-0.5374867933199359
25--70,0.25,0.7,200908,2009,4,10,13,-0.2427652408530443,-0.7236125967948608
25--70,0.25,0.7,200908,2009,5,10,13,-0.247066015973178,-0.8175392699595276
25--70,0.25,0.7,200908,2009,6,10,13,-0.24893967483941848,-0.8536939885480548
25--70,0.25,0.7,201006,2010,1,9,13,0.016633336206338223,0.018572772068822463
25--70,0.25,0.7,201006,2010,2,9,13,0.05543456597463137,0.07792547935043892
25--70,0.25,0.7,201006,2010,3,9,13,0.13537897135199484,0.24604991328431236
25--70,0.25,0.7,201006,2010,4,9,13,0.143897544302672,0.33229559665293706
25--70,0.25,0.7,201006,2010,5,9,13,0.10933839079549879,0.28692555973185385
25--70,0.25,0.7,201006,2010,6,9,13,0.08948549577333353,0.24685758809881708
25--70,0.25,0.7,201007,2010,1,10,13,0.012687978195768279,0.01435146998574588
25--70,0.25,0.7,201007,2010,2,10,13,-0.0010858643960549585,-0.0015542695822321484
25--70,0.25,0.7,201007,2010,3,10,13,-0.06303597790680593,-0.12206816774015827
25--70,0.25,0.7,201007,2010,4,10,13,-0.16110352976230147,-0.4046333803475397
25--70,0.25,0.7,201007,2010,5,10,13,-0.2060822095667305,-0.5779421113805396
25--70,0.25,0.7,201007,2010,6,10,13,-0.22279944141612817,-0.6487600190184137
25--70,0.25,0.7,201008,2010,1,10,13,0.027927511070861444,0.03446380770173185
25--70,0.25,0.7,201008,2010,2,10,13,-0.0050674171970752635,-0.008304025305898133
25--70,0.25,0.7,201008,2010,3,10,13,-0.09090088611654257,-0.21486552510595658
25--70,0.25,0.7,201008,2010,4,10,13,-0.1735712531857594,-0.5426664553569776
25--70,0.25,0.7,201008,2010,5,10,13,-0.20090056041282123,-0.702184366082335
25--70,0.25,0.7,201008,2010,6,10,13,-0.2094661038977228,-0.7600106654732937
25--70,0.25,0.7,201106,2011,1,9,13,-0.023268017645927896,-0.02611634901550408
25--70,0.25,0.7,201106,2011,2,9,13,-0.03362603852721302,-0.04874338539014067
25--70,0.25,0.7,201106,2011,3,9,13,-0.0373944506281525,-0.07420639086479808
25--70,0.25,0.7,201106,2011,4,9,13,-0.09632426263088312,-0.25658334561294716
25--70,0.25,0.7,201106,2011,5,9,13,-0.1421779125409255,-0.43539726534919687
25--70,0.25,0.7,201106,2011,6,9,13,-0.1618676224779385,-0.5216638289911444
25--70,0.25,0.7,201107,2011,1,10,13,-0.05435060253176227,-0.06504941797895958
25--70,0.25,0.7,201107,2011,2,10,13,-0.07950800922211732,-0.12299196480414532
25--70,0.25,0.7,201107,2011,3,10,13,-0.09649051625727911,-0.20291539278401816
25--70,0.25,0.7,201107,2011,4,10,13,-0.14104153125087526,-0.3797611409262567
25--70,0.25,0.7,201107,2011,5,10,13,-0.16755235268038493,-0.49975848456525984
25--70,0.25,0.7,201107,2011,6,10,13,-0.17838422444605806,-0.550578393322354
25--70,0.25,0.7,201108,2011,1,10,13,0.01603339932257497,0.018163341407948952
25--70,0.25,0.7,201108,2011,2,10,13,0.04488101080241469,0.0640316573761841
25--70,0.25,0.7,201108,2011,3,10,13,0.03953979068301661,0.07562681480153888
25--70,0.25,0.7,201108,2011,4,10,13,-0.0358740288063889,-0.0882713653518028
25--70,0.25,0.7,201108,2011,5,10,13,-0.07270667549354448,-0.19847227204568618
25--70,0.25,0.7,201108,2011,6,10,13,-0.08606724640947128,-0.24314623895983445
25--70,0.25,0.7,201206,2012,1,9,13,-0.19179610008756665,-0.22996609710427407
25--70,0.25,0.7,201206,2012,2,9,13,-0.26835562995805207,-0.4315516816145166
25--70,0.25,0.7,201206,2012,3,9,13,-0.3500472490227654,-0.8146728709037103
25--70,0.25,0.7,201206,2012,4,9,13,-0.39837656056397386,-1.2607611611663962
25--70,0.25,0.7,201206,2012,5,9,13,-0.416431191193394,-1.5060087257707568
25--70,0.25,0.7,201206,2012,6,9,13,-0.4227887084177575,-1.6026225871452615
25--70,0.25,0.7,201207,2012,1,10,13,-0.12619382719917138,-0.14905587977534607
25--70,0.25,0.7,201207,2012,2,10,13,-0.16987813108305727,-0.26355776912345474
25--70,0.25,0.7,201207,2012,3,10,13,-0.23781655726214035,-0.5140025694878774
25--70,0.25,0.7,201207,2012,4,10,13,-0.28046649908301213,-0.7615037112764442
25--70,0.25,0.7,201207,2012,5,10,13,-0.2968110494500714,-0.8797668901461106
25--70,0.25,0.7,201207,2012,6,10,13,-0.30314325171951584,-0.9246693139445288
25--70,0.25,0.7,201208,2012,1,10,13,-0.18666883760752118,-0.23069026999818876
25--70,0.25,0.7,201208,2012,2,10,13,-0.24131819034808555,-0.3843219729138596
25--70,0.25,0.7,201208,2012,3,10,13,-0.33630411615011235,-0.744524488075097
25--70,0.25,0.7,201208,2012,4,10,13,-0.4032824920162532,-1.1690833931673463
25--70,0.25,0.7,201208,2012,5,10,13,-0.42258529781053533,-1.3685293994726848
25--70,0.25,0.7,201208,2012,6,10,13,-0.42815585695757574,-1.4395654000306948
25--70,0.25,0.7,201306,2013,1,9,13,0.038875250554401664,0.04193112996125503
25--70,0.25,0.7,201306,2013,2,9,13,0.06720091223126645,0.09049818585031266
25--70,0.25,0.7,201306,2013,3,9,13,0.1140443697757203,0.20288498341172678
25--70,0.25,0.7,201306,2013,4,9,13,0.09410100243941932,0.21887239840700268
25--70,0.25,0.7,201306,2013,5,9,13,0.06834888002945583,0.18026595777443255
25--70,0.25,0.7,201306,2013,6,9,13,0.056512022654752636,0.1559776274962683
25--70,0.25,0.7,201307,2013,1,10,13,0.00499472742300533,0.005689529883770028
25--70,0.25,0.7,201307,2013,2,10,13,-0.005060405030257953,-0.0073546790679484
25--70,0.25,0.7,201307,2013,3,10,13,-0.044526194915031625,-0.08711849769849023
25--70,0.25,0.7,201307,2013,4,10,13,-0.08993858234693164,-0.21781584607256566
25--70,0.25,0.7,201307,2013,5,10,13,-0.10709229868629,-0.28159493308260775
25--70,0.25,0.7,201307,2013,6,10,13,-0.11276262017767202,-0.304424283453546
25--70,0.25,0.7,201308,2013,1,10,13,-0.015362653208085053,-0.018329260805724612
25--70,0.25,0.7,201308,2013,2,10,13,-0.06599288814574789,-0.10255035961415349
25--70,0.25,0.7,201308,2013,3,10,13,-0.13400809227930144,-0.2845303789217253
25--70,0.25,0.7,201308,2013,4,10,13,-0.21338402052415906,-0.5726592670584809
25--70,0.25,0.7,201308,2013,5,10,13,-0.252843001697159,-0.749760135867902
25--70,0.25,0.7,201308,2013,6,10,13,-0.2687823415363664,-0.8252779189900341
25--70,0.25,0.7,201406,2014,1,9,13,0.05426869957191749,0.058772044761482345
25--70,0.25,0.7,201406,2014,2,9,13,0.06071576966888714,0.08458852187539323
25--70,0.25,0.7,201406,2014,3,9,13,0.0751255839319982,0.1412760161912705
25--70,0.25,0.7,201406,2014,4,9,13,0.08076853517711591,0.19833610212653063
25--70,0.25,0.7,201406,2014,5,9,13,0.07611755264210562,0.21276960689035018
25--70,0.25,0.7,201406,2014,6,9,13,0.07256704261345126,0.21282408449696177
25--70,0.25,0.7,201407,2014,1,10,13,-0.06120527808076659,-0.06914169224942679
25--70,0.25,0.7,201407,2014,2,10,13,-0.0808017817466199,-0.11718362528603254
25--70,0.25,0.7,201407,2014,3,10,13,-0.08260587561132293,-0.16051936279468437
25--70,0.25,0.7,201407,2014,4,10,13,-0.12728884764561121,-0.3194562642059964
25--70,0.25,0.7,201407,2014,5,10,13,-0.15900898786705164,-0.447593069584598
25--70,0.25,0.7,201407,2014,6,10,13,-0.17218594373785356,-0.5045091140404248
25--70,0.25,0.7,201408,2014,1,10,13,-0.01799600289137837,-0.020703318823976247
25--70,0.25,0.7,201408,2014,2,10,13,-0.0001386135213049533,-0.00020053377505435677
25--70,0.25,0.7,201408,2014,3,10,13,0.04431183824294638,0.0846551880469879
25--70,0.25,0.7,201408,2014,4,10,13,0.05287473991149705,0.13069475441945322
25--70,0.25,0.7,201408,2014,5,10,13,0.04371515235121737,0.1217354397096404
25--70,0.25,0.7,201408,2014,6,10,13,0.03956890280957204,0.11489720448187324
25--70,0.25,0.7,201606,2016,1,9,13,0.04588551410679842,0.05265726379164448
25--70,0.25,0.7,201606,2016,2,9,13,0.06974258521179855,0.1035056274721855
25--70,0.25,0.7,201606,2016,3,9,13,0.08586875540763494,0.17554978429011037
25--70,0.25,0.7,201606,2016,4,9,13,0.034287828923055264,0.09402147986383014
25--70,0.25,0.7,201606,2016,5,9,13,-0.008885515072686756,-0.028045181324110047
25--70,0.25,0.7,201606,2016,6,9,13,-0.0281846836365216,-0.09372790909973716
25--70,0.25,0.7,201607,2016,1,10,13,0.12075140515513949,0.13178293367509264
25--70,0.25,0.7,201607,2016,2,10,13,0.09379958907893649,0.13191079892227497
25--70,0.25,0.7,201607,2016,3,10,13,0.02488321728707188,0.048194017376189
25--70,0.25,0.7,201607,2016,4,10,13,-0.04580895988715905,-0.1130708332717898
25--70,0.25,0.7,201607,2016,5,10,13,-0.07671719243200315,-0.20841653483345013
25--70,0.25,0.7,201607,2016,6,10,13,-0.08864116845267189,-0.24854104299622826
25--70,0.25,0.7,201608,2016,1,10,13,0.09974822375998227,0.10610828679272899
25--70,0.25,0.7,201608,2016,2,10,13,0.10889254564560136,0.14383807130774562
25--70,0.25,0.7,201608,2016,3,10,13,0.10715488361152836,0.18222468682873716
25--70,0.25,0.7,201608,2016,4,10,13,0.0985889533209452,0.20387893639100785
25--70,0.25,0.7,201608,2016,5,10,13,0.09292515498833742,0.20903524545543917
25--70,0.25,0.7,201608,2016,6,10,13,0.09009834710133657,0.20861854269100366
25--70,0.25,0.7,201706,2017,1,9,13,-0.03381476557291696,-0.03833138766110178
25--70,0.25,0.7,201706,2017,2,9,13,-0.04503771395853007,-0.06687630087022889
25--70,0.25,0.7,201706,2017,3,9,13,-0.04510716694052741,-0.09194522262122895
25--70,0.25,0.7,201706,2017,4,9,13,-0.07797020968717128,-0.21176983247256143
25--70,0.25,0.7,201706,2017,5,9,13,-0.10938761026110122,-0.34282344517480023
25--70,0.25,0.7,201706,2017,6,9,13,-0.12398028446201992,-0.4103218711229353
25--70,0.25,0.7,201707,2017,1,10,13,-0.11400448688673326,-0.13715490947346698
25--70,0.25,0.7,201707,2017,2,10,13,-0.11877235792066321,-0.1825773530153283
25--70,0.25,0.7,201707,2017,3,10,13,-0.16592199151833242,-0.34759017645734813
25--70,0.25,0.7,201707,2017,4,10,13,-0.23744617707989646,-0.6281769353074518
25--70,0.25,0.7,201707,2017,5,10,13,-0.2706299109687954,-0.7847267550494221
25--70,0.25,0.7,201707,2017,6,10,13,-0.28298395681996513,-0.8452737308357676
25--70,0.25,0.7,201708,2017,1,10,13,-0.06968679432516356,-0.08365368991514499
25--70,0.25,0.7,201708,2017,2,10,13,-0.0691493984209518,-0.10610602565086369
25--70,0.25,0.7,201708,2017,3,10,13,-0.06297754338330974,-0.13079952424418018
25--70,0.25,0.7,201708,2017,4,10,13,-0.08619570298717893,-0.22802746402460006
25--70,0.25,0.7,201708,2017,5,10,13,-0.10662152533559699,-0.31261126379531223
25--70,0.25,0.7,201708,2017,6,10,13,-0.11593668564365178,-0.35202914029508214
25--70,0.25,0.7,201806,2018,1,9,13,-0.09038178457093371,-0.10768413037864422
25--70,0.25,0.7,201806,2018,2,9,13,-0.08471580265059964,-0.12922718041949244
25--70,0.25,0.7,201806,2018,3,9,13,-0.0515989974439669,-0.10489867990565482
25--70,0.25,0.7,201806,2018,4,9,13,-0.0724426554948916,-0.19120655374616558
25--70,0.25,0.7,201806,2018,5,9,13,-0.10626607914784003,-0.319560646115991
25--70,0.25,0.7,201806,2018,6,9,13,-0.12296868234989322,-0.3885021812669933
25--70,0.25,0.7,201807,2018,1,10,13,-0.10241453532993106,-0.114320523330814
25--70,0.25,0.7,201807,2018,2,10,13,-0.15955706115924173,-0.22504606409970407
25--70,0.25,0.7,201807,2018,3,10,13,-0.2391919387288416,-0.4457812163155408
25--70,0.25,0.7,201807,2018,4,10,13,-0.3089440880971156,-0.711849348621818
25--70,0.25,0.7,201807,2018,5,10,13,-0.3430601026615787,-0.8615488569048013
25--70,0.25,0.7,201807,2018,6,10,13,-0.3571704607219013,-0.9226887228381866
25--70,0.25,0.7,201808,2018,1,10,13,-0.07603316123090631,-0.08632671074947984
25--70,0.25,0.7,201808,2018,2,10,13,-0.09851140672302994,-0.13931917382527192
25--70,0.25,0.7,201808,2018,3,10,13,-0.15394717766895705,-0.2844222389101061
25--70,0.25,0.7,201808,2018,4,10,13,-0.260449890725828,-0.6127306978612181
25--70,0.25,0.7,201808,2018,5,10,13,-0.323326260964801,-0.8542582802949332
25--70,0.25,0.7,201808,2018,6,10,13,-0.34959199098878635,-0.9642502486694378
25--70,0.25,0.7,201906,2019,1,9,13,-0.11646971888124436,-0.13956771853846073
25--70,0.25,0.7,201906,2019,2,9,13,-0.14139641226894395,-0.2204933849075168
25--70,0.25,0.7,201906,2019,3,9,13,-0.1753566740758168,-0.38274697732288754
25--70,0.25,0.7,201906,2019,4,9,13,-0.1962378994984152,-0.5758480407606976
25--70,0.25,0.7,201906,2019,5,9,13,-0.207917030715418,-0.6999861686836395
25--70,0.25,0.7,201906,2019,6,9,13,-0.2129628490430875,-0.7540253410095037
25--70,0.25,0.7,201907,2019,1,10,13,0.05816598003012574,0.06660153993184714
25--70,0.25,0.7,201907,2019,2,10,13,0.052677734475085725,0.07653546928248911
25--70,0.25,0.7,201907,2019,3,10,13,0.04111135680553546,0.08035451667333993
25--70,0.25,0.7,201907,2019,4,10,13,0.005817193811696431,0.014501163738278144
25--70,0.25,0.7,201907,2019,5,10,13,-0.020913400996504072,-0.05792062465584458
25--70,0.25,0.7,201907,2019,6,10,13,-0.032981326664773825,-0.09471500404534439
25--70,0.25,0.7,201908,2019,1,10,13,-0.11278890113575846,-0.14226810321276462
25--70,0.25,0.7,201908,2019,2,10,13,-0.10299509982139676,-0.16288453869626895
25--70,0.25,0.7,201908,2019,3,10,13,-0.10029792351186395,-0.2100028586086755
25--70,0.25,0.7,201908,2019,4,10,13,-0.16778641735797784,-0.45845884583786667
25--70,0.25,0.7,201908,2019,5,10,13,-0.21660366070464698,-0.6721337930849698
25--70,0.25,0.7,201908,2019,6,10,13,-0.23768371682121459,-0.772621379278803
25--70,0.25,0.7,202006,2020,1,9,13,-0.09336903955553022,-0.11137611372232392
25--70,0.25,0.7,202006,2020,2,9,13,-0.07957044327519658,-0.1227726523106556
25--70,0.25,0.7,202006,2020,3,9,13,-0.10398085452739037,-0.22654630125550135
25--70,0.25,0.7,202006,2020,4,9,13,-0.1512099749495146,-0.44818958242823204
25--70,0.25,0.7,202006,2020,5,9,13,-0.16711450727793808,-0.565841380447087
25--70,0.25,0.7,202006,2020,6,9,13,-0.1722402507675953,-0.6111318397147132
25--70,0.25,0.7,202007,2020,1,10,13,-0.010893264720314377,-0.011766495851930792
25--70,0.25,0.7,202007,2020,2,10,13,-0.06611089541664983,-0.09134833437756873
25--70,0.25,0.7,202007,2020,3,10,13,-0.13217674485199982,-0.24980097818564495
25--70,0.25,0.7,202007,2020,4,10,13,-0.1792631697327668,-0.44319791101275907
25--70,0.25,0.7,202007,2020,5,10,13,-0.20237464106396663,-0.5634166662970106
25--70,0.25,0.7,202007,2020,6,10,13,-0.21217808212861444,-0.6160665307489213
25--70,0.25,0.7,202008,2020,1,10,13,0.010247011871808542,0.012137862590258397
25--70,0.25,0.7,202008,2020,2,10,13,-0.013201729218217162,-0.020562276582144712
25--70,0.25,0.7,202008,2020,3,10,13,-0.05824275346164787,-0.12513762474169443
25--70,0.25,0.7,202008,2020,4,10,13,-0.09469003150567834,-0.25427154327020496
25--70,0.25,0.7,202008,2020,5,10,13,-0.10762258198511943,-0.31467119675799626
25--70,0.25,0.7,202008,2020,6,10,13,-0.11160627793539601,-0.33524309915119943
25--70,0.25,0.7,202106,2021,1,9,13,-0.13434651663194153,-0.1637828388171152
25--70,0.25,0.7,202106,2021,2,9,13,-0.11265387517807057,-0.1754818576101953
25--70,0.25,0.7,202106,2021,3,9,13,-0.09415466942315387,-0.20012355928793157
25--70,0.25,0.7,202106,2021,4,9,13,-0.12260662670474398,-0.3448266227714143
25--70,0.25,0.7,202106,2021,5,9,13,-0.15546500205405667,-0.500175900865
25--70,0.25,0.7,202106,2021,6,9,13,-0.17128434902143364,-0.579259354259678
25--70,0.25,0.7,202107,2021,1,10,13,-0.08619093361151409,-0.0977017203027648
25--70,0.25,0.7,202107,2021,2,10,13,-0.08194699798068117,-0.1173765318084583
25--70,0.25,0.7,202107,2021,3,10,13,-0.07991284117967667,-0.14990019493766393
25--70,0.25,0.7,202107,2021,4,10,13,-0.10783312787176802,-0.24825886614357273
25--70,0.25,0.7,202107,2021,5,10,13,-0.12789421749299368,-0.320224721365423
25--70,0.25,0.7,202107,2021,6,10,13,-0.13650733024796957,-0.35120445087398
25--70,0.25,0.7,202108,2021,1,10,13,-0.03540660438537424,-0.043380149887548125
25--70,0.25,0.7,202108,2021,2,10,13,-0.04741876694639491,-0.07556918418919789
25--70,0.25,0.7,202108,2021,3,10,13,-0.06305530746614518,-0.13891570670667264
25--70,0.25,0.7,202108,2021,4,10,13,-0.08592747870066375,-0.24579880991158642
25--70,0.25,0.7,202108,2021,5,10,13,-0.0932439062368915,-0.29763076660634447
25--70,0.25,0.7,202108,2021,6,10,13,-0.09517538135273496,-0.3153262707418003
25--70,0.25,0.7,202306,2023,1,9,13,-0.08253608924897327,-0.10115852985454854
25--70,0.25,0.7,202306,2023,2,9,13,-0.07682864746567408,-0.12087969676518906
25--70,0.25,0.7,202306,2023,3,9,13,-0.03465761394148592,-0.07317653450832395
25--70,0.25,0.7,202306,2023,4,9,13,0.001832623992510829,0.004958060955734034
25--70,0.25,0.7,202306,2023,5,9,13,-0.0004244985004822066,-0.0012939191697727281
25--70,0.25,0.7,202306,2023,6,9,13,-0.005127998402925882,-0.016335838316161144
25--70,0.25,0.7,202307,2023,1,10,13,-0.09586232520977489,-0.11453448916889064
25--70,0.25,0.7,202307,2023,2,10,13,-0.16946550426905105,-0.27244474342849756
25--70,0.25,0.7,202307,2023,3,10,13,-0.26539802336545304,-0.6138174338367173
25--70,0.25,0.7,202307,2023,4,10,13,-0.3307101117405886,-0.9882628029441571
25--70,0.25,0.7,202307,2023,5,10,13,-0.3519141833833008,-1.1569577489388543
25--70,0.25,0.7,202307,2023,6,10,13,-0.35859431802547537,-1.2148970072451508
25--70,0.25,0.7,202308,2023,1,10,13,-0.2738161482000071,-0.3693645267532726
25--70,0.25,0.7,202308,2023,2,10,13,-0.31994254306032044,-0.5550448254631135
25--70,0.25,0.7,202308,2023,3,10,13,-0.3834041789507733,-0.9127907278637961
25--70,0.25,0.7,202308,2023,4,10,13,-0.4389467135045999,-1.3569205259721322
25--70,0.25,0.7,202308,2023,5,10,13,-0.46337451684598396,-1.6032508850052976
25--70,0.25,0.7,202308,2023,6,10,13,-0.47237288488424334,-1.698878396983858
25--70,0.25,0.7,202406,2024,1,9,13,-0.07615370925212672,-0.0901269433427121
25--70,0.25,0.7,202406,2024,2,9,13,-0.11531051749537424,-0.1802641947134247
25--70,0.25,0.7,202406,2024,3,9,13,-0.14981882977100147,-0.33069230784294623
25--70,0.25,0.7,202406,2024,4,9,13,-0.18258518567062554,-0.5450625684539006
25--70,0.25,0.7,202406,2024,5,9,13,-0.2018773094843288,-0.6924878200300313
25--70,0.25,0.7,202406,2024,6,9,13,-0.21009442232205933,-0.7579800340669616
25--70,0.25,0.7,202407,2024,1,10,13,0.13932348687878027,0.15312250567772256
25--70,0.25,0.7,202407,2024,2,10,13,0.15616073649972884,0.2177980106544939
25--70,0.25,0.7,202407,2024,3,10,13,0.14491094042074448,0.27072514152348637
25--70,0.25,0.7,202407,2024,4,10,13,0.07369038202575173,0.17319587027237748
25--70,0.25,0.7,202407,2024,5,10,13,0.032548890300758915,0.08413339774114093
25--70,0.25,0.7,202407,2024,6,10,13,0.015691997516999567,0.04187359713309924
25--70,0.25,0.7,202408,2024,1,10,13,0.051532738560382096,0.05837526885879285
25--70,0.25,0.7,202408,2024,2,10,13,0.02347581598170856,0.03399371191610179
25--70,0.25,0.7,202408,2024,3,10,13,-0.012346525741941061,-0.023946787762905153
25--70,0.25,0.7,202408,2024,4,10,13,-0.05565809985374148,-0.134516878995683
25--70,0.25,0.7,202408,2024,5,10,13,-0.07596692993372922,-0.2007415860576902
25--70,0.25,0.7,202408,2024,6,10,13,-0.08382536366291338,-0.2281146058821255
25--70,0.25,0.7,202506,2025,1,9,13,-0.08865793169074565,-0.10042453146294328
25--70,0.25,0.7,202506,2025,2,9,13,-0.11091521188935671,-0.1666163628174102
25--70,0.25,0.7,202506,2025,3,9,13,-0.12970210951169103,-0.27588280703944523
25--70,0.25,0.7,202506,2025,4,9,13,-0.18518753208434224,-0.5344737914963416
25--70,0.25,0.7,202506,2025,5,9,13,-0.22590649194758272,-0.7509259686578176
25--70,0.25,0.7,202506,2025,6,9,13,-0.2437616827062694,-0.8533552963937705
25--70,0.25,0.7,202507,2025,1,10,13,-0.08994269418067347,-0.10236966086724619
25--70,0.25,0.7,202507,2025,2,10,13,-0.10448630851124374,-0.14747441871483113
25--70,0.25,0.7,202507,2025,3,10,13,-0.10423643187223741,-0.18830154787244702
25--70,0.25,0.7,202507,2025,4,10,13,-0.07762682328791204,-0.16776169591826573
25--70,0.25,0.7,202507,2025,5,10,13,-0.05707317231538944,-0.1322509502053295
25--70,0.25,0.7,202507,2025,6,10,13,-0.04761753844060557,-0.11273977126759593
25--70,0.25,0.7,202508,2025,1,10,13,-0.10592505013328479,-0.1268318421125456
25--70,0.25,0.7,202508,2025,2,10,13,-0.12916902179972267,-0.19604211649759762
25--70,0.25,0.7,202508,2025,3,10,13,-0.17051240822922364,-0.34296029029572317
25--70,0.25,0.7,202508,2025,4,10,13,-0.22203961505773084,-0.5570959556452921
25--70,0.25,0.7,202508,2025,5,10,13,-0.24546813402558798,-0.6747863522544346
25--70,0.25,0.7,202508,2025,6,10,13,-0.2536622169768349,-0.7187265875156559
25--80,0.25,0.8,199106,1991,1,6,16,0.06929288013891255,0.07782228859916707
25--80,0.25,0.8,199106,1991,2,6,16,0.13438217699984945,0.19183719303578428
25--80,0.25,0.8,199106,1991,3,6,16,0.18561501563102967,0.35867749175707875
25--80,0.25,0.8,199106,1991,4,6,16,0.1445387070619597,0.36581467062089335
25--80,0.25,0.8,199106,1991,5,6,16,0.1003687341505799,0.28918900049077667
25--80,0.25,0.8,199106,1991,6,6,16,0.07969592021216854,0.24100412353736633
25--80,0.25,0.8,199107,1991,1,7,16,0.04325612830548842,0.04862669828727029
25--80,0.25,0.8,199107,1991,2,7,16,-0.019432416338087455,-0.028672551940992275
25--80,0.25,0.8,199107,1991,3,7,16,-0.09559750424319802,-0.19563260720144893
25--80,0.25,0.8,199107,1991,4,7,16,-0.1791659588911998,-0.47084006565401015
25--80,0.25,0.8,199107,1991,5,7,16,-0.21684646213272663,-0.6300819736036747
25--80,0.25,0.8,199107,1991,6,7,16,-0.23026618331464688,-0.6914274908814999
25--80,0.25,0.8,199108,1991,1,7,16,0.06867074462696787,0.07595721532760402
25--80,0.25,0.8,199108,1991,2,7,16,0.10166098157208903,0.13855387764444815
25--80,0.25,0.8,199108,1991,3,7,16,0.15496698705766954,0.2686804614170719
25--80,0.25,0.8,199108,1991,4,7,16,0.15220632440625947,0.32484555579075725
25--80,0.25,0.8,199108,1991,5,7,16,0.12302001500562065,0.2898747218846651
25--80,0.25,0.8,199108,1991,6,7,16,0.1069456071479642,0.26105783700950447
25--80,0.25,0.8,199206,1992,1,6,16,-0.031160630111385035,-0.03515803758587799
25--80,0.25,0.8,199206,1992,2,6,16,-0.07641887195106489,-0.11184787084262604
25--80,0.25,0.8,199206,1992,3,6,16,-0.09378927484233723,-0.18540371549723744
25--80,0.25,0.8,199206,1992,4,6,16,-0.086995984894647,-0.22470623503367815
25--80,0.25,0.8,199206,1992,5,6,16,-0.0921071913439121,-0.27193993272892936
25--80,0.25,0.8,199206,1992,6,6,16,-0.0957694922861444,-0.2974673873817659
25--80,0.25,0.8,199207,1992,1,7,16,0.031205897349922074,0.035928361854193014
25--80,0.25,0.8,199207,1992,2,7,16,0.004441053643603032,0.006655818252724988
25--80,0.25,0.8,199207,1992,3,7,16,-0.03545794863592733,-0.07311195432108963
25--80,0.25,0.8,199207,1992,4,7,16,-0.09369787040324662,-0.24512301087958832
25--80,0.25,0.8,199207,1992,5,7,16,-0.1242259505822304,-0.3571651585771285
25--80,0.25,0.8,199207,1992,6,7,16,-0.1363114562499097,-0.4041585885366139
25--80,0.25,0.8,199208,1992,1,7,16,0.12753531956062414,0.1343650705138857
25--80,0.25,0.8,199208,1992,2,7,16,0.1545632130231216,0.2020551470126879
25--80,0.25,0.8,199208,1992,3,7,16,0.16596762584267988,0.2838767840107974
25--80,0.25,0.8,199208,1992,4,7,16,0.06096198718333956,0.13534331862568827
25--80,0.25,0.8,199208,1992,5,7,16,-0.009132371736656264,-0.0229644333909933
25--80,0.25,0.8,199208,1992,6,7,16,-0.03827346486688632,-0.10074390153243229
25--80,0.25,0.8,199306,1993,1,6,16,-0.09152563808720782,-0.11213513963637123
25--80,0.25,0.8,199306,1993,2,6,16,-0.09110089032617719,-0.14673043246963946
25--80,0.25,0.8,199306,1993,3,6,16,-0.06639870192710495,-0.14871046745265115
25--80,0.25,0.8,199306,1993,4,6,16,-0.049286741994579275,-0.14354620244380634
25--80,0.25,0.8,199306,1993,5,6,16,-0.057737356847943566,-0.18917833329908884
25--80,0.25,0.8,199306,1993,6,6,16,-0.06366412361694296,-0.21757445810341114
25--80,0.25,0.8,199307,1993,1,7,16,0.09381878547302991,0.10093311551044959
25--80,0.25,0.8,199307,1993,2,7,16,0.11438185684970503,0.1556329991370351
25--80,0.25,0.8,199307,1993,3,7,16,0.10448601583167783,0.1925734989014396
25--80,0.25,0.8,199307,1993,4,7,16,0.04720750616372604,0.11271729438653377
25--80,0.25,0.8,199307,1993,5,7,16,0.006005743565817845,0.01611050473117359
25--80,0.25,0.8,199307,1993,6,7,16,-0.01197372568231736,-0.03347503351847614
25--80,0.25,0.8,199308,1993,1,7,16,-0.04360090636481517,-0.052610895761206145
25--80,0.25,0.8,199308,1993,2,7,16,-0.04129337871164185,-0.06330926941003945
25--80,0.25,0.8,199308,1993,3,7,16,-0.04492416330347371,-0.09287142818770189
25--80,0.25,0.8,199308,1993,4,7,16,-0.09148565292111055,-0.24660610773800062
25--80,0.25,0.8,199308,1993,5,7,16,-0.12088421387220127,-0.36699692751714785
25--80,0.25,0.8,199308,1993,6,7,16,-0.13268485509116468,-0.4199743094601569
25--80,0.25,0.8,199406,1994,1,6,16,0.20193563634966916,0.20985924489384722
25--80,0.25,0.8,199406,1994,2,6,16,0.2967181248100923,0.38150273461062056
25--80,0.25,0.8,199406,1994,3,6,16,0.4167109164022038,0.6907738953210911
25--80,0.25,0.8,199406,1994,4,6,16,0.36353452776907136,0.7816985554058231
25--80,0.25,0.8,199406,1994,5,6,16,0.2815704276335811,0.6935730665510116
25--80,0.25,0.8,199406,1994,6,6,16,0.24225609183563734,0.6284665968760308
25--80,0.25,0.8,199407,1994,1,7,16,0.011284511354688886,0.013114324471242611
25--80,0.25,0.8,199407,1994,2,7,16,-0.07136865021010907,-0.10930326181900618
25--80,0.25,0.8,199407,1994,3,7,16,-0.17548703777449315,-0.37190695135300933
25--80,0.25,0.8,199407,1994,4,7,16,-0.24421658880818153,-0.6441910008263996
25--80,0.25,0.8,199407,1994,5,7,16,-0.2707373158473739,-0.7739244844773925
25--80,0.25,0.8,199407,1994,6,7,16,-0.28035099282351184,-0.8212898710492382
25--80,0.25,0.8,199408,1994,1,7,16,0.06971427999014113,0.07894040729678453
25--80,0.25,0.8,199408,1994,2,7,16,0.09883413763815208,0.13835325521188135
25--80,0.25,0.8,199408,1994,3,7,16,0.0788656842531843,0.14532096060050215
25--80,0.25,0.8,199408,1994,4,7,16,0.010824674139285229,0.025021985890460563
25--80,0.25,0.8,199408,1994,5,7,16,-0.02264057891800908,-0.05744753667728553
25--80,0.25,0.8,199408,1994,6,7,16,-0.03574901313865375,-0.09354941629206959
25--80,0.25,0.8,199506,1995,1,6,16,0.04449518244978368,0.052504573115395914
25--80,0.25,0.8,199506,1995,2,6,16,0.03033942776352294,0.04701098507415713
25--80,0.25,0.8,199506,1995,3,6,16,0.030511413369568086,0.06551539137068119
25--80,0.25,0.8,199506,1995,4,6,16,0.04538993796275537,0.12751690605215416
25--80,0.25,0.8,199506,1995,5,6,16,0.05077394831310844,0.1610825289559008
25--80,0.25,0.8,199506,1995,6,6,16,0.05149697515049967,0.17072610441119185
25--80,0.25,0.8,199507,1995,1,7,16,-0.03941105949205981,-0.045207899472188284
25--80,0.25,0.8,199507,1995,2,7,16,-0.09347709898999856,-0.1421964808917906
25--80,0.25,0.8,199507,1995,3,7,16,-0.1831605101169692,-0.39489885660451085
25--80,0.25,0.8,199507,1995,4,7,16,-0.2609514735443058,-0.7230103886391603
25--80,0.25,0.8,199507,1995,5,7,16,-0.29148839874532895,-0.8901983667964712
25--80,0.25,0.8,199507,1995,6,7,16,-0.30190674131092954,-0.9518313327375818
25--80,0.25,0.8,199508,1995,1,7,16,-0.12425072189799025,-0.14894801505091904
25--80,0.25,0.8,199508,1995,2,7,16,-0.15289987843942066,-0.23512506354520468
25--80,0.25,0.8,199508,1995,3,7,16,-0.2035997641943439,-0.42454424100158583
25--80,0.25,0.8,199508,1995,4,7,16,-0.25144438157448545,-0.6585853245796169
25--80,0.25,0.8,199508,1995,5,7,16,-0.2708652590999058,-0.7765480869985435
25--80,0.25,0.8,199508,1995,6,7,16,-0.27777427205499194,-0.8201940267337156
25--80,0.25,0.8,199606,1996,1,6,16,-0.16055258243284298,-0.20814272395652944
25--80,0.25,0.8,199606,1996,2,6,16,-0.1476561584393219,-0.24748588246323822
25--80,0.25,0.8,199606,1996,3,6,16,-0.1214979201095222,-0.2779941361922589
25--80,0.25,0.8,199606,1996,4,6,16,-0.12910654132137234,-0.3856093745456999
25--80,0.25,0.8,199606,1996,5,6,16,-0.14369629345602908,-0.4848598195450773
25--80,0.25,0.8,199606,1996,6,6,16,-0.15071699391979332,-0.5313383957288469
25--80,0.25,0.8,199607,1996,1,7,16,0.0015257758392994702,0.001675973332077696
25--80,0.25,0.8,199607,1996,2,7,16,-0.0034385378924535193,-0.004774033551667944
25--80,0.25,0.8,199607,1996,3,7,16,-0.03320714496580457,-0.061869419669727144
25--80,0.25,0.8,199607,1996,4,7,16,-0.11791797976582397,-0.28191477888037664
25--80,0.25,0.8,199607,1996,5,7,16,-0.16968855538667182,-0.4531435958275747
25--80,0.25,0.8,199607,1996,6,7,16,-0.19130180696561716,-0.5312547081858385
25--80,0.25,0.8,199608,1996,1,7,16,-0.08614721014456939,-0.1041985455730936
25--80,0.25,0.8,199608,1996,2,7,16,-0.06655978770399995,-0.10057312249967598
25--80,0.25,0.8,199608,1996,3,7,16,-0.06263064489971193,-0.12401219372534111
25--80,0.25,0.8,199608,1996,4,7,16,-0.1418139829403322,-0.35877709099819466
25--80,0.25,0.8,199608,1996,5,7,16,-0.18805692153329123,-0.5313088028984092
25--80,0.25,0.8,199608,1996,6,7,16,-0.20608387407357665,-0.6053883454815381
25--80,0.25,0.8,199706,1997,1,6,16,-0.19825215670594576,-0.23532227640334158
25--80,0.25,0.8,199706,1997,2,6,16,-0.27149460324627706,-0.42653380628927495
25--80,0.25,0.8,199706,1997,3,6,16,-0.3175977590003318,-0.6942527706006434
25--80,0.25,0.8,199706,1997,4,6,16,-0.3323199066089031,-0.9566803195733007
25--80,0.25,0.8,199706,1997,5,6,16,-0.33944881553013273,-1.110080032236775
25--80,0.25,0.8,199706,1997,6,6,16,-0.34152936351172736,-1.16983318599197
25--80,0.25,0.8,199707,1997,1,7,16,0.06621060766219244,0.07050123795278163
25--80,0.25,0.8,199707,1997,2,7,16,0.021036982626722045,0.028800323502813807
25--80,0.25,0.8,199707,1997,3,7,16,-0.055238732035213456,-0.10353437712407132
25--80,0.25,0.8,199707,1997,4,7,16,-0.11672759480520278,-0.27493910998995297
25--80,0.25,0.8,199707,1997,5,7,16,-0.14556640862107273,-0.37460622220651896
25--80,0.25,0.8,199707,1997,6,7,16,-0.15756802236244183,-0.4172384696615232
25--80,0.25,0.8,199708,1997,1,7,16,-0.1598251577241525,-0.202331985923216
25--80,0.25,0.8,199708,1997,2,7,16,-0.16852894179592415,-0.2688795704905296
25--80,0.25,0.8,199708,1997,3,7,16,-0.18915683422570706,-0.40173640470884964
25--80,0.25,0.8,199708,1997,4,7,16,-0.22017509669607138,-0.5874015951004337
25--80,0.25,0.8,199708,1997,5,7,16,-0.2311290212561723,-0.676217565051461
25--80,0.25,0.8,199708,1997,6,7,16,-0.23434047659383117,-0.7065681807288522
25--80,0.25,0.8,199806,1998,1,6,16,-0.15092835688495632,-0.18018966431841532
25--80,0.25,0.8,199806,1998,2,6,16,-0.1825637553769326,-0.28411362998023115
25--80,0.25,0.8,199806,1998,3,6,16,-0.21453731944965493,-0.46055302675867305
25--80,0.25,0.8,199806,1998,4,6,16,-0.2607205106916649,-0.7458500657641771
25--80,0.25,0.8,199806,1998,5,6,16,-0.2916611680479255,-0.9580772414440055
25--80,0.25,0.8,199806,1998,6,6,16,-0.3049828173842375,-1.054487694971236
25--80,0.25,0.8,199807,1998,1,7,16,0.07617926924346108,0.08454831832682963
25--80,0.25,0.8,199807,1998,2,7,16,0.1311536345722073,0.1812670711845028
25--80,0.25,0.8,199807,1998,3,7,16,0.18155486756589,0.32878015504005464
25--80,0.25,0.8,199807,1998,4,7,16,0.14856898075449188,0.3345336410902142
25--80,0.25,0.8,199807,1998,5,7,16,0.12680422946686098,0.3120415304098225
25--80,0.25,0.8,199807,1998,6,7,16,0.1193020603344137,0.30216045204153996
25--80,0.25,0.8,199808,1998,1,7,16,0.11312219066298335,0.12697987990578996
25--80,0.25,0.8,199808,1998,2,7,16,0.097518071011794,0.141667165162092
25--80,0.25,0.8,199808,1998,3,7,16,0.08146043979613093,0.16267490637517668
25--80,0.25,0.8,199808,1998,4,7,16,0.058795403531679113,0.14897287845936358
25--80,0.25,0.8,199808,1998,5,7,16,0.0414966020930887,0.11574619725479351
25--80,0.25,0.8,199808,1998,6,7,16,0.03258540015352129,0.09387374456429054
25--80,0.25,0.8,199906,1999,1,6,16,-0.14895747550798477,-0.17737437933352318
25--80,0.25,0.8,199906,1999,2,6,16,-0.1802921755456841,-0.2812299509524596
25--80,0.25,0.8,199906,1999,3,6,16,-0.20883200876780172,-0.45068220041669305
25--80,0.25,0.8,199906,1999,4,6,16,-0.23602373230033935,-0.6765446229194243
25--80,0.25,0.8,199906,1999,5,6,16,-0.25468958268103326,-0.834371697651755
25--80,0.25,0.8,199906,1999,6,6,16,-0.2624178839136976,-0.9026927648102987
25--80,0.25,0.8,199907,1999,1,7,16,0.018745362213431038,0.01974198290528051
25--80,0.25,0.8,199907,1999,2,7,16,-0.0006041670105750852,-0.0007921746691819109
25--80,0.25,0.8,199907,1999,3,7,16,-0.010226555175378849,-0.017192418517149033
25--80,0.25,0.8,199907,1999,4,7,16,-0.044899871116423906,-0.09348915292500681
25--80,0.25,0.8,199907,1999,5,7,16,-0.07201398503975509,-0.1656921877015769
25--80,0.25,0.8,199907,1999,6,7,16,-0.08403491245870942,-0.20031923662171636
25--80,0.25,0.8,199908,1999,1,7,16,-0.11683799292652663,-0.13611444042677467
25--80,0.25,0.8,199908,1999,2,7,16,-0.15620735159239252,-0.23351710430965156
25--80,0.25,0.8,199908,1999,3,7,16,-0.19869902506491355,-0.40494902624446816
25--80,0.25,0.8,199908,1999,4,7,16,-0.25306280114159696,-0.674210504716533
25--80,0.25,0.8,199908,1999,5,7,16,-0.28357862204370476,-0.8518103415429046
25--80,0.25,0.8,199908,1999,6,7,16,-0.2964404271513533,-0.9292117002929423
25--80,0.25,0.8,200006,2000,1,6,16,0.00026317563122679744,0.0002885756603827616
25--80,0.25,0.8,200006,2000,2,6,16,-0.024947370964444215,-0.03553101235868272
25--80,0.25,0.8,200006,2000,3,6,16,-0.04443955815792899,-0.08783124986338864
25--80,0.25,0.8,200006,2000,4,6,16,-0.08603503392875622,-0.2266645486554575
25--80,0.25,0.8,200006,2000,5,6,16,-0.11507207084488968,-0.34500838991255467
25--80,0.25,0.8,200006,2000,6,6,16,-0.12777669056299723,-0.40126020278787244
25--80,0.25,0.8,200007,2000,1,7,16,-0.13064349435862432,-0.15826357128560753
25--80,0.25,0.8,200007,2000,2,7,16,-0.19896568000366388,-0.3145522933108289
25--80,0.25,0.8,200007,2000,3,7,16,-0.2972305401932467,-0.6457871774334718
25--80,0.25,0.8,200007,2000,4,7,16,-0.3689731323789629,-1.0087639565763826
25--80,0.25,0.8,200007,2000,5,7,16,-0.3985839413639487,-1.1964745151715066
25--80,0.25,0.8,200007,2000,6,7,16,-0.4096462645506028,-1.2688761130264714
25--80,0.25,0.8,200008,2000,1,7,16,-0.15342098425116713,-0.18844729522128612
25--80,0.25,0.8,200008,2000,2,7,16,-0.14098555420273684,-0.21866465790751288
25--80,0.25,0.8,200008,2000,3,7,16,-0.13655482995059753,-0.2842990138805739
25--80,0.25,0.8,200008,2000,4,7,16,-0.182459029859934,-0.4856086064502678
25--80,0.25,0.8,200008,2000,5,7,16,-0.21248928903185382,-0.6277258769987055
25--80,0.25,0.8,200008,2000,6,7,16,-0.22533844914578383,-0.6897846460494632
25--80,0.25,0.8,200106,2001,1,6,16,0.016324353062156405,0.018759718872370268
25--80,0.25,0.8,200106,2001,2,6,16,0.03896835882806515,0.057480377171004626
25--80,0.25,0.8,200106,2001,3,6,16,0.050103101417654505,0.1007042642779421
25--80,0.25,0.8,200106,2001,4,6,16,-0.013883178213708325,-0.036724008575080624
25--80,0.25,0.8,200106,2001,5,6,16,-0.06425677161194765,-0.19308580999514913
25--80,0.25,0.8,200106,2001,6,6,16,-0.08651749195421488,-0.27224729264661995
25--80,0.25,0.8,200107,2001,1,7,16,0.003586570407980494,0.004259567710738654
25--80,0.25,0.8,200107,2001,2,7,16,-0.0008390970902640849,-0.0012756304214525116
25--80,0.25,0.8,200107,2001,3,7,16,0.0056009582264988644,0.011490893890169218
25--80,0.25,0.8,200107,2001,4,7,16,-0.013424946643362246,-0.034785034654079006
25--80,0.25,0.8,200107,2001,5,7,16,-0.02694683930416064,-0.07674522483596036
25--80,0.25,0.8,200107,2001,6,7,16,-0.03238124718546587,-0.09513049749852875
25--80,0.25,0.8,200108,2001,1,7,16,-0.15647505789891136,-0.20471393780559755
25--80,0.25,0.8,200108,2001,2,7,16,-0.1624117011383428,-0.26869840638601783
25--80,0.25,0.8,200108,2001,3,7,16,-0.2002347702720958,-0.4470779859134635
25--80,0.25,0.8,200108,2001,4,7,16,-0.2660434722766052,-0.7680671882189802
25--80,0.25,0.8,200108,2001,5,7,16,-0.3058050180466765,-0.9937757844103521
25--80,0.25,0.8,200108,2001,6,7,16,-0.3225620575380217,-1.0938013425888462
25--80,0.25,0.8,200206,2002,1,6,16,-0.022140224739007563,-0.024467674850306764
25--80,0.25,0.8,200206,2002,2,6,16,-0.06182229294277153,-0.08846752407576464
25--80,0.25,0.8,200206,2002,3,6,16,-0.10150281390184701,-0.20065010632919833
25--80,0.25,0.8,200206,2002,4,6,16,-0.09688572030726628,-0.25014149423085463
25--80,0.25,0.8,200206,2002,5,6,16,-0.09039651443374797,-0.2636639265711276
25--80,0.25,0.8,200206,2002,6,6,16,-0.08766575289553957,-0.26738326950115265
25--80,0.25,0.8,200207,2002,1,7,16,0.27280339714802393,0.29275022043586363
25--80,0.25,0.8,200207,2002,2,7,16,0.30550295318348253,0.4070036538846331
25--80,0.25,0.8,200207,2002,3,7,16,0.36968077625175666,0.6354850479527898
25--80,0.25,0.8,200207,2002,4,7,16,0.3991540971413279,0.8393988266470984
25--80,0.25,0.8,200207,2002,5,7,16,0.39266397953760834,0.9005409508974633
25--80,0.25,0.8,200207,2002,6,7,16,0.3865138204066427,0.9130204842401843
25--80,0.25,0.8,200208,2002,1,7,16,-0.10023454729008663,-0.12629035487646512
25--80,0.25,0.8,200208,2002,2,7,16,-0.13036754574596676,-0.21224858680771108
25--80,0.25,0.8,200208,2002,3,7,16,-0.16502557027423126,-0.36325803206261886
25--80,0.25,0.8,200208,2002,4,7,16,-0.2294620377414054,-0.6486528911809462
25--80,0.25,0.8,200208,2002,5,7,16,-0.26782262901323717,-0.8472794419370047
25--80,0.25,0.8,200208,2002,6,7,16,-0.2830654637709853,-0.9316289191288201
25--80,0.25,0.8,200306,2003,1,6,16,-0.10733465369173933,-0.12767881271227388
25--80,0.25,0.8,200306,2003,2,6,16,-0.13043471455663647,-0.20178189876907604
25--80,0.25,0.8,200306,2003,3,6,16,-0.13564301464375927,-0.2849525604267886
25--80,0.25,0.8,200306,2003,4,6,16,-0.1447790487778654,-0.3932155899690697
25--80,0.25,0.8,200306,2003,5,6,16,-0.15556367971334306,-0.47630575813649934
25--80,0.25,0.8,200306,2003,6,6,16,-0.16097966642218553,-0.5150138675047016
25--80,0.25,0.8,200307,2003,1,7,16,-0.029185701504871986,-0.03354761264407369
25--80,0.25,0.8,200307,2003,2,7,16,-0.028718232785045816,-0.042288638824223845
25--80,0.25,0.8,200307,2003,3,7,16,-0.054173953540401665,-0.1081205046295386
25--80,0.25,0.8,200307,2003,4,7,16,-0.1605704711586663,-0.41460604531004464
25--80,0.25,0.8,200307,2003,5,7,16,-0.21749604165617265,-0.6252898471356323
25--80,0.25,0.8,200307,2003,6,7,16,-0.2396893295664857,-0.7146851185074325
25--80,0.25,0.8,200308,2003,1,7,16,0.029864434222708125,0.0340708963775076
25--80,0.25,0.8,200308,2003,2,7,16,0.016632261605126875,0.024463646191942523
25--80,0.25,0.8,200308,2003,3,7,16,-0.02160564370676976,-0.04368029209608215
25--80,0.25,0.8,200308,2003,4,7,16,-0.08919907026012142,-0.2339575207095015
25--80,0.25,0.8,200308,2003,5,7,16,-0.1182150755983461,-0.3458582527053533
25--80,0.25,0.8,200308,2003,6,7,16,-0.12838811222479352,-0.39002598293559476
25--80,0.25,0.8,200406,2004,1,6,16,-0.01846514786380382,-0.022199989358337557
25--80,0.25,0.8,200406,2004,2,6,16,-0.0025995162457349563,-0.0040071783967983166
25--80,0.25,0.8,200406,2004,3,6,16,0.03516889443721816,0.0718135694203692
25--80,0.25,0.8,200406,2004,4,6,16,0.03736791787121918,0.0963312995068506
25--80,0.25,0.8,200406,2004,5,6,16,0.024571479514505112,0.07059967252146482
25--80,0.25,0.8,200406,2004,6,6,16,0.01786833840829294,0.0533799365160732
25--80,0.25,0.8,200407,2004,1,7,16,-0.04186055837663205,-0.050545884326995694
25--80,0.25,0.8,200407,2004,2,7,16,-0.10129758345112005,-0.16059165651045948
25--80,0.25,0.8,200407,2004,3,7,16,-0.17020066546764656,-0.37148976841926995
25--80,0.25,0.8,200407,2004,4,7,16,-0.24163913397883674,-0.6688864085071948
25--80,0.25,0.8,200407,2004,5,7,16,-0.2819128805126889,-0.8628203215871748
25--80,0.25,0.8,200407,2004,6,7,16,-0.29884827762360233,-0.9469933960572812
25--80,0.25,0.8,200408,2004,1,7,16,0.022391621714577425,0.024864999454265124
25--80,0.25,0.8,200408,2004,2,7,16,0.007788065973057812,0.011010840598034033
25--80,0.25,0.8,200408,2004,3,7,16,-0.06287250898596675,-0.12167642706176496
25--80,0.25,0.8,200408,2004,4,7,16,-0.20214581670411347,-0.5264268915815418
25--80,0.25,0.8,200408,2004,5,7,16,-0.2744140422769661,-0.8211148160329493
25--80,0.25,0.8,200408,2004,6,7,16,-0.30274105229381953,-0.9532818549997817
25--80,0.25,0.8,200506,2005,1,6,16,-0.05125960104622651,-0.06209412308482287
25--80,0.25,0.8,200506,2005,2,6,16,-0.04103488157492563,-0.06510225669281366
25--80,0.25,0.8,200506,2005,3,6,16,-0.027422458108620207,-0.06026362597859247
25--80,0.25,0.8,200506,2005,4,6,16,-0.06085147914295175,-0.17477735625874935
25--80,0.25,0.8,200506,2005,5,6,16,-0.09173697473435105,-0.2974290234285313
25--80,0.25,0.8,200506,2005,6,6,16,-0.10606268160763588,-0.35917539931114106
25--80,0.25,0.8,200507,2005,1,7,16,-0.04272809488648566,-0.04936807235255225
25--80,0.25,0.8,200507,2005,2,7,16,-0.11099101998645722,-0.16721996375216763
25--80,0.25,0.8,200507,2005,3,7,16,-0.19166239196128565,-0.39702316220381384
25--80,0.25,0.8,200507,2005,4,7,16,-0.2511564803878399,-0.6549694243992157
25--80,0.25,0.8,200507,2005,5,7,16,-0.2772722688971976,-0.7923674982356363
25--80,0.25,0.8,200507,2005,6,7,16,-0.2871242944009398,-0.8454709980681434
25--80,0.25,0.8,200508,2005,1,7,16,-0.054193882965370754,-0.06336577274310606
25--80,0.25,0.8,200508,2005,2,7,16,-0.06462910605426042,-0.09614818595163888
25--80,0.25,0.8,200508,2005,3,7,16,-0.10900003389404322,-0.21918230970038888
25--80,0.25,0.8,200508,2005,4,7,16,-0.20440246190409228,-0.5303663143745982
25--80,0.25,0.8,200508,2005,5,7,16,-0.25742648003802593,-0.7469668050716551
25--80,0.25,0.8,200508,2005,6,7,16,-0.2787114232290484,-0.8408571552105224
25--80,0.25,0.8,200606,2006,1,6,16,-0.08568763162155557,-0.10084009157655194
25--80,0.25,0.8,200606,2006,2,6,16,-0.05644271300292303,-0.08599301079579469
25--80,0.25,0.8,200606,2006,3,6,16,-0.029674059060889935,-0.062527960693747
25--80,0.25,0.8,200606,2006,4,6,16,-0.07912114060770259,-0.22214276136511213
25--80,0.25,0.8,200606,2006,5,6,16,-0.11792154242806918,-0.3778582493113163
25--80,0.25,0.8,200606,2006,6,6,16,-0.13451359295129528,-0.4521578187620916
25--80,0.25,0.8,200607,2006,1,7,16,0.1384462675461151,0.14891219913392773
25--80,0.25,0.8,200607,2006,2,7,16,0.09951834759544309,0.13769883907763658
25--80,0.25,0.8,200607,2006,3,7,16,0.010221539740488561,0.019359051169103303
25--80,0.25,0.8,200607,2006,4,7,16,-0.038326671175306304,-0.09131218021400311
25--80,0.25,0.8,200607,2006,5,7,16,-0.04673786954277859,-0.12195508341730843
25--80,0.25,0.8,200607,2006,6,7,16,-0.0469542045202469,-0.1262032884760842
25--80,0.25,0.8,200608,2006,1,7,16,-0.13648990861543642,-0.16152852832092535
25--80,0.25,0.8,200608,2006,2,7,16,-0.18600611842331327,-0.2826696398780646
25--80,0.25,0.8,200608,2006,3,7,16,-0.25348732946824026,-0.5243281379727436
25--80,0.25,0.8,200608,2006,4,7,16,-0.30286916100560723,-0.7900763075676349
25--80,0.25,0.8,200608,2006,5,7,16,-0.3176084003092924,-0.9063388978192979
25--80,0.25,0.8,200608,2006,6,7,16,-0.3220587857496343,-0.9458579842309778
25--80,0.25,0.8,200706,2007,1,6,16,0.17621641656529063,0.19498068233644972
25--80,0.25,0.8,200706,2007,2,6,16,0.17564787994128062,0.24727254275785704
25--80,0.25,0.8,200706,2007,3,6,16,0.13322118214794787,0.2584178366377987
25--80,0.25,0.8,200706,2007,4,6,16,0.025658371948726444,0.06727238428640536
25--80,0.25,0.8,200706,2007,5,6,16,-0.03943893084328132,-0.11913631052193807
25--80,0.25,0.8,200706,2007,6,6,16,-0.06659196783555343,-0.21196108604689634
25--80,0.25,0.8,200707,2007,1,7,16,-0.06125232268166725,-0.07214182696596305
25--80,0.25,0.8,200707,2007,2,7,16,-0.0582151385485844,-0.08670613475039657
25--80,0.25,0.8,200707,2007,3,7,16,-0.06875161366954108,-0.13632050941484675
25--80,0.25,0.8,200707,2007,4,7,16,-0.1308928802952941,-0.32963507229086453
25--80,0.25,0.8,200707,2007,5,7,16,-0.16577840801824095,-0.46239395441277686
25--80,0.25,0.8,200707,2007,6,7,16,-0.17977295107089253,-0.519358352743728
25--80,0.25,0.8,200708,2007,1,7,16,0.006084480122278135,0.007167011656375788
25--80,0.25,0.8,200708,2007,2,7,16,-0.045413121773896226,-0.07048111470037721
25--80,0.25,0.8,200708,2007,3,7,16,-0.11635568012273378,-0.25148195656968886
25--80,0.25,0.8,200708,2007,4,7,16,-0.189407393659496,-0.5253406154912144
25--80,0.25,0.8,200708,2007,5,7,16,-0.22709851169829098,-0.7000577509753114
25--80,0.25,0.8,200708,2007,6,7,16,-0.24243198248160525,-0.7754464914707002
25--80,0.25,0.8,200806,2008,1,6,16,-0.023836723761237355,-0.02688659936358695
25--80,0.25,0.8,200806,2008,2,6,16,-0.02648220198518758,-0.03835669282193299
25--80,0.25,0.8,200806,2008,3,6,16,0.027489336777631657,0.052672195321630255
25--80,0.25,0.8,200806,2008,4,6,16,0.038956255981791754,0.09521736433886474
25--80,0.25,0.8,200806,2008,5,6,16,0.018396662154827492,0.05064704953873722
25--80,0.25,0.8,200806,2008,6,6,16,0.006237203183143913,0.01794777335510478
25--80,0.25,0.8,200807,2008,1,7,16,-0.009221024965915592,-0.010875100325655751
25--80,0.25,0.8,200807,2008,2,7,16,0.022199948211574005,0.03267407855033211
25--80,0.25,0.8,200807,2008,3,7,16,0.003159757912398309,0.006219780794394225
25--80,0.25,0.8,200807,2008,4,7,16,-0.05366082613020706,-0.13391337749282428
25--80,0.25,0.8,200807,2008,5,7,16,-0.07601581754183928,-0.2084436550505293
25--80,0.25,0.8,200807,2008,6,7,16,-0.08357198100003627,-0.2362441450130568
25--80,0.25,0.8,200808,2008,1,7,16,-0.03017546639679969,-0.03671004997631977
25--80,0.25,0.8,200808,2008,2,7,16,-0.09961347680723587,-0.15825020116258104
25--80,0.25,0.8,200808,2008,3,7,16,-0.18188498098774886,-0.4009710469644725
25--80,0.25,0.8,200808,2008,4,7,16,-0.24106858121332997,-0.6788275648421607
25--80,0.25,0.8,200808,2008,5,7,16,-0.2654626442123834,-0.8239350873518916
25--80,0.25,0.8,200808,2008,6,7,16,-0.2746172434780333,-0.8801180424289212
25--80,0.25,0.8,200906,2009,1,6,16,-0.16026389571636313,-0.21321703952622384
25--80,0.25,0.8,200906,2009,2,6,16,-0.21918253273233834,-0.397586283790631
25--80,0.25,0.8,200906,2009,3,6,16,-0.2784141087719234,-0.7412698355529308
25--80,0.25,0.8,200906,2009,4,6,16,-0.31556274251983163,-1.133322339598342
25--80,0.25,0.8,200906,2009,5,6,16,-0.32850787607048293,-1.3358380935684027
25--80,0.25,0.8,200906,2009,6,6,16,-0.33288860587307045,-1.413054522101163
25--80,0.25,0.8,200907,2009,1,7,16,-0.03844480672287898,-0.0459377326627326
25--80,0.25,0.8,200907,2009,2,7,16,-0.044959162307700695,-0.06887063958463902
25--80,0.25,0.8,200907,2009,3,7,16,-0.09167091873615829,-0.19222662322179618
25--80,0.25,0.8,200907,2009,4,7,16,-0.16523499729628888,-0.44922838709542123
25--80,0.25,0.8,200907,2009,5,7,16,-0.20099119110948416,-0.6110759605299751
25--80,0.25,0.8,200907,2009,6,7,16,-0.21437344192508712,-0.6775215775159662
25--80,0.25,0.8,200908,2009,1,7,16,-0.15497199732516653,-0.20117001770000797
25--80,0.25,0.8,200908,2009,2,7,16,-0.1737259999059464,-0.2884395213210227
25--80,0.25,0.8,200908,2009,3,7,16,-0.19492614311676415,-0.43840405069968913
25--80,0.25,0.8,200908,2009,4,7,16,-0.2118940871893692,-0.611833387332501
25--80,0.25,0.8,200908,2009,5,7,16,-0.22171633031052762,-0.712249410182058
25--80,0.25,0.8,200908,2009,6,7,16,-0.22601876053921444,-0.7532007897279245
25--80,0.25,0.8,201006,2010,1,6,16,0.013035903670380211,0.01459240050031596
25--80,0.25,0.8,201006,2010,2,6,16,0.03241257408484555,0.04613078689916028
25--80,0.25,0.8,201006,2010,3,6,16,0.08660439269658182,0.16163673020077418
25--80,0.25,0.8,201006,2010,4,6,16,0.08881939191183252,0.2112064567960621
25--80,0.25,0.8,201006,2010,5,6,16,0.052826582977079095,0.1425711813503483
25--80,0.25,0.8,201006,2010,6,6,16,0.032596051325570086,0.09239588645538888
25--80,0.25,0.8,201007,2010,1,7,16,-0.04050007435160241,-0.04684726469200973
25--80,0.25,0.8,201007,2010,2,7,16,-0.08824949043835884,-0.13093918955803474
25--80,0.25,0.8,201007,2010,3,7,16,-0.19929929470721963,-0.4078717086977677
25--80,0.25,0.8,201007,2010,4,7,16,-0.32166071610508595,-0.8617880499424837
25--80,0.25,0.8,201007,2010,5,7,16,-0.3721485070617877,-1.1156986505481514
25--80,0.25,0.8,201007,2010,6,7,16,-0.39021797631585464,-1.2153319406766068
25--80,0.25,0.8,201008,2010,1,7,16,-0.07448344758218728,-0.09600952139287156
25--80,0.25,0.8,201008,2010,2,7,16,-0.11887210582726682,-0.20420971506725616
25--80,0.25,0.8,201008,2010,3,7,16,-0.1894387598142695,-0.46471580931519885
25--80,0.25,0.8,201008,2010,4,7,16,-0.25154975717063033,-0.8054733544177468
25--80,0.25,0.8,201008,2010,5,7,16,-0.276311347503053,-0.9865582516406839
25--80,0.25,0.8,201008,2010,6,7,16,-0.2849051459883508,-1.0555548531598635
25--80,0.25,0.8,201106,2011,1,6,16,-0.10352701913471807,-0.11981307444487044
25--80,0.25,0.8,201106,2011,2,6,16,-0.12471259956366287,-0.1871459728159186
25--80,0.25,0.8,201106,2011,3,6,16,-0.14816101001171833,-0.30684614167403224
25--80,0.25,0.8,201106,2011,4,6,16,-0.22006313326542848,-0.6138183444629064
25--80,0.25,0.8,201106,2011,5,6,16,-0.2681509636487952,-0.8593170724767978
25--80,0.25,0.8,201106,2011,6,6,16,-0.2888229801961315,-0.9738299022766812
25--80,0.25,0.8,201107,2011,1,7,16,-0.011425560341420837,-0.013387541002252146
25--80,0.25,0.8,201107,2011,2,7,16,-0.031734134363623934,-0.04786808245026153
25--80,0.25,0.8,201107,2011,3,7,16,-0.04993065226059579,-0.10229744169921728
25--80,0.25,0.8,201107,2011,4,7,16,-0.10491307659618299,-0.2754048992208187
25--80,0.25,0.8,201107,2011,5,7,16,-0.14075253263448406,-0.41006436536666246
25--80,0.25,0.8,201107,2011,6,7,16,-0.1562017849546965,-0.4714488824240357
25--80,0.25,0.8,201108,2011,1,7,16,0.02425727670980815,0.027418507223764266
25--80,0.25,0.8,201108,2011,2,7,16,0.01875430051290161,0.02711217592581283
25--80,0.25,0.8,201108,2011,3,7,16,-0.01865555767660043,-0.03661490524524691
25--80,0.25,0.8,201108,2011,4,7,16,-0.10350170403104542,-0.2613822369962735
25--80,0.25,0.8,201108,2011,5,7,16,-0.14447260723998756,-0.4047555879736837
25--80,0.25,0.8,201108,2011,6,7,16,-0.15962728029860118,-0.46289189198020964
25--80,0.25,0.8,201206,2012,1,6,16,-0.12839133746132436,-0.14774575610698992
25--80,0.25,0.8,201206,2012,2,6,16,-0.20805728894266406,-0.31909897383949914
25--80,0.25,0.8,201206,2012,3,6,16,-0.2641420880383393,-0.5742879310475768
25--80,0.25,0.8,201206,2012,4,6,16,-0.29193806799207067,-0.8495884432185044
25--80,0.25,0.8,201206,2012,5,6,16,-0.30887216320955835,-1.0240610397346162
25--80,0.25,0.8,201206,2012,6,6,16,-0.31582346180873977,-1.0968566623824714
25--80,0.25,0.8,201207,2012,1,7,16,-0.11295008280145569,-0.13151000597836182
25--80,0.25,0.8,201207,2012,2,7,16,-0.1843450081095025,-0.28448676401735407
25--80,0.25,0.8,201207,2012,3,7,16,-0.2785761211898262,-0.6035690859485703
25--80,0.25,0.8,201207,2012,4,7,16,-0.32714785185483675,-0.8906257748001165
25--80,0.25,0.8,201207,2012,5,7,16,-0.342845820650038,-1.0175528223763646
25--80,0.25,0.8,201207,2012,6,7,16,-0.34848956743889903,-1.0635819614419821
25--80,0.25,0.8,201208,2012,1,7,16,-0.16074425399033354,-0.19380300203285783
25--80,0.25,0.8,201208,2012,2,7,16,-0.22075215614412647,-0.3422391422845079
25--80,0.25,0.8,201208,2012,3,7,16,-0.31625188201857646,-0.6759514231100368
25--80,0.25,0.8,201208,2012,4,7,16,-0.38718573090492114,-1.0789230637236442
25--80,0.25,0.8,201208,2012,5,7,16,-0.4082094761033803,-1.269498212540169
25--80,0.25,0.8,201208,2012,6,7,16,-0.414225584958701,-1.337028189019696
25--80,0.25,0.8,201306,2013,1,6,16,0.010437770611134045,0.01141068747667573
25--80,0.25,0.8,201306,2013,2,6,16,0.03157524594614913,0.043288166106114634
25--80,0.25,0.8,201306,2013,3,6,16,0.07576741836111278,0.13772118942240175
25--80,0.25,0.8,201306,2013,4,6,16,0.05188650392844463,0.1233529168390115
25--80,0.25,0.8,201306,2013,5,6,16,0.0232629066155996,0.06268951086902597
25--80,0.25,0.8,201306,2013,6,6,16,0.010608840704382061,0.02990799758522744
25--80,0.25,0.8,201307,2013,1,7,16,-0.0640440445110172,-0.07506832495698745
25--80,0.25,0.8,201307,2013,2,7,16,-0.0542598593049568,-0.08043758775401866
25--80,0.25,0.8,201307,2013,3,7,16,-0.06916578444873256,-0.13631886881387612
25--80,0.25,0.8,201307,2013,4,7,16,-0.1003080682142472,-0.24252871664010556
25--80,0.25,0.8,201307,2013,5,7,16,-0.11282052943870113,-0.29523412005554217
25--80,0.25,0.8,201307,2013,6,7,16,-0.11717824738793325,-0.31452553656544247
25--80,0.25,0.8,201308,2013,1,7,16,-0.05812664731875272,-0.07050990430315496
25--80,0.25,0.8,201308,2013,2,7,16,-0.1187260565367666,-0.18785053691848974
25--80,0.25,0.8,201308,2013,3,7,16,-0.20237952664855807,-0.4389852785165722
25--80,0.25,0.8,201308,2013,4,7,16,-0.28194267885188706,-0.769890928610069
25--80,0.25,0.8,201308,2013,5,7,16,-0.3176585167325383,-0.9546567357863669
25--80,0.25,0.8,201308,2013,6,7,16,-0.33136297767612566,-1.0290800432982072
25--80,0.25,0.8,201406,2014,1,6,16,-0.08538252521372214,-0.09800146832383572
25--80,0.25,0.8,201406,2014,2,6,16,-0.09962020779494118,-0.1483738655161897
25--80,0.25,0.8,201406,2014,3,6,16,-0.09513805966306277,-0.19211949988930233
25--80,0.25,0.8,201406,2014,4,6,16,-0.07505688153816181,-0.19679036103869318
25--80,0.25,0.8,201406,2014,5,6,16,-0.07007945167589813,-0.20831443032434382
25--80,0.25,0.8,201406,2014,6,6,16,-0.06965145789831151,-0.21685488540913678
25--80,0.25,0.8,201407,2014,1,7,16,-0.051049743625884214,-0.057192207396263406
25--80,0.25,0.8,201407,2014,2,7,16,-0.09324817662422336,-0.1352130813822403
25--80,0.25,0.8,201407,2014,3,7,16,-0.12156518683809614,-0.23886591802810564
25--80,0.25,0.8,201407,2014,4,7,16,-0.17863416233655083,-0.45464348536683996
25--80,0.25,0.8,201407,2014,5,7,16,-0.21741222592775122,-0.6215288871063018
25--80,0.25,0.8,201407,2014,6,7,16,-0.2337248024048314,-0.6960056389106279
25--80,0.25,0.8,201408,2014,1,7,16,0.01266805150581729,0.014377927201114193
25--80,0.25,0.8,201408,2014,2,7,16,0.04299362595202805,0.06114211547132253
25--80,0.25,0.8,201408,2014,3,7,16,0.09289046070165918,0.17465327645631934
25--80,0.25,0.8,201408,2014,4,7,16,0.08469399385322451,0.20748435515197716
25--80,0.25,0.8,201408,2014,5,7,16,0.0644933523371436,0.178648391151353
25--80,0.25,0.8,201408,2014,6,7,16,0.05588359674087329,0.16164833201237183
25--80,0.25,0.8,201606,2016,1,6,16,-0.013586725118727383,-0.01600011299314863
25--80,0.25,0.8,201606,2016,2,6,16,-0.0017846094932840728,-0.0027340026690851893
25--80,0.25,0.8,201606,2016,3,6,16,0.02023311223454738,0.042636943066938215
25--80,0.25,0.8,201606,2016,4,6,16,-0.026160755954524828,-0.07359721467758185
25--80,0.25,0.8,201606,2016,5,6,16,-0.06704941596962433,-0.21641603699813494
25--80,0.25,0.8,201606,2016,6,6,16,-0.08528857685980251,-0.28961239241635184
25--80,0.25,0.8,201607,2016,1,7,16,-0.10016722053212923,-0.12033410033570835
25--80,0.25,0.8,201607,2016,2,7,16,-0.1355968288241015,-0.21063802762443773
25--80,0.25,0.8,201607,2016,3,7,16,-0.20540936165414336,-0.439526798783739
25--80,0.25,0.8,201607,2016,4,7,16,-0.25373765954778604,-0.6845777456983404
25--80,0.25,0.8,201607,2016,5,7,16,-0.26750059914378665,-0.7876659775236554
25--80,0.25,0.8,201607,2016,6,7,16,-0.27165705069675816,-0.8223969963721505
25--80,0.25,0.8,201608,2016,1,7,16,0.17009077764953773,0.17735376846589723
25--80,0.25,0.8,201608,2016,2,7,16,0.20320621156286856,0.26100263441600147
25--80,0.25,0.8,201608,2016,3,7,16,0.2091983164204254,0.34491895043779763
25--80,0.25,0.8,201608,2016,4,7,16,0.18499866486413397,0.37276973785122447
25--80,0.25,0.8,201608,2016,5,7,16,0.17081681044418384,0.3754111915900067
25--80,0.25,0.8,201608,2016,6,7,16,0.16473045753594318,0.3730154882542145
25--80,0.25,0.8,201706,2017,1,6,16,-0.0926168586766345,-0.10724426647043783
25--80,0.25,0.8,201706,2017,2,6,16,-0.10734188849451487,-0.16295136813505984
25--80,0.25,0.8,201706,2017,3,6,16,-0.1345465160075301,-0.28356520074020963
25--80,0.25,0.8,201706,2017,4,6,16,-0.1898166743398524,-0.5374054642703099
25--80,0.25,0.8,201706,2017,5,6,16,-0.22503242941047708,-0.7354640584131005
25--80,0.25,0.8,201706,2017,6,6,16,-0.24058234211287488,-0.8302116030815263
25--80,0.25,0.8,201707,2017,1,7,16,-0.07012312112838193,-0.08216265273253809
25--80,0.25,0.8,201707,2017,2,7,16,-0.07014318937885167,-0.1047617205423963
25--80,0.25,0.8,201707,2017,3,7,16,-0.11004154335485561,-0.22237187243560808
25--80,0.25,0.8,201707,2017,4,7,16,-0.1812033986584114,-0.4592700751058132
25--80,0.25,0.8,201707,2017,5,7,16,-0.2151091768156871,-0.5958135214472229
25--80,0.25,0.8,201707,2017,6,7,16,-0.2276802804590613,-0.6488932893261001
25--80,0.25,0.8,201708,2017,1,7,16,0.014952141371852745,0.017257775923338325
25--80,0.25,0.8,201708,2017,2,7,16,0.01888080654045976,0.027819759106326725
25--80,0.25,0.8,201708,2017,3,7,16,0.02355164550769695,0.047024279506679534
25--80,0.25,0.8,201708,2017,4,7,16,0.0035501268868924907,0.008998191648824871
25--80,0.25,0.8,201708,2017,5,7,16,-0.013759445056860553,-0.03852989378156302
25--80,0.25,0.8,201708,2017,6,7,16,-0.02196054432687211,-0.06359996009175184
25--80,0.25,0.8,201806,2018,1,6,16,-0.05544126187011722,-0.06471670724139278
25--80,0.25,0.8,201806,2018,2,6,16,-0.0506334980341846,-0.07573350232176246
25--80,0.25,0.8,201806,2018,3,6,16,-0.022626453015505033,-0.04531275293627823
25--80,0.25,0.8,201806,2018,4,6,16,-0.06126648475151608,-0.16016952301785636
25--80,0.25,0.8,201806,2018,5,6,16,-0.10371185551275064,-0.30921821349194634
25--80,0.25,0.8,201806,2018,6,6,16,-0.12364314241804031,-0.38733830323648544
25--80,0.25,0.8,201807,2018,1,7,16,-0.08333003737841727,-0.09162684125086384
25--80,0.25,0.8,201807,2018,2,7,16,-0.14096432197312425,-0.1950272489109337
25--80,0.25,0.8,201807,2018,3,7,16,-0.2205507397924713,-0.4005621487848474
25--80,0.25,0.8,201807,2018,4,7,16,-0.2934353906196684,-0.6558704243393847
25--80,0.25,0.8,201807,2018,5,7,16,-0.3288316298512668,-0.7991288565360746
25--80,0.25,0.8,201807,2018,6,7,16,-0.3434064489474066,-0.8575496122113235
25--80,0.25,0.8,201808,2018,1,7,16,-0.10459112051488784,-0.11958861828576683
25--80,0.25,0.8,201808,2018,2,7,16,-0.11511403948486765,-0.16287422073506663
25--80,0.25,0.8,201808,2018,3,7,16,-0.13700259993207287,-0.24857472213941412
25--80,0.25,0.8,201808,2018,4,7,16,-0.22366268361312125,-0.5075106757339376
25--80,0.25,0.8,201808,2018,5,7,16,-0.28407039143098967,-0.7186931113998773
25--80,0.25,0.8,201808,2018,6,7,16,-0.31043943117550155,-0.817791707067145
25--80,0.25,0.8,201906,2019,1,6,16,-0.03254729421979807,-0.03739066117463752
25--80,0.25,0.8,201906,2019,2,6,16,-0.03622071787822245,-0.05356511099230277
25--80,0.25,0.8,201906,2019,3,6,16,-0.027625628134315572,-0.056024921201998534
25--80,0.25,0.8,201906,2019,4,6,16,-0.03412671372920573,-0.09229131343498764
25--80,0.25,0.8,201906,2019,5,6,16,-0.05137595556489394,-0.1595286764377848
25--80,0.25,0.8,201906,2019,6,6,16,-0.06060737542549932,-0.19812773590139088
25--80,0.25,0.8,201907,2019,1,7,16,-0.011820432523879432,-0.013967716094060556
25--80,0.25,0.8,201907,2019,2,7,16,-0.03595426260730772,-0.05430747644977085
25--80,0.25,0.8,201907,2019,3,7,16,-0.05883496892264728,-0.12005621469809302
25--80,0.25,0.8,201907,2019,4,7,16,-0.08374867445013157,-0.21669310879027215
25--80,0.25,0.8,201907,2019,5,7,16,-0.10161474394091585,-0.29066533591973975
25--80,0.25,0.8,201907,2019,6,7,16,-0.10976413024088727,-0.32483817099421497
25--80,0.25,0.8,201908,2019,1,7,16,-0.08223468809156853,-0.10160142759331281
25--80,0.25,0.8,201908,2019,2,7,16,-0.0740908003360804,-0.11493922732001671
25--80,0.25,0.8,201908,2019,3,7,16,-0.07375055469427627,-0.15165641238487781
25--80,0.25,0.8,201908,2019,4,7,16,-0.13373712122469328,-0.35579069545570885
25--80,0.25,0.8,201908,2019,5,7,16,-0.1772042045083051,-0.5318501470588499
25--80,0.25,0.8,201908,2019,6,7,16,-0.19594951574982145,-0.6142483525496685
25--80,0.25,0.8,202006,2020,1,6,16,-0.0226024236355995,-0.026037134477577606
25--80,0.25,0.8,202006,2020,2,6,16,0.009309156529955898,0.013791363989235972
25--80,0.25,0.8,202006,2020,3,6,16,0.013232830884447822,0.02731795567359896
25--80,0.25,0.8,202006,2020,4,6,16,-0.035148572378428944,-0.0982758958126988
25--80,0.25,0.8,202006,2020,5,6,16,-0.06111801007545603,-0.19566625191964793
25--80,0.25,0.8,202006,2020,6,6,16,-0.0707961261605834,-0.23781375788536518
25--80,0.25,0.8,202007,2020,1,7,16,0.0174378497552774,0.01860943220670963
25--80,0.25,0.8,202007,2020,2,7,16,-0.01564938256742432,-0.0210850620978289
25--80,0.25,0.8,202007,2020,3,7,16,-0.0650626083074115,-0.11840909478558581
25--80,0.25,0.8,202007,2020,4,7,16,-0.11427576009628593,-0.27113335436725183
25--80,0.25,0.8,202007,2020,5,7,16,-0.14089365086400563,-0.37618427968875157
25--80,0.25,0.8,202007,2020,6,7,16,-0.15222977445868835,-0.42378881579044236
25--80,0.25,0.8,202008,2020,1,7,16,-0.03514392461502369,-0.04242979548506787
25--80,0.25,0.8,202008,2020,2,7,16,-0.05815935768839997,-0.09219438556302961
25--80,0.25,0.8,202008,2020,3,7,16,-0.08992822481247287,-0.1950485163399165
25--80,0.25,0.8,202008,2020,4,7,16,-0.1031770661632655,-0.2762941855278678
25--80,0.25,0.8,202008,2020,5,7,16,-0.10229615082150167,-0.2962418786911112
25--80,0.25,0.8,202008,2020,6,7,16,-0.10020419612029174,-0.2972593159893666
25--80,0.25,0.8,202106,2021,1,6,16,-0.20789342891988194,-0.25910053506933206
25--80,0.25,0.8,202106,2021,2,6,16,-0.21963290055468743,-0.35535249431179494
25--80,0.25,0.8,202106,2021,3,6,16,-0.2412778132734129,-0.542708645711012
25--80,0.25,0.8,202106,2021,4,6,16,-0.2768677560776367,-0.82610557874336
25--80,0.25,0.8,202106,2021,5,6,16,-0.30333106730980786,-1.031342764839116
25--80,0.25,0.8,202106,2021,6,6,16,-0.3150364791052275,-1.1232383710640752
25--80,0.25,0.8,202107,2021,1,7,16,-0.003036036179786872,-0.0033060437283904953
25--80,0.25,0.8,202107,2021,2,7,16,0.0307773952193251,0.04186875254842315
25--80,0.25,0.8,202107,2021,3,7,16,0.0681675679737006,0.11980034078326085
25--80,0.25,0.8,202107,2021,4,7,16,0.05044495240688507,0.10805545076378387
25--80,0.25,0.8,202107,2021,5,7,16,0.030248304439504325,0.07031378876078875
25--80,0.25,0.8,202107,2021,6,7,16,0.02097056985820922,0.050054642219788725
25--80,0.25,0.8,202108,2021,1,7,16,0.03877090185383958,0.04599924429542712
25--80,0.25,0.8,202108,2021,2,7,16,0.03895510578902073,0.05976739974343337
25--80,0.25,0.8,202108,2021,3,7,16,0.03737427420485684,0.07872162233199198
25--80,0.25,0.8,202108,2021,4,7,16,-0.0013664271202455947,-0.003752836537380233
25--80,0.25,0.8,202108,2021,5,7,16,-0.021345499697333126,-0.06570995919749212
25--80,0.25,0.8,202108,2021,6,7,16,-0.02906423200191044,-0.09307097213514925
25--80,0.25,0.8,202306,2023,1,6,16,-0.05176510918288646,-0.06230247395986099
25--80,0.25,0.8,202306,2023,2,6,16,-0.0480139110115575,-0.0742748599113856
25--80,0.25,0.8,202306,2023,3,6,16,-0.013794712205579374,-0.02882015550302519
25--80,0.25,0.8,202306,2023,4,6,16,0.009389161528990941,0.025331196294094305
25--80,0.25,0.8,202306,2023,5,6,16,0.002542062245232346,0.007739397018180938
25--80,0.25,0.8,202306,2023,6,6,16,-0.0036344536805402727,-0.011567228680965158
25--80,0.25,0.8,202307,2023,1,7,16,-0.09229609473609113,-0.1093949407079764
25--80,0.25,0.8,202307,2023,2,7,16,-0.15742318991908233,-0.24877930964612283
25--80,0.25,0.8,202307,2023,3,7,16,-0.2414098364430014,-0.54151305181803
25--80,0.25,0.8,202307,2023,4,7,16,-0.304202133758795,-0.8753045381664828
25--80,0.25,0.8,202307,2023,5,7,16,-0.32712750252973377,-1.0343245360783193
25--80,0.25,0.8,202307,2023,6,7,16,-0.3349505163234464,-1.0913029239627123
25--80,0.25,0.8,202308,2023,1,7,16,-0.25546121138308964,-0.33486501710606875
25--80,0.25,0.8,202308,2023,2,7,16,-0.29903388999084457,-0.5014039371987074
25--80,0.25,0.8,202308,2023,3,7,16,-0.3730638740272315,-0.8579806309910083
25--80,0.25,0.8,202308,2023,4,7,16,-0.44359367549112094,-1.328646997994428
25--80,0.25,0.8,202308,2023,5,7,16,-0.47332001264837875,-1.5880359571114528
25--80,0.25,0.8,202308,2023,6,7,16,-0.48404992556568716,-1.6884660448907551
25--80,0.25,0.8,202406,2024,1,6,16,-0.024335002431552732,-0.028062090735486933
25--80,0.25,0.8,202406,2024,2,6,16,-0.038432197617022656,-0.05776523471745998
25--80,0.25,0.8,202406,2024,3,6,16,-0.0450177130812921,-0.09416665932515222
25--80,0.25,0.8,202406,2024,4,6,16,-0.06980094988020424,-0.19615774703182876
25--80,0.25,0.8,202406,2024,5,6,16,-0.09089724765314788,-0.2931160600423057
25--80,0.25,0.8,202406,2024,6,6,16,-0.10041432886278523,-0.3404393681251232
25--80,0.25,0.8,202407,2024,1,7,16,0.13876767152047287,0.15386715885619662
25--80,0.25,0.8,202407,2024,2,7,16,0.15530275603093258,0.2187664404330869
25--80,0.25,0.8,202407,2024,3,7,16,0.13976642538416928,0.2639716176595588
25--80,0.25,0.8,202407,2024,4,7,16,0.06282228105336518,0.1489699765287016
25--80,0.25,0.8,202407,2024,5,7,16,0.018872187559275888,0.04914950994443945
25--80,0.25,0.8,202407,2024,6,7,16,0.0009332040893810234,0.0025075292004341776
25--80,0.25,0.8,202408,2024,1,7,16,6.747233263082464e-05,7.826384398645914e-05
25--80,0.25,0.8,202408,2024,2,7,16,-0.018765600114874714,-0.027680115270504402
25--80,0.25,0.8,202408,2024,3,7,16,-0.04171352168227371,-0.0818162832574969
25--80,0.25,0.8,202408,2024,4,7,16,-0.07325949510296903,-0.17770434067397645
25--80,0.25,0.8,202408,2024,5,7,16,-0.08976326321273109,-0.23737277848092475
25--80,0.25,0.8,202408,2024,6,7,16,-0.09655114156527012,-0.26268328996258283
25--80,0.25,0.8,202506,2025,1,6,16,-0.058489736762368794,-0.06504341285317361
25--80,0.25,0.8,202506,2025,2,6,16,-0.09479763138489417,-0.1403559482607175
25--80,0.25,0.8,202506,2025,3,6,16,-0.14991170525169972,-0.31863536461784925
25--80,0.25,0.8,202506,2025,4,6,16,-0.2304407135674469,-0.6694279315181539
25--80,0.25,0.8,202506,2025,5,6,16,-0.27547302763038406,-0.9211206691443783
25--80,0.25,0.8,202506,2025,6,6,16,-0.2940010186493136,-1.0344997392998474
25--80,0.25,0.8,202507,2025,1,7,16,-0.10908984020574175,-0.12442500744434914
25--80,0.25,0.8,202507,2025,2,7,16,-0.13694202904902442,-0.19463526515985308
25--80,0.25,0.8,202507,2025,3,7,16,-0.19011634092339447,-0.35418424870953125
25--80,0.25,0.8,202507,2025,4,7,16,-0.22195424098995864,-0.5086116068805118
25--80,0.25,0.8,202507,2025,5,7,16,-0.22896423258756404,-0.5700904822948196
25--80,0.25,0.8,202507,2025,6,7,16,-0.23051024014257404,-0.58952966461037
25--80,0.25,0.8,202508,2025,1,7,16,-0.09104895037839122,-0.10755321397639728
25--80,0.25,0.8,202508,2025,2,7,16,-0.11550182663384778,-0.17272851862241856
25--80,0.25,0.8,202508,2025,3,7,16,-0.14990922829226194,-0.29524505414634383
25--80,0.25,0.8,202508,2025,4,7,16,-0.19301855787564448,-0.47038584345665857
25--80,0.25,0.8,202508,2025,5,7,16,-0.2147677432903914,-0.5718265162585281
25--80,0.25,0.8,202508,2025,6,7,16,-0.2227347916715473,-0.61073772465509
