analysis,field,minimum_days_per_regime,record_id,year,month,bandwidth_km,high_days,middle_days,mean_stations,effect
dynamic_support_frozen_era_labels_min1,observed_wbt_c,1,199206,1992,6,125.799765031298,3,7,24.7,1.1512081318562823
dynamic_support_frozen_era_labels_min1,observed_wbt_slp_as_surface_c,1,199206,1992,6,125.799765031298,3,7,24.7,1.0724297764747406
dynamic_support_frozen_era_labels_min1,era_wbt_c,1,199206,1992,6,125.799765031298,3,7,24.7,0.8011991601234323
dynamic_support_frozen_era_labels_min1,observed_wbt_c,1,199206,1992,6,251.599530062597,3,7,24.7,0.3801702358567187
dynamic_support_frozen_era_labels_min1,observed_wbt_slp_as_surface_c,1,199206,1992,6,251.599530062597,3,7,24.7,0.3361803841123936
dynamic_support_frozen_era_labels_min1,era_wbt_c,1,199206,1992,6,251.599530062597,3,7,24.7,0.2268878340383489
dynamic_support_frozen_era_labels_min1,observed_wbt_c,1,199206,1992,6,503.199060125194,3,7,24.7,0.1933527823553567
dynamic_support_frozen_era_labels_min1,observed_wbt_slp_as_surface_c,1,199206,1992,6,503.199060125194,3,7,24.7,0.15765034293337643
dynamic_support_frozen_era_labels_min1,era_wbt_c,1,199206,1992,6,503.199060125194,3,7,24.7,0.056501330269076
dynamic_support_frozen_era_labels_min1,observed_wbt_c,1,199206,1992,6,1006.39812025039,3,7,24.7,0.16790022747674538
dynamic_support_frozen_era_labels_min1,observed_wbt_slp_as_surface_c,1,199206,1992,6,1006.39812025039,3,7,24.7,0.13750558885643183
dynamic_support_frozen_era_labels_min1,era_wbt_c,1,199206,1992,6,1006.39812025039,3,7,24.7,0.012280494207234316
dynamic_support_frozen_era_labels_min1,observed_wbt_c,1,199206,1992,6,2012.79624050077,3,7,24.7,0.14694673196180474
dynamic_support_frozen_era_labels_min1,observed_wbt_slp_as_surface_c,1,199206,1992,6,2012.79624050077,3,7,24.7,0.12005965528009788
dynamic_support_frozen_era_labels_min1,era_wbt_c,1,199206,1992,6,2012.79624050077,3,7,24.7,-0.01172059001507908
dynamic_support_frozen_era_labels_min1,observed_wbt_c,1,199207,1992,7,125.799765031298,1,6,24.0,0.6335843627578264
dynamic_support_frozen_era_labels_min1,observed_wbt_slp_as_surface_c,1,199207,1992,7,125.799765031298,1,6,24.0,0.7179741786692841
dynamic_support_frozen_era_labels_min1,era_wbt_c,1,199207,1992,7,125.799765031298,1,6,24.0,0.12812358560474846
dynamic_support_frozen_era_labels_min1,observed_wbt_c,1,199207,1992,7,251.599530062597,1,6,24.0,0.6091403114930349
dynamic_support_frozen_era_labels_min1,observed_wbt_slp_as_surface_c,1,199207,1992,7,251.599530062597,1,6,24.0,0.70761766787041
dynamic_support_frozen_era_labels_min1,era_wbt_c,1,199207,1992,7,251.599530062597,1,6,24.0,0.03962824148655719
dynamic_support_frozen_era_labels_min1,observed_wbt_c,1,199207,1992,7,503.199060125194,1,6,24.0,0.5097392883768608
dynamic_support_frozen_era_labels_min1,observed_wbt_slp_as_surface_c,1,199207,1992,7,503.199060125194,1,6,24.0,0.6178643017135526
dynamic_support_frozen_era_labels_min1,era_wbt_c,1,199207,1992,7,503.199060125194,1,6,24.0,-0.042222746446421544
dynamic_support_frozen_era_labels_min1,observed_wbt_c,1,199207,1992,7,1006.39812025039,1,6,24.0,0.3937696047079975
dynamic_support_frozen_era_labels_min1,observed_wbt_slp_as_surface_c,1,199207,1992,7,1006.39812025039,1,6,24.0,0.4989549923165846
dynamic_support_frozen_era_labels_min1,era_wbt_c,1,199207,1992,7,1006.39812025039,1,6,24.0,-0.11320901358997415
dynamic_support_frozen_era_labels_min1,observed_wbt_c,1,199207,1992,7,2012.79624050077,1,6,24.0,0.289213856095657
dynamic_support_frozen_era_labels_min1,observed_wbt_slp_as_surface_c,1,199207,1992,7,2012.79624050077,1,6,24.0,0.3847207954166092
dynamic_support_frozen_era_labels_min1,era_wbt_c,1,199207,1992,7,2012.79624050077,1,6,24.0,-0.16489411723129244
dynamic_support_frozen_era_labels_min1,observed_wbt_c,1,199208,1992,8,125.799765031298,1,6,24.285714285714285,-0.3127969950487517
dynamic_support_frozen_era_labels_min1,observed_wbt_slp_as_surface_c,1,199208,1992,8,125.799765031298,1,6,24.285714285714285,-0.28380892984964534
dynamic_support_frozen_era_labels_min1,era_wbt_c,1,199208,1992,8,125.799765031298,1,6,24.285714285714285,-0.24292592526923162
dynamic_support_frozen_era_labels_min1,observed_wbt_c,1,199208,1992,8,251.599530062597,1,6,24.285714285714285,-0.1819215575072579
dynamic_support_frozen_era_labels_min1,observed_wbt_slp_as_surface_c,1,199208,1992,8,251.599530062597,1,6,24.285714285714285,-0.15240959979974178
dynamic_support_frozen_era_labels_min1,era_wbt_c,1,199208,1992,8,251.599530062597,1,6,24.285714285714285,-0.1318496793958579
dynamic_support_frozen_era_labels_min1,observed_wbt_c,1,199208,1992,8,503.199060125194,1,6,24.285714285714285,-0.22869279808873144
dynamic_support_frozen_era_labels_min1,observed_wbt_slp_as_surface_c,1,199208,1992,8,503.199060125194,1,6,24.285714285714285,-0.19765969377988912
dynamic_support_frozen_era_labels_min1,era_wbt_c,1,199208,1992,8,503.199060125194,1,6,24.285714285714285,-0.2180666836766484
dynamic_support_frozen_era_labels_min1,observed_wbt_c,1,199208,1992,8,1006.39812025039,1,6,24.285714285714285,-0.20316900778817248
dynamic_support_frozen_era_labels_min1,observed_wbt_slp_as_surface_c,1,199208,1992,8,1006.39812025039,1,6,24.285714285714285,-0.16868760358208046
dynamic_support_frozen_era_labels_min1,era_wbt_c,1,199208,1992,8,1006.39812025039,1,6,24.285714285714285,-0.21185084468364113
dynamic_support_frozen_era_labels_min1,observed_wbt_c,1,199208,1992,8,2012.79624050077,1,6,24.285714285714285,-0.1666733171502206
dynamic_support_frozen_era_labels_min1,observed_wbt_slp_as_surface_c,1,199208,1992,8,2012.79624050077,1,6,24.285714285714285,-0.13114798944614958
dynamic_support_frozen_era_labels_min1,era_wbt_c,1,199208,1992,8,2012.79624050077,1,6,24.285714285714285,-0.17537495037514073
dynamic_support_frozen_era_labels_min1,observed_wbt_c,1,199606,1996,6,125.799765031298,5,3,24.875,-0.46515272636518135
dynamic_support_frozen_era_labels_min1,observed_wbt_slp_as_surface_c,1,199606,1996,6,125.799765031298,5,3,24.875,-0.44817817630944967
dynamic_support_frozen_era_labels_min1,era_wbt_c,1,199606,1996,6,125.799765031298,5,3,24.875,-0.5556186125842135
dynamic_support_frozen_era_labels_min1,observed_wbt_c,1,199606,1996,6,251.599530062597,5,3,24.875,-0.31183854480890916
dynamic_support_frozen_era_labels_min1,observed_wbt_slp_as_surface_c,1,199606,1996,6,251.599530062597,5,3,24.875,-0.2919210733125277
dynamic_support_frozen_era_labels_min1,era_wbt_c,1,199606,1996,6,251.599530062597,5,3,24.875,-0.4348122284550612
dynamic_support_frozen_era_labels_min1,observed_wbt_c,1,199606,1996,6,503.199060125194,5,3,24.875,-0.28322240289617817
dynamic_support_frozen_era_labels_min1,observed_wbt_slp_as_surface_c,1,199606,1996,6,503.199060125194,5,3,24.875,-0.26107162636554615
dynamic_support_frozen_era_labels_min1,era_wbt_c,1,199606,1996,6,503.199060125194,5,3,24.875,-0.35586544560206623
dynamic_support_frozen_era_labels_min1,observed_wbt_c,1,199606,1996,6,1006.39812025039,5,3,24.875,-0.314183089291696
dynamic_support_frozen_era_labels_min1,observed_wbt_slp_as_surface_c,1,199606,1996,6,1006.39812025039,5,3,24.875,-0.29441349961188334
dynamic_support_frozen_era_labels_min1,era_wbt_c,1,199606,1996,6,1006.39812025039,5,3,24.875,-0.3340674846571059
dynamic_support_frozen_era_labels_min1,observed_wbt_c,1,199606,1996,6,2012.79624050077,5,3,24.875,-0.32658828143434704
dynamic_support_frozen_era_labels_min1,observed_wbt_slp_as_surface_c,1,199606,1996,6,2012.79624050077,5,3,24.875,-0.3078249218003154
dynamic_support_frozen_era_labels_min1,era_wbt_c,1,199606,1996,6,2012.79624050077,5,3,24.875,-0.3386208370982554
dynamic_support_frozen_era_labels_min1,observed_wbt_c,1,199607,1996,7,125.799765031298,1,6,24.428571428571427,0.0797789407634264
dynamic_support_frozen_era_labels_min1,observed_wbt_slp_as_surface_c,1,199607,1996,7,125.799765031298,1,6,24.428571428571427,0.10361057834610521
dynamic_support_frozen_era_labels_min1,era_wbt_c,1,199607,1996,7,125.799765031298,1,6,24.428571428571427,-0.058766681646102326
dynamic_support_frozen_era_labels_min1,observed_wbt_c,1,199607,1996,7,251.599530062597,1,6,24.428571428571427,-0.11485157780264343
dynamic_support_frozen_era_labels_min1,observed_wbt_slp_as_surface_c,1,199607,1996,7,251.599530062597,1,6,24.428571428571427,-0.09795365914502951
dynamic_support_frozen_era_labels_min1,era_wbt_c,1,199607,1996,7,251.599530062597,1,6,24.428571428571427,-0.18155944006678837
dynamic_support_frozen_era_labels_min1,observed_wbt_c,1,199607,1996,7,503.199060125194,1,6,24.428571428571427,-0.12941800847296114
dynamic_support_frozen_era_labels_min1,observed_wbt_slp_as_surface_c,1,199607,1996,7,503.199060125194,1,6,24.428571428571427,-0.11681041919729751
dynamic_support_frozen_era_labels_min1,era_wbt_c,1,199607,1996,7,503.199060125194,1,6,24.428571428571427,-0.09761671966685548
dynamic_support_frozen_era_labels_min1,observed_wbt_c,1,199607,1996,7,1006.39812025039,1,6,24.428571428571427,-0.16952288934191884
dynamic_support_frozen_era_labels_min1,observed_wbt_slp_as_surface_c,1,199607,1996,7,1006.39812025039,1,6,24.428571428571427,-0.15941094563196379
dynamic_support_frozen_era_labels_min1,era_wbt_c,1,199607,1996,7,1006.39812025039,1,6,24.428571428571427,-0.07337009320178478
dynamic_support_frozen_era_labels_min1,observed_wbt_c,1,199607,1996,7,2012.79624050077,1,6,24.428571428571427,-0.239058453008676
dynamic_support_frozen_era_labels_min1,observed_wbt_slp_as_surface_c,1,199607,1996,7,2012.79624050077,1,6,24.428571428571427,-0.23111745662782046
dynamic_support_frozen_era_labels_min1,era_wbt_c,1,199607,1996,7,2012.79624050077,1,6,24.428571428571427,-0.11488745050914007
dynamic_support_frozen_era_labels_min1,observed_wbt_c,1,199608,1996,8,125.799765031298,1,1,25.0,0.5807322465993974
dynamic_support_frozen_era_labels_min1,observed_wbt_slp_as_surface_c,1,199608,1996,8,125.799765031298,1,1,25.0,0.5218563435379133
dynamic_support_frozen_era_labels_min1,era_wbt_c,1,199608,1996,8,125.799765031298,1,1,25.0,0.7248397165931073
dynamic_support_frozen_era_labels_min1,observed_wbt_c,1,199608,1996,8,251.599530062597,1,1,25.0,0.11419960146444885
dynamic_support_frozen_era_labels_min1,observed_wbt_slp_as_surface_c,1,199608,1996,8,251.599530062597,1,1,25.0,0.07952849804327844
dynamic_support_frozen_era_labels_min1,era_wbt_c,1,199608,1996,8,251.599530062597,1,1,25.0,-0.09100727412467668
dynamic_support_frozen_era_labels_min1,observed_wbt_c,1,199608,1996,8,503.199060125194,1,1,25.0,-0.3593744307637101
dynamic_support_frozen_era_labels_min1,observed_wbt_slp_as_surface_c,1,199608,1996,8,503.199060125194,1,1,25.0,-0.38423442657998785
dynamic_support_frozen_era_labels_min1,era_wbt_c,1,199608,1996,8,503.199060125194,1,1,25.0,-0.45876537403282314
dynamic_support_frozen_era_labels_min1,observed_wbt_c,1,199608,1996,8,1006.39812025039,1,1,25.0,-0.5435668600638061
dynamic_support_frozen_era_labels_min1,observed_wbt_slp_as_surface_c,1,199608,1996,8,1006.39812025039,1,1,25.0,-0.5648356706824436
dynamic_support_frozen_era_labels_min1,era_wbt_c,1,199608,1996,8,1006.39812025039,1,1,25.0,-0.61056678419939
dynamic_support_frozen_era_labels_min1,observed_wbt_c,1,199608,1996,8,2012.79624050077,1,1,25.0,-0.605718181318438
dynamic_support_frozen_era_labels_min1,observed_wbt_slp_as_surface_c,1,199608,1996,8,2012.79624050077,1,1,25.0,-0.625618747905829
dynamic_support_frozen_era_labels_min1,era_wbt_c,1,199608,1996,8,2012.79624050077,1,1,25.0,-0.6573672625582332
dynamic_support_frozen_era_labels_min1,observed_wbt_c,1,200006,2000,6,125.799765031298,3,4,23.714285714285715,-0.47222935495568286
dynamic_support_frozen_era_labels_min1,observed_wbt_slp_as_surface_c,1,200006,2000,6,125.799765031298,3,4,23.714285714285715,-0.47275984861647913
dynamic_support_frozen_era_labels_min1,era_wbt_c,1,200006,2000,6,125.799765031298,3,4,23.714285714285715,-0.2799807011562564
dynamic_support_frozen_era_labels_min1,observed_wbt_c,1,200006,2000,6,251.599530062597,3,4,23.714285714285715,-0.3103383403056803
dynamic_support_frozen_era_labels_min1,observed_wbt_slp_as_surface_c,1,200006,2000,6,251.599530062597,3,4,23.714285714285715,-0.3139125160117662
dynamic_support_frozen_era_labels_min1,era_wbt_c,1,200006,2000,6,251.599530062597,3,4,23.714285714285715,-0.24351166465861296
dynamic_support_frozen_era_labels_min1,observed_wbt_c,1,200006,2000,6,503.199060125194,3,4,23.714285714285715,-0.2870817189987035
dynamic_support_frozen_era_labels_min1,observed_wbt_slp_as_surface_c,1,200006,2000,6,503.199060125194,3,4,23.714285714285715,-0.29702670921307317
dynamic_support_frozen_era_labels_min1,era_wbt_c,1,200006,2000,6,503.199060125194,3,4,23.714285714285715,-0.27665441481024966
dynamic_support_frozen_era_labels_min1,observed_wbt_c,1,200006,2000,6,1006.39812025039,3,4,23.714285714285715,-0.3475044951985061
dynamic_support_frozen_era_labels_min1,observed_wbt_slp_as_surface_c,1,200006,2000,6,1006.39812025039,3,4,23.714285714285715,-0.36008164127783815
dynamic_support_frozen_era_labels_min1,era_wbt_c,1,200006,2000,6,1006.39812025039,3,4,23.714285714285715,-0.3336205992324157
dynamic_support_frozen_era_labels_min1,observed_wbt_c,1,200006,2000,6,2012.79624050077,3,4,23.714285714285715,-0.3795923767281568
dynamic_support_frozen_era_labels_min1,observed_wbt_slp_as_surface_c,1,200006,2000,6,2012.79624050077,3,4,23.714285714285715,-0.39220724076630664
dynamic_support_frozen_era_labels_min1,era_wbt_c,1,200006,2000,6,2012.79624050077,3,4,23.714285714285715,-0.3601174343289253
dynamic_support_frozen_era_labels_min1,observed_wbt_c,1,200007,2000,7,125.799765031298,3,5,24.75,-0.4230462200744426
dynamic_support_frozen_era_labels_min1,observed_wbt_slp_as_surface_c,1,200007,2000,7,125.799765031298,3,5,24.75,-0.40648141467669074
dynamic_support_frozen_era_labels_min1,era_wbt_c,1,200007,2000,7,125.799765031298,3,5,24.75,-0.48824647337423976
dynamic_support_frozen_era_labels_min1,observed_wbt_c,1,200007,2000,7,251.599530062597,3,5,24.75,-0.28977091749457307
dynamic_support_frozen_era_labels_min1,observed_wbt_slp_as_surface_c,1,200007,2000,7,251.599530062597,3,5,24.75,-0.2833007928779212
dynamic_support_frozen_era_labels_min1,era_wbt_c,1,200007,2000,7,251.599530062597,3,5,24.75,-0.43492425734837414
dynamic_support_frozen_era_labels_min1,observed_wbt_c,1,200007,2000,7,503.199060125194,3,5,24.75,-0.23425258385047787
dynamic_support_frozen_era_labels_min1,observed_wbt_slp_as_surface_c,1,200007,2000,7,503.199060125194,3,5,24.75,-0.22626058451615993
dynamic_support_frozen_era_labels_min1,era_wbt_c,1,200007,2000,7,503.199060125194,3,5,24.75,-0.4336041519374034
dynamic_support_frozen_era_labels_min1,observed_wbt_c,1,200007,2000,7,1006.39812025039,3,5,24.75,-0.26135972067564817
dynamic_support_frozen_era_labels_min1,observed_wbt_slp_as_surface_c,1,200007,2000,7,1006.39812025039,3,5,24.75,-0.25098098695287097
dynamic_support_frozen_era_labels_min1,era_wbt_c,1,200007,2000,7,1006.39812025039,3,5,24.75,-0.45682980057456946
dynamic_support_frozen_era_labels_min1,observed_wbt_c,1,200007,2000,7,2012.79624050077,3,5,24.75,-0.28093999710112516
dynamic_support_frozen_era_labels_min1,observed_wbt_slp_as_surface_c,1,200007,2000,7,2012.79624050077,3,5,24.75,-0.26932025821414285
dynamic_support_frozen_era_labels_min1,era_wbt_c,1,200007,2000,7,2012.79624050077,3,5,24.75,-0.47165469647326375
dynamic_support_frozen_era_labels_min1,observed_wbt_c,1,200008,2000,8,125.799765031298,3,5,23.125,-0.5514306613252133
dynamic_support_frozen_era_labels_min1,observed_wbt_slp_as_surface_c,1,200008,2000,8,125.799765031298,3,5,23.125,-0.553932757407859
dynamic_support_frozen_era_labels_min1,era_wbt_c,1,200008,2000,8,125.799765031298,3,5,23.125,-0.6004771487110474
dynamic_support_frozen_era_labels_min1,observed_wbt_c,1,200008,2000,8,251.599530062597,3,5,23.125,-0.3193092439884079
dynamic_support_frozen_era_labels_min1,observed_wbt_slp_as_surface_c,1,200008,2000,8,251.599530062597,3,5,23.125,-0.3197775672231825
dynamic_support_frozen_era_labels_min1,era_wbt_c,1,200008,2000,8,251.599530062597,3,5,23.125,-0.3538804626035087
dynamic_support_frozen_era_labels_min1,observed_wbt_c,1,200008,2000,8,503.199060125194,3,5,23.125,-0.21314760828961088
dynamic_support_frozen_era_labels_min1,observed_wbt_slp_as_surface_c,1,200008,2000,8,503.199060125194,3,5,23.125,-0.20688050812633063
dynamic_support_frozen_era_labels_min1,era_wbt_c,1,200008,2000,8,503.199060125194,3,5,23.125,-0.2837135001756088
dynamic_support_frozen_era_labels_min1,observed_wbt_c,1,200008,2000,8,1006.39812025039,3,5,23.125,-0.2086228968146816
dynamic_support_frozen_era_labels_min1,observed_wbt_slp_as_surface_c,1,200008,2000,8,1006.39812025039,3,5,23.125,-0.20049782743190026
dynamic_support_frozen_era_labels_min1,era_wbt_c,1,200008,2000,8,1006.39812025039,3,5,23.125,-0.27184154176892494
dynamic_support_frozen_era_labels_min1,observed_wbt_c,1,200008,2000,8,2012.79624050077,3,5,23.125,-0.23499729578612638
dynamic_support_frozen_era_labels_min1,observed_wbt_slp_as_surface_c,1,200008,2000,8,2012.79624050077,3,5,23.125,-0.22761161665807395
dynamic_support_frozen_era_labels_min1,era_wbt_c,1,200008,2000,8,2012.79624050077,3,5,23.125,-0.285496859036921
dynamic_support_frozen_era_labels_min1,observed_wbt_c,1,200406,2004,6,125.799765031298,2,5,24.714285714285715,0.15476930817672985
dynamic_support_frozen_era_labels_min1,observed_wbt_slp_as_surface_c,1,200406,2004,6,125.799765031298,2,5,24.714285714285715,0.1540698409322645
dynamic_support_frozen_era_labels_min1,era_wbt_c,1,200406,2004,6,125.799765031298,2,5,24.714285714285715,-0.06135901343961603
dynamic_support_frozen_era_labels_min1,observed_wbt_c,1,200406,2004,6,251.599530062597,2,5,24.714285714285715,0.16368025530647246
dynamic_support_frozen_era_labels_min1,observed_wbt_slp_as_surface_c,1,200406,2004,6,251.599530062597,2,5,24.714285714285715,0.13768343502239522
dynamic_support_frozen_era_labels_min1,era_wbt_c,1,200406,2004,6,251.599530062597,2,5,24.714285714285715,0.22442874334003182
dynamic_support_frozen_era_labels_min1,observed_wbt_c,1,200406,2004,6,503.199060125194,2,5,24.714285714285715,0.054079907469387845
dynamic_support_frozen_era_labels_min1,observed_wbt_slp_as_surface_c,1,200406,2004,6,503.199060125194,2,5,24.714285714285715,0.029629699935779685
dynamic_support_frozen_era_labels_min1,era_wbt_c,1,200406,2004,6,503.199060125194,2,5,24.714285714285715,0.19759182956995125
dynamic_support_frozen_era_labels_min1,observed_wbt_c,1,200406,2004,6,1006.39812025039,2,5,24.714285714285715,0.01696717867816866
dynamic_support_frozen_era_labels_min1,observed_wbt_slp_as_surface_c,1,200406,2004,6,1006.39812025039,2,5,24.714285714285715,-0.0076810307508901055
dynamic_support_frozen_era_labels_min1,era_wbt_c,1,200406,2004,6,1006.39812025039,2,5,24.714285714285715,0.14623156462757536
dynamic_support_frozen_era_labels_min1,observed_wbt_c,1,200406,2004,6,2012.79624050077,2,5,24.714285714285715,-0.02359005329739794
dynamic_support_frozen_era_labels_min1,observed_wbt_slp_as_surface_c,1,200406,2004,6,2012.79624050077,2,5,24.714285714285715,-0.04856692487067482
dynamic_support_frozen_era_labels_min1,era_wbt_c,1,200406,2004,6,2012.79624050077,2,5,24.714285714285715,0.10216237291663299
dynamic_support_frozen_era_labels_min1,observed_wbt_c,1,200407,2004,7,125.799765031298,1,6,25.0,-0.43268457653027104
dynamic_support_frozen_era_labels_min1,observed_wbt_slp_as_surface_c,1,200407,2004,7,125.799765031298,1,6,25.0,-0.4490208117489386
dynamic_support_frozen_era_labels_min1,era_wbt_c,1,200407,2004,7,125.799765031298,1,6,25.0,-0.6022076068696721
dynamic_support_frozen_era_labels_min1,observed_wbt_c,1,200407,2004,7,251.599530062597,1,6,25.0,-0.4560680909031666
dynamic_support_frozen_era_labels_min1,observed_wbt_slp_as_surface_c,1,200407,2004,7,251.599530062597,1,6,25.0,-0.4690347776277459
dynamic_support_frozen_era_labels_min1,era_wbt_c,1,200407,2004,7,251.599530062597,1,6,25.0,-0.5456787412427955
dynamic_support_frozen_era_labels_min1,observed_wbt_c,1,200407,2004,7,503.199060125194,1,6,25.0,-0.4738595384012322
dynamic_support_frozen_era_labels_min1,observed_wbt_slp_as_surface_c,1,200407,2004,7,503.199060125194,1,6,25.0,-0.4874583566482711
dynamic_support_frozen_era_labels_min1,era_wbt_c,1,200407,2004,7,503.199060125194,1,6,25.0,-0.5001327079023201
dynamic_support_frozen_era_labels_min1,observed_wbt_c,1,200407,2004,7,1006.39812025039,1,6,25.0,-0.5000957786782811
dynamic_support_frozen_era_labels_min1,observed_wbt_slp_as_surface_c,1,200407,2004,7,1006.39812025039,1,6,25.0,-0.5150709679783159
dynamic_support_frozen_era_labels_min1,era_wbt_c,1,200407,2004,7,1006.39812025039,1,6,25.0,-0.49204141718805183
dynamic_support_frozen_era_labels_min1,observed_wbt_c,1,200407,2004,7,2012.79624050077,1,6,25.0,-0.5210292560395249
dynamic_support_frozen_era_labels_min1,observed_wbt_slp_as_surface_c,1,200407,2004,7,2012.79624050077,1,6,25.0,-0.5370146246284175
dynamic_support_frozen_era_labels_min1,era_wbt_c,1,200407,2004,7,2012.79624050077,1,6,25.0,-0.5073250556175696
dynamic_support_frozen_era_labels_min1,observed_wbt_c,1,200408,2004,8,125.799765031298,1,6,24.857142857142858,-0.2155861306308191
dynamic_support_frozen_era_labels_min1,observed_wbt_slp_as_surface_c,1,200408,2004,8,125.799765031298,1,6,24.857142857142858,-0.224903956408949
dynamic_support_frozen_era_labels_min1,era_wbt_c,1,200408,2004,8,125.799765031298,1,6,24.857142857142858,-0.5405147608949228
dynamic_support_frozen_era_labels_min1,observed_wbt_c,1,200408,2004,8,251.599530062597,1,6,24.857142857142858,-0.2732083000194694
dynamic_support_frozen_era_labels_min1,observed_wbt_slp_as_surface_c,1,200408,2004,8,251.599530062597,1,6,24.857142857142858,-0.28980329792837045
dynamic_support_frozen_era_labels_min1,era_wbt_c,1,200408,2004,8,251.599530062597,1,6,24.857142857142858,-0.3835853171681485
dynamic_support_frozen_era_labels_min1,observed_wbt_c,1,200408,2004,8,503.199060125194,1,6,24.857142857142858,-0.36134713379960814
dynamic_support_frozen_era_labels_min1,observed_wbt_slp_as_surface_c,1,200408,2004,8,503.199060125194,1,6,24.857142857142858,-0.3816176625183454
dynamic_support_frozen_era_labels_min1,era_wbt_c,1,200408,2004,8,503.199060125194,1,6,24.857142857142858,-0.38385491868971755
dynamic_support_frozen_era_labels_min1,observed_wbt_c,1,200408,2004,8,1006.39812025039,1,6,24.857142857142858,-0.46103978303684856
dynamic_support_frozen_era_labels_min1,observed_wbt_slp_as_surface_c,1,200408,2004,8,1006.39812025039,1,6,24.857142857142858,-0.4807715003705024
dynamic_support_frozen_era_labels_min1,era_wbt_c,1,200408,2004,8,1006.39812025039,1,6,24.857142857142858,-0.45376634622826806
dynamic_support_frozen_era_labels_min1,observed_wbt_c,1,200408,2004,8,2012.79624050077,1,6,24.857142857142858,-0.5180978443983228
dynamic_support_frozen_era_labels_min1,observed_wbt_slp_as_surface_c,1,200408,2004,8,2012.79624050077,1,6,24.857142857142858,-0.5369531489125778
dynamic_support_frozen_era_labels_min1,era_wbt_c,1,200408,2004,8,2012.79624050077,1,6,24.857142857142858,-0.5055148116416226
dynamic_support_frozen_era_labels_min1,observed_wbt_c,1,200806,2008,6,125.799765031298,8,7,24.933333333333334,0.3982908143763024
dynamic_support_frozen_era_labels_min1,observed_wbt_slp_as_surface_c,1,200806,2008,6,125.799765031298,8,7,24.933333333333334,0.39946537324269715
dynamic_support_frozen_era_labels_min1,era_wbt_c,1,200806,2008,6,125.799765031298,8,7,24.933333333333334,0.141086763675631
dynamic_support_frozen_era_labels_min1,observed_wbt_c,1,200806,2008,6,251.599530062597,8,7,24.933333333333334,0.23286206477047888
dynamic_support_frozen_era_labels_min1,observed_wbt_slp_as_surface_c,1,200806,2008,6,251.599530062597,8,7,24.933333333333334,0.23283565164650022
dynamic_support_frozen_era_labels_min1,era_wbt_c,1,200806,2008,6,251.599530062597,8,7,24.933333333333334,0.06665635667431635
dynamic_support_frozen_era_labels_min1,observed_wbt_c,1,200806,2008,6,503.199060125194,8,7,24.933333333333334,0.1656797849815197
dynamic_support_frozen_era_labels_min1,observed_wbt_slp_as_surface_c,1,200806,2008,6,503.199060125194,8,7,24.933333333333334,0.16409168664388885
dynamic_support_frozen_era_labels_min1,era_wbt_c,1,200806,2008,6,503.199060125194,8,7,24.933333333333334,0.05454543297242265
dynamic_support_frozen_era_labels_min1,observed_wbt_c,1,200806,2008,6,1006.39812025039,8,7,24.933333333333334,0.04770617641954811
dynamic_support_frozen_era_labels_min1,observed_wbt_slp_as_surface_c,1,200806,2008,6,1006.39812025039,8,7,24.933333333333334,0.04237148423487258
dynamic_support_frozen_era_labels_min1,era_wbt_c,1,200806,2008,6,1006.39812025039,8,7,24.933333333333334,-0.0006021863079925804
dynamic_support_frozen_era_labels_min1,observed_wbt_c,1,200806,2008,6,2012.79624050077,8,7,24.933333333333334,-0.04136309701208574
dynamic_support_frozen_era_labels_min1,observed_wbt_slp_as_surface_c,1,200806,2008,6,2012.79624050077,8,7,24.933333333333334,-0.049204552941244484
dynamic_support_frozen_era_labels_min1,era_wbt_c,1,200806,2008,6,2012.79624050077,8,7,24.933333333333334,-0.05679660552767052
dynamic_support_frozen_era_labels_min1,observed_wbt_c,1,200807,2008,7,125.799765031298,5,12,24.88235294117647,0.02577955035775248
dynamic_support_frozen_era_labels_min1,observed_wbt_slp_as_surface_c,1,200807,2008,7,125.799765031298,5,12,24.88235294117647,0.02591340861642588
dynamic_support_frozen_era_labels_min1,era_wbt_c,1,200807,2008,7,125.799765031298,5,12,24.88235294117647,0.004279183097848138
dynamic_support_frozen_era_labels_min1,observed_wbt_c,1,200807,2008,7,251.599530062597,5,12,24.88235294117647,0.11150677170310908
dynamic_support_frozen_era_labels_min1,observed_wbt_slp_as_surface_c,1,200807,2008,7,251.599530062597,5,12,24.88235294117647,0.11417618371845428
dynamic_support_frozen_era_labels_min1,era_wbt_c,1,200807,2008,7,251.599530062597,5,12,24.88235294117647,0.0068992357727142295
dynamic_support_frozen_era_labels_min1,observed_wbt_c,1,200807,2008,7,503.199060125194,5,12,24.88235294117647,0.07052309450385685
dynamic_support_frozen_era_labels_min1,observed_wbt_slp_as_surface_c,1,200807,2008,7,503.199060125194,5,12,24.88235294117647,0.07577851746468323
dynamic_support_frozen_era_labels_min1,era_wbt_c,1,200807,2008,7,503.199060125194,5,12,24.88235294117647,-0.052052766431064934
dynamic_support_frozen_era_labels_min1,observed_wbt_c,1,200807,2008,7,1006.39812025039,5,12,24.88235294117647,0.01983285434113813
dynamic_support_frozen_era_labels_min1,observed_wbt_slp_as_surface_c,1,200807,2008,7,1006.39812025039,5,12,24.88235294117647,0.027951025455620337
dynamic_support_frozen_era_labels_min1,era_wbt_c,1,200807,2008,7,1006.39812025039,5,12,24.88235294117647,-0.093227864258279
dynamic_support_frozen_era_labels_min1,observed_wbt_c,1,200807,2008,7,2012.79624050077,5,12,24.88235294117647,0.004985707835403863
dynamic_support_frozen_era_labels_min1,observed_wbt_slp_as_surface_c,1,200807,2008,7,2012.79624050077,5,12,24.88235294117647,0.01428151587018478
dynamic_support_frozen_era_labels_min1,era_wbt_c,1,200807,2008,7,2012.79624050077,5,12,24.88235294117647,-0.0929299985491282
dynamic_support_frozen_era_labels_min1,observed_wbt_c,1,200808,2008,8,125.799765031298,3,10,24.846153846153847,-0.3059739422512807
dynamic_support_frozen_era_labels_min1,observed_wbt_slp_as_surface_c,1,200808,2008,8,125.799765031298,3,10,24.846153846153847,-0.30305182618232207
dynamic_support_frozen_era_labels_min1,era_wbt_c,1,200808,2008,8,125.799765031298,3,10,24.846153846153847,-0.4026751614584053
dynamic_support_frozen_era_labels_min1,observed_wbt_c,1,200808,2008,8,251.599530062597,3,10,24.846153846153847,-0.2098901962180202
dynamic_support_frozen_era_labels_min1,observed_wbt_slp_as_surface_c,1,200808,2008,8,251.599530062597,3,10,24.846153846153847,-0.20628854480102454
dynamic_support_frozen_era_labels_min1,era_wbt_c,1,200808,2008,8,251.599530062597,3,10,24.846153846153847,-0.35346026508964723
dynamic_support_frozen_era_labels_min1,observed_wbt_c,1,200808,2008,8,503.199060125194,3,10,24.846153846153847,-0.2812453954549555
dynamic_support_frozen_era_labels_min1,observed_wbt_slp_as_surface_c,1,200808,2008,8,503.199060125194,3,10,24.846153846153847,-0.28029811427456
dynamic_support_frozen_era_labels_min1,era_wbt_c,1,200808,2008,8,503.199060125194,3,10,24.846153846153847,-0.40101687998825397
dynamic_support_frozen_era_labels_min1,observed_wbt_c,1,200808,2008,8,1006.39812025039,3,10,24.846153846153847,-0.3916359967938877
dynamic_support_frozen_era_labels_min1,observed_wbt_slp_as_surface_c,1,200808,2008,8,1006.39812025039,3,10,24.846153846153847,-0.39379274936827124
dynamic_support_frozen_era_labels_min1,era_wbt_c,1,200808,2008,8,1006.39812025039,3,10,24.846153846153847,-0.4740492733260483
dynamic_support_frozen_era_labels_min1,observed_wbt_c,1,200808,2008,8,2012.79624050077,3,10,24.846153846153847,-0.4494430591193689
dynamic_support_frozen_era_labels_min1,observed_wbt_slp_as_surface_c,1,200808,2008,8,2012.79624050077,3,10,24.846153846153847,-0.45317047987292103
dynamic_support_frozen_era_labels_min1,era_wbt_c,1,200808,2008,8,2012.79624050077,3,10,24.846153846153847,-0.5113266650920154
dynamic_support_frozen_era_labels_min1,observed_wbt_c,1,201206,2012,6,125.799765031298,4,5,25.0,-0.32039652839719024
dynamic_support_frozen_era_labels_min1,observed_wbt_slp_as_surface_c,1,201206,2012,6,125.799765031298,4,5,25.0,-0.3177590985908001
dynamic_support_frozen_era_labels_min1,era_wbt_c,1,201206,2012,6,125.799765031298,4,5,25.0,-0.18886390993513658
dynamic_support_frozen_era_labels_min1,observed_wbt_c,1,201206,2012,6,251.599530062597,4,5,25.0,-0.2910103097089557
dynamic_support_frozen_era_labels_min1,observed_wbt_slp_as_surface_c,1,201206,2012,6,251.599530062597,4,5,25.0,-0.2799100556728368
dynamic_support_frozen_era_labels_min1,era_wbt_c,1,201206,2012,6,251.599530062597,4,5,25.0,-0.15405772688721786
dynamic_support_frozen_era_labels_min1,observed_wbt_c,1,201206,2012,6,503.199060125194,4,5,25.0,-0.33145052724869184
dynamic_support_frozen_era_labels_min1,observed_wbt_slp_as_surface_c,1,201206,2012,6,503.199060125194,4,5,25.0,-0.3150070776586982
dynamic_support_frozen_era_labels_min1,era_wbt_c,1,201206,2012,6,503.199060125194,4,5,25.0,-0.24485663941900504
dynamic_support_frozen_era_labels_min1,observed_wbt_c,1,201206,2012,6,1006.39812025039,4,5,25.0,-0.3844925607167151
dynamic_support_frozen_era_labels_min1,observed_wbt_slp_as_surface_c,1,201206,2012,6,1006.39812025039,4,5,25.0,-0.37128272393257755
dynamic_support_frozen_era_labels_min1,era_wbt_c,1,201206,2012,6,1006.39812025039,4,5,25.0,-0.3170310960898418
dynamic_support_frozen_era_labels_min1,observed_wbt_c,1,201206,2012,6,2012.79624050077,4,5,25.0,-0.42009058755142614
dynamic_support_frozen_era_labels_min1,observed_wbt_slp_as_surface_c,1,201206,2012,6,2012.79624050077,4,5,25.0,-0.41003201134329403
dynamic_support_frozen_era_labels_min1,era_wbt_c,1,201206,2012,6,2012.79624050077,4,5,25.0,-0.3434423290327724
dynamic_support_frozen_era_labels_min1,observed_wbt_c,1,201207,2012,7,125.799765031298,8,11,24.68421052631579,-0.11837769629783212
dynamic_support_frozen_era_labels_min1,observed_wbt_slp_as_surface_c,1,201207,2012,7,125.799765031298,8,11,24.68421052631579,-0.12281658070979407
dynamic_support_frozen_era_labels_min1,era_wbt_c,1,201207,2012,7,125.799765031298,8,11,24.68421052631579,-0.1621808969405253
dynamic_support_frozen_era_labels_min1,observed_wbt_c,1,201207,2012,7,251.599530062597,8,11,24.68421052631579,-0.20435103899180962
dynamic_support_frozen_era_labels_min1,observed_wbt_slp_as_surface_c,1,201207,2012,7,251.599530062597,8,11,24.68421052631579,-0.2023199088874299
dynamic_support_frozen_era_labels_min1,era_wbt_c,1,201207,2012,7,251.599530062597,8,11,24.68421052631579,-0.21556620644375857
dynamic_support_frozen_era_labels_min1,observed_wbt_c,1,201207,2012,7,503.199060125194,8,11,24.68421052631579,-0.276971661493816
dynamic_support_frozen_era_labels_min1,observed_wbt_slp_as_surface_c,1,201207,2012,7,503.199060125194,8,11,24.68421052631579,-0.2706558057514429
dynamic_support_frozen_era_labels_min1,era_wbt_c,1,201207,2012,7,503.199060125194,8,11,24.68421052631579,-0.3332461190682954
dynamic_support_frozen_era_labels_min1,observed_wbt_c,1,201207,2012,7,1006.39812025039,8,11,24.68421052631579,-0.3383269384601586
dynamic_support_frozen_era_labels_min1,observed_wbt_slp_as_surface_c,1,201207,2012,7,1006.39812025039,8,11,24.68421052631579,-0.3321542133892872
dynamic_support_frozen_era_labels_min1,era_wbt_c,1,201207,2012,7,1006.39812025039,8,11,24.68421052631579,-0.4036254776753495
dynamic_support_frozen_era_labels_min1,observed_wbt_c,1,201207,2012,7,2012.79624050077,8,11,24.68421052631579,-0.3667416906536839
dynamic_support_frozen_era_labels_min1,observed_wbt_slp_as_surface_c,1,201207,2012,7,2012.79624050077,8,11,24.68421052631579,-0.36207065434402796
dynamic_support_frozen_era_labels_min1,era_wbt_c,1,201207,2012,7,2012.79624050077,8,11,24.68421052631579,-0.4264377679336361
dynamic_support_frozen_era_labels_min1,observed_wbt_c,1,201208,2012,8,125.799765031298,6,11,25.0,-0.31038792082304
dynamic_support_frozen_era_labels_min1,observed_wbt_slp_as_surface_c,1,201208,2012,8,125.799765031298,6,11,25.0,-0.30708484279498904
dynamic_support_frozen_era_labels_min1,era_wbt_c,1,201208,2012,8,125.799765031298,6,11,25.0,-0.28934878206012016
dynamic_support_frozen_era_labels_min1,observed_wbt_c,1,201208,2012,8,251.599530062597,6,11,25.0,-0.32948239847332206
dynamic_support_frozen_era_labels_min1,observed_wbt_slp_as_surface_c,1,201208,2012,8,251.599530062597,6,11,25.0,-0.32847458168154997
dynamic_support_frozen_era_labels_min1,era_wbt_c,1,201208,2012,8,251.599530062597,6,11,25.0,-0.2345809914523822
dynamic_support_frozen_era_labels_min1,observed_wbt_c,1,201208,2012,8,503.199060125194,6,11,25.0,-0.34858380571617953
dynamic_support_frozen_era_labels_min1,observed_wbt_slp_as_surface_c,1,201208,2012,8,503.199060125194,6,11,25.0,-0.3481843534996689
dynamic_support_frozen_era_labels_min1,era_wbt_c,1,201208,2012,8,503.199060125194,6,11,25.0,-0.2527988731962555
dynamic_support_frozen_era_labels_min1,observed_wbt_c,1,201208,2012,8,1006.39812025039,6,11,25.0,-0.3939172780747042
dynamic_support_frozen_era_labels_min1,observed_wbt_slp_as_surface_c,1,201208,2012,8,1006.39812025039,6,11,25.0,-0.39399330491926576
dynamic_support_frozen_era_labels_min1,era_wbt_c,1,201208,2012,8,1006.39812025039,6,11,25.0,-0.3128786843985015
dynamic_support_frozen_era_labels_min1,observed_wbt_c,1,201208,2012,8,2012.79624050077,6,11,25.0,-0.4121821572392401
dynamic_support_frozen_era_labels_min1,observed_wbt_slp_as_surface_c,1,201208,2012,8,2012.79624050077,6,11,25.0,-0.4124618525978875
dynamic_support_frozen_era_labels_min1,era_wbt_c,1,201208,2012,8,2012.79624050077,6,11,25.0,-0.3345371640839877
dynamic_support_frozen_era_labels_min1,observed_wbt_c,1,201606,2016,6,125.799765031298,5,10,23.866666666666667,0.03218152462861168
dynamic_support_frozen_era_labels_min1,observed_wbt_slp_as_surface_c,1,201606,2016,6,125.799765031298,5,10,23.866666666666667,0.028916073306319845
dynamic_support_frozen_era_labels_min1,era_wbt_c,1,201606,2016,6,125.799765031298,5,10,23.866666666666667,0.21413271540184664
dynamic_support_frozen_era_labels_min1,observed_wbt_c,1,201606,2016,6,251.599530062597,5,10,23.866666666666667,0.12087191643745343
dynamic_support_frozen_era_labels_min1,observed_wbt_slp_as_surface_c,1,201606,2016,6,251.599530062597,5,10,23.866666666666667,0.10875325912305644
dynamic_support_frozen_era_labels_min1,era_wbt_c,1,201606,2016,6,251.599530062597,5,10,23.866666666666667,0.04122123855297399
dynamic_support_frozen_era_labels_min1,observed_wbt_c,1,201606,2016,6,503.199060125194,5,10,23.866666666666667,0.04742721720623666
dynamic_support_frozen_era_labels_min1,observed_wbt_slp_as_surface_c,1,201606,2016,6,503.199060125194,5,10,23.866666666666667,0.03275886498408642
dynamic_support_frozen_era_labels_min1,era_wbt_c,1,201606,2016,6,503.199060125194,5,10,23.866666666666667,-0.03333001136970215
dynamic_support_frozen_era_labels_min1,observed_wbt_c,1,201606,2016,6,1006.39812025039,5,10,23.866666666666667,-0.08100829090602124
dynamic_support_frozen_era_labels_min1,observed_wbt_slp_as_surface_c,1,201606,2016,6,1006.39812025039,5,10,23.866666666666667,-0.09747621175725041
dynamic_support_frozen_era_labels_min1,era_wbt_c,1,201606,2016,6,1006.39812025039,5,10,23.866666666666667,-0.1285220155650696
dynamic_support_frozen_era_labels_min1,observed_wbt_c,1,201606,2016,6,2012.79624050077,5,10,23.866666666666667,-0.15189908573359656
dynamic_support_frozen_era_labels_min1,observed_wbt_slp_as_surface_c,1,201606,2016,6,2012.79624050077,5,10,23.866666666666667,-0.16823202862562558
dynamic_support_frozen_era_labels_min1,era_wbt_c,1,201606,2016,6,2012.79624050077,5,10,23.866666666666667,-0.18628860575849804
dynamic_support_frozen_era_labels_min1,observed_wbt_c,1,201607,2016,7,125.799765031298,2,9,24.0,0.43822822196531375
dynamic_support_frozen_era_labels_min1,observed_wbt_slp_as_surface_c,1,201607,2016,7,125.799765031298,2,9,24.0,0.46010318732824973
dynamic_support_frozen_era_labels_min1,era_wbt_c,1,201607,2016,7,125.799765031298,2,9,24.0,0.24177405624933002
dynamic_support_frozen_era_labels_min1,observed_wbt_c,1,201607,2016,7,251.599530062597,2,9,24.0,0.28795978625068774
dynamic_support_frozen_era_labels_min1,observed_wbt_slp_as_surface_c,1,201607,2016,7,251.599530062597,2,9,24.0,0.30166217982601884
dynamic_support_frozen_era_labels_min1,era_wbt_c,1,201607,2016,7,251.599530062597,2,9,24.0,0.21923278535589574
dynamic_support_frozen_era_labels_min1,observed_wbt_c,1,201607,2016,7,503.199060125194,2,9,24.0,0.11499602729745173
dynamic_support_frozen_era_labels_min1,observed_wbt_slp_as_surface_c,1,201607,2016,7,503.199060125194,2,9,24.0,0.127448098241709
dynamic_support_frozen_era_labels_min1,era_wbt_c,1,201607,2016,7,503.199060125194,2,9,24.0,0.032318924840980534
dynamic_support_frozen_era_labels_min1,observed_wbt_c,1,201607,2016,7,1006.39812025039,2,9,24.0,-0.0038628002480083357
dynamic_support_frozen_era_labels_min1,observed_wbt_slp_as_surface_c,1,201607,2016,7,1006.39812025039,2,9,24.0,0.007282011409169176
dynamic_support_frozen_era_labels_min1,era_wbt_c,1,201607,2016,7,1006.39812025039,2,9,24.0,-0.13128685257596795
dynamic_support_frozen_era_labels_min1,observed_wbt_c,1,201607,2016,7,2012.79624050077,2,9,24.0,-0.07331633512281432
dynamic_support_frozen_era_labels_min1,observed_wbt_slp_as_surface_c,1,201607,2016,7,2012.79624050077,2,9,24.0,-0.0650652198910513
dynamic_support_frozen_era_labels_min1,era_wbt_c,1,201607,2016,7,2012.79624050077,2,9,24.0,-0.21104438997644492
dynamic_support_frozen_era_labels_min1,observed_wbt_c,1,201608,2016,8,125.799765031298,7,10,23.88235294117647,0.09291097107764545
dynamic_support_frozen_era_labels_min1,observed_wbt_slp_as_surface_c,1,201608,2016,8,125.799765031298,7,10,23.88235294117647,0.1188988070897854
dynamic_support_frozen_era_labels_min1,era_wbt_c,1,201608,2016,8,125.799765031298,7,10,23.88235294117647,0.03236747807282225
dynamic_support_frozen_era_labels_min1,observed_wbt_c,1,201608,2016,8,251.599530062597,7,10,23.88235294117647,0.17369472918821693
dynamic_support_frozen_era_labels_min1,observed_wbt_slp_as_surface_c,1,201608,2016,8,251.599530062597,7,10,23.88235294117647,0.18467796633176814
dynamic_support_frozen_era_labels_min1,era_wbt_c,1,201608,2016,8,251.599530062597,7,10,23.88235294117647,0.08157740558141913
dynamic_support_frozen_era_labels_min1,observed_wbt_c,1,201608,2016,8,503.199060125194,7,10,23.88235294117647,0.07249277822530753
dynamic_support_frozen_era_labels_min1,observed_wbt_slp_as_surface_c,1,201608,2016,8,503.199060125194,7,10,23.88235294117647,0.07215071879212509
dynamic_support_frozen_era_labels_min1,era_wbt_c,1,201608,2016,8,503.199060125194,7,10,23.88235294117647,-0.01015160433582074
dynamic_support_frozen_era_labels_min1,observed_wbt_c,1,201608,2016,8,1006.39812025039,7,10,23.88235294117647,-0.009194824053164075
dynamic_support_frozen_era_labels_min1,observed_wbt_slp_as_surface_c,1,201608,2016,8,1006.39812025039,7,10,23.88235294117647,-0.013975711451241435
dynamic_support_frozen_era_labels_min1,era_wbt_c,1,201608,2016,8,1006.39812025039,7,10,23.88235294117647,-0.06616488031673562
dynamic_support_frozen_era_labels_min1,observed_wbt_c,1,201608,2016,8,2012.79624050077,7,10,23.88235294117647,-0.05278481600298157
dynamic_support_frozen_era_labels_min1,observed_wbt_slp_as_surface_c,1,201608,2016,8,2012.79624050077,7,10,23.88235294117647,-0.0585451635278742
dynamic_support_frozen_era_labels_min1,era_wbt_c,1,201608,2016,8,2012.79624050077,7,10,23.88235294117647,-0.08580553323151519
dynamic_support_frozen_era_labels_min1,observed_wbt_c,1,202006,2020,6,125.799765031298,6,8,27.785714285714285,0.024792190260606972
dynamic_support_frozen_era_labels_min1,observed_wbt_slp_as_surface_c,1,202006,2020,6,125.799765031298,6,8,27.785714285714285,0.02064605283681642
dynamic_support_frozen_era_labels_min1,era_wbt_c,1,202006,2020,6,125.799765031298,6,8,27.785714285714285,-0.21428647243689325
dynamic_support_frozen_era_labels_min1,observed_wbt_c,1,202006,2020,6,251.599530062597,6,8,27.785714285714285,0.0352234389805306
dynamic_support_frozen_era_labels_min1,observed_wbt_slp_as_surface_c,1,202006,2020,6,251.599530062597,6,8,27.785714285714285,0.027648787352795745
dynamic_support_frozen_era_labels_min1,era_wbt_c,1,202006,2020,6,251.599530062597,6,8,27.785714285714285,-0.1266754210796215
dynamic_support_frozen_era_labels_min1,observed_wbt_c,1,202006,2020,6,503.199060125194,6,8,27.785714285714285,0.022826925014793886
dynamic_support_frozen_era_labels_min1,observed_wbt_slp_as_surface_c,1,202006,2020,6,503.199060125194,6,8,27.785714285714285,0.012418683284097565
dynamic_support_frozen_era_labels_min1,era_wbt_c,1,202006,2020,6,503.199060125194,6,8,27.785714285714285,-0.04930437412796185
dynamic_support_frozen_era_labels_min1,observed_wbt_c,1,202006,2020,6,1006.39812025039,6,8,27.785714285714285,-0.027104004937730797
dynamic_support_frozen_era_labels_min1,observed_wbt_slp_as_surface_c,1,202006,2020,6,1006.39812025039,6,8,27.785714285714285,-0.035735903856498275
dynamic_support_frozen_era_labels_min1,era_wbt_c,1,202006,2020,6,1006.39812025039,6,8,27.785714285714285,-0.05688188212799439
dynamic_support_frozen_era_labels_min1,observed_wbt_c,1,202006,2020,6,2012.79624050077,6,8,27.785714285714285,-0.05561548017006035
dynamic_support_frozen_era_labels_min1,observed_wbt_slp_as_surface_c,1,202006,2020,6,2012.79624050077,6,8,27.785714285714285,-0.0628053436784094
dynamic_support_frozen_era_labels_min1,era_wbt_c,1,202006,2020,6,2012.79624050077,6,8,27.785714285714285,-0.06937544481900138
dynamic_support_frozen_era_labels_min1,observed_wbt_c,1,202007,2020,7,125.799765031298,6,12,27.944444444444443,-0.19112033368264525
dynamic_support_frozen_era_labels_min1,observed_wbt_slp_as_surface_c,1,202007,2020,7,125.799765031298,6,12,27.944444444444443,-0.18647390777954298
dynamic_support_frozen_era_labels_min1,era_wbt_c,1,202007,2020,7,125.799765031298,6,12,27.944444444444443,0.02417539615226616
dynamic_support_frozen_era_labels_min1,observed_wbt_c,1,202007,2020,7,251.599530062597,6,12,27.944444444444443,-0.1506387951430137
dynamic_support_frozen_era_labels_min1,observed_wbt_slp_as_surface_c,1,202007,2020,7,251.599530062597,6,12,27.944444444444443,-0.15136926685121888
dynamic_support_frozen_era_labels_min1,era_wbt_c,1,202007,2020,7,251.599530062597,6,12,27.944444444444443,-0.0011481631217211685
dynamic_support_frozen_era_labels_min1,observed_wbt_c,1,202007,2020,7,503.199060125194,6,12,27.944444444444443,-0.1541830610296766
dynamic_support_frozen_era_labels_min1,observed_wbt_slp_as_surface_c,1,202007,2020,7,503.199060125194,6,12,27.944444444444443,-0.15825429818334102
dynamic_support_frozen_era_labels_min1,era_wbt_c,1,202007,2020,7,503.199060125194,6,12,27.944444444444443,-0.039268911645182536
dynamic_support_frozen_era_labels_min1,observed_wbt_c,1,202007,2020,7,1006.39812025039,6,12,27.944444444444443,-0.2035391179600442
dynamic_support_frozen_era_labels_min1,observed_wbt_slp_as_surface_c,1,202007,2020,7,1006.39812025039,6,12,27.944444444444443,-0.21058511267958002
dynamic_support_frozen_era_labels_min1,era_wbt_c,1,202007,2020,7,1006.39812025039,6,12,27.944444444444443,-0.10822158103315493
dynamic_support_frozen_era_labels_min1,observed_wbt_c,1,202007,2020,7,2012.79624050077,6,12,27.944444444444443,-0.2367409663765988
dynamic_support_frozen_era_labels_min1,observed_wbt_slp_as_surface_c,1,202007,2020,7,2012.79624050077,6,12,27.944444444444443,-0.2459215780143067
dynamic_support_frozen_era_labels_min1,era_wbt_c,1,202007,2020,7,2012.79624050077,6,12,27.944444444444443,-0.15058881630454268
dynamic_support_frozen_era_labels_min1,observed_wbt_c,1,202008,2020,8,125.799765031298,5,11,27.9375,-0.10356261721251003
dynamic_support_frozen_era_labels_min1,observed_wbt_slp_as_surface_c,1,202008,2020,8,125.799765031298,5,11,27.9375,-0.12144219285358504
dynamic_support_frozen_era_labels_min1,era_wbt_c,1,202008,2020,8,125.799765031298,5,11,27.9375,0.005394872245766402
dynamic_support_frozen_era_labels_min1,observed_wbt_c,1,202008,2020,8,251.599530062597,5,11,27.9375,-0.00766839661912766
dynamic_support_frozen_era_labels_min1,observed_wbt_slp_as_surface_c,1,202008,2020,8,251.599530062597,5,11,27.9375,-0.026386108890211424
dynamic_support_frozen_era_labels_min1,era_wbt_c,1,202008,2020,8,251.599530062597,5,11,27.9375,-0.0018923634056713379
dynamic_support_frozen_era_labels_min1,observed_wbt_c,1,202008,2020,8,503.199060125194,5,11,27.9375,-0.011852369421771813
dynamic_support_frozen_era_labels_min1,observed_wbt_slp_as_surface_c,1,202008,2020,8,503.199060125194,5,11,27.9375,-0.029970731528520034
dynamic_support_frozen_era_labels_min1,era_wbt_c,1,202008,2020,8,503.199060125194,5,11,27.9375,-0.06654318877015764
dynamic_support_frozen_era_labels_min1,observed_wbt_c,1,202008,2020,8,1006.39812025039,5,11,27.9375,-0.023313587887969
dynamic_support_frozen_era_labels_min1,observed_wbt_slp_as_surface_c,1,202008,2020,8,1006.39812025039,5,11,27.9375,-0.043470666317143025
dynamic_support_frozen_era_labels_min1,era_wbt_c,1,202008,2020,8,1006.39812025039,5,11,27.9375,-0.07854530815061822
dynamic_support_frozen_era_labels_min1,observed_wbt_c,1,202008,2020,8,2012.79624050077,5,11,27.9375,-0.02894186726746284
dynamic_support_frozen_era_labels_min1,observed_wbt_slp_as_surface_c,1,202008,2020,8,2012.79624050077,5,11,27.9375,-0.05046047090145933
dynamic_support_frozen_era_labels_min1,era_wbt_c,1,202008,2020,8,2012.79624050077,5,11,27.9375,-0.07974985623959374
dynamic_support_frozen_era_labels_min1,observed_wbt_c,1,202306,2023,6,125.799765031298,4,4,25.375,-0.08690074480064447
dynamic_support_frozen_era_labels_min1,observed_wbt_slp_as_surface_c,1,202306,2023,6,125.799765031298,4,4,25.375,-0.06523626542401917
dynamic_support_frozen_era_labels_min1,era_wbt_c,1,202306,2023,6,125.799765031298,4,4,25.375,0.043944626390665986
dynamic_support_frozen_era_labels_min1,observed_wbt_c,1,202306,2023,6,251.599530062597,4,4,25.375,-0.09607053909408314
dynamic_support_frozen_era_labels_min1,observed_wbt_slp_as_surface_c,1,202306,2023,6,251.599530062597,4,4,25.375,-0.09612816902785248
dynamic_support_frozen_era_labels_min1,era_wbt_c,1,202306,2023,6,251.599530062597,4,4,25.375,-0.07029149065263296
dynamic_support_frozen_era_labels_min1,observed_wbt_c,1,202306,2023,6,503.199060125194,4,4,25.375,-0.10750885649275255
dynamic_support_frozen_era_labels_min1,observed_wbt_slp_as_surface_c,1,202306,2023,6,503.199060125194,4,4,25.375,-0.1156977073979214
dynamic_support_frozen_era_labels_min1,era_wbt_c,1,202306,2023,6,503.199060125194,4,4,25.375,-0.07563940747965125
dynamic_support_frozen_era_labels_min1,observed_wbt_c,1,202306,2023,6,1006.39812025039,4,4,25.375,-0.09469600474801931
dynamic_support_frozen_era_labels_min1,observed_wbt_slp_as_surface_c,1,202306,2023,6,1006.39812025039,4,4,25.375,-0.1051102857423225
dynamic_support_frozen_era_labels_min1,era_wbt_c,1,202306,2023,6,1006.39812025039,4,4,25.375,-0.03941944836942701
dynamic_support_frozen_era_labels_min1,observed_wbt_c,1,202306,2023,6,2012.79624050077,4,4,25.375,-0.10135762812112692
dynamic_support_frozen_era_labels_min1,observed_wbt_slp_as_surface_c,1,202306,2023,6,2012.79624050077,4,4,25.375,-0.11269420656771989
dynamic_support_frozen_era_labels_min1,era_wbt_c,1,202306,2023,6,2012.79624050077,4,4,25.375,-0.04577644241730494
dynamic_support_frozen_era_labels_min1,observed_wbt_c,1,202307,2023,7,125.799765031298,5,12,26.41176470588235,-0.3641088487956935
dynamic_support_frozen_era_labels_min1,observed_wbt_slp_as_surface_c,1,202307,2023,7,125.799765031298,5,12,26.41176470588235,-0.35572420126416904
dynamic_support_frozen_era_labels_min1,era_wbt_c,1,202307,2023,7,125.799765031298,5,12,26.41176470588235,-0.23647515699193888
dynamic_support_frozen_era_labels_min1,observed_wbt_c,1,202307,2023,7,251.599530062597,5,12,26.41176470588235,-0.23633077799468416
dynamic_support_frozen_era_labels_min1,observed_wbt_slp_as_surface_c,1,202307,2023,7,251.599530062597,5,12,26.41176470588235,-0.23607508136831334
dynamic_support_frozen_era_labels_min1,era_wbt_c,1,202307,2023,7,251.599530062597,5,12,26.41176470588235,-0.1498743275081843
dynamic_support_frozen_era_labels_min1,observed_wbt_c,1,202307,2023,7,503.199060125194,5,12,26.41176470588235,-0.22918812420849866
dynamic_support_frozen_era_labels_min1,observed_wbt_slp_as_surface_c,1,202307,2023,7,503.199060125194,5,12,26.41176470588235,-0.2315086994152552
dynamic_support_frozen_era_labels_min1,era_wbt_c,1,202307,2023,7,503.199060125194,5,12,26.41176470588235,-0.17970717635790368
dynamic_support_frozen_era_labels_min1,observed_wbt_c,1,202307,2023,7,1006.39812025039,5,12,26.41176470588235,-0.2535340457517009
dynamic_support_frozen_era_labels_min1,observed_wbt_slp_as_surface_c,1,202307,2023,7,1006.39812025039,5,12,26.41176470588235,-0.25725127804613623
dynamic_support_frozen_era_labels_min1,era_wbt_c,1,202307,2023,7,1006.39812025039,5,12,26.41176470588235,-0.22829187900058123
dynamic_support_frozen_era_labels_min1,observed_wbt_c,1,202307,2023,7,2012.79624050077,5,12,26.41176470588235,-0.2621362380598937
dynamic_support_frozen_era_labels_min1,observed_wbt_slp_as_surface_c,1,202307,2023,7,2012.79624050077,5,12,26.41176470588235,-0.26697150488041677
dynamic_support_frozen_era_labels_min1,era_wbt_c,1,202307,2023,7,2012.79624050077,5,12,26.41176470588235,-0.24756609645042638
dynamic_support_frozen_era_labels_min1,observed_wbt_c,1,202308,2023,8,125.799765031298,7,8,26.8,-0.4159947289266007
dynamic_support_frozen_era_labels_min1,observed_wbt_slp_as_surface_c,1,202308,2023,8,125.799765031298,7,8,26.8,-0.40200308316043676
dynamic_support_frozen_era_labels_min1,era_wbt_c,1,202308,2023,8,125.799765031298,7,8,26.8,-0.4348412561051206
dynamic_support_frozen_era_labels_min1,observed_wbt_c,1,202308,2023,8,251.599530062597,7,8,26.8,-0.2784358367449511
dynamic_support_frozen_era_labels_min1,observed_wbt_slp_as_surface_c,1,202308,2023,8,251.599530062597,7,8,26.8,-0.26101228496695295
dynamic_support_frozen_era_labels_min1,era_wbt_c,1,202308,2023,8,251.599530062597,7,8,26.8,-0.26605446096023067
dynamic_support_frozen_era_labels_min1,observed_wbt_c,1,202308,2023,8,503.199060125194,7,8,26.8,-0.26985367521665427
dynamic_support_frozen_era_labels_min1,observed_wbt_slp_as_surface_c,1,202308,2023,8,503.199060125194,7,8,26.8,-0.25408281972251634
dynamic_support_frozen_era_labels_min1,era_wbt_c,1,202308,2023,8,503.199060125194,7,8,26.8,-0.26540260173017527
dynamic_support_frozen_era_labels_min1,observed_wbt_c,1,202308,2023,8,1006.39812025039,7,8,26.8,-0.31509630688072177
dynamic_support_frozen_era_labels_min1,observed_wbt_slp_as_surface_c,1,202308,2023,8,1006.39812025039,7,8,26.8,-0.30187509675126156
dynamic_support_frozen_era_labels_min1,era_wbt_c,1,202308,2023,8,1006.39812025039,7,8,26.8,-0.31408942521604366
dynamic_support_frozen_era_labels_min1,observed_wbt_c,1,202308,2023,8,2012.79624050077,7,8,26.8,-0.3387702107934665
dynamic_support_frozen_era_labels_min1,observed_wbt_slp_as_surface_c,1,202308,2023,8,2012.79624050077,7,8,26.8,-0.3268446239658539
dynamic_support_frozen_era_labels_min1,era_wbt_c,1,202308,2023,8,2012.79624050077,7,8,26.8,-0.33612112263740723
dynamic_support_frozen_era_labels_min1,observed_wbt_c,1,202506,2025,6,125.799765031298,6,7,27.76923076923077,-0.17290060159409626
dynamic_support_frozen_era_labels_min1,observed_wbt_slp_as_surface_c,1,202506,2025,6,125.799765031298,6,7,27.76923076923077,-0.12220215897923947
dynamic_support_frozen_era_labels_min1,era_wbt_c,1,202506,2025,6,125.799765031298,6,7,27.76923076923077,-0.2803848946363018
dynamic_support_frozen_era_labels_min1,observed_wbt_c,1,202506,2025,6,251.599530062597,6,7,27.76923076923077,-0.18850822063469996
dynamic_support_frozen_era_labels_min1,observed_wbt_slp_as_surface_c,1,202506,2025,6,251.599530062597,6,7,27.76923076923077,-0.16271560477118663
dynamic_support_frozen_era_labels_min1,era_wbt_c,1,202506,2025,6,251.599530062597,6,7,27.76923076923077,-0.19940918570365163
dynamic_support_frozen_era_labels_min1,observed_wbt_c,1,202506,2025,6,503.199060125194,6,7,27.76923076923077,-0.18936986999035943
dynamic_support_frozen_era_labels_min1,observed_wbt_slp_as_surface_c,1,202506,2025,6,503.199060125194,6,7,27.76923076923077,-0.17718244631719982
dynamic_support_frozen_era_labels_min1,era_wbt_c,1,202506,2025,6,503.199060125194,6,7,27.76923076923077,-0.15799375092169265
dynamic_support_frozen_era_labels_min1,observed_wbt_c,1,202506,2025,6,1006.39812025039,6,7,27.76923076923077,-0.21938619394681225
dynamic_support_frozen_era_labels_min1,observed_wbt_slp_as_surface_c,1,202506,2025,6,1006.39812025039,6,7,27.76923076923077,-0.21347315874514305
dynamic_support_frozen_era_labels_min1,era_wbt_c,1,202506,2025,6,1006.39812025039,6,7,27.76923076923077,-0.19798952896427213
dynamic_support_frozen_era_labels_min1,observed_wbt_c,1,202506,2025,6,2012.79624050077,6,7,27.76923076923077,-0.2562926595461952
dynamic_support_frozen_era_labels_min1,observed_wbt_slp_as_surface_c,1,202506,2025,6,2012.79624050077,6,7,27.76923076923077,-0.2527616785986495
dynamic_support_frozen_era_labels_min1,era_wbt_c,1,202506,2025,6,2012.79624050077,6,7,27.76923076923077,-0.24003134704778506
dynamic_support_frozen_era_labels_min1,observed_wbt_c,1,202507,2025,7,125.799765031298,5,8,27.923076923076923,0.014276134214454395
dynamic_support_frozen_era_labels_min1,observed_wbt_slp_as_surface_c,1,202507,2025,7,125.799765031298,5,8,27.923076923076923,0.021200941134268625
dynamic_support_frozen_era_labels_min1,era_wbt_c,1,202507,2025,7,125.799765031298,5,8,27.923076923076923,0.03851351408454984
dynamic_support_frozen_era_labels_min1,observed_wbt_c,1,202507,2025,7,251.599530062597,5,8,27.923076923076923,0.0396539651514185
dynamic_support_frozen_era_labels_min1,observed_wbt_slp_as_surface_c,1,202507,2025,7,251.599530062597,5,8,27.923076923076923,0.0376426246526822
dynamic_support_frozen_era_labels_min1,era_wbt_c,1,202507,2025,7,251.599530062597,5,8,27.923076923076923,0.08238808440326317
dynamic_support_frozen_era_labels_min1,observed_wbt_c,1,202507,2025,7,503.199060125194,5,8,27.923076923076923,-0.026306907518464206
dynamic_support_frozen_era_labels_min1,observed_wbt_slp_as_surface_c,1,202507,2025,7,503.199060125194,5,8,27.923076923076923,-0.027977132588157816
dynamic_support_frozen_era_labels_min1,era_wbt_c,1,202507,2025,7,503.199060125194,5,8,27.923076923076923,-0.014021126848560939
dynamic_support_frozen_era_labels_min1,observed_wbt_c,1,202507,2025,7,1006.39812025039,5,8,27.923076923076923,-0.07960656683521727
dynamic_support_frozen_era_labels_min1,observed_wbt_slp_as_surface_c,1,202507,2025,7,1006.39812025039,5,8,27.923076923076923,-0.08164718917604996
dynamic_support_frozen_era_labels_min1,era_wbt_c,1,202507,2025,7,1006.39812025039,5,8,27.923076923076923,-0.06831237862045625
dynamic_support_frozen_era_labels_min1,observed_wbt_c,1,202507,2025,7,2012.79624050077,5,8,27.923076923076923,-0.10220537361336801
dynamic_support_frozen_era_labels_min1,observed_wbt_slp_as_surface_c,1,202507,2025,7,2012.79624050077,5,8,27.923076923076923,-0.10588191409143577
dynamic_support_frozen_era_labels_min1,era_wbt_c,1,202507,2025,7,2012.79624050077,5,8,27.923076923076923,-0.08660188218829101
dynamic_support_frozen_era_labels_min1,observed_wbt_c,1,202508,2025,8,125.799765031298,5,8,27.0,-0.2658133874409364
dynamic_support_frozen_era_labels_min1,observed_wbt_slp_as_surface_c,1,202508,2025,8,125.799765031298,5,8,27.0,-0.27857675491849276
dynamic_support_frozen_era_labels_min1,era_wbt_c,1,202508,2025,8,125.799765031298,5,8,27.0,-0.2724777711243006
dynamic_support_frozen_era_labels_min1,observed_wbt_c,1,202508,2025,8,251.599530062597,5,8,27.0,-0.20883318273776152
dynamic_support_frozen_era_labels_min1,observed_wbt_slp_as_surface_c,1,202508,2025,8,251.599530062597,5,8,27.0,-0.2238989753116981
dynamic_support_frozen_era_labels_min1,era_wbt_c,1,202508,2025,8,251.599530062597,5,8,27.0,-0.2545201336316292
dynamic_support_frozen_era_labels_min1,observed_wbt_c,1,202508,2025,8,503.199060125194,5,8,27.0,-0.2207558898133134
dynamic_support_frozen_era_labels_min1,observed_wbt_slp_as_surface_c,1,202508,2025,8,503.199060125194,5,8,27.0,-0.236694900774726
dynamic_support_frozen_era_labels_min1,era_wbt_c,1,202508,2025,8,503.199060125194,5,8,27.0,-0.26727628292462957
dynamic_support_frozen_era_labels_min1,observed_wbt_c,1,202508,2025,8,1006.39812025039,5,8,27.0,-0.23827968992828674
dynamic_support_frozen_era_labels_min1,observed_wbt_slp_as_surface_c,1,202508,2025,8,1006.39812025039,5,8,27.0,-0.2554150242518305
dynamic_support_frozen_era_labels_min1,era_wbt_c,1,202508,2025,8,1006.39812025039,5,8,27.0,-0.27783912766556973
dynamic_support_frozen_era_labels_min1,observed_wbt_c,1,202508,2025,8,2012.79624050077,5,8,27.0,-0.23990621261424838
dynamic_support_frozen_era_labels_min1,observed_wbt_slp_as_surface_c,1,202508,2025,8,2012.79624050077,5,8,27.0,-0.25765910168203054
dynamic_support_frozen_era_labels_min1,era_wbt_c,1,202508,2025,8,2012.79624050077,5,8,27.0,-0.2761623918155286
dynamic_support_frozen_era_labels_min2,observed_wbt_c,2,199206,1992,6,125.799765031298,3,7,24.7,1.1512081318562823
dynamic_support_frozen_era_labels_min2,observed_wbt_slp_as_surface_c,2,199206,1992,6,125.799765031298,3,7,24.7,1.0724297764747406
dynamic_support_frozen_era_labels_min2,era_wbt_c,2,199206,1992,6,125.799765031298,3,7,24.7,0.8011991601234323
dynamic_support_frozen_era_labels_min2,observed_wbt_c,2,199206,1992,6,251.599530062597,3,7,24.7,0.3801702358567187
dynamic_support_frozen_era_labels_min2,observed_wbt_slp_as_surface_c,2,199206,1992,6,251.599530062597,3,7,24.7,0.3361803841123936
dynamic_support_frozen_era_labels_min2,era_wbt_c,2,199206,1992,6,251.599530062597,3,7,24.7,0.2268878340383489
dynamic_support_frozen_era_labels_min2,observed_wbt_c,2,199206,1992,6,503.199060125194,3,7,24.7,0.1933527823553567
dynamic_support_frozen_era_labels_min2,observed_wbt_slp_as_surface_c,2,199206,1992,6,503.199060125194,3,7,24.7,0.15765034293337643
dynamic_support_frozen_era_labels_min2,era_wbt_c,2,199206,1992,6,503.199060125194,3,7,24.7,0.056501330269076
dynamic_support_frozen_era_labels_min2,observed_wbt_c,2,199206,1992,6,1006.39812025039,3,7,24.7,0.16790022747674538
dynamic_support_frozen_era_labels_min2,observed_wbt_slp_as_surface_c,2,199206,1992,6,1006.39812025039,3,7,24.7,0.13750558885643183
dynamic_support_frozen_era_labels_min2,era_wbt_c,2,199206,1992,6,1006.39812025039,3,7,24.7,0.012280494207234316
dynamic_support_frozen_era_labels_min2,observed_wbt_c,2,199206,1992,6,2012.79624050077,3,7,24.7,0.14694673196180474
dynamic_support_frozen_era_labels_min2,observed_wbt_slp_as_surface_c,2,199206,1992,6,2012.79624050077,3,7,24.7,0.12005965528009788
dynamic_support_frozen_era_labels_min2,era_wbt_c,2,199206,1992,6,2012.79624050077,3,7,24.7,-0.01172059001507908
dynamic_support_frozen_era_labels_min2,observed_wbt_c,2,199606,1996,6,125.799765031298,5,3,24.875,-0.46515272636518135
dynamic_support_frozen_era_labels_min2,observed_wbt_slp_as_surface_c,2,199606,1996,6,125.799765031298,5,3,24.875,-0.44817817630944967
dynamic_support_frozen_era_labels_min2,era_wbt_c,2,199606,1996,6,125.799765031298,5,3,24.875,-0.5556186125842135
dynamic_support_frozen_era_labels_min2,observed_wbt_c,2,199606,1996,6,251.599530062597,5,3,24.875,-0.31183854480890916
dynamic_support_frozen_era_labels_min2,observed_wbt_slp_as_surface_c,2,199606,1996,6,251.599530062597,5,3,24.875,-0.2919210733125277
dynamic_support_frozen_era_labels_min2,era_wbt_c,2,199606,1996,6,251.599530062597,5,3,24.875,-0.4348122284550612
dynamic_support_frozen_era_labels_min2,observed_wbt_c,2,199606,1996,6,503.199060125194,5,3,24.875,-0.28322240289617817
dynamic_support_frozen_era_labels_min2,observed_wbt_slp_as_surface_c,2,199606,1996,6,503.199060125194,5,3,24.875,-0.26107162636554615
dynamic_support_frozen_era_labels_min2,era_wbt_c,2,199606,1996,6,503.199060125194,5,3,24.875,-0.35586544560206623
dynamic_support_frozen_era_labels_min2,observed_wbt_c,2,199606,1996,6,1006.39812025039,5,3,24.875,-0.314183089291696
dynamic_support_frozen_era_labels_min2,observed_wbt_slp_as_surface_c,2,199606,1996,6,1006.39812025039,5,3,24.875,-0.29441349961188334
dynamic_support_frozen_era_labels_min2,era_wbt_c,2,199606,1996,6,1006.39812025039,5,3,24.875,-0.3340674846571059
dynamic_support_frozen_era_labels_min2,observed_wbt_c,2,199606,1996,6,2012.79624050077,5,3,24.875,-0.32658828143434704
dynamic_support_frozen_era_labels_min2,observed_wbt_slp_as_surface_c,2,199606,1996,6,2012.79624050077,5,3,24.875,-0.3078249218003154
dynamic_support_frozen_era_labels_min2,era_wbt_c,2,199606,1996,6,2012.79624050077,5,3,24.875,-0.3386208370982554
dynamic_support_frozen_era_labels_min2,observed_wbt_c,2,200006,2000,6,125.799765031298,3,4,23.714285714285715,-0.47222935495568286
dynamic_support_frozen_era_labels_min2,observed_wbt_slp_as_surface_c,2,200006,2000,6,125.799765031298,3,4,23.714285714285715,-0.47275984861647913
dynamic_support_frozen_era_labels_min2,era_wbt_c,2,200006,2000,6,125.799765031298,3,4,23.714285714285715,-0.2799807011562564
dynamic_support_frozen_era_labels_min2,observed_wbt_c,2,200006,2000,6,251.599530062597,3,4,23.714285714285715,-0.3103383403056803
dynamic_support_frozen_era_labels_min2,observed_wbt_slp_as_surface_c,2,200006,2000,6,251.599530062597,3,4,23.714285714285715,-0.3139125160117662
dynamic_support_frozen_era_labels_min2,era_wbt_c,2,200006,2000,6,251.599530062597,3,4,23.714285714285715,-0.24351166465861296
dynamic_support_frozen_era_labels_min2,observed_wbt_c,2,200006,2000,6,503.199060125194,3,4,23.714285714285715,-0.2870817189987035
dynamic_support_frozen_era_labels_min2,observed_wbt_slp_as_surface_c,2,200006,2000,6,503.199060125194,3,4,23.714285714285715,-0.29702670921307317
dynamic_support_frozen_era_labels_min2,era_wbt_c,2,200006,2000,6,503.199060125194,3,4,23.714285714285715,-0.27665441481024966
dynamic_support_frozen_era_labels_min2,observed_wbt_c,2,200006,2000,6,1006.39812025039,3,4,23.714285714285715,-0.3475044951985061
dynamic_support_frozen_era_labels_min2,observed_wbt_slp_as_surface_c,2,200006,2000,6,1006.39812025039,3,4,23.714285714285715,-0.36008164127783815
dynamic_support_frozen_era_labels_min2,era_wbt_c,2,200006,2000,6,1006.39812025039,3,4,23.714285714285715,-0.3336205992324157
dynamic_support_frozen_era_labels_min2,observed_wbt_c,2,200006,2000,6,2012.79624050077,3,4,23.714285714285715,-0.3795923767281568
dynamic_support_frozen_era_labels_min2,observed_wbt_slp_as_surface_c,2,200006,2000,6,2012.79624050077,3,4,23.714285714285715,-0.39220724076630664
dynamic_support_frozen_era_labels_min2,era_wbt_c,2,200006,2000,6,2012.79624050077,3,4,23.714285714285715,-0.3601174343289253
dynamic_support_frozen_era_labels_min2,observed_wbt_c,2,200007,2000,7,125.799765031298,3,5,24.75,-0.4230462200744426
dynamic_support_frozen_era_labels_min2,observed_wbt_slp_as_surface_c,2,200007,2000,7,125.799765031298,3,5,24.75,-0.40648141467669074
dynamic_support_frozen_era_labels_min2,era_wbt_c,2,200007,2000,7,125.799765031298,3,5,24.75,-0.48824647337423976
dynamic_support_frozen_era_labels_min2,observed_wbt_c,2,200007,2000,7,251.599530062597,3,5,24.75,-0.28977091749457307
dynamic_support_frozen_era_labels_min2,observed_wbt_slp_as_surface_c,2,200007,2000,7,251.599530062597,3,5,24.75,-0.2833007928779212
dynamic_support_frozen_era_labels_min2,era_wbt_c,2,200007,2000,7,251.599530062597,3,5,24.75,-0.43492425734837414
dynamic_support_frozen_era_labels_min2,observed_wbt_c,2,200007,2000,7,503.199060125194,3,5,24.75,-0.23425258385047787
dynamic_support_frozen_era_labels_min2,observed_wbt_slp_as_surface_c,2,200007,2000,7,503.199060125194,3,5,24.75,-0.22626058451615993
dynamic_support_frozen_era_labels_min2,era_wbt_c,2,200007,2000,7,503.199060125194,3,5,24.75,-0.4336041519374034
dynamic_support_frozen_era_labels_min2,observed_wbt_c,2,200007,2000,7,1006.39812025039,3,5,24.75,-0.26135972067564817
dynamic_support_frozen_era_labels_min2,observed_wbt_slp_as_surface_c,2,200007,2000,7,1006.39812025039,3,5,24.75,-0.25098098695287097
dynamic_support_frozen_era_labels_min2,era_wbt_c,2,200007,2000,7,1006.39812025039,3,5,24.75,-0.45682980057456946
dynamic_support_frozen_era_labels_min2,observed_wbt_c,2,200007,2000,7,2012.79624050077,3,5,24.75,-0.28093999710112516
dynamic_support_frozen_era_labels_min2,observed_wbt_slp_as_surface_c,2,200007,2000,7,2012.79624050077,3,5,24.75,-0.26932025821414285
dynamic_support_frozen_era_labels_min2,era_wbt_c,2,200007,2000,7,2012.79624050077,3,5,24.75,-0.47165469647326375
dynamic_support_frozen_era_labels_min2,observed_wbt_c,2,200008,2000,8,125.799765031298,3,5,23.125,-0.5514306613252133
dynamic_support_frozen_era_labels_min2,observed_wbt_slp_as_surface_c,2,200008,2000,8,125.799765031298,3,5,23.125,-0.553932757407859
dynamic_support_frozen_era_labels_min2,era_wbt_c,2,200008,2000,8,125.799765031298,3,5,23.125,-0.6004771487110474
dynamic_support_frozen_era_labels_min2,observed_wbt_c,2,200008,2000,8,251.599530062597,3,5,23.125,-0.3193092439884079
dynamic_support_frozen_era_labels_min2,observed_wbt_slp_as_surface_c,2,200008,2000,8,251.599530062597,3,5,23.125,-0.3197775672231825
dynamic_support_frozen_era_labels_min2,era_wbt_c,2,200008,2000,8,251.599530062597,3,5,23.125,-0.3538804626035087
dynamic_support_frozen_era_labels_min2,observed_wbt_c,2,200008,2000,8,503.199060125194,3,5,23.125,-0.21314760828961088
dynamic_support_frozen_era_labels_min2,observed_wbt_slp_as_surface_c,2,200008,2000,8,503.199060125194,3,5,23.125,-0.20688050812633063
dynamic_support_frozen_era_labels_min2,era_wbt_c,2,200008,2000,8,503.199060125194,3,5,23.125,-0.2837135001756088
dynamic_support_frozen_era_labels_min2,observed_wbt_c,2,200008,2000,8,1006.39812025039,3,5,23.125,-0.2086228968146816
dynamic_support_frozen_era_labels_min2,observed_wbt_slp_as_surface_c,2,200008,2000,8,1006.39812025039,3,5,23.125,-0.20049782743190026
dynamic_support_frozen_era_labels_min2,era_wbt_c,2,200008,2000,8,1006.39812025039,3,5,23.125,-0.27184154176892494
dynamic_support_frozen_era_labels_min2,observed_wbt_c,2,200008,2000,8,2012.79624050077,3,5,23.125,-0.23499729578612638
dynamic_support_frozen_era_labels_min2,observed_wbt_slp_as_surface_c,2,200008,2000,8,2012.79624050077,3,5,23.125,-0.22761161665807395
dynamic_support_frozen_era_labels_min2,era_wbt_c,2,200008,2000,8,2012.79624050077,3,5,23.125,-0.285496859036921
dynamic_support_frozen_era_labels_min2,observed_wbt_c,2,200406,2004,6,125.799765031298,2,5,24.714285714285715,0.15476930817672985
dynamic_support_frozen_era_labels_min2,observed_wbt_slp_as_surface_c,2,200406,2004,6,125.799765031298,2,5,24.714285714285715,0.1540698409322645
dynamic_support_frozen_era_labels_min2,era_wbt_c,2,200406,2004,6,125.799765031298,2,5,24.714285714285715,-0.06135901343961603
dynamic_support_frozen_era_labels_min2,observed_wbt_c,2,200406,2004,6,251.599530062597,2,5,24.714285714285715,0.16368025530647246
dynamic_support_frozen_era_labels_min2,observed_wbt_slp_as_surface_c,2,200406,2004,6,251.599530062597,2,5,24.714285714285715,0.13768343502239522
dynamic_support_frozen_era_labels_min2,era_wbt_c,2,200406,2004,6,251.599530062597,2,5,24.714285714285715,0.22442874334003182
dynamic_support_frozen_era_labels_min2,observed_wbt_c,2,200406,2004,6,503.199060125194,2,5,24.714285714285715,0.054079907469387845
dynamic_support_frozen_era_labels_min2,observed_wbt_slp_as_surface_c,2,200406,2004,6,503.199060125194,2,5,24.714285714285715,0.029629699935779685
dynamic_support_frozen_era_labels_min2,era_wbt_c,2,200406,2004,6,503.199060125194,2,5,24.714285714285715,0.19759182956995125
dynamic_support_frozen_era_labels_min2,observed_wbt_c,2,200406,2004,6,1006.39812025039,2,5,24.714285714285715,0.01696717867816866
dynamic_support_frozen_era_labels_min2,observed_wbt_slp_as_surface_c,2,200406,2004,6,1006.39812025039,2,5,24.714285714285715,-0.0076810307508901055
dynamic_support_frozen_era_labels_min2,era_wbt_c,2,200406,2004,6,1006.39812025039,2,5,24.714285714285715,0.14623156462757536
dynamic_support_frozen_era_labels_min2,observed_wbt_c,2,200406,2004,6,2012.79624050077,2,5,24.714285714285715,-0.02359005329739794
dynamic_support_frozen_era_labels_min2,observed_wbt_slp_as_surface_c,2,200406,2004,6,2012.79624050077,2,5,24.714285714285715,-0.04856692487067482
dynamic_support_frozen_era_labels_min2,era_wbt_c,2,200406,2004,6,2012.79624050077,2,5,24.714285714285715,0.10216237291663299
dynamic_support_frozen_era_labels_min2,observed_wbt_c,2,200806,2008,6,125.799765031298,8,7,24.933333333333334,0.3982908143763024
dynamic_support_frozen_era_labels_min2,observed_wbt_slp_as_surface_c,2,200806,2008,6,125.799765031298,8,7,24.933333333333334,0.39946537324269715
dynamic_support_frozen_era_labels_min2,era_wbt_c,2,200806,2008,6,125.799765031298,8,7,24.933333333333334,0.141086763675631
dynamic_support_frozen_era_labels_min2,observed_wbt_c,2,200806,2008,6,251.599530062597,8,7,24.933333333333334,0.23286206477047888
dynamic_support_frozen_era_labels_min2,observed_wbt_slp_as_surface_c,2,200806,2008,6,251.599530062597,8,7,24.933333333333334,0.23283565164650022
dynamic_support_frozen_era_labels_min2,era_wbt_c,2,200806,2008,6,251.599530062597,8,7,24.933333333333334,0.06665635667431635
dynamic_support_frozen_era_labels_min2,observed_wbt_c,2,200806,2008,6,503.199060125194,8,7,24.933333333333334,0.1656797849815197
dynamic_support_frozen_era_labels_min2,observed_wbt_slp_as_surface_c,2,200806,2008,6,503.199060125194,8,7,24.933333333333334,0.16409168664388885
dynamic_support_frozen_era_labels_min2,era_wbt_c,2,200806,2008,6,503.199060125194,8,7,24.933333333333334,0.05454543297242265
dynamic_support_frozen_era_labels_min2,observed_wbt_c,2,200806,2008,6,1006.39812025039,8,7,24.933333333333334,0.04770617641954811
dynamic_support_frozen_era_labels_min2,observed_wbt_slp_as_surface_c,2,200806,2008,6,1006.39812025039,8,7,24.933333333333334,0.04237148423487258
dynamic_support_frozen_era_labels_min2,era_wbt_c,2,200806,2008,6,1006.39812025039,8,7,24.933333333333334,-0.0006021863079925804
dynamic_support_frozen_era_labels_min2,observed_wbt_c,2,200806,2008,6,2012.79624050077,8,7,24.933333333333334,-0.04136309701208574
dynamic_support_frozen_era_labels_min2,observed_wbt_slp_as_surface_c,2,200806,2008,6,2012.79624050077,8,7,24.933333333333334,-0.049204552941244484
dynamic_support_frozen_era_labels_min2,era_wbt_c,2,200806,2008,6,2012.79624050077,8,7,24.933333333333334,-0.05679660552767052
dynamic_support_frozen_era_labels_min2,observed_wbt_c,2,200807,2008,7,125.799765031298,5,12,24.88235294117647,0.02577955035775248
dynamic_support_frozen_era_labels_min2,observed_wbt_slp_as_surface_c,2,200807,2008,7,125.799765031298,5,12,24.88235294117647,0.02591340861642588
dynamic_support_frozen_era_labels_min2,era_wbt_c,2,200807,2008,7,125.799765031298,5,12,24.88235294117647,0.004279183097848138
dynamic_support_frozen_era_labels_min2,observed_wbt_c,2,200807,2008,7,251.599530062597,5,12,24.88235294117647,0.11150677170310908
dynamic_support_frozen_era_labels_min2,observed_wbt_slp_as_surface_c,2,200807,2008,7,251.599530062597,5,12,24.88235294117647,0.11417618371845428
dynamic_support_frozen_era_labels_min2,era_wbt_c,2,200807,2008,7,251.599530062597,5,12,24.88235294117647,0.0068992357727142295
dynamic_support_frozen_era_labels_min2,observed_wbt_c,2,200807,2008,7,503.199060125194,5,12,24.88235294117647,0.07052309450385685
dynamic_support_frozen_era_labels_min2,observed_wbt_slp_as_surface_c,2,200807,2008,7,503.199060125194,5,12,24.88235294117647,0.07577851746468323
dynamic_support_frozen_era_labels_min2,era_wbt_c,2,200807,2008,7,503.199060125194,5,12,24.88235294117647,-0.052052766431064934
dynamic_support_frozen_era_labels_min2,observed_wbt_c,2,200807,2008,7,1006.39812025039,5,12,24.88235294117647,0.01983285434113813
dynamic_support_frozen_era_labels_min2,observed_wbt_slp_as_surface_c,2,200807,2008,7,1006.39812025039,5,12,24.88235294117647,0.027951025455620337
dynamic_support_frozen_era_labels_min2,era_wbt_c,2,200807,2008,7,1006.39812025039,5,12,24.88235294117647,-0.093227864258279
dynamic_support_frozen_era_labels_min2,observed_wbt_c,2,200807,2008,7,2012.79624050077,5,12,24.88235294117647,0.004985707835403863
dynamic_support_frozen_era_labels_min2,observed_wbt_slp_as_surface_c,2,200807,2008,7,2012.79624050077,5,12,24.88235294117647,0.01428151587018478
dynamic_support_frozen_era_labels_min2,era_wbt_c,2,200807,2008,7,2012.79624050077,5,12,24.88235294117647,-0.0929299985491282
dynamic_support_frozen_era_labels_min2,observed_wbt_c,2,200808,2008,8,125.799765031298,3,10,24.846153846153847,-0.3059739422512807
dynamic_support_frozen_era_labels_min2,observed_wbt_slp_as_surface_c,2,200808,2008,8,125.799765031298,3,10,24.846153846153847,-0.30305182618232207
dynamic_support_frozen_era_labels_min2,era_wbt_c,2,200808,2008,8,125.799765031298,3,10,24.846153846153847,-0.4026751614584053
dynamic_support_frozen_era_labels_min2,observed_wbt_c,2,200808,2008,8,251.599530062597,3,10,24.846153846153847,-0.2098901962180202
dynamic_support_frozen_era_labels_min2,observed_wbt_slp_as_surface_c,2,200808,2008,8,251.599530062597,3,10,24.846153846153847,-0.20628854480102454
dynamic_support_frozen_era_labels_min2,era_wbt_c,2,200808,2008,8,251.599530062597,3,10,24.846153846153847,-0.35346026508964723
dynamic_support_frozen_era_labels_min2,observed_wbt_c,2,200808,2008,8,503.199060125194,3,10,24.846153846153847,-0.2812453954549555
dynamic_support_frozen_era_labels_min2,observed_wbt_slp_as_surface_c,2,200808,2008,8,503.199060125194,3,10,24.846153846153847,-0.28029811427456
dynamic_support_frozen_era_labels_min2,era_wbt_c,2,200808,2008,8,503.199060125194,3,10,24.846153846153847,-0.40101687998825397
dynamic_support_frozen_era_labels_min2,observed_wbt_c,2,200808,2008,8,1006.39812025039,3,10,24.846153846153847,-0.3916359967938877
dynamic_support_frozen_era_labels_min2,observed_wbt_slp_as_surface_c,2,200808,2008,8,1006.39812025039,3,10,24.846153846153847,-0.39379274936827124
dynamic_support_frozen_era_labels_min2,era_wbt_c,2,200808,2008,8,1006.39812025039,3,10,24.846153846153847,-0.4740492733260483
dynamic_support_frozen_era_labels_min2,observed_wbt_c,2,200808,2008,8,2012.79624050077,3,10,24.846153846153847,-0.4494430591193689
dynamic_support_frozen_era_labels_min2,observed_wbt_slp_as_surface_c,2,200808,2008,8,2012.79624050077,3,10,24.846153846153847,-0.45317047987292103
dynamic_support_frozen_era_labels_min2,era_wbt_c,2,200808,2008,8,2012.79624050077,3,10,24.846153846153847,-0.5113266650920154
dynamic_support_frozen_era_labels_min2,observed_wbt_c,2,201206,2012,6,125.799765031298,4,5,25.0,-0.32039652839719024
dynamic_support_frozen_era_labels_min2,observed_wbt_slp_as_surface_c,2,201206,2012,6,125.799765031298,4,5,25.0,-0.3177590985908001
dynamic_support_frozen_era_labels_min2,era_wbt_c,2,201206,2012,6,125.799765031298,4,5,25.0,-0.18886390993513658
dynamic_support_frozen_era_labels_min2,observed_wbt_c,2,201206,2012,6,251.599530062597,4,5,25.0,-0.2910103097089557
dynamic_support_frozen_era_labels_min2,observed_wbt_slp_as_surface_c,2,201206,2012,6,251.599530062597,4,5,25.0,-0.2799100556728368
dynamic_support_frozen_era_labels_min2,era_wbt_c,2,201206,2012,6,251.599530062597,4,5,25.0,-0.15405772688721786
dynamic_support_frozen_era_labels_min2,observed_wbt_c,2,201206,2012,6,503.199060125194,4,5,25.0,-0.33145052724869184
dynamic_support_frozen_era_labels_min2,observed_wbt_slp_as_surface_c,2,201206,2012,6,503.199060125194,4,5,25.0,-0.3150070776586982
dynamic_support_frozen_era_labels_min2,era_wbt_c,2,201206,2012,6,503.199060125194,4,5,25.0,-0.24485663941900504
dynamic_support_frozen_era_labels_min2,observed_wbt_c,2,201206,2012,6,1006.39812025039,4,5,25.0,-0.3844925607167151
dynamic_support_frozen_era_labels_min2,observed_wbt_slp_as_surface_c,2,201206,2012,6,1006.39812025039,4,5,25.0,-0.37128272393257755
dynamic_support_frozen_era_labels_min2,era_wbt_c,2,201206,2012,6,1006.39812025039,4,5,25.0,-0.3170310960898418
dynamic_support_frozen_era_labels_min2,observed_wbt_c,2,201206,2012,6,2012.79624050077,4,5,25.0,-0.42009058755142614
dynamic_support_frozen_era_labels_min2,observed_wbt_slp_as_surface_c,2,201206,2012,6,2012.79624050077,4,5,25.0,-0.41003201134329403
dynamic_support_frozen_era_labels_min2,era_wbt_c,2,201206,2012,6,2012.79624050077,4,5,25.0,-0.3434423290327724
dynamic_support_frozen_era_labels_min2,observed_wbt_c,2,201207,2012,7,125.799765031298,8,11,24.68421052631579,-0.11837769629783212
dynamic_support_frozen_era_labels_min2,observed_wbt_slp_as_surface_c,2,201207,2012,7,125.799765031298,8,11,24.68421052631579,-0.12281658070979407
dynamic_support_frozen_era_labels_min2,era_wbt_c,2,201207,2012,7,125.799765031298,8,11,24.68421052631579,-0.1621808969405253
dynamic_support_frozen_era_labels_min2,observed_wbt_c,2,201207,2012,7,251.599530062597,8,11,24.68421052631579,-0.20435103899180962
dynamic_support_frozen_era_labels_min2,observed_wbt_slp_as_surface_c,2,201207,2012,7,251.599530062597,8,11,24.68421052631579,-0.2023199088874299
dynamic_support_frozen_era_labels_min2,era_wbt_c,2,201207,2012,7,251.599530062597,8,11,24.68421052631579,-0.21556620644375857
dynamic_support_frozen_era_labels_min2,observed_wbt_c,2,201207,2012,7,503.199060125194,8,11,24.68421052631579,-0.276971661493816
dynamic_support_frozen_era_labels_min2,observed_wbt_slp_as_surface_c,2,201207,2012,7,503.199060125194,8,11,24.68421052631579,-0.2706558057514429
dynamic_support_frozen_era_labels_min2,era_wbt_c,2,201207,2012,7,503.199060125194,8,11,24.68421052631579,-0.3332461190682954
dynamic_support_frozen_era_labels_min2,observed_wbt_c,2,201207,2012,7,1006.39812025039,8,11,24.68421052631579,-0.3383269384601586
dynamic_support_frozen_era_labels_min2,observed_wbt_slp_as_surface_c,2,201207,2012,7,1006.39812025039,8,11,24.68421052631579,-0.3321542133892872
dynamic_support_frozen_era_labels_min2,era_wbt_c,2,201207,2012,7,1006.39812025039,8,11,24.68421052631579,-0.4036254776753495
dynamic_support_frozen_era_labels_min2,observed_wbt_c,2,201207,2012,7,2012.79624050077,8,11,24.68421052631579,-0.3667416906536839
dynamic_support_frozen_era_labels_min2,observed_wbt_slp_as_surface_c,2,201207,2012,7,2012.79624050077,8,11,24.68421052631579,-0.36207065434402796
dynamic_support_frozen_era_labels_min2,era_wbt_c,2,201207,2012,7,2012.79624050077,8,11,24.68421052631579,-0.4264377679336361
dynamic_support_frozen_era_labels_min2,observed_wbt_c,2,201208,2012,8,125.799765031298,6,11,25.0,-0.31038792082304
dynamic_support_frozen_era_labels_min2,observed_wbt_slp_as_surface_c,2,201208,2012,8,125.799765031298,6,11,25.0,-0.30708484279498904
dynamic_support_frozen_era_labels_min2,era_wbt_c,2,201208,2012,8,125.799765031298,6,11,25.0,-0.28934878206012016
dynamic_support_frozen_era_labels_min2,observed_wbt_c,2,201208,2012,8,251.599530062597,6,11,25.0,-0.32948239847332206
dynamic_support_frozen_era_labels_min2,observed_wbt_slp_as_surface_c,2,201208,2012,8,251.599530062597,6,11,25.0,-0.32847458168154997
dynamic_support_frozen_era_labels_min2,era_wbt_c,2,201208,2012,8,251.599530062597,6,11,25.0,-0.2345809914523822
dynamic_support_frozen_era_labels_min2,observed_wbt_c,2,201208,2012,8,503.199060125194,6,11,25.0,-0.34858380571617953
dynamic_support_frozen_era_labels_min2,observed_wbt_slp_as_surface_c,2,201208,2012,8,503.199060125194,6,11,25.0,-0.3481843534996689
dynamic_support_frozen_era_labels_min2,era_wbt_c,2,201208,2012,8,503.199060125194,6,11,25.0,-0.2527988731962555
dynamic_support_frozen_era_labels_min2,observed_wbt_c,2,201208,2012,8,1006.39812025039,6,11,25.0,-0.3939172780747042
dynamic_support_frozen_era_labels_min2,observed_wbt_slp_as_surface_c,2,201208,2012,8,1006.39812025039,6,11,25.0,-0.39399330491926576
dynamic_support_frozen_era_labels_min2,era_wbt_c,2,201208,2012,8,1006.39812025039,6,11,25.0,-0.3128786843985015
dynamic_support_frozen_era_labels_min2,observed_wbt_c,2,201208,2012,8,2012.79624050077,6,11,25.0,-0.4121821572392401
dynamic_support_frozen_era_labels_min2,observed_wbt_slp_as_surface_c,2,201208,2012,8,2012.79624050077,6,11,25.0,-0.4124618525978875
dynamic_support_frozen_era_labels_min2,era_wbt_c,2,201208,2012,8,2012.79624050077,6,11,25.0,-0.3345371640839877
dynamic_support_frozen_era_labels_min2,observed_wbt_c,2,201606,2016,6,125.799765031298,5,10,23.866666666666667,0.03218152462861168
dynamic_support_frozen_era_labels_min2,observed_wbt_slp_as_surface_c,2,201606,2016,6,125.799765031298,5,10,23.866666666666667,0.028916073306319845
dynamic_support_frozen_era_labels_min2,era_wbt_c,2,201606,2016,6,125.799765031298,5,10,23.866666666666667,0.21413271540184664
dynamic_support_frozen_era_labels_min2,observed_wbt_c,2,201606,2016,6,251.599530062597,5,10,23.866666666666667,0.12087191643745343
dynamic_support_frozen_era_labels_min2,observed_wbt_slp_as_surface_c,2,201606,2016,6,251.599530062597,5,10,23.866666666666667,0.10875325912305644
dynamic_support_frozen_era_labels_min2,era_wbt_c,2,201606,2016,6,251.599530062597,5,10,23.866666666666667,0.04122123855297399
dynamic_support_frozen_era_labels_min2,observed_wbt_c,2,201606,2016,6,503.199060125194,5,10,23.866666666666667,0.04742721720623666
dynamic_support_frozen_era_labels_min2,observed_wbt_slp_as_surface_c,2,201606,2016,6,503.199060125194,5,10,23.866666666666667,0.03275886498408642
dynamic_support_frozen_era_labels_min2,era_wbt_c,2,201606,2016,6,503.199060125194,5,10,23.866666666666667,-0.03333001136970215
dynamic_support_frozen_era_labels_min2,observed_wbt_c,2,201606,2016,6,1006.39812025039,5,10,23.866666666666667,-0.08100829090602124
dynamic_support_frozen_era_labels_min2,observed_wbt_slp_as_surface_c,2,201606,2016,6,1006.39812025039,5,10,23.866666666666667,-0.09747621175725041
dynamic_support_frozen_era_labels_min2,era_wbt_c,2,201606,2016,6,1006.39812025039,5,10,23.866666666666667,-0.1285220155650696
dynamic_support_frozen_era_labels_min2,observed_wbt_c,2,201606,2016,6,2012.79624050077,5,10,23.866666666666667,-0.15189908573359656
dynamic_support_frozen_era_labels_min2,observed_wbt_slp_as_surface_c,2,201606,2016,6,2012.79624050077,5,10,23.866666666666667,-0.16823202862562558
dynamic_support_frozen_era_labels_min2,era_wbt_c,2,201606,2016,6,2012.79624050077,5,10,23.866666666666667,-0.18628860575849804
dynamic_support_frozen_era_labels_min2,observed_wbt_c,2,201607,2016,7,125.799765031298,2,9,24.0,0.43822822196531375
dynamic_support_frozen_era_labels_min2,observed_wbt_slp_as_surface_c,2,201607,2016,7,125.799765031298,2,9,24.0,0.46010318732824973
dynamic_support_frozen_era_labels_min2,era_wbt_c,2,201607,2016,7,125.799765031298,2,9,24.0,0.24177405624933002
dynamic_support_frozen_era_labels_min2,observed_wbt_c,2,201607,2016,7,251.599530062597,2,9,24.0,0.28795978625068774
dynamic_support_frozen_era_labels_min2,observed_wbt_slp_as_surface_c,2,201607,2016,7,251.599530062597,2,9,24.0,0.30166217982601884
dynamic_support_frozen_era_labels_min2,era_wbt_c,2,201607,2016,7,251.599530062597,2,9,24.0,0.21923278535589574
dynamic_support_frozen_era_labels_min2,observed_wbt_c,2,201607,2016,7,503.199060125194,2,9,24.0,0.11499602729745173
dynamic_support_frozen_era_labels_min2,observed_wbt_slp_as_surface_c,2,201607,2016,7,503.199060125194,2,9,24.0,0.127448098241709
dynamic_support_frozen_era_labels_min2,era_wbt_c,2,201607,2016,7,503.199060125194,2,9,24.0,0.032318924840980534
dynamic_support_frozen_era_labels_min2,observed_wbt_c,2,201607,2016,7,1006.39812025039,2,9,24.0,-0.0038628002480083357
dynamic_support_frozen_era_labels_min2,observed_wbt_slp_as_surface_c,2,201607,2016,7,1006.39812025039,2,9,24.0,0.007282011409169176
dynamic_support_frozen_era_labels_min2,era_wbt_c,2,201607,2016,7,1006.39812025039,2,9,24.0,-0.13128685257596795
dynamic_support_frozen_era_labels_min2,observed_wbt_c,2,201607,2016,7,2012.79624050077,2,9,24.0,-0.07331633512281432
dynamic_support_frozen_era_labels_min2,observed_wbt_slp_as_surface_c,2,201607,2016,7,2012.79624050077,2,9,24.0,-0.0650652198910513
dynamic_support_frozen_era_labels_min2,era_wbt_c,2,201607,2016,7,2012.79624050077,2,9,24.0,-0.21104438997644492
dynamic_support_frozen_era_labels_min2,observed_wbt_c,2,201608,2016,8,125.799765031298,7,10,23.88235294117647,0.09291097107764545
dynamic_support_frozen_era_labels_min2,observed_wbt_slp_as_surface_c,2,201608,2016,8,125.799765031298,7,10,23.88235294117647,0.1188988070897854
dynamic_support_frozen_era_labels_min2,era_wbt_c,2,201608,2016,8,125.799765031298,7,10,23.88235294117647,0.03236747807282225
dynamic_support_frozen_era_labels_min2,observed_wbt_c,2,201608,2016,8,251.599530062597,7,10,23.88235294117647,0.17369472918821693
dynamic_support_frozen_era_labels_min2,observed_wbt_slp_as_surface_c,2,201608,2016,8,251.599530062597,7,10,23.88235294117647,0.18467796633176814
dynamic_support_frozen_era_labels_min2,era_wbt_c,2,201608,2016,8,251.599530062597,7,10,23.88235294117647,0.08157740558141913
dynamic_support_frozen_era_labels_min2,observed_wbt_c,2,201608,2016,8,503.199060125194,7,10,23.88235294117647,0.07249277822530753
dynamic_support_frozen_era_labels_min2,observed_wbt_slp_as_surface_c,2,201608,2016,8,503.199060125194,7,10,23.88235294117647,0.07215071879212509
dynamic_support_frozen_era_labels_min2,era_wbt_c,2,201608,2016,8,503.199060125194,7,10,23.88235294117647,-0.01015160433582074
dynamic_support_frozen_era_labels_min2,observed_wbt_c,2,201608,2016,8,1006.39812025039,7,10,23.88235294117647,-0.009194824053164075
dynamic_support_frozen_era_labels_min2,observed_wbt_slp_as_surface_c,2,201608,2016,8,1006.39812025039,7,10,23.88235294117647,-0.013975711451241435
dynamic_support_frozen_era_labels_min2,era_wbt_c,2,201608,2016,8,1006.39812025039,7,10,23.88235294117647,-0.06616488031673562
dynamic_support_frozen_era_labels_min2,observed_wbt_c,2,201608,2016,8,2012.79624050077,7,10,23.88235294117647,-0.05278481600298157
dynamic_support_frozen_era_labels_min2,observed_wbt_slp_as_surface_c,2,201608,2016,8,2012.79624050077,7,10,23.88235294117647,-0.0585451635278742
dynamic_support_frozen_era_labels_min2,era_wbt_c,2,201608,2016,8,2012.79624050077,7,10,23.88235294117647,-0.08580553323151519
dynamic_support_frozen_era_labels_min2,observed_wbt_c,2,202006,2020,6,125.799765031298,6,8,27.785714285714285,0.024792190260606972
dynamic_support_frozen_era_labels_min2,observed_wbt_slp_as_surface_c,2,202006,2020,6,125.799765031298,6,8,27.785714285714285,0.02064605283681642
dynamic_support_frozen_era_labels_min2,era_wbt_c,2,202006,2020,6,125.799765031298,6,8,27.785714285714285,-0.21428647243689325
dynamic_support_frozen_era_labels_min2,observed_wbt_c,2,202006,2020,6,251.599530062597,6,8,27.785714285714285,0.0352234389805306
dynamic_support_frozen_era_labels_min2,observed_wbt_slp_as_surface_c,2,202006,2020,6,251.599530062597,6,8,27.785714285714285,0.027648787352795745
dynamic_support_frozen_era_labels_min2,era_wbt_c,2,202006,2020,6,251.599530062597,6,8,27.785714285714285,-0.1266754210796215
dynamic_support_frozen_era_labels_min2,observed_wbt_c,2,202006,2020,6,503.199060125194,6,8,27.785714285714285,0.022826925014793886
dynamic_support_frozen_era_labels_min2,observed_wbt_slp_as_surface_c,2,202006,2020,6,503.199060125194,6,8,27.785714285714285,0.012418683284097565
dynamic_support_frozen_era_labels_min2,era_wbt_c,2,202006,2020,6,503.199060125194,6,8,27.785714285714285,-0.04930437412796185
dynamic_support_frozen_era_labels_min2,observed_wbt_c,2,202006,2020,6,1006.39812025039,6,8,27.785714285714285,-0.027104004937730797
dynamic_support_frozen_era_labels_min2,observed_wbt_slp_as_surface_c,2,202006,2020,6,1006.39812025039,6,8,27.785714285714285,-0.035735903856498275
dynamic_support_frozen_era_labels_min2,era_wbt_c,2,202006,2020,6,1006.39812025039,6,8,27.785714285714285,-0.05688188212799439
dynamic_support_frozen_era_labels_min2,observed_wbt_c,2,202006,2020,6,2012.79624050077,6,8,27.785714285714285,-0.05561548017006035
dynamic_support_frozen_era_labels_min2,observed_wbt_slp_as_surface_c,2,202006,2020,6,2012.79624050077,6,8,27.785714285714285,-0.0628053436784094
dynamic_support_frozen_era_labels_min2,era_wbt_c,2,202006,2020,6,2012.79624050077,6,8,27.785714285714285,-0.06937544481900138
dynamic_support_frozen_era_labels_min2,observed_wbt_c,2,202007,2020,7,125.799765031298,6,12,27.944444444444443,-0.19112033368264525
dynamic_support_frozen_era_labels_min2,observed_wbt_slp_as_surface_c,2,202007,2020,7,125.799765031298,6,12,27.944444444444443,-0.18647390777954298
dynamic_support_frozen_era_labels_min2,era_wbt_c,2,202007,2020,7,125.799765031298,6,12,27.944444444444443,0.02417539615226616
dynamic_support_frozen_era_labels_min2,observed_wbt_c,2,202007,2020,7,251.599530062597,6,12,27.944444444444443,-0.1506387951430137
dynamic_support_frozen_era_labels_min2,observed_wbt_slp_as_surface_c,2,202007,2020,7,251.599530062597,6,12,27.944444444444443,-0.15136926685121888
dynamic_support_frozen_era_labels_min2,era_wbt_c,2,202007,2020,7,251.599530062597,6,12,27.944444444444443,-0.0011481631217211685
dynamic_support_frozen_era_labels_min2,observed_wbt_c,2,202007,2020,7,503.199060125194,6,12,27.944444444444443,-0.1541830610296766
dynamic_support_frozen_era_labels_min2,observed_wbt_slp_as_surface_c,2,202007,2020,7,503.199060125194,6,12,27.944444444444443,-0.15825429818334102
dynamic_support_frozen_era_labels_min2,era_wbt_c,2,202007,2020,7,503.199060125194,6,12,27.944444444444443,-0.039268911645182536
dynamic_support_frozen_era_labels_min2,observed_wbt_c,2,202007,2020,7,1006.39812025039,6,12,27.944444444444443,-0.2035391179600442
dynamic_support_frozen_era_labels_min2,observed_wbt_slp_as_surface_c,2,202007,2020,7,1006.39812025039,6,12,27.944444444444443,-0.21058511267958002
dynamic_support_frozen_era_labels_min2,era_wbt_c,2,202007,2020,7,1006.39812025039,6,12,27.944444444444443,-0.10822158103315493
dynamic_support_frozen_era_labels_min2,observed_wbt_c,2,202007,2020,7,2012.79624050077,6,12,27.944444444444443,-0.2367409663765988
dynamic_support_frozen_era_labels_min2,observed_wbt_slp_as_surface_c,2,202007,2020,7,2012.79624050077,6,12,27.944444444444443,-0.2459215780143067
dynamic_support_frozen_era_labels_min2,era_wbt_c,2,202007,2020,7,2012.79624050077,6,12,27.944444444444443,-0.15058881630454268
dynamic_support_frozen_era_labels_min2,observed_wbt_c,2,202008,2020,8,125.799765031298,5,11,27.9375,-0.10356261721251003
dynamic_support_frozen_era_labels_min2,observed_wbt_slp_as_surface_c,2,202008,2020,8,125.799765031298,5,11,27.9375,-0.12144219285358504
dynamic_support_frozen_era_labels_min2,era_wbt_c,2,202008,2020,8,125.799765031298,5,11,27.9375,0.005394872245766402
dynamic_support_frozen_era_labels_min2,observed_wbt_c,2,202008,2020,8,251.599530062597,5,11,27.9375,-0.00766839661912766
dynamic_support_frozen_era_labels_min2,observed_wbt_slp_as_surface_c,2,202008,2020,8,251.599530062597,5,11,27.9375,-0.026386108890211424
dynamic_support_frozen_era_labels_min2,era_wbt_c,2,202008,2020,8,251.599530062597,5,11,27.9375,-0.0018923634056713379
dynamic_support_frozen_era_labels_min2,observed_wbt_c,2,202008,2020,8,503.199060125194,5,11,27.9375,-0.011852369421771813
dynamic_support_frozen_era_labels_min2,observed_wbt_slp_as_surface_c,2,202008,2020,8,503.199060125194,5,11,27.9375,-0.029970731528520034
dynamic_support_frozen_era_labels_min2,era_wbt_c,2,202008,2020,8,503.199060125194,5,11,27.9375,-0.06654318877015764
dynamic_support_frozen_era_labels_min2,observed_wbt_c,2,202008,2020,8,1006.39812025039,5,11,27.9375,-0.023313587887969
dynamic_support_frozen_era_labels_min2,observed_wbt_slp_as_surface_c,2,202008,2020,8,1006.39812025039,5,11,27.9375,-0.043470666317143025
dynamic_support_frozen_era_labels_min2,era_wbt_c,2,202008,2020,8,1006.39812025039,5,11,27.9375,-0.07854530815061822
dynamic_support_frozen_era_labels_min2,observed_wbt_c,2,202008,2020,8,2012.79624050077,5,11,27.9375,-0.02894186726746284
dynamic_support_frozen_era_labels_min2,observed_wbt_slp_as_surface_c,2,202008,2020,8,2012.79624050077,5,11,27.9375,-0.05046047090145933
dynamic_support_frozen_era_labels_min2,era_wbt_c,2,202008,2020,8,2012.79624050077,5,11,27.9375,-0.07974985623959374
dynamic_support_frozen_era_labels_min2,observed_wbt_c,2,202306,2023,6,125.799765031298,4,4,25.375,-0.08690074480064447
dynamic_support_frozen_era_labels_min2,observed_wbt_slp_as_surface_c,2,202306,2023,6,125.799765031298,4,4,25.375,-0.06523626542401917
dynamic_support_frozen_era_labels_min2,era_wbt_c,2,202306,2023,6,125.799765031298,4,4,25.375,0.043944626390665986
dynamic_support_frozen_era_labels_min2,observed_wbt_c,2,202306,2023,6,251.599530062597,4,4,25.375,-0.09607053909408314
dynamic_support_frozen_era_labels_min2,observed_wbt_slp_as_surface_c,2,202306,2023,6,251.599530062597,4,4,25.375,-0.09612816902785248
dynamic_support_frozen_era_labels_min2,era_wbt_c,2,202306,2023,6,251.599530062597,4,4,25.375,-0.07029149065263296
dynamic_support_frozen_era_labels_min2,observed_wbt_c,2,202306,2023,6,503.199060125194,4,4,25.375,-0.10750885649275255
dynamic_support_frozen_era_labels_min2,observed_wbt_slp_as_surface_c,2,202306,2023,6,503.199060125194,4,4,25.375,-0.1156977073979214
dynamic_support_frozen_era_labels_min2,era_wbt_c,2,202306,2023,6,503.199060125194,4,4,25.375,-0.07563940747965125
dynamic_support_frozen_era_labels_min2,observed_wbt_c,2,202306,2023,6,1006.39812025039,4,4,25.375,-0.09469600474801931
dynamic_support_frozen_era_labels_min2,observed_wbt_slp_as_surface_c,2,202306,2023,6,1006.39812025039,4,4,25.375,-0.1051102857423225
dynamic_support_frozen_era_labels_min2,era_wbt_c,2,202306,2023,6,1006.39812025039,4,4,25.375,-0.03941944836942701
dynamic_support_frozen_era_labels_min2,observed_wbt_c,2,202306,2023,6,2012.79624050077,4,4,25.375,-0.10135762812112692
dynamic_support_frozen_era_labels_min2,observed_wbt_slp_as_surface_c,2,202306,2023,6,2012.79624050077,4,4,25.375,-0.11269420656771989
dynamic_support_frozen_era_labels_min2,era_wbt_c,2,202306,2023,6,2012.79624050077,4,4,25.375,-0.04577644241730494
dynamic_support_frozen_era_labels_min2,observed_wbt_c,2,202307,2023,7,125.799765031298,5,12,26.41176470588235,-0.3641088487956935
dynamic_support_frozen_era_labels_min2,observed_wbt_slp_as_surface_c,2,202307,2023,7,125.799765031298,5,12,26.41176470588235,-0.35572420126416904
dynamic_support_frozen_era_labels_min2,era_wbt_c,2,202307,2023,7,125.799765031298,5,12,26.41176470588235,-0.23647515699193888
dynamic_support_frozen_era_labels_min2,observed_wbt_c,2,202307,2023,7,251.599530062597,5,12,26.41176470588235,-0.23633077799468416
dynamic_support_frozen_era_labels_min2,observed_wbt_slp_as_surface_c,2,202307,2023,7,251.599530062597,5,12,26.41176470588235,-0.23607508136831334
dynamic_support_frozen_era_labels_min2,era_wbt_c,2,202307,2023,7,251.599530062597,5,12,26.41176470588235,-0.1498743275081843
dynamic_support_frozen_era_labels_min2,observed_wbt_c,2,202307,2023,7,503.199060125194,5,12,26.41176470588235,-0.22918812420849866
dynamic_support_frozen_era_labels_min2,observed_wbt_slp_as_surface_c,2,202307,2023,7,503.199060125194,5,12,26.41176470588235,-0.2315086994152552
dynamic_support_frozen_era_labels_min2,era_wbt_c,2,202307,2023,7,503.199060125194,5,12,26.41176470588235,-0.17970717635790368
dynamic_support_frozen_era_labels_min2,observed_wbt_c,2,202307,2023,7,1006.39812025039,5,12,26.41176470588235,-0.2535340457517009
dynamic_support_frozen_era_labels_min2,observed_wbt_slp_as_surface_c,2,202307,2023,7,1006.39812025039,5,12,26.41176470588235,-0.25725127804613623
dynamic_support_frozen_era_labels_min2,era_wbt_c,2,202307,2023,7,1006.39812025039,5,12,26.41176470588235,-0.22829187900058123
dynamic_support_frozen_era_labels_min2,observed_wbt_c,2,202307,2023,7,2012.79624050077,5,12,26.41176470588235,-0.2621362380598937
dynamic_support_frozen_era_labels_min2,observed_wbt_slp_as_surface_c,2,202307,2023,7,2012.79624050077,5,12,26.41176470588235,-0.26697150488041677
dynamic_support_frozen_era_labels_min2,era_wbt_c,2,202307,2023,7,2012.79624050077,5,12,26.41176470588235,-0.24756609645042638
dynamic_support_frozen_era_labels_min2,observed_wbt_c,2,202308,2023,8,125.799765031298,7,8,26.8,-0.4159947289266007
dynamic_support_frozen_era_labels_min2,observed_wbt_slp_as_surface_c,2,202308,2023,8,125.799765031298,7,8,26.8,-0.40200308316043676
dynamic_support_frozen_era_labels_min2,era_wbt_c,2,202308,2023,8,125.799765031298,7,8,26.8,-0.4348412561051206
dynamic_support_frozen_era_labels_min2,observed_wbt_c,2,202308,2023,8,251.599530062597,7,8,26.8,-0.2784358367449511
dynamic_support_frozen_era_labels_min2,observed_wbt_slp_as_surface_c,2,202308,2023,8,251.599530062597,7,8,26.8,-0.26101228496695295
dynamic_support_frozen_era_labels_min2,era_wbt_c,2,202308,2023,8,251.599530062597,7,8,26.8,-0.26605446096023067
dynamic_support_frozen_era_labels_min2,observed_wbt_c,2,202308,2023,8,503.199060125194,7,8,26.8,-0.26985367521665427
dynamic_support_frozen_era_labels_min2,observed_wbt_slp_as_surface_c,2,202308,2023,8,503.199060125194,7,8,26.8,-0.25408281972251634
dynamic_support_frozen_era_labels_min2,era_wbt_c,2,202308,2023,8,503.199060125194,7,8,26.8,-0.26540260173017527
dynamic_support_frozen_era_labels_min2,observed_wbt_c,2,202308,2023,8,1006.39812025039,7,8,26.8,-0.31509630688072177
dynamic_support_frozen_era_labels_min2,observed_wbt_slp_as_surface_c,2,202308,2023,8,1006.39812025039,7,8,26.8,-0.30187509675126156
dynamic_support_frozen_era_labels_min2,era_wbt_c,2,202308,2023,8,1006.39812025039,7,8,26.8,-0.31408942521604366
dynamic_support_frozen_era_labels_min2,observed_wbt_c,2,202308,2023,8,2012.79624050077,7,8,26.8,-0.3387702107934665
dynamic_support_frozen_era_labels_min2,observed_wbt_slp_as_surface_c,2,202308,2023,8,2012.79624050077,7,8,26.8,-0.3268446239658539
dynamic_support_frozen_era_labels_min2,era_wbt_c,2,202308,2023,8,2012.79624050077,7,8,26.8,-0.33612112263740723
dynamic_support_frozen_era_labels_min2,observed_wbt_c,2,202506,2025,6,125.799765031298,6,7,27.76923076923077,-0.17290060159409626
dynamic_support_frozen_era_labels_min2,observed_wbt_slp_as_surface_c,2,202506,2025,6,125.799765031298,6,7,27.76923076923077,-0.12220215897923947
dynamic_support_frozen_era_labels_min2,era_wbt_c,2,202506,2025,6,125.799765031298,6,7,27.76923076923077,-0.2803848946363018
dynamic_support_frozen_era_labels_min2,observed_wbt_c,2,202506,2025,6,251.599530062597,6,7,27.76923076923077,-0.18850822063469996
dynamic_support_frozen_era_labels_min2,observed_wbt_slp_as_surface_c,2,202506,2025,6,251.599530062597,6,7,27.76923076923077,-0.16271560477118663
dynamic_support_frozen_era_labels_min2,era_wbt_c,2,202506,2025,6,251.599530062597,6,7,27.76923076923077,-0.19940918570365163
dynamic_support_frozen_era_labels_min2,observed_wbt_c,2,202506,2025,6,503.199060125194,6,7,27.76923076923077,-0.18936986999035943
dynamic_support_frozen_era_labels_min2,observed_wbt_slp_as_surface_c,2,202506,2025,6,503.199060125194,6,7,27.76923076923077,-0.17718244631719982
dynamic_support_frozen_era_labels_min2,era_wbt_c,2,202506,2025,6,503.199060125194,6,7,27.76923076923077,-0.15799375092169265
dynamic_support_frozen_era_labels_min2,observed_wbt_c,2,202506,2025,6,1006.39812025039,6,7,27.76923076923077,-0.21938619394681225
dynamic_support_frozen_era_labels_min2,observed_wbt_slp_as_surface_c,2,202506,2025,6,1006.39812025039,6,7,27.76923076923077,-0.21347315874514305
dynamic_support_frozen_era_labels_min2,era_wbt_c,2,202506,2025,6,1006.39812025039,6,7,27.76923076923077,-0.19798952896427213
dynamic_support_frozen_era_labels_min2,observed_wbt_c,2,202506,2025,6,2012.79624050077,6,7,27.76923076923077,-0.2562926595461952
dynamic_support_frozen_era_labels_min2,observed_wbt_slp_as_surface_c,2,202506,2025,6,2012.79624050077,6,7,27.76923076923077,-0.2527616785986495
dynamic_support_frozen_era_labels_min2,era_wbt_c,2,202506,2025,6,2012.79624050077,6,7,27.76923076923077,-0.24003134704778506
dynamic_support_frozen_era_labels_min2,observed_wbt_c,2,202507,2025,7,125.799765031298,5,8,27.923076923076923,0.014276134214454395
dynamic_support_frozen_era_labels_min2,observed_wbt_slp_as_surface_c,2,202507,2025,7,125.799765031298,5,8,27.923076923076923,0.021200941134268625
dynamic_support_frozen_era_labels_min2,era_wbt_c,2,202507,2025,7,125.799765031298,5,8,27.923076923076923,0.03851351408454984
dynamic_support_frozen_era_labels_min2,observed_wbt_c,2,202507,2025,7,251.599530062597,5,8,27.923076923076923,0.0396539651514185
dynamic_support_frozen_era_labels_min2,observed_wbt_slp_as_surface_c,2,202507,2025,7,251.599530062597,5,8,27.923076923076923,0.0376426246526822
dynamic_support_frozen_era_labels_min2,era_wbt_c,2,202507,2025,7,251.599530062597,5,8,27.923076923076923,0.08238808440326317
dynamic_support_frozen_era_labels_min2,observed_wbt_c,2,202507,2025,7,503.199060125194,5,8,27.923076923076923,-0.026306907518464206
dynamic_support_frozen_era_labels_min2,observed_wbt_slp_as_surface_c,2,202507,2025,7,503.199060125194,5,8,27.923076923076923,-0.027977132588157816
dynamic_support_frozen_era_labels_min2,era_wbt_c,2,202507,2025,7,503.199060125194,5,8,27.923076923076923,-0.014021126848560939
dynamic_support_frozen_era_labels_min2,observed_wbt_c,2,202507,2025,7,1006.39812025039,5,8,27.923076923076923,-0.07960656683521727
dynamic_support_frozen_era_labels_min2,observed_wbt_slp_as_surface_c,2,202507,2025,7,1006.39812025039,5,8,27.923076923076923,-0.08164718917604996
dynamic_support_frozen_era_labels_min2,era_wbt_c,2,202507,2025,7,1006.39812025039,5,8,27.923076923076923,-0.06831237862045625
dynamic_support_frozen_era_labels_min2,observed_wbt_c,2,202507,2025,7,2012.79624050077,5,8,27.923076923076923,-0.10220537361336801
dynamic_support_frozen_era_labels_min2,observed_wbt_slp_as_surface_c,2,202507,2025,7,2012.79624050077,5,8,27.923076923076923,-0.10588191409143577
dynamic_support_frozen_era_labels_min2,era_wbt_c,2,202507,2025,7,2012.79624050077,5,8,27.923076923076923,-0.08660188218829101
dynamic_support_frozen_era_labels_min2,observed_wbt_c,2,202508,2025,8,125.799765031298,5,8,27.0,-0.2658133874409364
dynamic_support_frozen_era_labels_min2,observed_wbt_slp_as_surface_c,2,202508,2025,8,125.799765031298,5,8,27.0,-0.27857675491849276
dynamic_support_frozen_era_labels_min2,era_wbt_c,2,202508,2025,8,125.799765031298,5,8,27.0,-0.2724777711243006
dynamic_support_frozen_era_labels_min2,observed_wbt_c,2,202508,2025,8,251.599530062597,5,8,27.0,-0.20883318273776152
dynamic_support_frozen_era_labels_min2,observed_wbt_slp_as_surface_c,2,202508,2025,8,251.599530062597,5,8,27.0,-0.2238989753116981
dynamic_support_frozen_era_labels_min2,era_wbt_c,2,202508,2025,8,251.599530062597,5,8,27.0,-0.2545201336316292
dynamic_support_frozen_era_labels_min2,observed_wbt_c,2,202508,2025,8,503.199060125194,5,8,27.0,-0.2207558898133134
dynamic_support_frozen_era_labels_min2,observed_wbt_slp_as_surface_c,2,202508,2025,8,503.199060125194,5,8,27.0,-0.236694900774726
dynamic_support_frozen_era_labels_min2,era_wbt_c,2,202508,2025,8,503.199060125194,5,8,27.0,-0.26727628292462957
dynamic_support_frozen_era_labels_min2,observed_wbt_c,2,202508,2025,8,1006.39812025039,5,8,27.0,-0.23827968992828674
dynamic_support_frozen_era_labels_min2,observed_wbt_slp_as_surface_c,2,202508,2025,8,1006.39812025039,5,8,27.0,-0.2554150242518305
dynamic_support_frozen_era_labels_min2,era_wbt_c,2,202508,2025,8,1006.39812025039,5,8,27.0,-0.27783912766556973
dynamic_support_frozen_era_labels_min2,observed_wbt_c,2,202508,2025,8,2012.79624050077,5,8,27.0,-0.23990621261424838
dynamic_support_frozen_era_labels_min2,observed_wbt_slp_as_surface_c,2,202508,2025,8,2012.79624050077,5,8,27.0,-0.25765910168203054
dynamic_support_frozen_era_labels_min2,era_wbt_c,2,202508,2025,8,2012.79624050077,5,8,27.0,-0.2761623918155286
dynamic_support_frozen_era_labels_min3,observed_wbt_c,3,199206,1992,6,125.799765031298,3,7,24.7,1.1512081318562823
dynamic_support_frozen_era_labels_min3,observed_wbt_slp_as_surface_c,3,199206,1992,6,125.799765031298,3,7,24.7,1.0724297764747406
dynamic_support_frozen_era_labels_min3,era_wbt_c,3,199206,1992,6,125.799765031298,3,7,24.7,0.8011991601234323
dynamic_support_frozen_era_labels_min3,observed_wbt_c,3,199206,1992,6,251.599530062597,3,7,24.7,0.3801702358567187
dynamic_support_frozen_era_labels_min3,observed_wbt_slp_as_surface_c,3,199206,1992,6,251.599530062597,3,7,24.7,0.3361803841123936
dynamic_support_frozen_era_labels_min3,era_wbt_c,3,199206,1992,6,251.599530062597,3,7,24.7,0.2268878340383489
dynamic_support_frozen_era_labels_min3,observed_wbt_c,3,199206,1992,6,503.199060125194,3,7,24.7,0.1933527823553567
dynamic_support_frozen_era_labels_min3,observed_wbt_slp_as_surface_c,3,199206,1992,6,503.199060125194,3,7,24.7,0.15765034293337643
dynamic_support_frozen_era_labels_min3,era_wbt_c,3,199206,1992,6,503.199060125194,3,7,24.7,0.056501330269076
dynamic_support_frozen_era_labels_min3,observed_wbt_c,3,199206,1992,6,1006.39812025039,3,7,24.7,0.16790022747674538
dynamic_support_frozen_era_labels_min3,observed_wbt_slp_as_surface_c,3,199206,1992,6,1006.39812025039,3,7,24.7,0.13750558885643183
dynamic_support_frozen_era_labels_min3,era_wbt_c,3,199206,1992,6,1006.39812025039,3,7,24.7,0.012280494207234316
dynamic_support_frozen_era_labels_min3,observed_wbt_c,3,199206,1992,6,2012.79624050077,3,7,24.7,0.14694673196180474
dynamic_support_frozen_era_labels_min3,observed_wbt_slp_as_surface_c,3,199206,1992,6,2012.79624050077,3,7,24.7,0.12005965528009788
dynamic_support_frozen_era_labels_min3,era_wbt_c,3,199206,1992,6,2012.79624050077,3,7,24.7,-0.01172059001507908
dynamic_support_frozen_era_labels_min3,observed_wbt_c,3,199606,1996,6,125.799765031298,5,3,24.875,-0.46515272636518135
dynamic_support_frozen_era_labels_min3,observed_wbt_slp_as_surface_c,3,199606,1996,6,125.799765031298,5,3,24.875,-0.44817817630944967
dynamic_support_frozen_era_labels_min3,era_wbt_c,3,199606,1996,6,125.799765031298,5,3,24.875,-0.5556186125842135
dynamic_support_frozen_era_labels_min3,observed_wbt_c,3,199606,1996,6,251.599530062597,5,3,24.875,-0.31183854480890916
dynamic_support_frozen_era_labels_min3,observed_wbt_slp_as_surface_c,3,199606,1996,6,251.599530062597,5,3,24.875,-0.2919210733125277
dynamic_support_frozen_era_labels_min3,era_wbt_c,3,199606,1996,6,251.599530062597,5,3,24.875,-0.4348122284550612
dynamic_support_frozen_era_labels_min3,observed_wbt_c,3,199606,1996,6,503.199060125194,5,3,24.875,-0.28322240289617817
dynamic_support_frozen_era_labels_min3,observed_wbt_slp_as_surface_c,3,199606,1996,6,503.199060125194,5,3,24.875,-0.26107162636554615
dynamic_support_frozen_era_labels_min3,era_wbt_c,3,199606,1996,6,503.199060125194,5,3,24.875,-0.35586544560206623
dynamic_support_frozen_era_labels_min3,observed_wbt_c,3,199606,1996,6,1006.39812025039,5,3,24.875,-0.314183089291696
dynamic_support_frozen_era_labels_min3,observed_wbt_slp_as_surface_c,3,199606,1996,6,1006.39812025039,5,3,24.875,-0.29441349961188334
dynamic_support_frozen_era_labels_min3,era_wbt_c,3,199606,1996,6,1006.39812025039,5,3,24.875,-0.3340674846571059
dynamic_support_frozen_era_labels_min3,observed_wbt_c,3,199606,1996,6,2012.79624050077,5,3,24.875,-0.32658828143434704
dynamic_support_frozen_era_labels_min3,observed_wbt_slp_as_surface_c,3,199606,1996,6,2012.79624050077,5,3,24.875,-0.3078249218003154
dynamic_support_frozen_era_labels_min3,era_wbt_c,3,199606,1996,6,2012.79624050077,5,3,24.875,-0.3386208370982554
dynamic_support_frozen_era_labels_min3,observed_wbt_c,3,200006,2000,6,125.799765031298,3,4,23.714285714285715,-0.47222935495568286
dynamic_support_frozen_era_labels_min3,observed_wbt_slp_as_surface_c,3,200006,2000,6,125.799765031298,3,4,23.714285714285715,-0.47275984861647913
dynamic_support_frozen_era_labels_min3,era_wbt_c,3,200006,2000,6,125.799765031298,3,4,23.714285714285715,-0.2799807011562564
dynamic_support_frozen_era_labels_min3,observed_wbt_c,3,200006,2000,6,251.599530062597,3,4,23.714285714285715,-0.3103383403056803
dynamic_support_frozen_era_labels_min3,observed_wbt_slp_as_surface_c,3,200006,2000,6,251.599530062597,3,4,23.714285714285715,-0.3139125160117662
dynamic_support_frozen_era_labels_min3,era_wbt_c,3,200006,2000,6,251.599530062597,3,4,23.714285714285715,-0.24351166465861296
dynamic_support_frozen_era_labels_min3,observed_wbt_c,3,200006,2000,6,503.199060125194,3,4,23.714285714285715,-0.2870817189987035
dynamic_support_frozen_era_labels_min3,observed_wbt_slp_as_surface_c,3,200006,2000,6,503.199060125194,3,4,23.714285714285715,-0.29702670921307317
dynamic_support_frozen_era_labels_min3,era_wbt_c,3,200006,2000,6,503.199060125194,3,4,23.714285714285715,-0.27665441481024966
dynamic_support_frozen_era_labels_min3,observed_wbt_c,3,200006,2000,6,1006.39812025039,3,4,23.714285714285715,-0.3475044951985061
dynamic_support_frozen_era_labels_min3,observed_wbt_slp_as_surface_c,3,200006,2000,6,1006.39812025039,3,4,23.714285714285715,-0.36008164127783815
dynamic_support_frozen_era_labels_min3,era_wbt_c,3,200006,2000,6,1006.39812025039,3,4,23.714285714285715,-0.3336205992324157
dynamic_support_frozen_era_labels_min3,observed_wbt_c,3,200006,2000,6,2012.79624050077,3,4,23.714285714285715,-0.3795923767281568
dynamic_support_frozen_era_labels_min3,observed_wbt_slp_as_surface_c,3,200006,2000,6,2012.79624050077,3,4,23.714285714285715,-0.39220724076630664
dynamic_support_frozen_era_labels_min3,era_wbt_c,3,200006,2000,6,2012.79624050077,3,4,23.714285714285715,-0.3601174343289253
dynamic_support_frozen_era_labels_min3,observed_wbt_c,3,200007,2000,7,125.799765031298,3,5,24.75,-0.4230462200744426
dynamic_support_frozen_era_labels_min3,observed_wbt_slp_as_surface_c,3,200007,2000,7,125.799765031298,3,5,24.75,-0.40648141467669074
dynamic_support_frozen_era_labels_min3,era_wbt_c,3,200007,2000,7,125.799765031298,3,5,24.75,-0.48824647337423976
dynamic_support_frozen_era_labels_min3,observed_wbt_c,3,200007,2000,7,251.599530062597,3,5,24.75,-0.28977091749457307
dynamic_support_frozen_era_labels_min3,observed_wbt_slp_as_surface_c,3,200007,2000,7,251.599530062597,3,5,24.75,-0.2833007928779212
dynamic_support_frozen_era_labels_min3,era_wbt_c,3,200007,2000,7,251.599530062597,3,5,24.75,-0.43492425734837414
dynamic_support_frozen_era_labels_min3,observed_wbt_c,3,200007,2000,7,503.199060125194,3,5,24.75,-0.23425258385047787
dynamic_support_frozen_era_labels_min3,observed_wbt_slp_as_surface_c,3,200007,2000,7,503.199060125194,3,5,24.75,-0.22626058451615993
dynamic_support_frozen_era_labels_min3,era_wbt_c,3,200007,2000,7,503.199060125194,3,5,24.75,-0.4336041519374034
dynamic_support_frozen_era_labels_min3,observed_wbt_c,3,200007,2000,7,1006.39812025039,3,5,24.75,-0.26135972067564817
dynamic_support_frozen_era_labels_min3,observed_wbt_slp_as_surface_c,3,200007,2000,7,1006.39812025039,3,5,24.75,-0.25098098695287097
dynamic_support_frozen_era_labels_min3,era_wbt_c,3,200007,2000,7,1006.39812025039,3,5,24.75,-0.45682980057456946
dynamic_support_frozen_era_labels_min3,observed_wbt_c,3,200007,2000,7,2012.79624050077,3,5,24.75,-0.28093999710112516
dynamic_support_frozen_era_labels_min3,observed_wbt_slp_as_surface_c,3,200007,2000,7,2012.79624050077,3,5,24.75,-0.26932025821414285
dynamic_support_frozen_era_labels_min3,era_wbt_c,3,200007,2000,7,2012.79624050077,3,5,24.75,-0.47165469647326375
dynamic_support_frozen_era_labels_min3,observed_wbt_c,3,200008,2000,8,125.799765031298,3,5,23.125,-0.5514306613252133
dynamic_support_frozen_era_labels_min3,observed_wbt_slp_as_surface_c,3,200008,2000,8,125.799765031298,3,5,23.125,-0.553932757407859
dynamic_support_frozen_era_labels_min3,era_wbt_c,3,200008,2000,8,125.799765031298,3,5,23.125,-0.6004771487110474
dynamic_support_frozen_era_labels_min3,observed_wbt_c,3,200008,2000,8,251.599530062597,3,5,23.125,-0.3193092439884079
dynamic_support_frozen_era_labels_min3,observed_wbt_slp_as_surface_c,3,200008,2000,8,251.599530062597,3,5,23.125,-0.3197775672231825
dynamic_support_frozen_era_labels_min3,era_wbt_c,3,200008,2000,8,251.599530062597,3,5,23.125,-0.3538804626035087
dynamic_support_frozen_era_labels_min3,observed_wbt_c,3,200008,2000,8,503.199060125194,3,5,23.125,-0.21314760828961088
dynamic_support_frozen_era_labels_min3,observed_wbt_slp_as_surface_c,3,200008,2000,8,503.199060125194,3,5,23.125,-0.20688050812633063
dynamic_support_frozen_era_labels_min3,era_wbt_c,3,200008,2000,8,503.199060125194,3,5,23.125,-0.2837135001756088
dynamic_support_frozen_era_labels_min3,observed_wbt_c,3,200008,2000,8,1006.39812025039,3,5,23.125,-0.2086228968146816
dynamic_support_frozen_era_labels_min3,observed_wbt_slp_as_surface_c,3,200008,2000,8,1006.39812025039,3,5,23.125,-0.20049782743190026
dynamic_support_frozen_era_labels_min3,era_wbt_c,3,200008,2000,8,1006.39812025039,3,5,23.125,-0.27184154176892494
dynamic_support_frozen_era_labels_min3,observed_wbt_c,3,200008,2000,8,2012.79624050077,3,5,23.125,-0.23499729578612638
dynamic_support_frozen_era_labels_min3,observed_wbt_slp_as_surface_c,3,200008,2000,8,2012.79624050077,3,5,23.125,-0.22761161665807395
dynamic_support_frozen_era_labels_min3,era_wbt_c,3,200008,2000,8,2012.79624050077,3,5,23.125,-0.285496859036921
dynamic_support_frozen_era_labels_min3,observed_wbt_c,3,200806,2008,6,125.799765031298,8,7,24.933333333333334,0.3982908143763024
dynamic_support_frozen_era_labels_min3,observed_wbt_slp_as_surface_c,3,200806,2008,6,125.799765031298,8,7,24.933333333333334,0.39946537324269715
dynamic_support_frozen_era_labels_min3,era_wbt_c,3,200806,2008,6,125.799765031298,8,7,24.933333333333334,0.141086763675631
dynamic_support_frozen_era_labels_min3,observed_wbt_c,3,200806,2008,6,251.599530062597,8,7,24.933333333333334,0.23286206477047888
dynamic_support_frozen_era_labels_min3,observed_wbt_slp_as_surface_c,3,200806,2008,6,251.599530062597,8,7,24.933333333333334,0.23283565164650022
dynamic_support_frozen_era_labels_min3,era_wbt_c,3,200806,2008,6,251.599530062597,8,7,24.933333333333334,0.06665635667431635
dynamic_support_frozen_era_labels_min3,observed_wbt_c,3,200806,2008,6,503.199060125194,8,7,24.933333333333334,0.1656797849815197
dynamic_support_frozen_era_labels_min3,observed_wbt_slp_as_surface_c,3,200806,2008,6,503.199060125194,8,7,24.933333333333334,0.16409168664388885
dynamic_support_frozen_era_labels_min3,era_wbt_c,3,200806,2008,6,503.199060125194,8,7,24.933333333333334,0.05454543297242265
dynamic_support_frozen_era_labels_min3,observed_wbt_c,3,200806,2008,6,1006.39812025039,8,7,24.933333333333334,0.04770617641954811
dynamic_support_frozen_era_labels_min3,observed_wbt_slp_as_surface_c,3,200806,2008,6,1006.39812025039,8,7,24.933333333333334,0.04237148423487258
dynamic_support_frozen_era_labels_min3,era_wbt_c,3,200806,2008,6,1006.39812025039,8,7,24.933333333333334,-0.0006021863079925804
dynamic_support_frozen_era_labels_min3,observed_wbt_c,3,200806,2008,6,2012.79624050077,8,7,24.933333333333334,-0.04136309701208574
dynamic_support_frozen_era_labels_min3,observed_wbt_slp_as_surface_c,3,200806,2008,6,2012.79624050077,8,7,24.933333333333334,-0.049204552941244484
dynamic_support_frozen_era_labels_min3,era_wbt_c,3,200806,2008,6,2012.79624050077,8,7,24.933333333333334,-0.05679660552767052
dynamic_support_frozen_era_labels_min3,observed_wbt_c,3,200807,2008,7,125.799765031298,5,12,24.88235294117647,0.02577955035775248
dynamic_support_frozen_era_labels_min3,observed_wbt_slp_as_surface_c,3,200807,2008,7,125.799765031298,5,12,24.88235294117647,0.02591340861642588
dynamic_support_frozen_era_labels_min3,era_wbt_c,3,200807,2008,7,125.799765031298,5,12,24.88235294117647,0.004279183097848138
dynamic_support_frozen_era_labels_min3,observed_wbt_c,3,200807,2008,7,251.599530062597,5,12,24.88235294117647,0.11150677170310908
dynamic_support_frozen_era_labels_min3,observed_wbt_slp_as_surface_c,3,200807,2008,7,251.599530062597,5,12,24.88235294117647,0.11417618371845428
dynamic_support_frozen_era_labels_min3,era_wbt_c,3,200807,2008,7,251.599530062597,5,12,24.88235294117647,0.0068992357727142295
dynamic_support_frozen_era_labels_min3,observed_wbt_c,3,200807,2008,7,503.199060125194,5,12,24.88235294117647,0.07052309450385685
dynamic_support_frozen_era_labels_min3,observed_wbt_slp_as_surface_c,3,200807,2008,7,503.199060125194,5,12,24.88235294117647,0.07577851746468323
dynamic_support_frozen_era_labels_min3,era_wbt_c,3,200807,2008,7,503.199060125194,5,12,24.88235294117647,-0.052052766431064934
dynamic_support_frozen_era_labels_min3,observed_wbt_c,3,200807,2008,7,1006.39812025039,5,12,24.88235294117647,0.01983285434113813
dynamic_support_frozen_era_labels_min3,observed_wbt_slp_as_surface_c,3,200807,2008,7,1006.39812025039,5,12,24.88235294117647,0.027951025455620337
dynamic_support_frozen_era_labels_min3,era_wbt_c,3,200807,2008,7,1006.39812025039,5,12,24.88235294117647,-0.093227864258279
dynamic_support_frozen_era_labels_min3,observed_wbt_c,3,200807,2008,7,2012.79624050077,5,12,24.88235294117647,0.004985707835403863
dynamic_support_frozen_era_labels_min3,observed_wbt_slp_as_surface_c,3,200807,2008,7,2012.79624050077,5,12,24.88235294117647,0.01428151587018478
dynamic_support_frozen_era_labels_min3,era_wbt_c,3,200807,2008,7,2012.79624050077,5,12,24.88235294117647,-0.0929299985491282
dynamic_support_frozen_era_labels_min3,observed_wbt_c,3,200808,2008,8,125.799765031298,3,10,24.846153846153847,-0.3059739422512807
dynamic_support_frozen_era_labels_min3,observed_wbt_slp_as_surface_c,3,200808,2008,8,125.799765031298,3,10,24.846153846153847,-0.30305182618232207
dynamic_support_frozen_era_labels_min3,era_wbt_c,3,200808,2008,8,125.799765031298,3,10,24.846153846153847,-0.4026751614584053
dynamic_support_frozen_era_labels_min3,observed_wbt_c,3,200808,2008,8,251.599530062597,3,10,24.846153846153847,-0.2098901962180202
dynamic_support_frozen_era_labels_min3,observed_wbt_slp_as_surface_c,3,200808,2008,8,251.599530062597,3,10,24.846153846153847,-0.20628854480102454
dynamic_support_frozen_era_labels_min3,era_wbt_c,3,200808,2008,8,251.599530062597,3,10,24.846153846153847,-0.35346026508964723
dynamic_support_frozen_era_labels_min3,observed_wbt_c,3,200808,2008,8,503.199060125194,3,10,24.846153846153847,-0.2812453954549555
dynamic_support_frozen_era_labels_min3,observed_wbt_slp_as_surface_c,3,200808,2008,8,503.199060125194,3,10,24.846153846153847,-0.28029811427456
dynamic_support_frozen_era_labels_min3,era_wbt_c,3,200808,2008,8,503.199060125194,3,10,24.846153846153847,-0.40101687998825397
dynamic_support_frozen_era_labels_min3,observed_wbt_c,3,200808,2008,8,1006.39812025039,3,10,24.846153846153847,-0.3916359967938877
dynamic_support_frozen_era_labels_min3,observed_wbt_slp_as_surface_c,3,200808,2008,8,1006.39812025039,3,10,24.846153846153847,-0.39379274936827124
dynamic_support_frozen_era_labels_min3,era_wbt_c,3,200808,2008,8,1006.39812025039,3,10,24.846153846153847,-0.4740492733260483
dynamic_support_frozen_era_labels_min3,observed_wbt_c,3,200808,2008,8,2012.79624050077,3,10,24.846153846153847,-0.4494430591193689
dynamic_support_frozen_era_labels_min3,observed_wbt_slp_as_surface_c,3,200808,2008,8,2012.79624050077,3,10,24.846153846153847,-0.45317047987292103
dynamic_support_frozen_era_labels_min3,era_wbt_c,3,200808,2008,8,2012.79624050077,3,10,24.846153846153847,-0.5113266650920154
dynamic_support_frozen_era_labels_min3,observed_wbt_c,3,201206,2012,6,125.799765031298,4,5,25.0,-0.32039652839719024
dynamic_support_frozen_era_labels_min3,observed_wbt_slp_as_surface_c,3,201206,2012,6,125.799765031298,4,5,25.0,-0.3177590985908001
dynamic_support_frozen_era_labels_min3,era_wbt_c,3,201206,2012,6,125.799765031298,4,5,25.0,-0.18886390993513658
dynamic_support_frozen_era_labels_min3,observed_wbt_c,3,201206,2012,6,251.599530062597,4,5,25.0,-0.2910103097089557
dynamic_support_frozen_era_labels_min3,observed_wbt_slp_as_surface_c,3,201206,2012,6,251.599530062597,4,5,25.0,-0.2799100556728368
dynamic_support_frozen_era_labels_min3,era_wbt_c,3,201206,2012,6,251.599530062597,4,5,25.0,-0.15405772688721786
dynamic_support_frozen_era_labels_min3,observed_wbt_c,3,201206,2012,6,503.199060125194,4,5,25.0,-0.33145052724869184
dynamic_support_frozen_era_labels_min3,observed_wbt_slp_as_surface_c,3,201206,2012,6,503.199060125194,4,5,25.0,-0.3150070776586982
dynamic_support_frozen_era_labels_min3,era_wbt_c,3,201206,2012,6,503.199060125194,4,5,25.0,-0.24485663941900504
dynamic_support_frozen_era_labels_min3,observed_wbt_c,3,201206,2012,6,1006.39812025039,4,5,25.0,-0.3844925607167151
dynamic_support_frozen_era_labels_min3,observed_wbt_slp_as_surface_c,3,201206,2012,6,1006.39812025039,4,5,25.0,-0.37128272393257755
dynamic_support_frozen_era_labels_min3,era_wbt_c,3,201206,2012,6,1006.39812025039,4,5,25.0,-0.3170310960898418
dynamic_support_frozen_era_labels_min3,observed_wbt_c,3,201206,2012,6,2012.79624050077,4,5,25.0,-0.42009058755142614
dynamic_support_frozen_era_labels_min3,observed_wbt_slp_as_surface_c,3,201206,2012,6,2012.79624050077,4,5,25.0,-0.41003201134329403
dynamic_support_frozen_era_labels_min3,era_wbt_c,3,201206,2012,6,2012.79624050077,4,5,25.0,-0.3434423290327724
dynamic_support_frozen_era_labels_min3,observed_wbt_c,3,201207,2012,7,125.799765031298,8,11,24.68421052631579,-0.11837769629783212
dynamic_support_frozen_era_labels_min3,observed_wbt_slp_as_surface_c,3,201207,2012,7,125.799765031298,8,11,24.68421052631579,-0.12281658070979407
dynamic_support_frozen_era_labels_min3,era_wbt_c,3,201207,2012,7,125.799765031298,8,11,24.68421052631579,-0.1621808969405253
dynamic_support_frozen_era_labels_min3,observed_wbt_c,3,201207,2012,7,251.599530062597,8,11,24.68421052631579,-0.20435103899180962
dynamic_support_frozen_era_labels_min3,observed_wbt_slp_as_surface_c,3,201207,2012,7,251.599530062597,8,11,24.68421052631579,-0.2023199088874299
dynamic_support_frozen_era_labels_min3,era_wbt_c,3,201207,2012,7,251.599530062597,8,11,24.68421052631579,-0.21556620644375857
dynamic_support_frozen_era_labels_min3,observed_wbt_c,3,201207,2012,7,503.199060125194,8,11,24.68421052631579,-0.276971661493816
dynamic_support_frozen_era_labels_min3,observed_wbt_slp_as_surface_c,3,201207,2012,7,503.199060125194,8,11,24.68421052631579,-0.2706558057514429
dynamic_support_frozen_era_labels_min3,era_wbt_c,3,201207,2012,7,503.199060125194,8,11,24.68421052631579,-0.3332461190682954
dynamic_support_frozen_era_labels_min3,observed_wbt_c,3,201207,2012,7,1006.39812025039,8,11,24.68421052631579,-0.3383269384601586
dynamic_support_frozen_era_labels_min3,observed_wbt_slp_as_surface_c,3,201207,2012,7,1006.39812025039,8,11,24.68421052631579,-0.3321542133892872
dynamic_support_frozen_era_labels_min3,era_wbt_c,3,201207,2012,7,1006.39812025039,8,11,24.68421052631579,-0.4036254776753495
dynamic_support_frozen_era_labels_min3,observed_wbt_c,3,201207,2012,7,2012.79624050077,8,11,24.68421052631579,-0.3667416906536839
dynamic_support_frozen_era_labels_min3,observed_wbt_slp_as_surface_c,3,201207,2012,7,2012.79624050077,8,11,24.68421052631579,-0.36207065434402796
dynamic_support_frozen_era_labels_min3,era_wbt_c,3,201207,2012,7,2012.79624050077,8,11,24.68421052631579,-0.4264377679336361
dynamic_support_frozen_era_labels_min3,observed_wbt_c,3,201208,2012,8,125.799765031298,6,11,25.0,-0.31038792082304
dynamic_support_frozen_era_labels_min3,observed_wbt_slp_as_surface_c,3,201208,2012,8,125.799765031298,6,11,25.0,-0.30708484279498904
dynamic_support_frozen_era_labels_min3,era_wbt_c,3,201208,2012,8,125.799765031298,6,11,25.0,-0.28934878206012016
dynamic_support_frozen_era_labels_min3,observed_wbt_c,3,201208,2012,8,251.599530062597,6,11,25.0,-0.32948239847332206
dynamic_support_frozen_era_labels_min3,observed_wbt_slp_as_surface_c,3,201208,2012,8,251.599530062597,6,11,25.0,-0.32847458168154997
dynamic_support_frozen_era_labels_min3,era_wbt_c,3,201208,2012,8,251.599530062597,6,11,25.0,-0.2345809914523822
dynamic_support_frozen_era_labels_min3,observed_wbt_c,3,201208,2012,8,503.199060125194,6,11,25.0,-0.34858380571617953
dynamic_support_frozen_era_labels_min3,observed_wbt_slp_as_surface_c,3,201208,2012,8,503.199060125194,6,11,25.0,-0.3481843534996689
dynamic_support_frozen_era_labels_min3,era_wbt_c,3,201208,2012,8,503.199060125194,6,11,25.0,-0.2527988731962555
dynamic_support_frozen_era_labels_min3,observed_wbt_c,3,201208,2012,8,1006.39812025039,6,11,25.0,-0.3939172780747042
dynamic_support_frozen_era_labels_min3,observed_wbt_slp_as_surface_c,3,201208,2012,8,1006.39812025039,6,11,25.0,-0.39399330491926576
dynamic_support_frozen_era_labels_min3,era_wbt_c,3,201208,2012,8,1006.39812025039,6,11,25.0,-0.3128786843985015
dynamic_support_frozen_era_labels_min3,observed_wbt_c,3,201208,2012,8,2012.79624050077,6,11,25.0,-0.4121821572392401
dynamic_support_frozen_era_labels_min3,observed_wbt_slp_as_surface_c,3,201208,2012,8,2012.79624050077,6,11,25.0,-0.4124618525978875
dynamic_support_frozen_era_labels_min3,era_wbt_c,3,201208,2012,8,2012.79624050077,6,11,25.0,-0.3345371640839877
dynamic_support_frozen_era_labels_min3,observed_wbt_c,3,201606,2016,6,125.799765031298,5,10,23.866666666666667,0.03218152462861168
dynamic_support_frozen_era_labels_min3,observed_wbt_slp_as_surface_c,3,201606,2016,6,125.799765031298,5,10,23.866666666666667,0.028916073306319845
dynamic_support_frozen_era_labels_min3,era_wbt_c,3,201606,2016,6,125.799765031298,5,10,23.866666666666667,0.21413271540184664
dynamic_support_frozen_era_labels_min3,observed_wbt_c,3,201606,2016,6,251.599530062597,5,10,23.866666666666667,0.12087191643745343
dynamic_support_frozen_era_labels_min3,observed_wbt_slp_as_surface_c,3,201606,2016,6,251.599530062597,5,10,23.866666666666667,0.10875325912305644
dynamic_support_frozen_era_labels_min3,era_wbt_c,3,201606,2016,6,251.599530062597,5,10,23.866666666666667,0.04122123855297399
dynamic_support_frozen_era_labels_min3,observed_wbt_c,3,201606,2016,6,503.199060125194,5,10,23.866666666666667,0.04742721720623666
dynamic_support_frozen_era_labels_min3,observed_wbt_slp_as_surface_c,3,201606,2016,6,503.199060125194,5,10,23.866666666666667,0.03275886498408642
dynamic_support_frozen_era_labels_min3,era_wbt_c,3,201606,2016,6,503.199060125194,5,10,23.866666666666667,-0.03333001136970215
dynamic_support_frozen_era_labels_min3,observed_wbt_c,3,201606,2016,6,1006.39812025039,5,10,23.866666666666667,-0.08100829090602124
dynamic_support_frozen_era_labels_min3,observed_wbt_slp_as_surface_c,3,201606,2016,6,1006.39812025039,5,10,23.866666666666667,-0.09747621175725041
dynamic_support_frozen_era_labels_min3,era_wbt_c,3,201606,2016,6,1006.39812025039,5,10,23.866666666666667,-0.1285220155650696
dynamic_support_frozen_era_labels_min3,observed_wbt_c,3,201606,2016,6,2012.79624050077,5,10,23.866666666666667,-0.15189908573359656
dynamic_support_frozen_era_labels_min3,observed_wbt_slp_as_surface_c,3,201606,2016,6,2012.79624050077,5,10,23.866666666666667,-0.16823202862562558
dynamic_support_frozen_era_labels_min3,era_wbt_c,3,201606,2016,6,2012.79624050077,5,10,23.866666666666667,-0.18628860575849804
dynamic_support_frozen_era_labels_min3,observed_wbt_c,3,201608,2016,8,125.799765031298,7,10,23.88235294117647,0.09291097107764545
dynamic_support_frozen_era_labels_min3,observed_wbt_slp_as_surface_c,3,201608,2016,8,125.799765031298,7,10,23.88235294117647,0.1188988070897854
dynamic_support_frozen_era_labels_min3,era_wbt_c,3,201608,2016,8,125.799765031298,7,10,23.88235294117647,0.03236747807282225
dynamic_support_frozen_era_labels_min3,observed_wbt_c,3,201608,2016,8,251.599530062597,7,10,23.88235294117647,0.17369472918821693
dynamic_support_frozen_era_labels_min3,observed_wbt_slp_as_surface_c,3,201608,2016,8,251.599530062597,7,10,23.88235294117647,0.18467796633176814
dynamic_support_frozen_era_labels_min3,era_wbt_c,3,201608,2016,8,251.599530062597,7,10,23.88235294117647,0.08157740558141913
dynamic_support_frozen_era_labels_min3,observed_wbt_c,3,201608,2016,8,503.199060125194,7,10,23.88235294117647,0.07249277822530753
dynamic_support_frozen_era_labels_min3,observed_wbt_slp_as_surface_c,3,201608,2016,8,503.199060125194,7,10,23.88235294117647,0.07215071879212509
dynamic_support_frozen_era_labels_min3,era_wbt_c,3,201608,2016,8,503.199060125194,7,10,23.88235294117647,-0.01015160433582074
dynamic_support_frozen_era_labels_min3,observed_wbt_c,3,201608,2016,8,1006.39812025039,7,10,23.88235294117647,-0.009194824053164075
dynamic_support_frozen_era_labels_min3,observed_wbt_slp_as_surface_c,3,201608,2016,8,1006.39812025039,7,10,23.88235294117647,-0.013975711451241435
dynamic_support_frozen_era_labels_min3,era_wbt_c,3,201608,2016,8,1006.39812025039,7,10,23.88235294117647,-0.06616488031673562
dynamic_support_frozen_era_labels_min3,observed_wbt_c,3,201608,2016,8,2012.79624050077,7,10,23.88235294117647,-0.05278481600298157
dynamic_support_frozen_era_labels_min3,observed_wbt_slp_as_surface_c,3,201608,2016,8,2012.79624050077,7,10,23.88235294117647,-0.0585451635278742
dynamic_support_frozen_era_labels_min3,era_wbt_c,3,201608,2016,8,2012.79624050077,7,10,23.88235294117647,-0.08580553323151519
dynamic_support_frozen_era_labels_min3,observed_wbt_c,3,202006,2020,6,125.799765031298,6,8,27.785714285714285,0.024792190260606972
dynamic_support_frozen_era_labels_min3,observed_wbt_slp_as_surface_c,3,202006,2020,6,125.799765031298,6,8,27.785714285714285,0.02064605283681642
dynamic_support_frozen_era_labels_min3,era_wbt_c,3,202006,2020,6,125.799765031298,6,8,27.785714285714285,-0.21428647243689325
dynamic_support_frozen_era_labels_min3,observed_wbt_c,3,202006,2020,6,251.599530062597,6,8,27.785714285714285,0.0352234389805306
dynamic_support_frozen_era_labels_min3,observed_wbt_slp_as_surface_c,3,202006,2020,6,251.599530062597,6,8,27.785714285714285,0.027648787352795745
dynamic_support_frozen_era_labels_min3,era_wbt_c,3,202006,2020,6,251.599530062597,6,8,27.785714285714285,-0.1266754210796215
dynamic_support_frozen_era_labels_min3,observed_wbt_c,3,202006,2020,6,503.199060125194,6,8,27.785714285714285,0.022826925014793886
dynamic_support_frozen_era_labels_min3,observed_wbt_slp_as_surface_c,3,202006,2020,6,503.199060125194,6,8,27.785714285714285,0.012418683284097565
dynamic_support_frozen_era_labels_min3,era_wbt_c,3,202006,2020,6,503.199060125194,6,8,27.785714285714285,-0.04930437412796185
dynamic_support_frozen_era_labels_min3,observed_wbt_c,3,202006,2020,6,1006.39812025039,6,8,27.785714285714285,-0.027104004937730797
dynamic_support_frozen_era_labels_min3,observed_wbt_slp_as_surface_c,3,202006,2020,6,1006.39812025039,6,8,27.785714285714285,-0.035735903856498275
dynamic_support_frozen_era_labels_min3,era_wbt_c,3,202006,2020,6,1006.39812025039,6,8,27.785714285714285,-0.05688188212799439
dynamic_support_frozen_era_labels_min3,observed_wbt_c,3,202006,2020,6,2012.79624050077,6,8,27.785714285714285,-0.05561548017006035
dynamic_support_frozen_era_labels_min3,observed_wbt_slp_as_surface_c,3,202006,2020,6,2012.79624050077,6,8,27.785714285714285,-0.0628053436784094
dynamic_support_frozen_era_labels_min3,era_wbt_c,3,202006,2020,6,2012.79624050077,6,8,27.785714285714285,-0.06937544481900138
dynamic_support_frozen_era_labels_min3,observed_wbt_c,3,202007,2020,7,125.799765031298,6,12,27.944444444444443,-0.19112033368264525
dynamic_support_frozen_era_labels_min3,observed_wbt_slp_as_surface_c,3,202007,2020,7,125.799765031298,6,12,27.944444444444443,-0.18647390777954298
dynamic_support_frozen_era_labels_min3,era_wbt_c,3,202007,2020,7,125.799765031298,6,12,27.944444444444443,0.02417539615226616
dynamic_support_frozen_era_labels_min3,observed_wbt_c,3,202007,2020,7,251.599530062597,6,12,27.944444444444443,-0.1506387951430137
dynamic_support_frozen_era_labels_min3,observed_wbt_slp_as_surface_c,3,202007,2020,7,251.599530062597,6,12,27.944444444444443,-0.15136926685121888
dynamic_support_frozen_era_labels_min3,era_wbt_c,3,202007,2020,7,251.599530062597,6,12,27.944444444444443,-0.0011481631217211685
dynamic_support_frozen_era_labels_min3,observed_wbt_c,3,202007,2020,7,503.199060125194,6,12,27.944444444444443,-0.1541830610296766
dynamic_support_frozen_era_labels_min3,observed_wbt_slp_as_surface_c,3,202007,2020,7,503.199060125194,6,12,27.944444444444443,-0.15825429818334102
dynamic_support_frozen_era_labels_min3,era_wbt_c,3,202007,2020,7,503.199060125194,6,12,27.944444444444443,-0.039268911645182536
dynamic_support_frozen_era_labels_min3,observed_wbt_c,3,202007,2020,7,1006.39812025039,6,12,27.944444444444443,-0.2035391179600442
dynamic_support_frozen_era_labels_min3,observed_wbt_slp_as_surface_c,3,202007,2020,7,1006.39812025039,6,12,27.944444444444443,-0.21058511267958002
dynamic_support_frozen_era_labels_min3,era_wbt_c,3,202007,2020,7,1006.39812025039,6,12,27.944444444444443,-0.10822158103315493
dynamic_support_frozen_era_labels_min3,observed_wbt_c,3,202007,2020,7,2012.79624050077,6,12,27.944444444444443,-0.2367409663765988
dynamic_support_frozen_era_labels_min3,observed_wbt_slp_as_surface_c,3,202007,2020,7,2012.79624050077,6,12,27.944444444444443,-0.2459215780143067
dynamic_support_frozen_era_labels_min3,era_wbt_c,3,202007,2020,7,2012.79624050077,6,12,27.944444444444443,-0.15058881630454268
dynamic_support_frozen_era_labels_min3,observed_wbt_c,3,202008,2020,8,125.799765031298,5,11,27.9375,-0.10356261721251003
dynamic_support_frozen_era_labels_min3,observed_wbt_slp_as_surface_c,3,202008,2020,8,125.799765031298,5,11,27.9375,-0.12144219285358504
dynamic_support_frozen_era_labels_min3,era_wbt_c,3,202008,2020,8,125.799765031298,5,11,27.9375,0.005394872245766402
dynamic_support_frozen_era_labels_min3,observed_wbt_c,3,202008,2020,8,251.599530062597,5,11,27.9375,-0.00766839661912766
dynamic_support_frozen_era_labels_min3,observed_wbt_slp_as_surface_c,3,202008,2020,8,251.599530062597,5,11,27.9375,-0.026386108890211424
dynamic_support_frozen_era_labels_min3,era_wbt_c,3,202008,2020,8,251.599530062597,5,11,27.9375,-0.0018923634056713379
dynamic_support_frozen_era_labels_min3,observed_wbt_c,3,202008,2020,8,503.199060125194,5,11,27.9375,-0.011852369421771813
dynamic_support_frozen_era_labels_min3,observed_wbt_slp_as_surface_c,3,202008,2020,8,503.199060125194,5,11,27.9375,-0.029970731528520034
dynamic_support_frozen_era_labels_min3,era_wbt_c,3,202008,2020,8,503.199060125194,5,11,27.9375,-0.06654318877015764
dynamic_support_frozen_era_labels_min3,observed_wbt_c,3,202008,2020,8,1006.39812025039,5,11,27.9375,-0.023313587887969
dynamic_support_frozen_era_labels_min3,observed_wbt_slp_as_surface_c,3,202008,2020,8,1006.39812025039,5,11,27.9375,-0.043470666317143025
dynamic_support_frozen_era_labels_min3,era_wbt_c,3,202008,2020,8,1006.39812025039,5,11,27.9375,-0.07854530815061822
dynamic_support_frozen_era_labels_min3,observed_wbt_c,3,202008,2020,8,2012.79624050077,5,11,27.9375,-0.02894186726746284
dynamic_support_frozen_era_labels_min3,observed_wbt_slp_as_surface_c,3,202008,2020,8,2012.79624050077,5,11,27.9375,-0.05046047090145933
dynamic_support_frozen_era_labels_min3,era_wbt_c,3,202008,2020,8,2012.79624050077,5,11,27.9375,-0.07974985623959374
dynamic_support_frozen_era_labels_min3,observed_wbt_c,3,202306,2023,6,125.799765031298,4,4,25.375,-0.08690074480064447
dynamic_support_frozen_era_labels_min3,observed_wbt_slp_as_surface_c,3,202306,2023,6,125.799765031298,4,4,25.375,-0.06523626542401917
dynamic_support_frozen_era_labels_min3,era_wbt_c,3,202306,2023,6,125.799765031298,4,4,25.375,0.043944626390665986
dynamic_support_frozen_era_labels_min3,observed_wbt_c,3,202306,2023,6,251.599530062597,4,4,25.375,-0.09607053909408314
dynamic_support_frozen_era_labels_min3,observed_wbt_slp_as_surface_c,3,202306,2023,6,251.599530062597,4,4,25.375,-0.09612816902785248
dynamic_support_frozen_era_labels_min3,era_wbt_c,3,202306,2023,6,251.599530062597,4,4,25.375,-0.07029149065263296
dynamic_support_frozen_era_labels_min3,observed_wbt_c,3,202306,2023,6,503.199060125194,4,4,25.375,-0.10750885649275255
dynamic_support_frozen_era_labels_min3,observed_wbt_slp_as_surface_c,3,202306,2023,6,503.199060125194,4,4,25.375,-0.1156977073979214
dynamic_support_frozen_era_labels_min3,era_wbt_c,3,202306,2023,6,503.199060125194,4,4,25.375,-0.07563940747965125
dynamic_support_frozen_era_labels_min3,observed_wbt_c,3,202306,2023,6,1006.39812025039,4,4,25.375,-0.09469600474801931
dynamic_support_frozen_era_labels_min3,observed_wbt_slp_as_surface_c,3,202306,2023,6,1006.39812025039,4,4,25.375,-0.1051102857423225
dynamic_support_frozen_era_labels_min3,era_wbt_c,3,202306,2023,6,1006.39812025039,4,4,25.375,-0.03941944836942701
dynamic_support_frozen_era_labels_min3,observed_wbt_c,3,202306,2023,6,2012.79624050077,4,4,25.375,-0.10135762812112692
dynamic_support_frozen_era_labels_min3,observed_wbt_slp_as_surface_c,3,202306,2023,6,2012.79624050077,4,4,25.375,-0.11269420656771989
dynamic_support_frozen_era_labels_min3,era_wbt_c,3,202306,2023,6,2012.79624050077,4,4,25.375,-0.04577644241730494
dynamic_support_frozen_era_labels_min3,observed_wbt_c,3,202307,2023,7,125.799765031298,5,12,26.41176470588235,-0.3641088487956935
dynamic_support_frozen_era_labels_min3,observed_wbt_slp_as_surface_c,3,202307,2023,7,125.799765031298,5,12,26.41176470588235,-0.35572420126416904
dynamic_support_frozen_era_labels_min3,era_wbt_c,3,202307,2023,7,125.799765031298,5,12,26.41176470588235,-0.23647515699193888
dynamic_support_frozen_era_labels_min3,observed_wbt_c,3,202307,2023,7,251.599530062597,5,12,26.41176470588235,-0.23633077799468416
dynamic_support_frozen_era_labels_min3,observed_wbt_slp_as_surface_c,3,202307,2023,7,251.599530062597,5,12,26.41176470588235,-0.23607508136831334
dynamic_support_frozen_era_labels_min3,era_wbt_c,3,202307,2023,7,251.599530062597,5,12,26.41176470588235,-0.1498743275081843
dynamic_support_frozen_era_labels_min3,observed_wbt_c,3,202307,2023,7,503.199060125194,5,12,26.41176470588235,-0.22918812420849866
dynamic_support_frozen_era_labels_min3,observed_wbt_slp_as_surface_c,3,202307,2023,7,503.199060125194,5,12,26.41176470588235,-0.2315086994152552
dynamic_support_frozen_era_labels_min3,era_wbt_c,3,202307,2023,7,503.199060125194,5,12,26.41176470588235,-0.17970717635790368
dynamic_support_frozen_era_labels_min3,observed_wbt_c,3,202307,2023,7,1006.39812025039,5,12,26.41176470588235,-0.2535340457517009
dynamic_support_frozen_era_labels_min3,observed_wbt_slp_as_surface_c,3,202307,2023,7,1006.39812025039,5,12,26.41176470588235,-0.25725127804613623
dynamic_support_frozen_era_labels_min3,era_wbt_c,3,202307,2023,7,1006.39812025039,5,12,26.41176470588235,-0.22829187900058123
dynamic_support_frozen_era_labels_min3,observed_wbt_c,3,202307,2023,7,2012.79624050077,5,12,26.41176470588235,-0.2621362380598937
dynamic_support_frozen_era_labels_min3,observed_wbt_slp_as_surface_c,3,202307,2023,7,2012.79624050077,5,12,26.41176470588235,-0.26697150488041677
dynamic_support_frozen_era_labels_min3,era_wbt_c,3,202307,2023,7,2012.79624050077,5,12,26.41176470588235,-0.24756609645042638
dynamic_support_frozen_era_labels_min3,observed_wbt_c,3,202308,2023,8,125.799765031298,7,8,26.8,-0.4159947289266007
dynamic_support_frozen_era_labels_min3,observed_wbt_slp_as_surface_c,3,202308,2023,8,125.799765031298,7,8,26.8,-0.40200308316043676
dynamic_support_frozen_era_labels_min3,era_wbt_c,3,202308,2023,8,125.799765031298,7,8,26.8,-0.4348412561051206
dynamic_support_frozen_era_labels_min3,observed_wbt_c,3,202308,2023,8,251.599530062597,7,8,26.8,-0.2784358367449511
dynamic_support_frozen_era_labels_min3,observed_wbt_slp_as_surface_c,3,202308,2023,8,251.599530062597,7,8,26.8,-0.26101228496695295
dynamic_support_frozen_era_labels_min3,era_wbt_c,3,202308,2023,8,251.599530062597,7,8,26.8,-0.26605446096023067
dynamic_support_frozen_era_labels_min3,observed_wbt_c,3,202308,2023,8,503.199060125194,7,8,26.8,-0.26985367521665427
dynamic_support_frozen_era_labels_min3,observed_wbt_slp_as_surface_c,3,202308,2023,8,503.199060125194,7,8,26.8,-0.25408281972251634
dynamic_support_frozen_era_labels_min3,era_wbt_c,3,202308,2023,8,503.199060125194,7,8,26.8,-0.26540260173017527
dynamic_support_frozen_era_labels_min3,observed_wbt_c,3,202308,2023,8,1006.39812025039,7,8,26.8,-0.31509630688072177
dynamic_support_frozen_era_labels_min3,observed_wbt_slp_as_surface_c,3,202308,2023,8,1006.39812025039,7,8,26.8,-0.30187509675126156
dynamic_support_frozen_era_labels_min3,era_wbt_c,3,202308,2023,8,1006.39812025039,7,8,26.8,-0.31408942521604366
dynamic_support_frozen_era_labels_min3,observed_wbt_c,3,202308,2023,8,2012.79624050077,7,8,26.8,-0.3387702107934665
dynamic_support_frozen_era_labels_min3,observed_wbt_slp_as_surface_c,3,202308,2023,8,2012.79624050077,7,8,26.8,-0.3268446239658539
dynamic_support_frozen_era_labels_min3,era_wbt_c,3,202308,2023,8,2012.79624050077,7,8,26.8,-0.33612112263740723
dynamic_support_frozen_era_labels_min3,observed_wbt_c,3,202506,2025,6,125.799765031298,6,7,27.76923076923077,-0.17290060159409626
dynamic_support_frozen_era_labels_min3,observed_wbt_slp_as_surface_c,3,202506,2025,6,125.799765031298,6,7,27.76923076923077,-0.12220215897923947
dynamic_support_frozen_era_labels_min3,era_wbt_c,3,202506,2025,6,125.799765031298,6,7,27.76923076923077,-0.2803848946363018
dynamic_support_frozen_era_labels_min3,observed_wbt_c,3,202506,2025,6,251.599530062597,6,7,27.76923076923077,-0.18850822063469996
dynamic_support_frozen_era_labels_min3,observed_wbt_slp_as_surface_c,3,202506,2025,6,251.599530062597,6,7,27.76923076923077,-0.16271560477118663
dynamic_support_frozen_era_labels_min3,era_wbt_c,3,202506,2025,6,251.599530062597,6,7,27.76923076923077,-0.19940918570365163
dynamic_support_frozen_era_labels_min3,observed_wbt_c,3,202506,2025,6,503.199060125194,6,7,27.76923076923077,-0.18936986999035943
dynamic_support_frozen_era_labels_min3,observed_wbt_slp_as_surface_c,3,202506,2025,6,503.199060125194,6,7,27.76923076923077,-0.17718244631719982
dynamic_support_frozen_era_labels_min3,era_wbt_c,3,202506,2025,6,503.199060125194,6,7,27.76923076923077,-0.15799375092169265
dynamic_support_frozen_era_labels_min3,observed_wbt_c,3,202506,2025,6,1006.39812025039,6,7,27.76923076923077,-0.21938619394681225
dynamic_support_frozen_era_labels_min3,observed_wbt_slp_as_surface_c,3,202506,2025,6,1006.39812025039,6,7,27.76923076923077,-0.21347315874514305
dynamic_support_frozen_era_labels_min3,era_wbt_c,3,202506,2025,6,1006.39812025039,6,7,27.76923076923077,-0.19798952896427213
dynamic_support_frozen_era_labels_min3,observed_wbt_c,3,202506,2025,6,2012.79624050077,6,7,27.76923076923077,-0.2562926595461952
dynamic_support_frozen_era_labels_min3,observed_wbt_slp_as_surface_c,3,202506,2025,6,2012.79624050077,6,7,27.76923076923077,-0.2527616785986495
dynamic_support_frozen_era_labels_min3,era_wbt_c,3,202506,2025,6,2012.79624050077,6,7,27.76923076923077,-0.24003134704778506
dynamic_support_frozen_era_labels_min3,observed_wbt_c,3,202507,2025,7,125.799765031298,5,8,27.923076923076923,0.014276134214454395
dynamic_support_frozen_era_labels_min3,observed_wbt_slp_as_surface_c,3,202507,2025,7,125.799765031298,5,8,27.923076923076923,0.021200941134268625
dynamic_support_frozen_era_labels_min3,era_wbt_c,3,202507,2025,7,125.799765031298,5,8,27.923076923076923,0.03851351408454984
dynamic_support_frozen_era_labels_min3,observed_wbt_c,3,202507,2025,7,251.599530062597,5,8,27.923076923076923,0.0396539651514185
dynamic_support_frozen_era_labels_min3,observed_wbt_slp_as_surface_c,3,202507,2025,7,251.599530062597,5,8,27.923076923076923,0.0376426246526822
dynamic_support_frozen_era_labels_min3,era_wbt_c,3,202507,2025,7,251.599530062597,5,8,27.923076923076923,0.08238808440326317
dynamic_support_frozen_era_labels_min3,observed_wbt_c,3,202507,2025,7,503.199060125194,5,8,27.923076923076923,-0.026306907518464206
dynamic_support_frozen_era_labels_min3,observed_wbt_slp_as_surface_c,3,202507,2025,7,503.199060125194,5,8,27.923076923076923,-0.027977132588157816
dynamic_support_frozen_era_labels_min3,era_wbt_c,3,202507,2025,7,503.199060125194,5,8,27.923076923076923,-0.014021126848560939
dynamic_support_frozen_era_labels_min3,observed_wbt_c,3,202507,2025,7,1006.39812025039,5,8,27.923076923076923,-0.07960656683521727
dynamic_support_frozen_era_labels_min3,observed_wbt_slp_as_surface_c,3,202507,2025,7,1006.39812025039,5,8,27.923076923076923,-0.08164718917604996
dynamic_support_frozen_era_labels_min3,era_wbt_c,3,202507,2025,7,1006.39812025039,5,8,27.923076923076923,-0.06831237862045625
dynamic_support_frozen_era_labels_min3,observed_wbt_c,3,202507,2025,7,2012.79624050077,5,8,27.923076923076923,-0.10220537361336801
dynamic_support_frozen_era_labels_min3,observed_wbt_slp_as_surface_c,3,202507,2025,7,2012.79624050077,5,8,27.923076923076923,-0.10588191409143577
dynamic_support_frozen_era_labels_min3,era_wbt_c,3,202507,2025,7,2012.79624050077,5,8,27.923076923076923,-0.08660188218829101
dynamic_support_frozen_era_labels_min3,observed_wbt_c,3,202508,2025,8,125.799765031298,5,8,27.0,-0.2658133874409364
dynamic_support_frozen_era_labels_min3,observed_wbt_slp_as_surface_c,3,202508,2025,8,125.799765031298,5,8,27.0,-0.27857675491849276
dynamic_support_frozen_era_labels_min3,era_wbt_c,3,202508,2025,8,125.799765031298,5,8,27.0,-0.2724777711243006
dynamic_support_frozen_era_labels_min3,observed_wbt_c,3,202508,2025,8,251.599530062597,5,8,27.0,-0.20883318273776152
dynamic_support_frozen_era_labels_min3,observed_wbt_slp_as_surface_c,3,202508,2025,8,251.599530062597,5,8,27.0,-0.2238989753116981
dynamic_support_frozen_era_labels_min3,era_wbt_c,3,202508,2025,8,251.599530062597,5,8,27.0,-0.2545201336316292
dynamic_support_frozen_era_labels_min3,observed_wbt_c,3,202508,2025,8,503.199060125194,5,8,27.0,-0.2207558898133134
dynamic_support_frozen_era_labels_min3,observed_wbt_slp_as_surface_c,3,202508,2025,8,503.199060125194,5,8,27.0,-0.236694900774726
dynamic_support_frozen_era_labels_min3,era_wbt_c,3,202508,2025,8,503.199060125194,5,8,27.0,-0.26727628292462957
dynamic_support_frozen_era_labels_min3,observed_wbt_c,3,202508,2025,8,1006.39812025039,5,8,27.0,-0.23827968992828674
dynamic_support_frozen_era_labels_min3,observed_wbt_slp_as_surface_c,3,202508,2025,8,1006.39812025039,5,8,27.0,-0.2554150242518305
dynamic_support_frozen_era_labels_min3,era_wbt_c,3,202508,2025,8,1006.39812025039,5,8,27.0,-0.27783912766556973
dynamic_support_frozen_era_labels_min3,observed_wbt_c,3,202508,2025,8,2012.79624050077,5,8,27.0,-0.23990621261424838
dynamic_support_frozen_era_labels_min3,observed_wbt_slp_as_surface_c,3,202508,2025,8,2012.79624050077,5,8,27.0,-0.25765910168203054
dynamic_support_frozen_era_labels_min3,era_wbt_c,3,202508,2025,8,2012.79624050077,5,8,27.0,-0.2761623918155286
dynamic_support_frozen_era_labels_min5,observed_wbt_c,5,200806,2008,6,125.799765031298,8,7,24.933333333333334,0.3982908143763024
dynamic_support_frozen_era_labels_min5,observed_wbt_slp_as_surface_c,5,200806,2008,6,125.799765031298,8,7,24.933333333333334,0.39946537324269715
dynamic_support_frozen_era_labels_min5,era_wbt_c,5,200806,2008,6,125.799765031298,8,7,24.933333333333334,0.141086763675631
dynamic_support_frozen_era_labels_min5,observed_wbt_c,5,200806,2008,6,251.599530062597,8,7,24.933333333333334,0.23286206477047888
dynamic_support_frozen_era_labels_min5,observed_wbt_slp_as_surface_c,5,200806,2008,6,251.599530062597,8,7,24.933333333333334,0.23283565164650022
dynamic_support_frozen_era_labels_min5,era_wbt_c,5,200806,2008,6,251.599530062597,8,7,24.933333333333334,0.06665635667431635
dynamic_support_frozen_era_labels_min5,observed_wbt_c,5,200806,2008,6,503.199060125194,8,7,24.933333333333334,0.1656797849815197
dynamic_support_frozen_era_labels_min5,observed_wbt_slp_as_surface_c,5,200806,2008,6,503.199060125194,8,7,24.933333333333334,0.16409168664388885
dynamic_support_frozen_era_labels_min5,era_wbt_c,5,200806,2008,6,503.199060125194,8,7,24.933333333333334,0.05454543297242265
dynamic_support_frozen_era_labels_min5,observed_wbt_c,5,200806,2008,6,1006.39812025039,8,7,24.933333333333334,0.04770617641954811
dynamic_support_frozen_era_labels_min5,observed_wbt_slp_as_surface_c,5,200806,2008,6,1006.39812025039,8,7,24.933333333333334,0.04237148423487258
dynamic_support_frozen_era_labels_min5,era_wbt_c,5,200806,2008,6,1006.39812025039,8,7,24.933333333333334,-0.0006021863079925804
dynamic_support_frozen_era_labels_min5,observed_wbt_c,5,200806,2008,6,2012.79624050077,8,7,24.933333333333334,-0.04136309701208574
dynamic_support_frozen_era_labels_min5,observed_wbt_slp_as_surface_c,5,200806,2008,6,2012.79624050077,8,7,24.933333333333334,-0.049204552941244484
dynamic_support_frozen_era_labels_min5,era_wbt_c,5,200806,2008,6,2012.79624050077,8,7,24.933333333333334,-0.05679660552767052
dynamic_support_frozen_era_labels_min5,observed_wbt_c,5,200807,2008,7,125.799765031298,5,12,24.88235294117647,0.02577955035775248
dynamic_support_frozen_era_labels_min5,observed_wbt_slp_as_surface_c,5,200807,2008,7,125.799765031298,5,12,24.88235294117647,0.02591340861642588
dynamic_support_frozen_era_labels_min5,era_wbt_c,5,200807,2008,7,125.799765031298,5,12,24.88235294117647,0.004279183097848138
dynamic_support_frozen_era_labels_min5,observed_wbt_c,5,200807,2008,7,251.599530062597,5,12,24.88235294117647,0.11150677170310908
dynamic_support_frozen_era_labels_min5,observed_wbt_slp_as_surface_c,5,200807,2008,7,251.599530062597,5,12,24.88235294117647,0.11417618371845428
dynamic_support_frozen_era_labels_min5,era_wbt_c,5,200807,2008,7,251.599530062597,5,12,24.88235294117647,0.0068992357727142295
dynamic_support_frozen_era_labels_min5,observed_wbt_c,5,200807,2008,7,503.199060125194,5,12,24.88235294117647,0.07052309450385685
dynamic_support_frozen_era_labels_min5,observed_wbt_slp_as_surface_c,5,200807,2008,7,503.199060125194,5,12,24.88235294117647,0.07577851746468323
dynamic_support_frozen_era_labels_min5,era_wbt_c,5,200807,2008,7,503.199060125194,5,12,24.88235294117647,-0.052052766431064934
dynamic_support_frozen_era_labels_min5,observed_wbt_c,5,200807,2008,7,1006.39812025039,5,12,24.88235294117647,0.01983285434113813
dynamic_support_frozen_era_labels_min5,observed_wbt_slp_as_surface_c,5,200807,2008,7,1006.39812025039,5,12,24.88235294117647,0.027951025455620337
dynamic_support_frozen_era_labels_min5,era_wbt_c,5,200807,2008,7,1006.39812025039,5,12,24.88235294117647,-0.093227864258279
dynamic_support_frozen_era_labels_min5,observed_wbt_c,5,200807,2008,7,2012.79624050077,5,12,24.88235294117647,0.004985707835403863
dynamic_support_frozen_era_labels_min5,observed_wbt_slp_as_surface_c,5,200807,2008,7,2012.79624050077,5,12,24.88235294117647,0.01428151587018478
dynamic_support_frozen_era_labels_min5,era_wbt_c,5,200807,2008,7,2012.79624050077,5,12,24.88235294117647,-0.0929299985491282
dynamic_support_frozen_era_labels_min5,observed_wbt_c,5,201207,2012,7,125.799765031298,8,11,24.68421052631579,-0.11837769629783212
dynamic_support_frozen_era_labels_min5,observed_wbt_slp_as_surface_c,5,201207,2012,7,125.799765031298,8,11,24.68421052631579,-0.12281658070979407
dynamic_support_frozen_era_labels_min5,era_wbt_c,5,201207,2012,7,125.799765031298,8,11,24.68421052631579,-0.1621808969405253
dynamic_support_frozen_era_labels_min5,observed_wbt_c,5,201207,2012,7,251.599530062597,8,11,24.68421052631579,-0.20435103899180962
dynamic_support_frozen_era_labels_min5,observed_wbt_slp_as_surface_c,5,201207,2012,7,251.599530062597,8,11,24.68421052631579,-0.2023199088874299
dynamic_support_frozen_era_labels_min5,era_wbt_c,5,201207,2012,7,251.599530062597,8,11,24.68421052631579,-0.21556620644375857
dynamic_support_frozen_era_labels_min5,observed_wbt_c,5,201207,2012,7,503.199060125194,8,11,24.68421052631579,-0.276971661493816
dynamic_support_frozen_era_labels_min5,observed_wbt_slp_as_surface_c,5,201207,2012,7,503.199060125194,8,11,24.68421052631579,-0.2706558057514429
dynamic_support_frozen_era_labels_min5,era_wbt_c,5,201207,2012,7,503.199060125194,8,11,24.68421052631579,-0.3332461190682954
dynamic_support_frozen_era_labels_min5,observed_wbt_c,5,201207,2012,7,1006.39812025039,8,11,24.68421052631579,-0.3383269384601586
dynamic_support_frozen_era_labels_min5,observed_wbt_slp_as_surface_c,5,201207,2012,7,1006.39812025039,8,11,24.68421052631579,-0.3321542133892872
dynamic_support_frozen_era_labels_min5,era_wbt_c,5,201207,2012,7,1006.39812025039,8,11,24.68421052631579,-0.4036254776753495
dynamic_support_frozen_era_labels_min5,observed_wbt_c,5,201207,2012,7,2012.79624050077,8,11,24.68421052631579,-0.3667416906536839
dynamic_support_frozen_era_labels_min5,observed_wbt_slp_as_surface_c,5,201207,2012,7,2012.79624050077,8,11,24.68421052631579,-0.36207065434402796
dynamic_support_frozen_era_labels_min5,era_wbt_c,5,201207,2012,7,2012.79624050077,8,11,24.68421052631579,-0.4264377679336361
dynamic_support_frozen_era_labels_min5,observed_wbt_c,5,201208,2012,8,125.799765031298,6,11,25.0,-0.31038792082304
dynamic_support_frozen_era_labels_min5,observed_wbt_slp_as_surface_c,5,201208,2012,8,125.799765031298,6,11,25.0,-0.30708484279498904
dynamic_support_frozen_era_labels_min5,era_wbt_c,5,201208,2012,8,125.799765031298,6,11,25.0,-0.28934878206012016
dynamic_support_frozen_era_labels_min5,observed_wbt_c,5,201208,2012,8,251.599530062597,6,11,25.0,-0.32948239847332206
dynamic_support_frozen_era_labels_min5,observed_wbt_slp_as_surface_c,5,201208,2012,8,251.599530062597,6,11,25.0,-0.32847458168154997
dynamic_support_frozen_era_labels_min5,era_wbt_c,5,201208,2012,8,251.599530062597,6,11,25.0,-0.2345809914523822
dynamic_support_frozen_era_labels_min5,observed_wbt_c,5,201208,2012,8,503.199060125194,6,11,25.0,-0.34858380571617953
dynamic_support_frozen_era_labels_min5,observed_wbt_slp_as_surface_c,5,201208,2012,8,503.199060125194,6,11,25.0,-0.3481843534996689
dynamic_support_frozen_era_labels_min5,era_wbt_c,5,201208,2012,8,503.199060125194,6,11,25.0,-0.2527988731962555
dynamic_support_frozen_era_labels_min5,observed_wbt_c,5,201208,2012,8,1006.39812025039,6,11,25.0,-0.3939172780747042
dynamic_support_frozen_era_labels_min5,observed_wbt_slp_as_surface_c,5,201208,2012,8,1006.39812025039,6,11,25.0,-0.39399330491926576
dynamic_support_frozen_era_labels_min5,era_wbt_c,5,201208,2012,8,1006.39812025039,6,11,25.0,-0.3128786843985015
dynamic_support_frozen_era_labels_min5,observed_wbt_c,5,201208,2012,8,2012.79624050077,6,11,25.0,-0.4121821572392401
dynamic_support_frozen_era_labels_min5,observed_wbt_slp_as_surface_c,5,201208,2012,8,2012.79624050077,6,11,25.0,-0.4124618525978875
dynamic_support_frozen_era_labels_min5,era_wbt_c,5,201208,2012,8,2012.79624050077,6,11,25.0,-0.3345371640839877
dynamic_support_frozen_era_labels_min5,observed_wbt_c,5,201606,2016,6,125.799765031298,5,10,23.866666666666667,0.03218152462861168
dynamic_support_frozen_era_labels_min5,observed_wbt_slp_as_surface_c,5,201606,2016,6,125.799765031298,5,10,23.866666666666667,0.028916073306319845
dynamic_support_frozen_era_labels_min5,era_wbt_c,5,201606,2016,6,125.799765031298,5,10,23.866666666666667,0.21413271540184664
dynamic_support_frozen_era_labels_min5,observed_wbt_c,5,201606,2016,6,251.599530062597,5,10,23.866666666666667,0.12087191643745343
dynamic_support_frozen_era_labels_min5,observed_wbt_slp_as_surface_c,5,201606,2016,6,251.599530062597,5,10,23.866666666666667,0.10875325912305644
dynamic_support_frozen_era_labels_min5,era_wbt_c,5,201606,2016,6,251.599530062597,5,10,23.866666666666667,0.04122123855297399
dynamic_support_frozen_era_labels_min5,observed_wbt_c,5,201606,2016,6,503.199060125194,5,10,23.866666666666667,0.04742721720623666
dynamic_support_frozen_era_labels_min5,observed_wbt_slp_as_surface_c,5,201606,2016,6,503.199060125194,5,10,23.866666666666667,0.03275886498408642
dynamic_support_frozen_era_labels_min5,era_wbt_c,5,201606,2016,6,503.199060125194,5,10,23.866666666666667,-0.03333001136970215
dynamic_support_frozen_era_labels_min5,observed_wbt_c,5,201606,2016,6,1006.39812025039,5,10,23.866666666666667,-0.08100829090602124
dynamic_support_frozen_era_labels_min5,observed_wbt_slp_as_surface_c,5,201606,2016,6,1006.39812025039,5,10,23.866666666666667,-0.09747621175725041
dynamic_support_frozen_era_labels_min5,era_wbt_c,5,201606,2016,6,1006.39812025039,5,10,23.866666666666667,-0.1285220155650696
dynamic_support_frozen_era_labels_min5,observed_wbt_c,5,201606,2016,6,2012.79624050077,5,10,23.866666666666667,-0.15189908573359656
dynamic_support_frozen_era_labels_min5,observed_wbt_slp_as_surface_c,5,201606,2016,6,2012.79624050077,5,10,23.866666666666667,-0.16823202862562558
dynamic_support_frozen_era_labels_min5,era_wbt_c,5,201606,2016,6,2012.79624050077,5,10,23.866666666666667,-0.18628860575849804
dynamic_support_frozen_era_labels_min5,observed_wbt_c,5,201608,2016,8,125.799765031298,7,10,23.88235294117647,0.09291097107764545
dynamic_support_frozen_era_labels_min5,observed_wbt_slp_as_surface_c,5,201608,2016,8,125.799765031298,7,10,23.88235294117647,0.1188988070897854
dynamic_support_frozen_era_labels_min5,era_wbt_c,5,201608,2016,8,125.799765031298,7,10,23.88235294117647,0.03236747807282225
dynamic_support_frozen_era_labels_min5,observed_wbt_c,5,201608,2016,8,251.599530062597,7,10,23.88235294117647,0.17369472918821693
dynamic_support_frozen_era_labels_min5,observed_wbt_slp_as_surface_c,5,201608,2016,8,251.599530062597,7,10,23.88235294117647,0.18467796633176814
dynamic_support_frozen_era_labels_min5,era_wbt_c,5,201608,2016,8,251.599530062597,7,10,23.88235294117647,0.08157740558141913
dynamic_support_frozen_era_labels_min5,observed_wbt_c,5,201608,2016,8,503.199060125194,7,10,23.88235294117647,0.07249277822530753
dynamic_support_frozen_era_labels_min5,observed_wbt_slp_as_surface_c,5,201608,2016,8,503.199060125194,7,10,23.88235294117647,0.07215071879212509
dynamic_support_frozen_era_labels_min5,era_wbt_c,5,201608,2016,8,503.199060125194,7,10,23.88235294117647,-0.01015160433582074
dynamic_support_frozen_era_labels_min5,observed_wbt_c,5,201608,2016,8,1006.39812025039,7,10,23.88235294117647,-0.009194824053164075
dynamic_support_frozen_era_labels_min5,observed_wbt_slp_as_surface_c,5,201608,2016,8,1006.39812025039,7,10,23.88235294117647,-0.013975711451241435
dynamic_support_frozen_era_labels_min5,era_wbt_c,5,201608,2016,8,1006.39812025039,7,10,23.88235294117647,-0.06616488031673562
dynamic_support_frozen_era_labels_min5,observed_wbt_c,5,201608,2016,8,2012.79624050077,7,10,23.88235294117647,-0.05278481600298157
dynamic_support_frozen_era_labels_min5,observed_wbt_slp_as_surface_c,5,201608,2016,8,2012.79624050077,7,10,23.88235294117647,-0.0585451635278742
dynamic_support_frozen_era_labels_min5,era_wbt_c,5,201608,2016,8,2012.79624050077,7,10,23.88235294117647,-0.08580553323151519
dynamic_support_frozen_era_labels_min5,observed_wbt_c,5,202006,2020,6,125.799765031298,6,8,27.785714285714285,0.024792190260606972
dynamic_support_frozen_era_labels_min5,observed_wbt_slp_as_surface_c,5,202006,2020,6,125.799765031298,6,8,27.785714285714285,0.02064605283681642
dynamic_support_frozen_era_labels_min5,era_wbt_c,5,202006,2020,6,125.799765031298,6,8,27.785714285714285,-0.21428647243689325
dynamic_support_frozen_era_labels_min5,observed_wbt_c,5,202006,2020,6,251.599530062597,6,8,27.785714285714285,0.0352234389805306
dynamic_support_frozen_era_labels_min5,observed_wbt_slp_as_surface_c,5,202006,2020,6,251.599530062597,6,8,27.785714285714285,0.027648787352795745
dynamic_support_frozen_era_labels_min5,era_wbt_c,5,202006,2020,6,251.599530062597,6,8,27.785714285714285,-0.1266754210796215
dynamic_support_frozen_era_labels_min5,observed_wbt_c,5,202006,2020,6,503.199060125194,6,8,27.785714285714285,0.022826925014793886
dynamic_support_frozen_era_labels_min5,observed_wbt_slp_as_surface_c,5,202006,2020,6,503.199060125194,6,8,27.785714285714285,0.012418683284097565
dynamic_support_frozen_era_labels_min5,era_wbt_c,5,202006,2020,6,503.199060125194,6,8,27.785714285714285,-0.04930437412796185
dynamic_support_frozen_era_labels_min5,observed_wbt_c,5,202006,2020,6,1006.39812025039,6,8,27.785714285714285,-0.027104004937730797
dynamic_support_frozen_era_labels_min5,observed_wbt_slp_as_surface_c,5,202006,2020,6,1006.39812025039,6,8,27.785714285714285,-0.035735903856498275
dynamic_support_frozen_era_labels_min5,era_wbt_c,5,202006,2020,6,1006.39812025039,6,8,27.785714285714285,-0.05688188212799439
dynamic_support_frozen_era_labels_min5,observed_wbt_c,5,202006,2020,6,2012.79624050077,6,8,27.785714285714285,-0.05561548017006035
dynamic_support_frozen_era_labels_min5,observed_wbt_slp_as_surface_c,5,202006,2020,6,2012.79624050077,6,8,27.785714285714285,-0.0628053436784094
dynamic_support_frozen_era_labels_min5,era_wbt_c,5,202006,2020,6,2012.79624050077,6,8,27.785714285714285,-0.06937544481900138
dynamic_support_frozen_era_labels_min5,observed_wbt_c,5,202007,2020,7,125.799765031298,6,12,27.944444444444443,-0.19112033368264525
dynamic_support_frozen_era_labels_min5,observed_wbt_slp_as_surface_c,5,202007,2020,7,125.799765031298,6,12,27.944444444444443,-0.18647390777954298
dynamic_support_frozen_era_labels_min5,era_wbt_c,5,202007,2020,7,125.799765031298,6,12,27.944444444444443,0.02417539615226616
dynamic_support_frozen_era_labels_min5,observed_wbt_c,5,202007,2020,7,251.599530062597,6,12,27.944444444444443,-0.1506387951430137
dynamic_support_frozen_era_labels_min5,observed_wbt_slp_as_surface_c,5,202007,2020,7,251.599530062597,6,12,27.944444444444443,-0.15136926685121888
dynamic_support_frozen_era_labels_min5,era_wbt_c,5,202007,2020,7,251.599530062597,6,12,27.944444444444443,-0.0011481631217211685
dynamic_support_frozen_era_labels_min5,observed_wbt_c,5,202007,2020,7,503.199060125194,6,12,27.944444444444443,-0.1541830610296766
dynamic_support_frozen_era_labels_min5,observed_wbt_slp_as_surface_c,5,202007,2020,7,503.199060125194,6,12,27.944444444444443,-0.15825429818334102
dynamic_support_frozen_era_labels_min5,era_wbt_c,5,202007,2020,7,503.199060125194,6,12,27.944444444444443,-0.039268911645182536
dynamic_support_frozen_era_labels_min5,observed_wbt_c,5,202007,2020,7,1006.39812025039,6,12,27.944444444444443,-0.2035391179600442
dynamic_support_frozen_era_labels_min5,observed_wbt_slp_as_surface_c,5,202007,2020,7,1006.39812025039,6,12,27.944444444444443,-0.21058511267958002
dynamic_support_frozen_era_labels_min5,era_wbt_c,5,202007,2020,7,1006.39812025039,6,12,27.944444444444443,-0.10822158103315493
dynamic_support_frozen_era_labels_min5,observed_wbt_c,5,202007,2020,7,2012.79624050077,6,12,27.944444444444443,-0.2367409663765988
dynamic_support_frozen_era_labels_min5,observed_wbt_slp_as_surface_c,5,202007,2020,7,2012.79624050077,6,12,27.944444444444443,-0.2459215780143067
dynamic_support_frozen_era_labels_min5,era_wbt_c,5,202007,2020,7,2012.79624050077,6,12,27.944444444444443,-0.15058881630454268
dynamic_support_frozen_era_labels_min5,observed_wbt_c,5,202008,2020,8,125.799765031298,5,11,27.9375,-0.10356261721251003
dynamic_support_frozen_era_labels_min5,observed_wbt_slp_as_surface_c,5,202008,2020,8,125.799765031298,5,11,27.9375,-0.12144219285358504
dynamic_support_frozen_era_labels_min5,era_wbt_c,5,202008,2020,8,125.799765031298,5,11,27.9375,0.005394872245766402
dynamic_support_frozen_era_labels_min5,observed_wbt_c,5,202008,2020,8,251.599530062597,5,11,27.9375,-0.00766839661912766
dynamic_support_frozen_era_labels_min5,observed_wbt_slp_as_surface_c,5,202008,2020,8,251.599530062597,5,11,27.9375,-0.026386108890211424
dynamic_support_frozen_era_labels_min5,era_wbt_c,5,202008,2020,8,251.599530062597,5,11,27.9375,-0.0018923634056713379
dynamic_support_frozen_era_labels_min5,observed_wbt_c,5,202008,2020,8,503.199060125194,5,11,27.9375,-0.011852369421771813
dynamic_support_frozen_era_labels_min5,observed_wbt_slp_as_surface_c,5,202008,2020,8,503.199060125194,5,11,27.9375,-0.029970731528520034
dynamic_support_frozen_era_labels_min5,era_wbt_c,5,202008,2020,8,503.199060125194,5,11,27.9375,-0.06654318877015764
dynamic_support_frozen_era_labels_min5,observed_wbt_c,5,202008,2020,8,1006.39812025039,5,11,27.9375,-0.023313587887969
dynamic_support_frozen_era_labels_min5,observed_wbt_slp_as_surface_c,5,202008,2020,8,1006.39812025039,5,11,27.9375,-0.043470666317143025
dynamic_support_frozen_era_labels_min5,era_wbt_c,5,202008,2020,8,1006.39812025039,5,11,27.9375,-0.07854530815061822
dynamic_support_frozen_era_labels_min5,observed_wbt_c,5,202008,2020,8,2012.79624050077,5,11,27.9375,-0.02894186726746284
dynamic_support_frozen_era_labels_min5,observed_wbt_slp_as_surface_c,5,202008,2020,8,2012.79624050077,5,11,27.9375,-0.05046047090145933
dynamic_support_frozen_era_labels_min5,era_wbt_c,5,202008,2020,8,2012.79624050077,5,11,27.9375,-0.07974985623959374
dynamic_support_frozen_era_labels_min5,observed_wbt_c,5,202307,2023,7,125.799765031298,5,12,26.41176470588235,-0.3641088487956935
dynamic_support_frozen_era_labels_min5,observed_wbt_slp_as_surface_c,5,202307,2023,7,125.799765031298,5,12,26.41176470588235,-0.35572420126416904
dynamic_support_frozen_era_labels_min5,era_wbt_c,5,202307,2023,7,125.799765031298,5,12,26.41176470588235,-0.23647515699193888
dynamic_support_frozen_era_labels_min5,observed_wbt_c,5,202307,2023,7,251.599530062597,5,12,26.41176470588235,-0.23633077799468416
dynamic_support_frozen_era_labels_min5,observed_wbt_slp_as_surface_c,5,202307,2023,7,251.599530062597,5,12,26.41176470588235,-0.23607508136831334
dynamic_support_frozen_era_labels_min5,era_wbt_c,5,202307,2023,7,251.599530062597,5,12,26.41176470588235,-0.1498743275081843
dynamic_support_frozen_era_labels_min5,observed_wbt_c,5,202307,2023,7,503.199060125194,5,12,26.41176470588235,-0.22918812420849866
dynamic_support_frozen_era_labels_min5,observed_wbt_slp_as_surface_c,5,202307,2023,7,503.199060125194,5,12,26.41176470588235,-0.2315086994152552
dynamic_support_frozen_era_labels_min5,era_wbt_c,5,202307,2023,7,503.199060125194,5,12,26.41176470588235,-0.17970717635790368
dynamic_support_frozen_era_labels_min5,observed_wbt_c,5,202307,2023,7,1006.39812025039,5,12,26.41176470588235,-0.2535340457517009
dynamic_support_frozen_era_labels_min5,observed_wbt_slp_as_surface_c,5,202307,2023,7,1006.39812025039,5,12,26.41176470588235,-0.25725127804613623
dynamic_support_frozen_era_labels_min5,era_wbt_c,5,202307,2023,7,1006.39812025039,5,12,26.41176470588235,-0.22829187900058123
dynamic_support_frozen_era_labels_min5,observed_wbt_c,5,202307,2023,7,2012.79624050077,5,12,26.41176470588235,-0.2621362380598937
dynamic_support_frozen_era_labels_min5,observed_wbt_slp_as_surface_c,5,202307,2023,7,2012.79624050077,5,12,26.41176470588235,-0.26697150488041677
dynamic_support_frozen_era_labels_min5,era_wbt_c,5,202307,2023,7,2012.79624050077,5,12,26.41176470588235,-0.24756609645042638
dynamic_support_frozen_era_labels_min5,observed_wbt_c,5,202308,2023,8,125.799765031298,7,8,26.8,-0.4159947289266007
dynamic_support_frozen_era_labels_min5,observed_wbt_slp_as_surface_c,5,202308,2023,8,125.799765031298,7,8,26.8,-0.40200308316043676
dynamic_support_frozen_era_labels_min5,era_wbt_c,5,202308,2023,8,125.799765031298,7,8,26.8,-0.4348412561051206
dynamic_support_frozen_era_labels_min5,observed_wbt_c,5,202308,2023,8,251.599530062597,7,8,26.8,-0.2784358367449511
dynamic_support_frozen_era_labels_min5,observed_wbt_slp_as_surface_c,5,202308,2023,8,251.599530062597,7,8,26.8,-0.26101228496695295
dynamic_support_frozen_era_labels_min5,era_wbt_c,5,202308,2023,8,251.599530062597,7,8,26.8,-0.26605446096023067
dynamic_support_frozen_era_labels_min5,observed_wbt_c,5,202308,2023,8,503.199060125194,7,8,26.8,-0.26985367521665427
dynamic_support_frozen_era_labels_min5,observed_wbt_slp_as_surface_c,5,202308,2023,8,503.199060125194,7,8,26.8,-0.25408281972251634
dynamic_support_frozen_era_labels_min5,era_wbt_c,5,202308,2023,8,503.199060125194,7,8,26.8,-0.26540260173017527
dynamic_support_frozen_era_labels_min5,observed_wbt_c,5,202308,2023,8,1006.39812025039,7,8,26.8,-0.31509630688072177
dynamic_support_frozen_era_labels_min5,observed_wbt_slp_as_surface_c,5,202308,2023,8,1006.39812025039,7,8,26.8,-0.30187509675126156
dynamic_support_frozen_era_labels_min5,era_wbt_c,5,202308,2023,8,1006.39812025039,7,8,26.8,-0.31408942521604366
dynamic_support_frozen_era_labels_min5,observed_wbt_c,5,202308,2023,8,2012.79624050077,7,8,26.8,-0.3387702107934665
dynamic_support_frozen_era_labels_min5,observed_wbt_slp_as_surface_c,5,202308,2023,8,2012.79624050077,7,8,26.8,-0.3268446239658539
dynamic_support_frozen_era_labels_min5,era_wbt_c,5,202308,2023,8,2012.79624050077,7,8,26.8,-0.33612112263740723
dynamic_support_frozen_era_labels_min5,observed_wbt_c,5,202506,2025,6,125.799765031298,6,7,27.76923076923077,-0.17290060159409626
dynamic_support_frozen_era_labels_min5,observed_wbt_slp_as_surface_c,5,202506,2025,6,125.799765031298,6,7,27.76923076923077,-0.12220215897923947
dynamic_support_frozen_era_labels_min5,era_wbt_c,5,202506,2025,6,125.799765031298,6,7,27.76923076923077,-0.2803848946363018
dynamic_support_frozen_era_labels_min5,observed_wbt_c,5,202506,2025,6,251.599530062597,6,7,27.76923076923077,-0.18850822063469996
dynamic_support_frozen_era_labels_min5,observed_wbt_slp_as_surface_c,5,202506,2025,6,251.599530062597,6,7,27.76923076923077,-0.16271560477118663
dynamic_support_frozen_era_labels_min5,era_wbt_c,5,202506,2025,6,251.599530062597,6,7,27.76923076923077,-0.19940918570365163
dynamic_support_frozen_era_labels_min5,observed_wbt_c,5,202506,2025,6,503.199060125194,6,7,27.76923076923077,-0.18936986999035943
dynamic_support_frozen_era_labels_min5,observed_wbt_slp_as_surface_c,5,202506,2025,6,503.199060125194,6,7,27.76923076923077,-0.17718244631719982
dynamic_support_frozen_era_labels_min5,era_wbt_c,5,202506,2025,6,503.199060125194,6,7,27.76923076923077,-0.15799375092169265
dynamic_support_frozen_era_labels_min5,observed_wbt_c,5,202506,2025,6,1006.39812025039,6,7,27.76923076923077,-0.21938619394681225
dynamic_support_frozen_era_labels_min5,observed_wbt_slp_as_surface_c,5,202506,2025,6,1006.39812025039,6,7,27.76923076923077,-0.21347315874514305
dynamic_support_frozen_era_labels_min5,era_wbt_c,5,202506,2025,6,1006.39812025039,6,7,27.76923076923077,-0.19798952896427213
dynamic_support_frozen_era_labels_min5,observed_wbt_c,5,202506,2025,6,2012.79624050077,6,7,27.76923076923077,-0.2562926595461952
dynamic_support_frozen_era_labels_min5,observed_wbt_slp_as_surface_c,5,202506,2025,6,2012.79624050077,6,7,27.76923076923077,-0.2527616785986495
dynamic_support_frozen_era_labels_min5,era_wbt_c,5,202506,2025,6,2012.79624050077,6,7,27.76923076923077,-0.24003134704778506
dynamic_support_frozen_era_labels_min5,observed_wbt_c,5,202507,2025,7,125.799765031298,5,8,27.923076923076923,0.014276134214454395
dynamic_support_frozen_era_labels_min5,observed_wbt_slp_as_surface_c,5,202507,2025,7,125.799765031298,5,8,27.923076923076923,0.021200941134268625
dynamic_support_frozen_era_labels_min5,era_wbt_c,5,202507,2025,7,125.799765031298,5,8,27.923076923076923,0.03851351408454984
dynamic_support_frozen_era_labels_min5,observed_wbt_c,5,202507,2025,7,251.599530062597,5,8,27.923076923076923,0.0396539651514185
dynamic_support_frozen_era_labels_min5,observed_wbt_slp_as_surface_c,5,202507,2025,7,251.599530062597,5,8,27.923076923076923,0.0376426246526822
dynamic_support_frozen_era_labels_min5,era_wbt_c,5,202507,2025,7,251.599530062597,5,8,27.923076923076923,0.08238808440326317
dynamic_support_frozen_era_labels_min5,observed_wbt_c,5,202507,2025,7,503.199060125194,5,8,27.923076923076923,-0.026306907518464206
dynamic_support_frozen_era_labels_min5,observed_wbt_slp_as_surface_c,5,202507,2025,7,503.199060125194,5,8,27.923076923076923,-0.027977132588157816
dynamic_support_frozen_era_labels_min5,era_wbt_c,5,202507,2025,7,503.199060125194,5,8,27.923076923076923,-0.014021126848560939
dynamic_support_frozen_era_labels_min5,observed_wbt_c,5,202507,2025,7,1006.39812025039,5,8,27.923076923076923,-0.07960656683521727
dynamic_support_frozen_era_labels_min5,observed_wbt_slp_as_surface_c,5,202507,2025,7,1006.39812025039,5,8,27.923076923076923,-0.08164718917604996
dynamic_support_frozen_era_labels_min5,era_wbt_c,5,202507,2025,7,1006.39812025039,5,8,27.923076923076923,-0.06831237862045625
dynamic_support_frozen_era_labels_min5,observed_wbt_c,5,202507,2025,7,2012.79624050077,5,8,27.923076923076923,-0.10220537361336801
dynamic_support_frozen_era_labels_min5,observed_wbt_slp_as_surface_c,5,202507,2025,7,2012.79624050077,5,8,27.923076923076923,-0.10588191409143577
dynamic_support_frozen_era_labels_min5,era_wbt_c,5,202507,2025,7,2012.79624050077,5,8,27.923076923076923,-0.08660188218829101
dynamic_support_frozen_era_labels_min5,observed_wbt_c,5,202508,2025,8,125.799765031298,5,8,27.0,-0.2658133874409364
dynamic_support_frozen_era_labels_min5,observed_wbt_slp_as_surface_c,5,202508,2025,8,125.799765031298,5,8,27.0,-0.27857675491849276
dynamic_support_frozen_era_labels_min5,era_wbt_c,5,202508,2025,8,125.799765031298,5,8,27.0,-0.2724777711243006
dynamic_support_frozen_era_labels_min5,observed_wbt_c,5,202508,2025,8,251.599530062597,5,8,27.0,-0.20883318273776152
dynamic_support_frozen_era_labels_min5,observed_wbt_slp_as_surface_c,5,202508,2025,8,251.599530062597,5,8,27.0,-0.2238989753116981
dynamic_support_frozen_era_labels_min5,era_wbt_c,5,202508,2025,8,251.599530062597,5,8,27.0,-0.2545201336316292
dynamic_support_frozen_era_labels_min5,observed_wbt_c,5,202508,2025,8,503.199060125194,5,8,27.0,-0.2207558898133134
dynamic_support_frozen_era_labels_min5,observed_wbt_slp_as_surface_c,5,202508,2025,8,503.199060125194,5,8,27.0,-0.236694900774726
dynamic_support_frozen_era_labels_min5,era_wbt_c,5,202508,2025,8,503.199060125194,5,8,27.0,-0.26727628292462957
dynamic_support_frozen_era_labels_min5,observed_wbt_c,5,202508,2025,8,1006.39812025039,5,8,27.0,-0.23827968992828674
dynamic_support_frozen_era_labels_min5,observed_wbt_slp_as_surface_c,5,202508,2025,8,1006.39812025039,5,8,27.0,-0.2554150242518305
dynamic_support_frozen_era_labels_min5,era_wbt_c,5,202508,2025,8,1006.39812025039,5,8,27.0,-0.27783912766556973
dynamic_support_frozen_era_labels_min5,observed_wbt_c,5,202508,2025,8,2012.79624050077,5,8,27.0,-0.23990621261424838
dynamic_support_frozen_era_labels_min5,observed_wbt_slp_as_surface_c,5,202508,2025,8,2012.79624050077,5,8,27.0,-0.25765910168203054
dynamic_support_frozen_era_labels_min5,era_wbt_c,5,202508,2025,8,2012.79624050077,5,8,27.0,-0.2761623918155286
year_specific_fixed_common_support_frozen_era_labels,observed_wbt_c,1,199206,1992,6,125.799765031298,3,7,17.0,0.2252973648127461
year_specific_fixed_common_support_frozen_era_labels,observed_wbt_slp_as_surface_c,1,199206,1992,6,125.799765031298,3,7,17.0,0.1557324243796312
year_specific_fixed_common_support_frozen_era_labels,era_wbt_c,1,199206,1992,6,125.799765031298,3,7,17.0,0.05536579979992817
year_specific_fixed_common_support_frozen_era_labels,observed_wbt_c,1,199206,1992,6,251.599530062597,3,7,17.0,-0.11885412946466045
year_specific_fixed_common_support_frozen_era_labels,observed_wbt_slp_as_surface_c,1,199206,1992,6,251.599530062597,3,7,17.0,-0.15418930033465328
year_specific_fixed_common_support_frozen_era_labels,era_wbt_c,1,199206,1992,6,251.599530062597,3,7,17.0,-0.06047654636154376
year_specific_fixed_common_support_frozen_era_labels,observed_wbt_c,1,199206,1992,6,503.199060125194,3,7,17.0,-0.063206992698422
year_specific_fixed_common_support_frozen_era_labels,observed_wbt_slp_as_surface_c,1,199206,1992,6,503.199060125194,3,7,17.0,-0.09672214596068018
year_specific_fixed_common_support_frozen_era_labels,era_wbt_c,1,199206,1992,6,503.199060125194,3,7,17.0,-0.08515061134098845
year_specific_fixed_common_support_frozen_era_labels,observed_wbt_c,1,199206,1992,6,1006.39812025039,3,7,17.0,0.2744134641848781
year_specific_fixed_common_support_frozen_era_labels,observed_wbt_slp_as_surface_c,1,199206,1992,6,1006.39812025039,3,7,17.0,0.23971779731571696
year_specific_fixed_common_support_frozen_era_labels,era_wbt_c,1,199206,1992,6,1006.39812025039,3,7,17.0,0.06664111116973448
year_specific_fixed_common_support_frozen_era_labels,observed_wbt_c,1,199206,1992,6,2012.79624050077,3,7,17.0,0.38596308904038734
year_specific_fixed_common_support_frozen_era_labels,observed_wbt_slp_as_surface_c,1,199206,1992,6,2012.79624050077,3,7,17.0,0.35498555979347834
year_specific_fixed_common_support_frozen_era_labels,era_wbt_c,1,199206,1992,6,2012.79624050077,3,7,17.0,0.12349007456480754
year_specific_fixed_common_support_frozen_era_labels,observed_wbt_c,1,199207,1992,7,125.799765031298,1,6,17.0,-0.2574467061601158
year_specific_fixed_common_support_frozen_era_labels,observed_wbt_slp_as_surface_c,1,199207,1992,7,125.799765031298,1,6,17.0,-0.22999589075101257
year_specific_fixed_common_support_frozen_era_labels,era_wbt_c,1,199207,1992,7,125.799765031298,1,6,17.0,-0.30641903023380435
year_specific_fixed_common_support_frozen_era_labels,observed_wbt_c,1,199207,1992,7,251.599530062597,1,6,17.0,0.021497881068781144
year_specific_fixed_common_support_frozen_era_labels,observed_wbt_slp_as_surface_c,1,199207,1992,7,251.599530062597,1,6,17.0,0.04932441021631728
year_specific_fixed_common_support_frozen_era_labels,era_wbt_c,1,199207,1992,7,251.599530062597,1,6,17.0,-0.133875054982046
year_specific_fixed_common_support_frozen_era_labels,observed_wbt_c,1,199207,1992,7,503.199060125194,1,6,17.0,0.23300170236373097
year_specific_fixed_common_support_frozen_era_labels,observed_wbt_slp_as_surface_c,1,199207,1992,7,503.199060125194,1,6,17.0,0.3077678007821556
year_specific_fixed_common_support_frozen_era_labels,era_wbt_c,1,199207,1992,7,503.199060125194,1,6,17.0,-0.20707936990365206
year_specific_fixed_common_support_frozen_era_labels,observed_wbt_c,1,199207,1992,7,1006.39812025039,1,6,17.0,0.17742519064950923
year_specific_fixed_common_support_frozen_era_labels,observed_wbt_slp_as_surface_c,1,199207,1992,7,1006.39812025039,1,6,17.0,0.2660884779939896
year_specific_fixed_common_support_frozen_era_labels,era_wbt_c,1,199207,1992,7,1006.39812025039,1,6,17.0,-0.30047909281696505
year_specific_fixed_common_support_frozen_era_labels,observed_wbt_c,1,199207,1992,7,2012.79624050077,1,6,17.0,0.09878816427952786
year_specific_fixed_common_support_frozen_era_labels,observed_wbt_slp_as_surface_c,1,199207,1992,7,2012.79624050077,1,6,17.0,0.1828463502504103
year_specific_fixed_common_support_frozen_era_labels,era_wbt_c,1,199207,1992,7,2012.79624050077,1,6,17.0,-0.34371645074871815
year_specific_fixed_common_support_frozen_era_labels,observed_wbt_c,1,199208,1992,8,125.799765031298,1,6,17.0,-0.3452090413176747
year_specific_fixed_common_support_frozen_era_labels,observed_wbt_slp_as_surface_c,1,199208,1992,8,125.799765031298,1,6,17.0,-0.3150934284626573
year_specific_fixed_common_support_frozen_era_labels,era_wbt_c,1,199208,1992,8,125.799765031298,1,6,17.0,0.0744106995228826
year_specific_fixed_common_support_frozen_era_labels,observed_wbt_c,1,199208,1992,8,251.599530062597,1,6,17.0,-0.27883741813191887
year_specific_fixed_common_support_frozen_era_labels,observed_wbt_slp_as_surface_c,1,199208,1992,8,251.599530062597,1,6,17.0,-0.2587903330050664
year_specific_fixed_common_support_frozen_era_labels,era_wbt_c,1,199208,1992,8,251.599530062597,1,6,17.0,-0.10318680540711223
year_specific_fixed_common_support_frozen_era_labels,observed_wbt_c,1,199208,1992,8,503.199060125194,1,6,17.0,-0.24804871580119503
year_specific_fixed_common_support_frozen_era_labels,observed_wbt_slp_as_surface_c,1,199208,1992,8,503.199060125194,1,6,17.0,-0.22254897084270664
year_specific_fixed_common_support_frozen_era_labels,era_wbt_c,1,199208,1992,8,503.199060125194,1,6,17.0,-0.2156548321939581
year_specific_fixed_common_support_frozen_era_labels,observed_wbt_c,1,199208,1992,8,1006.39812025039,1,6,17.0,-0.16191035883507043
year_specific_fixed_common_support_frozen_era_labels,observed_wbt_slp_as_surface_c,1,199208,1992,8,1006.39812025039,1,6,17.0,-0.13233248288482768
year_specific_fixed_common_support_frozen_era_labels,era_wbt_c,1,199208,1992,8,1006.39812025039,1,6,17.0,-0.1557098236140999
year_specific_fixed_common_support_frozen_era_labels,observed_wbt_c,1,199208,1992,8,2012.79624050077,1,6,17.0,-0.11710273509074554
year_specific_fixed_common_support_frozen_era_labels,observed_wbt_slp_as_surface_c,1,199208,1992,8,2012.79624050077,1,6,17.0,-0.08615897626582625
year_specific_fixed_common_support_frozen_era_labels,era_wbt_c,1,199208,1992,8,2012.79624050077,1,6,17.0,-0.10150303023598872
year_specific_fixed_common_support_frozen_era_labels,observed_wbt_c,1,199606,1996,6,125.799765031298,5,3,20.0,-0.3884536315006597
year_specific_fixed_common_support_frozen_era_labels,observed_wbt_slp_as_surface_c,1,199606,1996,6,125.799765031298,5,3,20.0,-0.3831219274398626
year_specific_fixed_common_support_frozen_era_labels,era_wbt_c,1,199606,1996,6,125.799765031298,5,3,20.0,-0.44591404242395993
year_specific_fixed_common_support_frozen_era_labels,observed_wbt_c,1,199606,1996,6,251.599530062597,5,3,20.0,-0.2518278843745184
year_specific_fixed_common_support_frozen_era_labels,observed_wbt_slp_as_surface_c,1,199606,1996,6,251.599530062597,5,3,20.0,-0.23255622230154882
year_specific_fixed_common_support_frozen_era_labels,era_wbt_c,1,199606,1996,6,251.599530062597,5,3,20.0,-0.41684546753132257
year_specific_fixed_common_support_frozen_era_labels,observed_wbt_c,1,199606,1996,6,503.199060125194,5,3,20.0,-0.26575563670955504
year_specific_fixed_common_support_frozen_era_labels,observed_wbt_slp_as_surface_c,1,199606,1996,6,503.199060125194,5,3,20.0,-0.24375170440122107
year_specific_fixed_common_support_frozen_era_labels,era_wbt_c,1,199606,1996,6,503.199060125194,5,3,20.0,-0.3630067967606001
year_specific_fixed_common_support_frozen_era_labels,observed_wbt_c,1,199606,1996,6,1006.39812025039,5,3,20.0,-0.309006073783886
year_specific_fixed_common_support_frozen_era_labels,observed_wbt_slp_as_surface_c,1,199606,1996,6,1006.39812025039,5,3,20.0,-0.28945369016798683
year_specific_fixed_common_support_frozen_era_labels,era_wbt_c,1,199606,1996,6,1006.39812025039,5,3,20.0,-0.3415992859119573
year_specific_fixed_common_support_frozen_era_labels,observed_wbt_c,1,199606,1996,6,2012.79624050077,5,3,20.0,-0.32043380985692516
year_specific_fixed_common_support_frozen_era_labels,observed_wbt_slp_as_surface_c,1,199606,1996,6,2012.79624050077,5,3,20.0,-0.3014608665387589
year_specific_fixed_common_support_frozen_era_labels,era_wbt_c,1,199606,1996,6,2012.79624050077,5,3,20.0,-0.3407711029237933
year_specific_fixed_common_support_frozen_era_labels,observed_wbt_c,1,199607,1996,7,125.799765031298,1,6,20.0,-0.35268419392774175
year_specific_fixed_common_support_frozen_era_labels,observed_wbt_slp_as_surface_c,1,199607,1996,7,125.799765031298,1,6,20.0,-0.34202138506853474
year_specific_fixed_common_support_frozen_era_labels,era_wbt_c,1,199607,1996,7,125.799765031298,1,6,20.0,-0.3506856102062358
year_specific_fixed_common_support_frozen_era_labels,observed_wbt_c,1,199607,1996,7,251.599530062597,1,6,20.0,-0.13028713121364044
year_specific_fixed_common_support_frozen_era_labels,observed_wbt_slp_as_surface_c,1,199607,1996,7,251.599530062597,1,6,20.0,-0.12130982194822093
year_specific_fixed_common_support_frozen_era_labels,era_wbt_c,1,199607,1996,7,251.599530062597,1,6,20.0,-0.17315603695512882
year_specific_fixed_common_support_frozen_era_labels,observed_wbt_c,1,199607,1996,7,503.199060125194,1,6,20.0,-0.06318700120955145
year_specific_fixed_common_support_frozen_era_labels,observed_wbt_slp_as_surface_c,1,199607,1996,7,503.199060125194,1,6,20.0,-0.05781208936385729
year_specific_fixed_common_support_frozen_era_labels,era_wbt_c,1,199607,1996,7,503.199060125194,1,6,20.0,-0.06399904027622572
year_specific_fixed_common_support_frozen_era_labels,observed_wbt_c,1,199607,1996,7,1006.39812025039,1,6,20.0,-0.09216485479156566
year_specific_fixed_common_support_frozen_era_labels,observed_wbt_slp_as_surface_c,1,199607,1996,7,1006.39812025039,1,6,20.0,-0.08898618358246424
year_specific_fixed_common_support_frozen_era_labels,era_wbt_c,1,199607,1996,7,1006.39812025039,1,6,20.0,-0.033677396343272714
year_specific_fixed_common_support_frozen_era_labels,observed_wbt_c,1,199607,1996,7,2012.79624050077,1,6,20.0,-0.14996813932157094
year_specific_fixed_common_support_frozen_era_labels,observed_wbt_slp_as_surface_c,1,199607,1996,7,2012.79624050077,1,6,20.0,-0.14833773243412918
year_specific_fixed_common_support_frozen_era_labels,era_wbt_c,1,199607,1996,7,2012.79624050077,1,6,20.0,-0.05587127762910027
year_specific_fixed_common_support_frozen_era_labels,observed_wbt_c,1,199608,1996,8,125.799765031298,1,1,20.0,0.3478641306150132
year_specific_fixed_common_support_frozen_era_labels,observed_wbt_slp_as_surface_c,1,199608,1996,8,125.799765031298,1,1,20.0,0.33724190782831687
year_specific_fixed_common_support_frozen_era_labels,era_wbt_c,1,199608,1996,8,125.799765031298,1,1,20.0,-0.13009552838960448
year_specific_fixed_common_support_frozen_era_labels,observed_wbt_c,1,199608,1996,8,251.599530062597,1,1,20.0,0.2672443631291721
year_specific_fixed_common_support_frozen_era_labels,observed_wbt_slp_as_surface_c,1,199608,1996,8,251.599530062597,1,1,20.0,0.24296882134183284
year_specific_fixed_common_support_frozen_era_labels,era_wbt_c,1,199608,1996,8,251.599530062597,1,1,20.0,-0.20157347308622942
year_specific_fixed_common_support_frozen_era_labels,observed_wbt_c,1,199608,1996,8,503.199060125194,1,1,20.0,-0.2458979880770107
year_specific_fixed_common_support_frozen_era_labels,observed_wbt_slp_as_surface_c,1,199608,1996,8,503.199060125194,1,1,20.0,-0.26969999903532726
year_specific_fixed_common_support_frozen_era_labels,era_wbt_c,1,199608,1996,8,503.199060125194,1,1,20.0,-0.46159020449343713
year_specific_fixed_common_support_frozen_era_labels,observed_wbt_c,1,199608,1996,8,1006.39812025039,1,1,20.0,-0.4664240469912454
year_specific_fixed_common_support_frozen_era_labels,observed_wbt_slp_as_surface_c,1,199608,1996,8,1006.39812025039,1,1,20.0,-0.48802971846504517
year_specific_fixed_common_support_frozen_era_labels,era_wbt_c,1,199608,1996,8,1006.39812025039,1,1,20.0,-0.6077892512249125
year_specific_fixed_common_support_frozen_era_labels,observed_wbt_c,1,199608,1996,8,2012.79624050077,1,1,20.0,-0.5434022622179928
year_specific_fixed_common_support_frozen_era_labels,observed_wbt_slp_as_surface_c,1,199608,1996,8,2012.79624050077,1,1,20.0,-0.5640108067997673
year_specific_fixed_common_support_frozen_era_labels,era_wbt_c,1,199608,1996,8,2012.79624050077,1,1,20.0,-0.6562619740066218
year_specific_fixed_common_support_frozen_era_labels,observed_wbt_c,1,200006,2000,6,125.799765031298,3,4,10.0,-0.5319695617944394
year_specific_fixed_common_support_frozen_era_labels,observed_wbt_slp_as_surface_c,1,200006,2000,6,125.799765031298,3,4,10.0,-0.5358850704978773
year_specific_fixed_common_support_frozen_era_labels,era_wbt_c,1,200006,2000,6,125.799765031298,3,4,10.0,-0.47153996971144363
year_specific_fixed_common_support_frozen_era_labels,observed_wbt_c,1,200006,2000,6,251.599530062597,3,4,10.0,-0.3494530282130549
year_specific_fixed_common_support_frozen_era_labels,observed_wbt_slp_as_surface_c,1,200006,2000,6,251.599530062597,3,4,10.0,-0.3543699054543722
year_specific_fixed_common_support_frozen_era_labels,era_wbt_c,1,200006,2000,6,251.599530062597,3,4,10.0,-0.31493492200463125
year_specific_fixed_common_support_frozen_era_labels,observed_wbt_c,1,200006,2000,6,503.199060125194,3,4,10.0,-0.3535160942900918
year_specific_fixed_common_support_frozen_era_labels,observed_wbt_slp_as_surface_c,1,200006,2000,6,503.199060125194,3,4,10.0,-0.36019099814176603
year_specific_fixed_common_support_frozen_era_labels,era_wbt_c,1,200006,2000,6,503.199060125194,3,4,10.0,-0.3167590999939912
year_specific_fixed_common_support_frozen_era_labels,observed_wbt_c,1,200006,2000,6,1006.39812025039,3,4,10.0,-0.3815451779936214
year_specific_fixed_common_support_frozen_era_labels,observed_wbt_slp_as_surface_c,1,200006,2000,6,1006.39812025039,3,4,10.0,-0.3920185858051921
year_specific_fixed_common_support_frozen_era_labels,era_wbt_c,1,200006,2000,6,1006.39812025039,3,4,10.0,-0.315655752432745
year_specific_fixed_common_support_frozen_era_labels,observed_wbt_c,1,200006,2000,6,2012.79624050077,3,4,10.0,-0.4052504125607854
year_specific_fixed_common_support_frozen_era_labels,observed_wbt_slp_as_surface_c,1,200006,2000,6,2012.79624050077,3,4,10.0,-0.4171177354534492
year_specific_fixed_common_support_frozen_era_labels,era_wbt_c,1,200006,2000,6,2012.79624050077,3,4,10.0,-0.3275082597402893
year_specific_fixed_common_support_frozen_era_labels,observed_wbt_c,1,200007,2000,7,125.799765031298,3,5,10.0,0.9166923070615041
year_specific_fixed_common_support_frozen_era_labels,observed_wbt_slp_as_surface_c,1,200007,2000,7,125.799765031298,3,5,10.0,0.9285657247941406
year_specific_fixed_common_support_frozen_era_labels,era_wbt_c,1,200007,2000,7,125.799765031298,3,5,10.0,0.39056786778393526
year_specific_fixed_common_support_frozen_era_labels,observed_wbt_c,1,200007,2000,7,251.599530062597,3,5,10.0,-0.10270962010400297
year_specific_fixed_common_support_frozen_era_labels,observed_wbt_slp_as_surface_c,1,200007,2000,7,251.599530062597,3,5,10.0,-0.11126523002584598
year_specific_fixed_common_support_frozen_era_labels,era_wbt_c,1,200007,2000,7,251.599530062597,3,5,10.0,-0.04504275988270334
year_specific_fixed_common_support_frozen_era_labels,observed_wbt_c,1,200007,2000,7,503.199060125194,3,5,10.0,-0.11344329182597268
year_specific_fixed_common_support_frozen_era_labels,observed_wbt_slp_as_surface_c,1,200007,2000,7,503.199060125194,3,5,10.0,-0.1234513855555548
year_specific_fixed_common_support_frozen_era_labels,era_wbt_c,1,200007,2000,7,503.199060125194,3,5,10.0,-0.1189594398612639
year_specific_fixed_common_support_frozen_era_labels,observed_wbt_c,1,200007,2000,7,1006.39812025039,3,5,10.0,-0.13203771718252144
year_specific_fixed_common_support_frozen_era_labels,observed_wbt_slp_as_surface_c,1,200007,2000,7,1006.39812025039,3,5,10.0,-0.14531910208967236
year_specific_fixed_common_support_frozen_era_labels,era_wbt_c,1,200007,2000,7,1006.39812025039,3,5,10.0,-0.16183420587055397
year_specific_fixed_common_support_frozen_era_labels,observed_wbt_c,1,200007,2000,7,2012.79624050077,3,5,10.0,-0.16004541653990978
year_specific_fixed_common_support_frozen_era_labels,observed_wbt_slp_as_surface_c,1,200007,2000,7,2012.79624050077,3,5,10.0,-0.1748370768274582
year_specific_fixed_common_support_frozen_era_labels,era_wbt_c,1,200007,2000,7,2012.79624050077,3,5,10.0,-0.1770649746966797
year_specific_fixed_common_support_frozen_era_labels,observed_wbt_c,1,200008,2000,8,125.799765031298,3,5,10.0,-0.5986933672819739
year_specific_fixed_common_support_frozen_era_labels,observed_wbt_slp_as_surface_c,1,200008,2000,8,125.799765031298,3,5,10.0,-0.607820626286824
year_specific_fixed_common_support_frozen_era_labels,era_wbt_c,1,200008,2000,8,125.799765031298,3,5,10.0,-0.48200338951066135
year_specific_fixed_common_support_frozen_era_labels,observed_wbt_c,1,200008,2000,8,251.599530062597,3,5,10.0,-0.3738873066394546
year_specific_fixed_common_support_frozen_era_labels,observed_wbt_slp_as_surface_c,1,200008,2000,8,251.599530062597,3,5,10.0,-0.3881641518239657
year_specific_fixed_common_support_frozen_era_labels,era_wbt_c,1,200008,2000,8,251.599530062597,3,5,10.0,-0.40769781637444436
year_specific_fixed_common_support_frozen_era_labels,observed_wbt_c,1,200008,2000,8,503.199060125194,3,5,10.0,-0.4028082839717615
year_specific_fixed_common_support_frozen_era_labels,observed_wbt_slp_as_surface_c,1,200008,2000,8,503.199060125194,3,5,10.0,-0.41760485205683795
year_specific_fixed_common_support_frozen_era_labels,era_wbt_c,1,200008,2000,8,503.199060125194,3,5,10.0,-0.45359382631899603
year_specific_fixed_common_support_frozen_era_labels,observed_wbt_c,1,200008,2000,8,1006.39812025039,3,5,10.0,-0.4140724745354647
year_specific_fixed_common_support_frozen_era_labels,observed_wbt_slp_as_surface_c,1,200008,2000,8,1006.39812025039,3,5,10.0,-0.4311021333812891
year_specific_fixed_common_support_frozen_era_labels,era_wbt_c,1,200008,2000,8,1006.39812025039,3,5,10.0,-0.4109780383301598
year_specific_fixed_common_support_frozen_era_labels,observed_wbt_c,1,200008,2000,8,2012.79624050077,3,5,10.0,-0.3991189637167263
year_specific_fixed_common_support_frozen_era_labels,observed_wbt_slp_as_surface_c,1,200008,2000,8,2012.79624050077,3,5,10.0,-0.4173372548337414
year_specific_fixed_common_support_frozen_era_labels,era_wbt_c,1,200008,2000,8,2012.79624050077,3,5,10.0,-0.3708194078653171
year_specific_fixed_common_support_frozen_era_labels,observed_wbt_c,1,200406,2004,6,125.799765031298,2,5,22.0,0.29335683770015897
year_specific_fixed_common_support_frozen_era_labels,observed_wbt_slp_as_surface_c,1,200406,2004,6,125.799765031298,2,5,22.0,0.2645869515617054
year_specific_fixed_common_support_frozen_era_labels,era_wbt_c,1,200406,2004,6,125.799765031298,2,5,22.0,-0.0006074936532105557
year_specific_fixed_common_support_frozen_era_labels,observed_wbt_c,1,200406,2004,6,251.599530062597,2,5,22.0,0.006952977573401187
year_specific_fixed_common_support_frozen_era_labels,observed_wbt_slp_as_surface_c,1,200406,2004,6,251.599530062597,2,5,22.0,-0.01493075329430793
year_specific_fixed_common_support_frozen_era_labels,era_wbt_c,1,200406,2004,6,251.599530062597,2,5,22.0,3.1731693880709955e-05
year_specific_fixed_common_support_frozen_era_labels,observed_wbt_c,1,200406,2004,6,503.199060125194,2,5,22.0,-0.01895569535942543
year_specific_fixed_common_support_frozen_era_labels,observed_wbt_slp_as_surface_c,1,200406,2004,6,503.199060125194,2,5,22.0,-0.04115696607947583
year_specific_fixed_common_support_frozen_era_labels,era_wbt_c,1,200406,2004,6,503.199060125194,2,5,22.0,0.08263069221064212
year_specific_fixed_common_support_frozen_era_labels,observed_wbt_c,1,200406,2004,6,1006.39812025039,2,5,22.0,-0.014004486624573542
year_specific_fixed_common_support_frozen_era_labels,observed_wbt_slp_as_surface_c,1,200406,2004,6,1006.39812025039,2,5,22.0,-0.036046678332694815
year_specific_fixed_common_support_frozen_era_labels,era_wbt_c,1,200406,2004,6,1006.39812025039,2,5,22.0,0.09469895217299018
year_specific_fixed_common_support_frozen_era_labels,observed_wbt_c,1,200406,2004,6,2012.79624050077,2,5,22.0,-0.04536667242926473
year_specific_fixed_common_support_frozen_era_labels,observed_wbt_slp_as_surface_c,1,200406,2004,6,2012.79624050077,2,5,22.0,-0.06711743884020471
year_specific_fixed_common_support_frozen_era_labels,era_wbt_c,1,200406,2004,6,2012.79624050077,2,5,22.0,0.0675244185823407
year_specific_fixed_common_support_frozen_era_labels,observed_wbt_c,1,200407,2004,7,125.799765031298,1,6,22.0,-0.3691501067035493
year_specific_fixed_common_support_frozen_era_labels,observed_wbt_slp_as_surface_c,1,200407,2004,7,125.799765031298,1,6,22.0,-0.35237342405870575
year_specific_fixed_common_support_frozen_era_labels,era_wbt_c,1,200407,2004,7,125.799765031298,1,6,22.0,-0.4960390367402402
year_specific_fixed_common_support_frozen_era_labels,observed_wbt_c,1,200407,2004,7,251.599530062597,1,6,22.0,-0.39106081495104617
year_specific_fixed_common_support_frozen_era_labels,observed_wbt_slp_as_surface_c,1,200407,2004,7,251.599530062597,1,6,22.0,-0.38683675388557837
year_specific_fixed_common_support_frozen_era_labels,era_wbt_c,1,200407,2004,7,251.599530062597,1,6,22.0,-0.4741706769192737
year_specific_fixed_common_support_frozen_era_labels,observed_wbt_c,1,200407,2004,7,503.199060125194,1,6,22.0,-0.42011014356980425
year_specific_fixed_common_support_frozen_era_labels,observed_wbt_slp_as_surface_c,1,200407,2004,7,503.199060125194,1,6,22.0,-0.4256954855147409
year_specific_fixed_common_support_frozen_era_labels,era_wbt_c,1,200407,2004,7,503.199060125194,1,6,22.0,-0.4580820567178332
year_specific_fixed_common_support_frozen_era_labels,observed_wbt_c,1,200407,2004,7,1006.39812025039,1,6,22.0,-0.46899010074666914
year_specific_fixed_common_support_frozen_era_labels,observed_wbt_slp_as_surface_c,1,200407,2004,7,1006.39812025039,1,6,22.0,-0.4798619401785821
year_specific_fixed_common_support_frozen_era_labels,era_wbt_c,1,200407,2004,7,1006.39812025039,1,6,22.0,-0.47983411904367823
year_specific_fixed_common_support_frozen_era_labels,observed_wbt_c,1,200407,2004,7,2012.79624050077,1,6,22.0,-0.4993997423702402
year_specific_fixed_common_support_frozen_era_labels,observed_wbt_slp_as_surface_c,1,200407,2004,7,2012.79624050077,1,6,22.0,-0.5127250134594759
year_specific_fixed_common_support_frozen_era_labels,era_wbt_c,1,200407,2004,7,2012.79624050077,1,6,22.0,-0.5039273261181978
year_specific_fixed_common_support_frozen_era_labels,observed_wbt_c,1,200408,2004,8,125.799765031298,1,6,22.0,-0.3069120067478115
year_specific_fixed_common_support_frozen_era_labels,observed_wbt_slp_as_surface_c,1,200408,2004,8,125.799765031298,1,6,22.0,-0.31717521517602887
year_specific_fixed_common_support_frozen_era_labels,era_wbt_c,1,200408,2004,8,125.799765031298,1,6,22.0,-0.5940236267141887
year_specific_fixed_common_support_frozen_era_labels,observed_wbt_c,1,200408,2004,8,251.599530062597,1,6,22.0,-0.17530417370688411
year_specific_fixed_common_support_frozen_era_labels,observed_wbt_slp_as_surface_c,1,200408,2004,8,251.599530062597,1,6,22.0,-0.19683694717061306
year_specific_fixed_common_support_frozen_era_labels,era_wbt_c,1,200408,2004,8,251.599530062597,1,6,22.0,-0.3200871252402646
year_specific_fixed_common_support_frozen_era_labels,observed_wbt_c,1,200408,2004,8,503.199060125194,1,6,22.0,-0.24688095693747214
year_specific_fixed_common_support_frozen_era_labels,observed_wbt_slp_as_surface_c,1,200408,2004,8,503.199060125194,1,6,22.0,-0.2700528336608874
year_specific_fixed_common_support_frozen_era_labels,era_wbt_c,1,200408,2004,8,503.199060125194,1,6,22.0,-0.3145434261214063
year_specific_fixed_common_support_frozen_era_labels,observed_wbt_c,1,200408,2004,8,1006.39812025039,1,6,22.0,-0.3922492495154456
year_specific_fixed_common_support_frozen_era_labels,observed_wbt_slp_as_surface_c,1,200408,2004,8,1006.39812025039,1,6,22.0,-0.4124102535036651
year_specific_fixed_common_support_frozen_era_labels,era_wbt_c,1,200408,2004,8,1006.39812025039,1,6,22.0,-0.41011644325104635
year_specific_fixed_common_support_frozen_era_labels,observed_wbt_c,1,200408,2004,8,2012.79624050077,1,6,22.0,-0.468614978485028
year_specific_fixed_common_support_frozen_era_labels,observed_wbt_slp_as_surface_c,1,200408,2004,8,2012.79624050077,1,6,22.0,-0.48714571959230246
year_specific_fixed_common_support_frozen_era_labels,era_wbt_c,1,200408,2004,8,2012.79624050077,1,6,22.0,-0.4744468364030625
year_specific_fixed_common_support_frozen_era_labels,observed_wbt_c,1,200806,2008,6,125.799765031298,8,7,21.0,0.2364684916258224
year_specific_fixed_common_support_frozen_era_labels,observed_wbt_slp_as_surface_c,1,200806,2008,6,125.799765031298,8,7,21.0,0.24163679927822468
year_specific_fixed_common_support_frozen_era_labels,era_wbt_c,1,200806,2008,6,125.799765031298,8,7,21.0,0.08925095676285211
year_specific_fixed_common_support_frozen_era_labels,observed_wbt_c,1,200806,2008,6,251.599530062597,8,7,21.0,0.2021541421904789
year_specific_fixed_common_support_frozen_era_labels,observed_wbt_slp_as_surface_c,1,200806,2008,6,251.599530062597,8,7,21.0,0.20533457413836276
year_specific_fixed_common_support_frozen_era_labels,era_wbt_c,1,200806,2008,6,251.599530062597,8,7,21.0,0.045251931967920545
year_specific_fixed_common_support_frozen_era_labels,observed_wbt_c,1,200806,2008,6,503.199060125194,8,7,21.0,0.12422426312377732
year_specific_fixed_common_support_frozen_era_labels,observed_wbt_slp_as_surface_c,1,200806,2008,6,503.199060125194,8,7,21.0,0.12236893643476132
year_specific_fixed_common_support_frozen_era_labels,era_wbt_c,1,200806,2008,6,503.199060125194,8,7,21.0,-0.002571529582021226
year_specific_fixed_common_support_frozen_era_labels,observed_wbt_c,1,200806,2008,6,1006.39812025039,8,7,21.0,0.008213292918394677
year_specific_fixed_common_support_frozen_era_labels,observed_wbt_slp_as_surface_c,1,200806,2008,6,1006.39812025039,8,7,21.0,0.003117423888708837
year_specific_fixed_common_support_frozen_era_labels,era_wbt_c,1,200806,2008,6,1006.39812025039,8,7,21.0,-0.0724233005694711
year_specific_fixed_common_support_frozen_era_labels,observed_wbt_c,1,200806,2008,6,2012.79624050077,8,7,21.0,-0.05721329844895584
year_specific_fixed_common_support_frozen_era_labels,observed_wbt_slp_as_surface_c,1,200806,2008,6,2012.79624050077,8,7,21.0,-0.06352899655173472
year_specific_fixed_common_support_frozen_era_labels,era_wbt_c,1,200806,2008,6,2012.79624050077,8,7,21.0,-0.11285620719512157
year_specific_fixed_common_support_frozen_era_labels,observed_wbt_c,1,200807,2008,7,125.799765031298,5,12,21.0,-0.2626534050928162
year_specific_fixed_common_support_frozen_era_labels,observed_wbt_slp_as_surface_c,1,200807,2008,7,125.799765031298,5,12,21.0,-0.2682983391982151
year_specific_fixed_common_support_frozen_era_labels,era_wbt_c,1,200807,2008,7,125.799765031298,5,12,21.0,-0.20488222399120215
year_specific_fixed_common_support_frozen_era_labels,observed_wbt_c,1,200807,2008,7,251.599530062597,5,12,21.0,-0.03549909254482142
year_specific_fixed_common_support_frozen_era_labels,observed_wbt_slp_as_surface_c,1,200807,2008,7,251.599530062597,5,12,21.0,-0.039809483332117535
year_specific_fixed_common_support_frozen_era_labels,era_wbt_c,1,200807,2008,7,251.599530062597,5,12,21.0,-0.13949180934011507
year_specific_fixed_common_support_frozen_era_labels,observed_wbt_c,1,200807,2008,7,503.199060125194,5,12,21.0,-0.08251588587077086
year_specific_fixed_common_support_frozen_era_labels,observed_wbt_slp_as_surface_c,1,200807,2008,7,503.199060125194,5,12,21.0,-0.08492237577238515
year_specific_fixed_common_support_frozen_era_labels,era_wbt_c,1,200807,2008,7,503.199060125194,5,12,21.0,-0.19384149557821828
year_specific_fixed_common_support_frozen_era_labels,observed_wbt_c,1,200807,2008,7,1006.39812025039,5,12,21.0,-0.1101725713245878
year_specific_fixed_common_support_frozen_era_labels,observed_wbt_slp_as_surface_c,1,200807,2008,7,1006.39812025039,5,12,21.0,-0.10976589678783355
year_specific_fixed_common_support_frozen_era_labels,era_wbt_c,1,200807,2008,7,1006.39812025039,5,12,21.0,-0.21373060365685437
year_specific_fixed_common_support_frozen_era_labels,observed_wbt_c,1,200807,2008,7,2012.79624050077,5,12,21.0,-0.11187172912130228
year_specific_fixed_common_support_frozen_era_labels,observed_wbt_slp_as_surface_c,1,200807,2008,7,2012.79624050077,5,12,21.0,-0.10987178080458337
year_specific_fixed_common_support_frozen_era_labels,era_wbt_c,1,200807,2008,7,2012.79624050077,5,12,21.0,-0.20751945643546355
year_specific_fixed_common_support_frozen_era_labels,observed_wbt_c,1,200808,2008,8,125.799765031298,3,10,21.0,-0.4467483913405387
year_specific_fixed_common_support_frozen_era_labels,observed_wbt_slp_as_surface_c,1,200808,2008,8,125.799765031298,3,10,21.0,-0.45054725536222084
year_specific_fixed_common_support_frozen_era_labels,era_wbt_c,1,200808,2008,8,125.799765031298,3,10,21.0,-0.5110329381660623
year_specific_fixed_common_support_frozen_era_labels,observed_wbt_c,1,200808,2008,8,251.599530062597,3,10,21.0,-0.2793021095644376
year_specific_fixed_common_support_frozen_era_labels,observed_wbt_slp_as_surface_c,1,200808,2008,8,251.599530062597,3,10,21.0,-0.28643281479090876
year_specific_fixed_common_support_frozen_era_labels,era_wbt_c,1,200808,2008,8,251.599530062597,3,10,21.0,-0.40186143348805037
year_specific_fixed_common_support_frozen_era_labels,observed_wbt_c,1,200808,2008,8,503.199060125194,3,10,21.0,-0.3557681846334566
year_specific_fixed_common_support_frozen_era_labels,observed_wbt_slp_as_surface_c,1,200808,2008,8,503.199060125194,3,10,21.0,-0.3619030291793234
year_specific_fixed_common_support_frozen_era_labels,era_wbt_c,1,200808,2008,8,503.199060125194,3,10,21.0,-0.42987626609995033
year_specific_fixed_common_support_frozen_era_labels,observed_wbt_c,1,200808,2008,8,1006.39812025039,3,10,21.0,-0.44630254131051306
year_specific_fixed_common_support_frozen_era_labels,observed_wbt_slp_as_surface_c,1,200808,2008,8,1006.39812025039,3,10,21.0,-0.45310983117937387
year_specific_fixed_common_support_frozen_era_labels,era_wbt_c,1,200808,2008,8,1006.39812025039,3,10,21.0,-0.48506723349218417
year_specific_fixed_common_support_frozen_era_labels,observed_wbt_c,1,200808,2008,8,2012.79624050077,3,10,21.0,-0.47963704826443754
year_specific_fixed_common_support_frozen_era_labels,observed_wbt_slp_as_surface_c,1,200808,2008,8,2012.79624050077,3,10,21.0,-0.4868738656095143
year_specific_fixed_common_support_frozen_era_labels,era_wbt_c,1,200808,2008,8,2012.79624050077,3,10,21.0,-0.5062514154868337
year_specific_fixed_common_support_frozen_era_labels,observed_wbt_c,1,201206,2012,6,125.799765031298,4,5,19.0,0.008585139911386985
year_specific_fixed_common_support_frozen_era_labels,observed_wbt_slp_as_surface_c,1,201206,2012,6,125.799765031298,4,5,19.0,0.003516285250256823
year_specific_fixed_common_support_frozen_era_labels,era_wbt_c,1,201206,2012,6,125.799765031298,4,5,19.0,0.09502923699156773
year_specific_fixed_common_support_frozen_era_labels,observed_wbt_c,1,201206,2012,6,251.599530062597,4,5,19.0,-0.16743632516054696
year_specific_fixed_common_support_frozen_era_labels,observed_wbt_slp_as_surface_c,1,201206,2012,6,251.599530062597,4,5,19.0,-0.1590943843495486
year_specific_fixed_common_support_frozen_era_labels,era_wbt_c,1,201206,2012,6,251.599530062597,4,5,19.0,-0.10604744729192606
year_specific_fixed_common_support_frozen_era_labels,observed_wbt_c,1,201206,2012,6,503.199060125194,4,5,19.0,-0.2799306563316927
year_specific_fixed_common_support_frozen_era_labels,observed_wbt_slp_as_surface_c,1,201206,2012,6,503.199060125194,4,5,19.0,-0.25851674209598774
year_specific_fixed_common_support_frozen_era_labels,era_wbt_c,1,201206,2012,6,503.199060125194,4,5,19.0,-0.24634308747578493
year_specific_fixed_common_support_frozen_era_labels,observed_wbt_c,1,201206,2012,6,1006.39812025039,4,5,19.0,-0.35108665933654737
year_specific_fixed_common_support_frozen_era_labels,observed_wbt_slp_as_surface_c,1,201206,2012,6,1006.39812025039,4,5,19.0,-0.33280868051811174
year_specific_fixed_common_support_frozen_era_labels,era_wbt_c,1,201206,2012,6,1006.39812025039,4,5,19.0,-0.3102667680584812
year_specific_fixed_common_support_frozen_era_labels,observed_wbt_c,1,201206,2012,6,2012.79624050077,4,5,19.0,-0.39563020071883914
year_specific_fixed_common_support_frozen_era_labels,observed_wbt_slp_as_surface_c,1,201206,2012,6,2012.79624050077,4,5,19.0,-0.38119028371872765
year_specific_fixed_common_support_frozen_era_labels,era_wbt_c,1,201206,2012,6,2012.79624050077,4,5,19.0,-0.3350994929919986
year_specific_fixed_common_support_frozen_era_labels,observed_wbt_c,1,201207,2012,7,125.799765031298,8,11,19.0,-0.22274134680919522
year_specific_fixed_common_support_frozen_era_labels,observed_wbt_slp_as_surface_c,1,201207,2012,7,125.799765031298,8,11,19.0,-0.22835899507423763
year_specific_fixed_common_support_frozen_era_labels,era_wbt_c,1,201207,2012,7,125.799765031298,8,11,19.0,-0.20448844659212861
year_specific_fixed_common_support_frozen_era_labels,observed_wbt_c,1,201207,2012,7,251.599530062597,8,11,19.0,-0.1730309021185883
year_specific_fixed_common_support_frozen_era_labels,observed_wbt_slp_as_surface_c,1,201207,2012,7,251.599530062597,8,11,19.0,-0.1717455978055189
year_specific_fixed_common_support_frozen_era_labels,era_wbt_c,1,201207,2012,7,251.599530062597,8,11,19.0,-0.14800193233085934
year_specific_fixed_common_support_frozen_era_labels,observed_wbt_c,1,201207,2012,7,503.199060125194,8,11,19.0,-0.20399897691012248
year_specific_fixed_common_support_frozen_era_labels,observed_wbt_slp_as_surface_c,1,201207,2012,7,503.199060125194,8,11,19.0,-0.19719026342277468
year_specific_fixed_common_support_frozen_era_labels,era_wbt_c,1,201207,2012,7,503.199060125194,8,11,19.0,-0.2852934386449095
year_specific_fixed_common_support_frozen_era_labels,observed_wbt_c,1,201207,2012,7,1006.39812025039,8,11,19.0,-0.2661183776056839
year_specific_fixed_common_support_frozen_era_labels,observed_wbt_slp_as_surface_c,1,201207,2012,7,1006.39812025039,8,11,19.0,-0.26089425696849644
year_specific_fixed_common_support_frozen_era_labels,era_wbt_c,1,201207,2012,7,1006.39812025039,8,11,19.0,-0.36799597928479366
year_specific_fixed_common_support_frozen_era_labels,observed_wbt_c,1,201207,2012,7,2012.79624050077,8,11,19.0,-0.2966622426871106
year_specific_fixed_common_support_frozen_era_labels,observed_wbt_slp_as_surface_c,1,201207,2012,7,2012.79624050077,8,11,19.0,-0.2934290205390381
year_specific_fixed_common_support_frozen_era_labels,era_wbt_c,1,201207,2012,7,2012.79624050077,8,11,19.0,-0.3952448510686646
year_specific_fixed_common_support_frozen_era_labels,observed_wbt_c,1,201208,2012,8,125.799765031298,6,11,19.0,-0.2818144477925364
year_specific_fixed_common_support_frozen_era_labels,observed_wbt_slp_as_surface_c,1,201208,2012,8,125.799765031298,6,11,19.0,-0.276349528252275
year_specific_fixed_common_support_frozen_era_labels,era_wbt_c,1,201208,2012,8,125.799765031298,6,11,19.0,-0.522577975425444
year_specific_fixed_common_support_frozen_era_labels,observed_wbt_c,1,201208,2012,8,251.599530062597,6,11,19.0,-0.20062923842273406
year_specific_fixed_common_support_frozen_era_labels,observed_wbt_slp_as_surface_c,1,201208,2012,8,251.599530062597,6,11,19.0,-0.2024835990247451
year_specific_fixed_common_support_frozen_era_labels,era_wbt_c,1,201208,2012,8,251.599530062597,6,11,19.0,-0.19152012429306098
year_specific_fixed_common_support_frozen_era_labels,observed_wbt_c,1,201208,2012,8,503.199060125194,6,11,19.0,-0.23894412589118885
year_specific_fixed_common_support_frozen_era_labels,observed_wbt_slp_as_surface_c,1,201208,2012,8,503.199060125194,6,11,19.0,-0.2378402602697125
year_specific_fixed_common_support_frozen_era_labels,era_wbt_c,1,201208,2012,8,503.199060125194,6,11,19.0,-0.17141807379168494
year_specific_fixed_common_support_frozen_era_labels,observed_wbt_c,1,201208,2012,8,1006.39812025039,6,11,19.0,-0.32787199523985877
year_specific_fixed_common_support_frozen_era_labels,observed_wbt_slp_as_surface_c,1,201208,2012,8,1006.39812025039,6,11,19.0,-0.32650322230352224
year_specific_fixed_common_support_frozen_era_labels,era_wbt_c,1,201208,2012,8,1006.39812025039,6,11,19.0,-0.2676403949277901
year_specific_fixed_common_support_frozen_era_labels,observed_wbt_c,1,201208,2012,8,2012.79624050077,6,11,19.0,-0.3616188766235672
year_specific_fixed_common_support_frozen_era_labels,observed_wbt_slp_as_surface_c,1,201208,2012,8,2012.79624050077,6,11,19.0,-0.360464816498128
year_specific_fixed_common_support_frozen_era_labels,era_wbt_c,1,201208,2012,8,2012.79624050077,6,11,19.0,-0.30392070759387146
year_specific_fixed_common_support_frozen_era_labels,observed_wbt_c,1,201606,2016,6,125.799765031298,5,10,21.0,-0.10612196541572816
year_specific_fixed_common_support_frozen_era_labels,observed_wbt_slp_as_surface_c,1,201606,2016,6,125.799765031298,5,10,21.0,-0.1008306474996784
year_specific_fixed_common_support_frozen_era_labels,era_wbt_c,1,201606,2016,6,125.799765031298,5,10,21.0,0.1991846012119849
year_specific_fixed_common_support_frozen_era_labels,observed_wbt_c,1,201606,2016,6,251.599530062597,5,10,21.0,-0.04959350154312925
year_specific_fixed_common_support_frozen_era_labels,observed_wbt_slp_as_surface_c,1,201606,2016,6,251.599530062597,5,10,21.0,-0.047511242029126044
year_specific_fixed_common_support_frozen_era_labels,era_wbt_c,1,201606,2016,6,251.599530062597,5,10,21.0,-0.06242988824349438
year_specific_fixed_common_support_frozen_era_labels,observed_wbt_c,1,201606,2016,6,503.199060125194,5,10,21.0,-0.06631269400422168
year_specific_fixed_common_support_frozen_era_labels,observed_wbt_slp_as_surface_c,1,201606,2016,6,503.199060125194,5,10,21.0,-0.06831594589693557
year_specific_fixed_common_support_frozen_era_labels,era_wbt_c,1,201606,2016,6,503.199060125194,5,10,21.0,-0.10883294952217104
year_specific_fixed_common_support_frozen_era_labels,observed_wbt_c,1,201606,2016,6,1006.39812025039,5,10,21.0,-0.14455011195659284
year_specific_fixed_common_support_frozen_era_labels,observed_wbt_slp_as_surface_c,1,201606,2016,6,1006.39812025039,5,10,21.0,-0.14996525503492808
year_specific_fixed_common_support_frozen_era_labels,era_wbt_c,1,201606,2016,6,1006.39812025039,5,10,21.0,-0.15006124230109175
year_specific_fixed_common_support_frozen_era_labels,observed_wbt_c,1,201606,2016,6,2012.79624050077,5,10,21.0,-0.19929593334701023
year_specific_fixed_common_support_frozen_era_labels,observed_wbt_slp_as_surface_c,1,201606,2016,6,2012.79624050077,5,10,21.0,-0.20631281559775327
year_specific_fixed_common_support_frozen_era_labels,era_wbt_c,1,201606,2016,6,2012.79624050077,5,10,21.0,-0.19151073963734
year_specific_fixed_common_support_frozen_era_labels,observed_wbt_c,1,201607,2016,7,125.799765031298,2,9,21.0,0.25229577820112725
year_specific_fixed_common_support_frozen_era_labels,observed_wbt_slp_as_surface_c,1,201607,2016,7,125.799765031298,2,9,21.0,0.2559683522555689
year_specific_fixed_common_support_frozen_era_labels,era_wbt_c,1,201607,2016,7,125.799765031298,2,9,21.0,0.05657842481089337
year_specific_fixed_common_support_frozen_era_labels,observed_wbt_c,1,201607,2016,7,251.599530062597,2,9,21.0,0.13028147038218885
year_specific_fixed_common_support_frozen_era_labels,observed_wbt_slp_as_surface_c,1,201607,2016,7,251.599530062597,2,9,21.0,0.11972710164592626
year_specific_fixed_common_support_frozen_era_labels,era_wbt_c,1,201607,2016,7,251.599530062597,2,9,21.0,0.07796969911604812
year_specific_fixed_common_support_frozen_era_labels,observed_wbt_c,1,201607,2016,7,503.199060125194,2,9,21.0,0.13821098463020998
year_specific_fixed_common_support_frozen_era_labels,observed_wbt_slp_as_surface_c,1,201607,2016,7,503.199060125194,2,9,21.0,0.1426679374530373
year_specific_fixed_common_support_frozen_era_labels,era_wbt_c,1,201607,2016,7,503.199060125194,2,9,21.0,0.052993302337566606
year_specific_fixed_common_support_frozen_era_labels,observed_wbt_c,1,201607,2016,7,1006.39812025039,2,9,21.0,0.05189248098290267
year_specific_fixed_common_support_frozen_era_labels,observed_wbt_slp_as_surface_c,1,201607,2016,7,1006.39812025039,2,9,21.0,0.06237771858880703
year_specific_fixed_common_support_frozen_era_labels,era_wbt_c,1,201607,2016,7,1006.39812025039,2,9,21.0,-0.09656085722061158
year_specific_fixed_common_support_frozen_era_labels,observed_wbt_c,1,201607,2016,7,2012.79624050077,2,9,21.0,-0.02556083602804593
year_specific_fixed_common_support_frozen_era_labels,observed_wbt_slp_as_surface_c,1,201607,2016,7,2012.79624050077,2,9,21.0,-0.016337346073352133
year_specific_fixed_common_support_frozen_era_labels,era_wbt_c,1,201607,2016,7,2012.79624050077,2,9,21.0,-0.18823551615495793
year_specific_fixed_common_support_frozen_era_labels,observed_wbt_c,1,201608,2016,8,125.799765031298,7,10,21.0,0.05546512118423874
year_specific_fixed_common_support_frozen_era_labels,observed_wbt_slp_as_surface_c,1,201608,2016,8,125.799765031298,7,10,21.0,0.0731003242398125
year_specific_fixed_common_support_frozen_era_labels,era_wbt_c,1,201608,2016,8,125.799765031298,7,10,21.0,0.0880950426694751
year_specific_fixed_common_support_frozen_era_labels,observed_wbt_c,1,201608,2016,8,251.599530062597,7,10,21.0,0.08830582944165433
year_specific_fixed_common_support_frozen_era_labels,observed_wbt_slp_as_surface_c,1,201608,2016,8,251.599530062597,7,10,21.0,0.09403735637469524
year_specific_fixed_common_support_frozen_era_labels,era_wbt_c,1,201608,2016,8,251.599530062597,7,10,21.0,0.12444610802086209
year_specific_fixed_common_support_frozen_era_labels,observed_wbt_c,1,201608,2016,8,503.199060125194,7,10,21.0,0.05289733627603388
year_specific_fixed_common_support_frozen_era_labels,observed_wbt_slp_as_surface_c,1,201608,2016,8,503.199060125194,7,10,21.0,0.053485357459452265
year_specific_fixed_common_support_frozen_era_labels,era_wbt_c,1,201608,2016,8,503.199060125194,7,10,21.0,0.013029983147073931
year_specific_fixed_common_support_frozen_era_labels,observed_wbt_c,1,201608,2016,8,1006.39812025039,7,10,21.0,-0.022629099300295552
year_specific_fixed_common_support_frozen_era_labels,observed_wbt_slp_as_surface_c,1,201608,2016,8,1006.39812025039,7,10,21.0,-0.026203434071299436
year_specific_fixed_common_support_frozen_era_labels,era_wbt_c,1,201608,2016,8,1006.39812025039,7,10,21.0,-0.05687919608481529
year_specific_fixed_common_support_frozen_era_labels,observed_wbt_c,1,201608,2016,8,2012.79624050077,7,10,21.0,-0.0701726210312098
year_specific_fixed_common_support_frozen_era_labels,observed_wbt_slp_as_surface_c,1,201608,2016,8,2012.79624050077,7,10,21.0,-0.07505822901497139
year_specific_fixed_common_support_frozen_era_labels,era_wbt_c,1,201608,2016,8,2012.79624050077,7,10,21.0,-0.08429032631274014
year_specific_fixed_common_support_frozen_era_labels,observed_wbt_c,1,202006,2020,6,125.799765031298,6,8,23.0,0.017930544694812367
year_specific_fixed_common_support_frozen_era_labels,observed_wbt_slp_as_surface_c,1,202006,2020,6,125.799765031298,6,8,23.0,0.012398774848150884
year_specific_fixed_common_support_frozen_era_labels,era_wbt_c,1,202006,2020,6,125.799765031298,6,8,23.0,-0.22742980674389612
year_specific_fixed_common_support_frozen_era_labels,observed_wbt_c,1,202006,2020,6,251.599530062597,6,8,23.0,0.020104173446127138
year_specific_fixed_common_support_frozen_era_labels,observed_wbt_slp_as_surface_c,1,202006,2020,6,251.599530062597,6,8,23.0,0.013876351897839534
year_specific_fixed_common_support_frozen_era_labels,era_wbt_c,1,202006,2020,6,251.599530062597,6,8,23.0,-0.14076989973685483
year_specific_fixed_common_support_frozen_era_labels,observed_wbt_c,1,202006,2020,6,503.199060125194,6,8,23.0,-0.037030510875793676
year_specific_fixed_common_support_frozen_era_labels,observed_wbt_slp_as_surface_c,1,202006,2020,6,503.199060125194,6,8,23.0,-0.04364020577810357
year_specific_fixed_common_support_frozen_era_labels,era_wbt_c,1,202006,2020,6,503.199060125194,6,8,23.0,-0.08846990372123964
year_specific_fixed_common_support_frozen_era_labels,observed_wbt_c,1,202006,2020,6,1006.39812025039,6,8,23.0,-0.09109776042824347
year_specific_fixed_common_support_frozen_era_labels,observed_wbt_slp_as_surface_c,1,202006,2020,6,1006.39812025039,6,8,23.0,-0.09640250004646389
year_specific_fixed_common_support_frozen_era_labels,era_wbt_c,1,202006,2020,6,1006.39812025039,6,8,23.0,-0.08698969423367586
year_specific_fixed_common_support_frozen_era_labels,observed_wbt_c,1,202006,2020,6,2012.79624050077,6,8,23.0,-0.111117030255381
year_specific_fixed_common_support_frozen_era_labels,observed_wbt_slp_as_surface_c,1,202006,2020,6,2012.79624050077,6,8,23.0,-0.11547941311251742
year_specific_fixed_common_support_frozen_era_labels,era_wbt_c,1,202006,2020,6,2012.79624050077,6,8,23.0,-0.08704686703179076
year_specific_fixed_common_support_frozen_era_labels,observed_wbt_c,1,202007,2020,7,125.799765031298,6,12,23.0,-0.3156974148449935
year_specific_fixed_common_support_frozen_era_labels,observed_wbt_slp_as_surface_c,1,202007,2020,7,125.799765031298,6,12,23.0,-0.3061489617932682
year_specific_fixed_common_support_frozen_era_labels,era_wbt_c,1,202007,2020,7,125.799765031298,6,12,23.0,-0.15843358047493683
year_specific_fixed_common_support_frozen_era_labels,observed_wbt_c,1,202007,2020,7,251.599530062597,6,12,23.0,-0.25330761618248576
year_specific_fixed_common_support_frozen_era_labels,observed_wbt_slp_as_surface_c,1,202007,2020,7,251.599530062597,6,12,23.0,-0.24917526194884843
year_specific_fixed_common_support_frozen_era_labels,era_wbt_c,1,202007,2020,7,251.599530062597,6,12,23.0,-0.12819451895045586
year_specific_fixed_common_support_frozen_era_labels,observed_wbt_c,1,202007,2020,7,503.199060125194,6,12,23.0,-0.18610059797654166
year_specific_fixed_common_support_frozen_era_labels,observed_wbt_slp_as_surface_c,1,202007,2020,7,503.199060125194,6,12,23.0,-0.1862921064439539
year_specific_fixed_common_support_frozen_era_labels,era_wbt_c,1,202007,2020,7,503.199060125194,6,12,23.0,-0.036780321142712125
year_specific_fixed_common_support_frozen_era_labels,observed_wbt_c,1,202007,2020,7,1006.39812025039,6,12,23.0,-0.20353364040215982
year_specific_fixed_common_support_frozen_era_labels,observed_wbt_slp_as_surface_c,1,202007,2020,7,1006.39812025039,6,12,23.0,-0.20733250127157254
year_specific_fixed_common_support_frozen_era_labels,era_wbt_c,1,202007,2020,7,1006.39812025039,6,12,23.0,-0.061620348181245066
year_specific_fixed_common_support_frozen_era_labels,observed_wbt_c,1,202007,2020,7,2012.79624050077,6,12,23.0,-0.22626851266383374
year_specific_fixed_common_support_frozen_era_labels,observed_wbt_slp_as_surface_c,1,202007,2020,7,2012.79624050077,6,12,23.0,-0.23261409248498088
year_specific_fixed_common_support_frozen_era_labels,era_wbt_c,1,202007,2020,7,2012.79624050077,6,12,23.0,-0.09228839491282836
year_specific_fixed_common_support_frozen_era_labels,observed_wbt_c,1,202008,2020,8,125.799765031298,5,11,23.0,-0.14517932585811233
year_specific_fixed_common_support_frozen_era_labels,observed_wbt_slp_as_surface_c,1,202008,2020,8,125.799765031298,5,11,23.0,-0.15838940223473863
year_specific_fixed_common_support_frozen_era_labels,era_wbt_c,1,202008,2020,8,125.799765031298,5,11,23.0,-0.35569479188450837
year_specific_fixed_common_support_frozen_era_labels,observed_wbt_c,1,202008,2020,8,251.599530062597,5,11,23.0,-0.07911636644105835
year_specific_fixed_common_support_frozen_era_labels,observed_wbt_slp_as_surface_c,1,202008,2020,8,251.599530062597,5,11,23.0,-0.09346623355273331
year_specific_fixed_common_support_frozen_era_labels,era_wbt_c,1,202008,2020,8,251.599530062597,5,11,23.0,-0.3042477781363564
year_specific_fixed_common_support_frozen_era_labels,observed_wbt_c,1,202008,2020,8,503.199060125194,5,11,23.0,-0.13349374009009274
year_specific_fixed_common_support_frozen_era_labels,observed_wbt_slp_as_surface_c,1,202008,2020,8,503.199060125194,5,11,23.0,-0.15053990303320453
year_specific_fixed_common_support_frozen_era_labels,era_wbt_c,1,202008,2020,8,503.199060125194,5,11,23.0,-0.2603907361499671
year_specific_fixed_common_support_frozen_era_labels,observed_wbt_c,1,202008,2020,8,1006.39812025039,5,11,23.0,-0.14297597840260978
year_specific_fixed_common_support_frozen_era_labels,observed_wbt_slp_as_surface_c,1,202008,2020,8,1006.39812025039,5,11,23.0,-0.164945593720223
year_specific_fixed_common_support_frozen_era_labels,era_wbt_c,1,202008,2020,8,1006.39812025039,5,11,23.0,-0.2084665812822376
year_specific_fixed_common_support_frozen_era_labels,observed_wbt_c,1,202008,2020,8,2012.79624050077,5,11,23.0,-0.14214285551464845
year_specific_fixed_common_support_frozen_era_labels,observed_wbt_slp_as_surface_c,1,202008,2020,8,2012.79624050077,5,11,23.0,-0.16641317157114555
year_specific_fixed_common_support_frozen_era_labels,era_wbt_c,1,202008,2020,8,2012.79624050077,5,11,23.0,-0.18817332799353015
year_specific_fixed_common_support_frozen_era_labels,observed_wbt_c,1,202306,2023,6,125.799765031298,4,4,22.0,-0.1957321480118761
year_specific_fixed_common_support_frozen_era_labels,observed_wbt_slp_as_surface_c,1,202306,2023,6,125.799765031298,4,4,22.0,-0.15318554977944343
year_specific_fixed_common_support_frozen_era_labels,era_wbt_c,1,202306,2023,6,125.799765031298,4,4,22.0,-0.23686712973188795
year_specific_fixed_common_support_frozen_era_labels,observed_wbt_c,1,202306,2023,6,251.599530062597,4,4,22.0,-0.15988275355805293
year_specific_fixed_common_support_frozen_era_labels,observed_wbt_slp_as_surface_c,1,202306,2023,6,251.599530062597,4,4,22.0,-0.14742469594940277
year_specific_fixed_common_support_frozen_era_labels,era_wbt_c,1,202306,2023,6,251.599530062597,4,4,22.0,-0.12812095041833527
year_specific_fixed_common_support_frozen_era_labels,observed_wbt_c,1,202306,2023,6,503.199060125194,4,4,22.0,-0.15009565563484983
year_specific_fixed_common_support_frozen_era_labels,observed_wbt_slp_as_surface_c,1,202306,2023,6,503.199060125194,4,4,22.0,-0.14998236605154758
year_specific_fixed_common_support_frozen_era_labels,era_wbt_c,1,202306,2023,6,503.199060125194,4,4,22.0,-0.09908451709154997
year_specific_fixed_common_support_frozen_era_labels,observed_wbt_c,1,202306,2023,6,1006.39812025039,4,4,22.0,-0.12757908022971576
year_specific_fixed_common_support_frozen_era_labels,observed_wbt_slp_as_surface_c,1,202306,2023,6,1006.39812025039,4,4,22.0,-0.13289162622626516
year_specific_fixed_common_support_frozen_era_labels,era_wbt_c,1,202306,2023,6,1006.39812025039,4,4,22.0,-0.06987526134955069
year_specific_fixed_common_support_frozen_era_labels,observed_wbt_c,1,202306,2023,6,2012.79624050077,4,4,22.0,-0.13121716712729692
year_specific_fixed_common_support_frozen_era_labels,observed_wbt_slp_as_surface_c,1,202306,2023,6,2012.79624050077,4,4,22.0,-0.1387994431901729
year_specific_fixed_common_support_frozen_era_labels,era_wbt_c,1,202306,2023,6,2012.79624050077,4,4,22.0,-0.0771253241269183
year_specific_fixed_common_support_frozen_era_labels,observed_wbt_c,1,202307,2023,7,125.799765031298,5,12,22.0,-0.3436146904937567
year_specific_fixed_common_support_frozen_era_labels,observed_wbt_slp_as_surface_c,1,202307,2023,7,125.799765031298,5,12,22.0,-0.33293248289118094
year_specific_fixed_common_support_frozen_era_labels,era_wbt_c,1,202307,2023,7,125.799765031298,5,12,22.0,-0.3394754158647536
year_specific_fixed_common_support_frozen_era_labels,observed_wbt_c,1,202307,2023,7,251.599530062597,5,12,22.0,-0.2157598380920307
year_specific_fixed_common_support_frozen_era_labels,observed_wbt_slp_as_surface_c,1,202307,2023,7,251.599530062597,5,12,22.0,-0.2141133456669141
year_specific_fixed_common_support_frozen_era_labels,era_wbt_c,1,202307,2023,7,251.599530062597,5,12,22.0,-0.17196345622545173
year_specific_fixed_common_support_frozen_era_labels,observed_wbt_c,1,202307,2023,7,503.199060125194,5,12,22.0,-0.2164676883402955
year_specific_fixed_common_support_frozen_era_labels,observed_wbt_slp_as_surface_c,1,202307,2023,7,503.199060125194,5,12,22.0,-0.21739935714367586
year_specific_fixed_common_support_frozen_era_labels,era_wbt_c,1,202307,2023,7,503.199060125194,5,12,22.0,-0.20536185853804056
year_specific_fixed_common_support_frozen_era_labels,observed_wbt_c,1,202307,2023,7,1006.39812025039,5,12,22.0,-0.2370472953078876
year_specific_fixed_common_support_frozen_era_labels,observed_wbt_slp_as_surface_c,1,202307,2023,7,1006.39812025039,5,12,22.0,-0.23996957870867108
year_specific_fixed_common_support_frozen_era_labels,era_wbt_c,1,202307,2023,7,1006.39812025039,5,12,22.0,-0.2446941340190808
year_specific_fixed_common_support_frozen_era_labels,observed_wbt_c,1,202307,2023,7,2012.79624050077,5,12,22.0,-0.24287459550653123
year_specific_fixed_common_support_frozen_era_labels,observed_wbt_slp_as_surface_c,1,202307,2023,7,2012.79624050077,5,12,22.0,-0.246864709090159
year_specific_fixed_common_support_frozen_era_labels,era_wbt_c,1,202307,2023,7,2012.79624050077,5,12,22.0,-0.26125726378472724
year_specific_fixed_common_support_frozen_era_labels,observed_wbt_c,1,202308,2023,8,125.799765031298,7,8,22.0,-0.3409265823181652
year_specific_fixed_common_support_frozen_era_labels,observed_wbt_slp_as_surface_c,1,202308,2023,8,125.799765031298,7,8,22.0,-0.3263484805038248
year_specific_fixed_common_support_frozen_era_labels,era_wbt_c,1,202308,2023,8,125.799765031298,7,8,22.0,-0.26487440657367056
year_specific_fixed_common_support_frozen_era_labels,observed_wbt_c,1,202308,2023,8,251.599530062597,7,8,22.0,-0.23459857319861277
year_specific_fixed_common_support_frozen_era_labels,observed_wbt_slp_as_surface_c,1,202308,2023,8,251.599530062597,7,8,22.0,-0.21782615525372562
year_specific_fixed_common_support_frozen_era_labels,era_wbt_c,1,202308,2023,8,251.599530062597,7,8,22.0,-0.18132348521116537
year_specific_fixed_common_support_frozen_era_labels,observed_wbt_c,1,202308,2023,8,503.199060125194,7,8,22.0,-0.26053914134887113
year_specific_fixed_common_support_frozen_era_labels,observed_wbt_slp_as_surface_c,1,202308,2023,8,503.199060125194,7,8,22.0,-0.24590548344934082
year_specific_fixed_common_support_frozen_era_labels,era_wbt_c,1,202308,2023,8,503.199060125194,7,8,22.0,-0.2674921062788558
year_specific_fixed_common_support_frozen_era_labels,observed_wbt_c,1,202308,2023,8,1006.39812025039,7,8,22.0,-0.311230319504314
year_specific_fixed_common_support_frozen_era_labels,observed_wbt_slp_as_surface_c,1,202308,2023,8,1006.39812025039,7,8,22.0,-0.2991371360641356
year_specific_fixed_common_support_frozen_era_labels,era_wbt_c,1,202308,2023,8,1006.39812025039,7,8,22.0,-0.3258772659442891
year_specific_fixed_common_support_frozen_era_labels,observed_wbt_c,1,202308,2023,8,2012.79624050077,7,8,22.0,-0.3351871837501986
year_specific_fixed_common_support_frozen_era_labels,observed_wbt_slp_as_surface_c,1,202308,2023,8,2012.79624050077,7,8,22.0,-0.32441645494291793
year_specific_fixed_common_support_frozen_era_labels,era_wbt_c,1,202308,2023,8,2012.79624050077,7,8,22.0,-0.3470395958373311
year_specific_fixed_common_support_frozen_era_labels,observed_wbt_c,1,202506,2025,6,125.799765031298,6,7,18.0,-0.07770339513044555
year_specific_fixed_common_support_frozen_era_labels,observed_wbt_slp_as_surface_c,1,202506,2025,6,125.799765031298,6,7,18.0,-0.007501139799968026
year_specific_fixed_common_support_frozen_era_labels,era_wbt_c,1,202506,2025,6,125.799765031298,6,7,18.0,-0.4087552271805408
year_specific_fixed_common_support_frozen_era_labels,observed_wbt_c,1,202506,2025,6,251.599530062597,6,7,18.0,-0.1800423032417212
year_specific_fixed_common_support_frozen_era_labels,observed_wbt_slp_as_surface_c,1,202506,2025,6,251.599530062597,6,7,18.0,-0.14589828973189356
year_specific_fixed_common_support_frozen_era_labels,era_wbt_c,1,202506,2025,6,251.599530062597,6,7,18.0,-0.31467518439299946
year_specific_fixed_common_support_frozen_era_labels,observed_wbt_c,1,202506,2025,6,503.199060125194,6,7,18.0,-0.2192874190173395
year_specific_fixed_common_support_frozen_era_labels,observed_wbt_slp_as_surface_c,1,202506,2025,6,503.199060125194,6,7,18.0,-0.2028913155045844
year_specific_fixed_common_support_frozen_era_labels,era_wbt_c,1,202506,2025,6,503.199060125194,6,7,18.0,-0.22561243332976966
year_specific_fixed_common_support_frozen_era_labels,observed_wbt_c,1,202506,2025,6,1006.39812025039,6,7,18.0,-0.2342840268461419
year_specific_fixed_common_support_frozen_era_labels,observed_wbt_slp_as_surface_c,1,202506,2025,6,1006.39812025039,6,7,18.0,-0.22387809729890773
year_specific_fixed_common_support_frozen_era_labels,era_wbt_c,1,202506,2025,6,1006.39812025039,6,7,18.0,-0.22518995841813338
year_specific_fixed_common_support_frozen_era_labels,observed_wbt_c,1,202506,2025,6,2012.79624050077,6,7,18.0,-0.2522455633054974
year_specific_fixed_common_support_frozen_era_labels,observed_wbt_slp_as_surface_c,1,202506,2025,6,2012.79624050077,6,7,18.0,-0.24370619027357343
year_specific_fixed_common_support_frozen_era_labels,era_wbt_c,1,202506,2025,6,2012.79624050077,6,7,18.0,-0.24528045088295025
year_specific_fixed_common_support_frozen_era_labels,observed_wbt_c,1,202507,2025,7,125.799765031298,5,8,18.0,0.12589546969616894
year_specific_fixed_common_support_frozen_era_labels,observed_wbt_slp_as_surface_c,1,202507,2025,7,125.799765031298,5,8,18.0,0.13197514650449893
year_specific_fixed_common_support_frozen_era_labels,era_wbt_c,1,202507,2025,7,125.799765031298,5,8,18.0,0.2732099711468081
year_specific_fixed_common_support_frozen_era_labels,observed_wbt_c,1,202507,2025,7,251.599530062597,5,8,18.0,0.13287406524556178
year_specific_fixed_common_support_frozen_era_labels,observed_wbt_slp_as_surface_c,1,202507,2025,7,251.599530062597,5,8,18.0,0.12694045157445344
year_specific_fixed_common_support_frozen_era_labels,era_wbt_c,1,202507,2025,7,251.599530062597,5,8,18.0,0.1683689720754391
year_specific_fixed_common_support_frozen_era_labels,observed_wbt_c,1,202507,2025,7,503.199060125194,5,8,18.0,0.011401500705535472
year_specific_fixed_common_support_frozen_era_labels,observed_wbt_slp_as_surface_c,1,202507,2025,7,503.199060125194,5,8,18.0,0.005470593269679691
year_specific_fixed_common_support_frozen_era_labels,era_wbt_c,1,202507,2025,7,503.199060125194,5,8,18.0,0.023576355204105948
year_specific_fixed_common_support_frozen_era_labels,observed_wbt_c,1,202507,2025,7,1006.39812025039,5,8,18.0,-0.05010464673219239
year_specific_fixed_common_support_frozen_era_labels,observed_wbt_slp_as_surface_c,1,202507,2025,7,1006.39812025039,5,8,18.0,-0.05978789718551636
year_specific_fixed_common_support_frozen_era_labels,era_wbt_c,1,202507,2025,7,1006.39812025039,5,8,18.0,-0.02167097617503988
year_specific_fixed_common_support_frozen_era_labels,observed_wbt_c,1,202507,2025,7,2012.79624050077,5,8,18.0,-0.07069087367760041
year_specific_fixed_common_support_frozen_era_labels,observed_wbt_slp_as_surface_c,1,202507,2025,7,2012.79624050077,5,8,18.0,-0.08286336532480154
year_specific_fixed_common_support_frozen_era_labels,era_wbt_c,1,202507,2025,7,2012.79624050077,5,8,18.0,-0.0338144758463913
year_specific_fixed_common_support_frozen_era_labels,observed_wbt_c,1,202508,2025,8,125.799765031298,5,8,18.0,-0.17271375876801365
year_specific_fixed_common_support_frozen_era_labels,observed_wbt_slp_as_surface_c,1,202508,2025,8,125.799765031298,5,8,18.0,-0.18613785677467543
year_specific_fixed_common_support_frozen_era_labels,era_wbt_c,1,202508,2025,8,125.799765031298,5,8,18.0,-0.06574674190025431
year_specific_fixed_common_support_frozen_era_labels,observed_wbt_c,1,202508,2025,8,251.599530062597,5,8,18.0,-0.19130574916194687
year_specific_fixed_common_support_frozen_era_labels,observed_wbt_slp_as_surface_c,1,202508,2025,8,251.599530062597,5,8,18.0,-0.20610163487600197
year_specific_fixed_common_support_frozen_era_labels,era_wbt_c,1,202508,2025,8,251.599530062597,5,8,18.0,-0.20765915512203836
year_specific_fixed_common_support_frozen_era_labels,observed_wbt_c,1,202508,2025,8,503.199060125194,5,8,18.0,-0.16462431605161532
year_specific_fixed_common_support_frozen_era_labels,observed_wbt_slp_as_surface_c,1,202508,2025,8,503.199060125194,5,8,18.0,-0.18237480362447034
year_specific_fixed_common_support_frozen_era_labels,era_wbt_c,1,202508,2025,8,503.199060125194,5,8,18.0,-0.2535047708881072
year_specific_fixed_common_support_frozen_era_labels,observed_wbt_c,1,202508,2025,8,1006.39812025039,5,8,18.0,-0.14124031826901884
year_specific_fixed_common_support_frozen_era_labels,observed_wbt_slp_as_surface_c,1,202508,2025,8,1006.39812025039,5,8,18.0,-0.16044345017056927
year_specific_fixed_common_support_frozen_era_labels,era_wbt_c,1,202508,2025,8,1006.39812025039,5,8,18.0,-0.24029820119418432
year_specific_fixed_common_support_frozen_era_labels,observed_wbt_c,1,202508,2025,8,2012.79624050077,5,8,18.0,-0.1304052525961361
year_specific_fixed_common_support_frozen_era_labels,observed_wbt_slp_as_surface_c,1,202508,2025,8,2012.79624050077,5,8,18.0,-0.14962474579526797
year_specific_fixed_common_support_frozen_era_labels,era_wbt_c,1,202508,2025,8,2012.79624050077,5,8,18.0,-0.2281688261598268
dynamic_support_station_defined_peak_and_labels,observed_wbt_c,5,199206,1992,6,125.799765031298,8,14,24.318181818181817,0.13299191160733503
dynamic_support_station_defined_peak_and_labels,observed_wbt_slp_as_surface_c,5,199206,1992,6,125.799765031298,8,14,24.318181818181817,0.143065927194032
dynamic_support_station_defined_peak_and_labels,era_wbt_c,5,199206,1992,6,125.799765031298,8,14,24.318181818181817,0.1728796451452257
dynamic_support_station_defined_peak_and_labels,observed_wbt_c,5,199206,1992,6,251.599530062597,8,14,24.318181818181817,0.022034951189706664
dynamic_support_station_defined_peak_and_labels,observed_wbt_slp_as_surface_c,5,199206,1992,6,251.599530062597,8,14,24.318181818181817,0.02097343811331065
dynamic_support_station_defined_peak_and_labels,era_wbt_c,5,199206,1992,6,251.599530062597,8,14,24.318181818181817,-0.009515790648520372
dynamic_support_station_defined_peak_and_labels,observed_wbt_c,5,199206,1992,6,503.199060125194,8,14,24.318181818181817,-0.01412758480594245
dynamic_support_station_defined_peak_and_labels,observed_wbt_slp_as_surface_c,5,199206,1992,6,503.199060125194,8,14,24.318181818181817,-0.023696082031020138
dynamic_support_station_defined_peak_and_labels,era_wbt_c,5,199206,1992,6,503.199060125194,8,14,24.318181818181817,-0.0059410901788369275
dynamic_support_station_defined_peak_and_labels,observed_wbt_c,5,199206,1992,6,1006.39812025039,8,14,24.318181818181817,-0.021174780903071677
dynamic_support_station_defined_peak_and_labels,observed_wbt_slp_as_surface_c,5,199206,1992,6,1006.39812025039,8,14,24.318181818181817,-0.03279033796282427
dynamic_support_station_defined_peak_and_labels,era_wbt_c,5,199206,1992,6,1006.39812025039,8,14,24.318181818181817,0.02894889079844476
dynamic_support_station_defined_peak_and_labels,observed_wbt_c,5,199206,1992,6,2012.79624050077,8,14,24.318181818181817,-0.03990695877244732
dynamic_support_station_defined_peak_and_labels,observed_wbt_slp_as_surface_c,5,199206,1992,6,2012.79624050077,8,14,24.318181818181817,-0.05037213462650003
dynamic_support_station_defined_peak_and_labels,era_wbt_c,5,199206,1992,6,2012.79624050077,8,14,24.318181818181817,0.024152765061211667
dynamic_support_station_defined_peak_and_labels,observed_wbt_c,5,199207,1992,7,125.799765031298,8,15,23.565217391304348,0.24369615286044133
dynamic_support_station_defined_peak_and_labels,observed_wbt_slp_as_surface_c,5,199207,1992,7,125.799765031298,8,15,23.565217391304348,0.26190936203829485
dynamic_support_station_defined_peak_and_labels,era_wbt_c,5,199207,1992,7,125.799765031298,8,15,23.565217391304348,0.17427085530462305
dynamic_support_station_defined_peak_and_labels,observed_wbt_c,5,199207,1992,7,251.599530062597,8,15,23.565217391304348,0.19487487768817457
dynamic_support_station_defined_peak_and_labels,observed_wbt_slp_as_surface_c,5,199207,1992,7,251.599530062597,8,15,23.565217391304348,0.20107822871494951
dynamic_support_station_defined_peak_and_labels,era_wbt_c,5,199207,1992,7,251.599530062597,8,15,23.565217391304348,0.09443403641447734
dynamic_support_station_defined_peak_and_labels,observed_wbt_c,5,199207,1992,7,503.199060125194,8,15,23.565217391304348,0.12354138175136065
dynamic_support_station_defined_peak_and_labels,observed_wbt_slp_as_surface_c,5,199207,1992,7,503.199060125194,8,15,23.565217391304348,0.12480435925195632
dynamic_support_station_defined_peak_and_labels,era_wbt_c,5,199207,1992,7,503.199060125194,8,15,23.565217391304348,0.061262608365746596
dynamic_support_station_defined_peak_and_labels,observed_wbt_c,5,199207,1992,7,1006.39812025039,8,15,23.565217391304348,0.06212291177323004
dynamic_support_station_defined_peak_and_labels,observed_wbt_slp_as_surface_c,5,199207,1992,7,1006.39812025039,8,15,23.565217391304348,0.06309840066756234
dynamic_support_station_defined_peak_and_labels,era_wbt_c,5,199207,1992,7,1006.39812025039,8,15,23.565217391304348,0.012872760363846991
dynamic_support_station_defined_peak_and_labels,observed_wbt_c,5,199207,1992,7,2012.79624050077,8,15,23.565217391304348,0.012412716440295624
dynamic_support_station_defined_peak_and_labels,observed_wbt_slp_as_surface_c,5,199207,1992,7,2012.79624050077,8,15,23.565217391304348,0.013398022149115674
dynamic_support_station_defined_peak_and_labels,era_wbt_c,5,199207,1992,7,2012.79624050077,8,15,23.565217391304348,-0.026758817028013415
dynamic_support_station_defined_peak_and_labels,observed_wbt_c,5,199208,1992,8,125.799765031298,8,15,23.82608695652174,-0.18467919336176053
dynamic_support_station_defined_peak_and_labels,observed_wbt_slp_as_surface_c,5,199208,1992,8,125.799765031298,8,15,23.82608695652174,-0.168152257350084
dynamic_support_station_defined_peak_and_labels,era_wbt_c,5,199208,1992,8,125.799765031298,8,15,23.82608695652174,-0.09343595614930489
dynamic_support_station_defined_peak_and_labels,observed_wbt_c,5,199208,1992,8,251.599530062597,8,15,23.82608695652174,-0.16013803025492512
dynamic_support_station_defined_peak_and_labels,observed_wbt_slp_as_surface_c,5,199208,1992,8,251.599530062597,8,15,23.82608695652174,-0.15016286356270325
dynamic_support_station_defined_peak_and_labels,era_wbt_c,5,199208,1992,8,251.599530062597,8,15,23.82608695652174,-0.040512145833350055
dynamic_support_station_defined_peak_and_labels,observed_wbt_c,5,199208,1992,8,503.199060125194,8,15,23.82608695652174,-0.15981259572018736
dynamic_support_station_defined_peak_and_labels,observed_wbt_slp_as_surface_c,5,199208,1992,8,503.199060125194,8,15,23.82608695652174,-0.14853656931386516
dynamic_support_station_defined_peak_and_labels,era_wbt_c,5,199208,1992,8,503.199060125194,8,15,23.82608695652174,-0.09567942714333821
dynamic_support_station_defined_peak_and_labels,observed_wbt_c,5,199208,1992,8,1006.39812025039,8,15,23.82608695652174,-0.2332179025050788
dynamic_support_station_defined_peak_and_labels,observed_wbt_slp_as_surface_c,5,199208,1992,8,1006.39812025039,8,15,23.82608695652174,-0.22324631751591517
dynamic_support_station_defined_peak_and_labels,era_wbt_c,5,199208,1992,8,1006.39812025039,8,15,23.82608695652174,-0.1882724221320854
dynamic_support_station_defined_peak_and_labels,observed_wbt_c,5,199208,1992,8,2012.79624050077,8,15,23.82608695652174,-0.2975347642085099
dynamic_support_station_defined_peak_and_labels,observed_wbt_slp_as_surface_c,5,199208,1992,8,2012.79624050077,8,15,23.82608695652174,-0.2898833442180785
dynamic_support_station_defined_peak_and_labels,era_wbt_c,5,199208,1992,8,2012.79624050077,8,15,23.82608695652174,-0.24971393868977854
dynamic_support_station_defined_peak_and_labels,observed_wbt_c,5,199606,1996,6,125.799765031298,8,14,24.40909090909091,-0.39804923343604137
dynamic_support_station_defined_peak_and_labels,observed_wbt_slp_as_surface_c,5,199606,1996,6,125.799765031298,8,14,24.40909090909091,-0.3939873722352455
dynamic_support_station_defined_peak_and_labels,era_wbt_c,5,199606,1996,6,125.799765031298,8,14,24.40909090909091,-0.33428025635966074
dynamic_support_station_defined_peak_and_labels,observed_wbt_c,5,199606,1996,6,251.599530062597,8,14,24.40909090909091,-0.2756323628923337
dynamic_support_station_defined_peak_and_labels,observed_wbt_slp_as_surface_c,5,199606,1996,6,251.599530062597,8,14,24.40909090909091,-0.2699155710931672
dynamic_support_station_defined_peak_and_labels,era_wbt_c,5,199606,1996,6,251.599530062597,8,14,24.40909090909091,-0.2561932951704182
dynamic_support_station_defined_peak_and_labels,observed_wbt_c,5,199606,1996,6,503.199060125194,8,14,24.40909090909091,-0.19838555650620449
dynamic_support_station_defined_peak_and_labels,observed_wbt_slp_as_surface_c,5,199606,1996,6,503.199060125194,8,14,24.40909090909091,-0.18812413077661683
dynamic_support_station_defined_peak_and_labels,era_wbt_c,5,199606,1996,6,503.199060125194,8,14,24.40909090909091,-0.16755528745407955
dynamic_support_station_defined_peak_and_labels,observed_wbt_c,5,199606,1996,6,1006.39812025039,8,14,24.40909090909091,-0.2091775350053411
dynamic_support_station_defined_peak_and_labels,observed_wbt_slp_as_surface_c,5,199606,1996,6,1006.39812025039,8,14,24.40909090909091,-0.19827429929796458
dynamic_support_station_defined_peak_and_labels,era_wbt_c,5,199606,1996,6,1006.39812025039,8,14,24.40909090909091,-0.1513346404342707
dynamic_support_station_defined_peak_and_labels,observed_wbt_c,5,199606,1996,6,2012.79624050077,8,14,24.40909090909091,-0.2305840097492774
dynamic_support_station_defined_peak_and_labels,observed_wbt_slp_as_surface_c,5,199606,1996,6,2012.79624050077,8,14,24.40909090909091,-0.2201936723051683
dynamic_support_station_defined_peak_and_labels,era_wbt_c,5,199606,1996,6,2012.79624050077,8,14,24.40909090909091,-0.1635870043228207
dynamic_support_station_defined_peak_and_labels,observed_wbt_c,5,199607,1996,7,125.799765031298,8,15,24.47826086956522,-0.10528976638424625
dynamic_support_station_defined_peak_and_labels,observed_wbt_slp_as_surface_c,5,199607,1996,7,125.799765031298,8,15,24.47826086956522,-0.10106253130593501
dynamic_support_station_defined_peak_and_labels,era_wbt_c,5,199607,1996,7,125.799765031298,8,15,24.47826086956522,-0.057379715012260135
dynamic_support_station_defined_peak_and_labels,observed_wbt_c,5,199607,1996,7,251.599530062597,8,15,24.47826086956522,-0.15798910595700033
dynamic_support_station_defined_peak_and_labels,observed_wbt_slp_as_surface_c,5,199607,1996,7,251.599530062597,8,15,24.47826086956522,-0.14986572378256746
dynamic_support_station_defined_peak_and_labels,era_wbt_c,5,199607,1996,7,251.599530062597,8,15,24.47826086956522,-0.06413207460561399
dynamic_support_station_defined_peak_and_labels,observed_wbt_c,5,199607,1996,7,503.199060125194,8,15,24.47826086956522,-0.12152728073735275
dynamic_support_station_defined_peak_and_labels,observed_wbt_slp_as_surface_c,5,199607,1996,7,503.199060125194,8,15,24.47826086956522,-0.10978475455313352
dynamic_support_station_defined_peak_and_labels,era_wbt_c,5,199607,1996,7,503.199060125194,8,15,24.47826086956522,-0.08057081245851261
dynamic_support_station_defined_peak_and_labels,observed_wbt_c,5,199607,1996,7,1006.39812025039,8,15,24.47826086956522,-0.14896137880153726
dynamic_support_station_defined_peak_and_labels,observed_wbt_slp_as_surface_c,5,199607,1996,7,1006.39812025039,8,15,24.47826086956522,-0.13661012339045941
dynamic_support_station_defined_peak_and_labels,era_wbt_c,5,199607,1996,7,1006.39812025039,8,15,24.47826086956522,-0.13825061105185665
dynamic_support_station_defined_peak_and_labels,observed_wbt_c,5,199607,1996,7,2012.79624050077,8,15,24.47826086956522,-0.19405202207954209
dynamic_support_station_defined_peak_and_labels,observed_wbt_slp_as_surface_c,5,199607,1996,7,2012.79624050077,8,15,24.47826086956522,-0.18343329215607496
dynamic_support_station_defined_peak_and_labels,era_wbt_c,5,199607,1996,7,2012.79624050077,8,15,24.47826086956522,-0.1790100950510366
dynamic_support_station_defined_peak_and_labels,observed_wbt_c,5,199608,1996,8,125.799765031298,8,15,23.26086956521739,-0.12569067698118253
dynamic_support_station_defined_peak_and_labels,observed_wbt_slp_as_surface_c,5,199608,1996,8,125.799765031298,8,15,23.26086956521739,-0.12820426899539195
dynamic_support_station_defined_peak_and_labels,era_wbt_c,5,199608,1996,8,125.799765031298,8,15,23.26086956521739,-0.1395439137000788
dynamic_support_station_defined_peak_and_labels,observed_wbt_c,5,199608,1996,8,251.599530062597,8,15,23.26086956521739,-0.1631444414519161
dynamic_support_station_defined_peak_and_labels,observed_wbt_slp_as_surface_c,5,199608,1996,8,251.599530062597,8,15,23.26086956521739,-0.16150941835155108
dynamic_support_station_defined_peak_and_labels,era_wbt_c,5,199608,1996,8,251.599530062597,8,15,23.26086956521739,-0.16208818168745842
dynamic_support_station_defined_peak_and_labels,observed_wbt_c,5,199608,1996,8,503.199060125194,8,15,23.26086956521739,-0.13657699503388754
dynamic_support_station_defined_peak_and_labels,observed_wbt_slp_as_surface_c,5,199608,1996,8,503.199060125194,8,15,23.26086956521739,-0.1330364324834078
dynamic_support_station_defined_peak_and_labels,era_wbt_c,5,199608,1996,8,503.199060125194,8,15,23.26086956521739,-0.15657769594926996
dynamic_support_station_defined_peak_and_labels,observed_wbt_c,5,199608,1996,8,1006.39812025039,8,15,23.26086956521739,-0.17859677047780187
dynamic_support_station_defined_peak_and_labels,observed_wbt_slp_as_surface_c,5,199608,1996,8,1006.39812025039,8,15,23.26086956521739,-0.17505167660854526
dynamic_support_station_defined_peak_and_labels,era_wbt_c,5,199608,1996,8,1006.39812025039,8,15,23.26086956521739,-0.20259030772069475
dynamic_support_station_defined_peak_and_labels,observed_wbt_c,5,199608,1996,8,2012.79624050077,8,15,23.26086956521739,-0.2176126796088007
dynamic_support_station_defined_peak_and_labels,observed_wbt_slp_as_surface_c,5,199608,1996,8,2012.79624050077,8,15,23.26086956521739,-0.2153015373281737
dynamic_support_station_defined_peak_and_labels,era_wbt_c,5,199608,1996,8,2012.79624050077,8,15,23.26086956521739,-0.23387478143287965
dynamic_support_station_defined_peak_and_labels,observed_wbt_c,5,200006,2000,6,125.799765031298,8,14,24.0,0.03130897118944809
dynamic_support_station_defined_peak_and_labels,observed_wbt_slp_as_surface_c,5,200006,2000,6,125.799765031298,8,14,24.0,0.022298720931470006
dynamic_support_station_defined_peak_and_labels,era_wbt_c,5,200006,2000,6,125.799765031298,8,14,24.0,0.054170887841808124
dynamic_support_station_defined_peak_and_labels,observed_wbt_c,5,200006,2000,6,251.599530062597,8,14,24.0,0.0215903151953043
dynamic_support_station_defined_peak_and_labels,observed_wbt_slp_as_surface_c,5,200006,2000,6,251.599530062597,8,14,24.0,-0.0022170743971550166
dynamic_support_station_defined_peak_and_labels,era_wbt_c,5,200006,2000,6,251.599530062597,8,14,24.0,0.05456609509375121
dynamic_support_station_defined_peak_and_labels,observed_wbt_c,5,200006,2000,6,503.199060125194,8,14,24.0,0.03427887748026537
dynamic_support_station_defined_peak_and_labels,observed_wbt_slp_as_surface_c,5,200006,2000,6,503.199060125194,8,14,24.0,0.0024590907929580297
dynamic_support_station_defined_peak_and_labels,era_wbt_c,5,200006,2000,6,503.199060125194,8,14,24.0,0.04257949349053991
dynamic_support_station_defined_peak_and_labels,observed_wbt_c,5,200006,2000,6,1006.39812025039,8,14,24.0,-0.004631658029533692
dynamic_support_station_defined_peak_and_labels,observed_wbt_slp_as_surface_c,5,200006,2000,6,1006.39812025039,8,14,24.0,-0.03638370566389981
dynamic_support_station_defined_peak_and_labels,era_wbt_c,5,200006,2000,6,1006.39812025039,8,14,24.0,-0.021834055854856982
dynamic_support_station_defined_peak_and_labels,observed_wbt_c,5,200006,2000,6,2012.79624050077,8,14,24.0,-0.05370970372535411
dynamic_support_station_defined_peak_and_labels,observed_wbt_slp_as_surface_c,5,200006,2000,6,2012.79624050077,8,14,24.0,-0.0832614785120882
dynamic_support_station_defined_peak_and_labels,era_wbt_c,5,200006,2000,6,2012.79624050077,8,14,24.0,-0.07415485127004529
dynamic_support_station_defined_peak_and_labels,observed_wbt_c,5,200007,2000,7,125.799765031298,8,15,24.47826086956522,-0.13983142698873163
dynamic_support_station_defined_peak_and_labels,observed_wbt_slp_as_surface_c,5,200007,2000,7,125.799765031298,8,15,24.47826086956522,-0.1232404509552637
dynamic_support_station_defined_peak_and_labels,era_wbt_c,5,200007,2000,7,125.799765031298,8,15,24.47826086956522,-0.14428843119994195
dynamic_support_station_defined_peak_and_labels,observed_wbt_c,5,200007,2000,7,251.599530062597,8,15,24.47826086956522,-0.13757769837478528
dynamic_support_station_defined_peak_and_labels,observed_wbt_slp_as_surface_c,5,200007,2000,7,251.599530062597,8,15,24.47826086956522,-0.12688722734760338
dynamic_support_station_defined_peak_and_labels,era_wbt_c,5,200007,2000,7,251.599530062597,8,15,24.47826086956522,-0.14844055246938548
dynamic_support_station_defined_peak_and_labels,observed_wbt_c,5,200007,2000,7,503.199060125194,8,15,24.47826086956522,-0.168789040264555
dynamic_support_station_defined_peak_and_labels,observed_wbt_slp_as_surface_c,5,200007,2000,7,503.199060125194,8,15,24.47826086956522,-0.1558946354812294
dynamic_support_station_defined_peak_and_labels,era_wbt_c,5,200007,2000,7,503.199060125194,8,15,24.47826086956522,-0.21278745022982148
dynamic_support_station_defined_peak_and_labels,observed_wbt_c,5,200007,2000,7,1006.39812025039,8,15,24.47826086956522,-0.2509243797855508
dynamic_support_station_defined_peak_and_labels,observed_wbt_slp_as_surface_c,5,200007,2000,7,1006.39812025039,8,15,24.47826086956522,-0.23806017209073638
dynamic_support_station_defined_peak_and_labels,era_wbt_c,5,200007,2000,7,1006.39812025039,8,15,24.47826086956522,-0.2798091650922805
dynamic_support_station_defined_peak_and_labels,observed_wbt_c,5,200007,2000,7,2012.79624050077,8,15,24.47826086956522,-0.29710327185747964
dynamic_support_station_defined_peak_and_labels,observed_wbt_slp_as_surface_c,5,200007,2000,7,2012.79624050077,8,15,24.47826086956522,-0.2849577292028942
dynamic_support_station_defined_peak_and_labels,era_wbt_c,5,200007,2000,7,2012.79624050077,8,15,24.47826086956522,-0.3195819068310295
dynamic_support_station_defined_peak_and_labels,observed_wbt_c,5,200008,2000,8,125.799765031298,8,15,23.52173913043478,-0.14911077514196447
dynamic_support_station_defined_peak_and_labels,observed_wbt_slp_as_surface_c,5,200008,2000,8,125.799765031298,8,15,23.52173913043478,-0.14241303825922902
dynamic_support_station_defined_peak_and_labels,era_wbt_c,5,200008,2000,8,125.799765031298,8,15,23.52173913043478,-0.22152108563003214
dynamic_support_station_defined_peak_and_labels,observed_wbt_c,5,200008,2000,8,251.599530062597,8,15,23.52173913043478,-0.17398416501559222
dynamic_support_station_defined_peak_and_labels,observed_wbt_slp_as_surface_c,5,200008,2000,8,251.599530062597,8,15,23.52173913043478,-0.17119103632246757
dynamic_support_station_defined_peak_and_labels,era_wbt_c,5,200008,2000,8,251.599530062597,8,15,23.52173913043478,-0.2206437966845033
dynamic_support_station_defined_peak_and_labels,observed_wbt_c,5,200008,2000,8,503.199060125194,8,15,23.52173913043478,-0.08922760914603456
dynamic_support_station_defined_peak_and_labels,observed_wbt_slp_as_surface_c,5,200008,2000,8,503.199060125194,8,15,23.52173913043478,-0.08877045176234799
dynamic_support_station_defined_peak_and_labels,era_wbt_c,5,200008,2000,8,503.199060125194,8,15,23.52173913043478,-0.164464807938138
dynamic_support_station_defined_peak_and_labels,observed_wbt_c,5,200008,2000,8,1006.39812025039,8,15,23.52173913043478,-0.09057640937041167
dynamic_support_station_defined_peak_and_labels,observed_wbt_slp_as_surface_c,5,200008,2000,8,1006.39812025039,8,15,23.52173913043478,-0.09083309264709882
dynamic_support_station_defined_peak_and_labels,era_wbt_c,5,200008,2000,8,1006.39812025039,8,15,23.52173913043478,-0.15752559683053713
dynamic_support_station_defined_peak_and_labels,observed_wbt_c,5,200008,2000,8,2012.79624050077,8,15,23.52173913043478,-0.1136902251823606
dynamic_support_station_defined_peak_and_labels,observed_wbt_slp_as_surface_c,5,200008,2000,8,2012.79624050077,8,15,23.52173913043478,-0.11426900325798339
dynamic_support_station_defined_peak_and_labels,era_wbt_c,5,200008,2000,8,2012.79624050077,8,15,23.52173913043478,-0.17675919132991114
dynamic_support_station_defined_peak_and_labels,observed_wbt_c,5,200406,2004,6,125.799765031298,8,14,24.772727272727273,0.09780059345125602
dynamic_support_station_defined_peak_and_labels,observed_wbt_slp_as_surface_c,5,200406,2004,6,125.799765031298,8,14,24.772727272727273,0.08738276781889232
dynamic_support_station_defined_peak_and_labels,era_wbt_c,5,200406,2004,6,125.799765031298,8,14,24.772727272727273,0.03703682993779989
dynamic_support_station_defined_peak_and_labels,observed_wbt_c,5,200406,2004,6,251.599530062597,8,14,24.772727272727273,0.03607938360652252
dynamic_support_station_defined_peak_and_labels,observed_wbt_slp_as_surface_c,5,200406,2004,6,251.599530062597,8,14,24.772727272727273,0.018871430476416817
dynamic_support_station_defined_peak_and_labels,era_wbt_c,5,200406,2004,6,251.599530062597,8,14,24.772727272727273,0.053959966859899344
dynamic_support_station_defined_peak_and_labels,observed_wbt_c,5,200406,2004,6,503.199060125194,8,14,24.772727272727273,0.0801884042564025
dynamic_support_station_defined_peak_and_labels,observed_wbt_slp_as_surface_c,5,200406,2004,6,503.199060125194,8,14,24.772727272727273,0.06590134766246303
dynamic_support_station_defined_peak_and_labels,era_wbt_c,5,200406,2004,6,503.199060125194,8,14,24.772727272727273,0.08863522377966215
dynamic_support_station_defined_peak_and_labels,observed_wbt_c,5,200406,2004,6,1006.39812025039,8,14,24.772727272727273,0.0488858984433318
dynamic_support_station_defined_peak_and_labels,observed_wbt_slp_as_surface_c,5,200406,2004,6,1006.39812025039,8,14,24.772727272727273,0.03625467152512685
dynamic_support_station_defined_peak_and_labels,era_wbt_c,5,200406,2004,6,1006.39812025039,8,14,24.772727272727273,0.06319786210414069
dynamic_support_station_defined_peak_and_labels,observed_wbt_c,5,200406,2004,6,2012.79624050077,8,14,24.772727272727273,0.0019515752500411931
dynamic_support_station_defined_peak_and_labels,observed_wbt_slp_as_surface_c,5,200406,2004,6,2012.79624050077,8,14,24.772727272727273,-0.01033152929201564
dynamic_support_station_defined_peak_and_labels,era_wbt_c,5,200406,2004,6,2012.79624050077,8,14,24.772727272727273,0.02679708894372146
dynamic_support_station_defined_peak_and_labels,observed_wbt_c,5,200407,2004,7,125.799765031298,8,15,22.52173913043478,0.004089496948327165
dynamic_support_station_defined_peak_and_labels,observed_wbt_slp_as_surface_c,5,200407,2004,7,125.799765031298,8,15,22.52173913043478,0.02417662407750898
dynamic_support_station_defined_peak_and_labels,era_wbt_c,5,200407,2004,7,125.799765031298,8,15,22.52173913043478,-0.16158197019507936
dynamic_support_station_defined_peak_and_labels,observed_wbt_c,5,200407,2004,7,251.599530062597,8,15,22.52173913043478,0.024389666768147578
dynamic_support_station_defined_peak_and_labels,observed_wbt_slp_as_surface_c,5,200407,2004,7,251.599530062597,8,15,22.52173913043478,0.04276881663953436
dynamic_support_station_defined_peak_and_labels,era_wbt_c,5,200407,2004,7,251.599530062597,8,15,22.52173913043478,-0.15822050745022875
dynamic_support_station_defined_peak_and_labels,observed_wbt_c,5,200407,2004,7,503.199060125194,8,15,22.52173913043478,0.09455349623410836
dynamic_support_station_defined_peak_and_labels,observed_wbt_slp_as_surface_c,5,200407,2004,7,503.199060125194,8,15,22.52173913043478,0.11425945703868523
dynamic_support_station_defined_peak_and_labels,era_wbt_c,5,200407,2004,7,503.199060125194,8,15,22.52173913043478,-0.07621850529872187
dynamic_support_station_defined_peak_and_labels,observed_wbt_c,5,200407,2004,7,1006.39812025039,8,15,22.52173913043478,0.010914113406250703
dynamic_support_station_defined_peak_and_labels,observed_wbt_slp_as_surface_c,5,200407,2004,7,1006.39812025039,8,15,22.52173913043478,0.028849889779288374
dynamic_support_station_defined_peak_and_labels,era_wbt_c,5,200407,2004,7,1006.39812025039,8,15,22.52173913043478,-0.12910719172255425
dynamic_support_station_defined_peak_and_labels,observed_wbt_c,5,200407,2004,7,2012.79624050077,8,15,22.52173913043478,-0.07148357782405257
dynamic_support_station_defined_peak_and_labels,observed_wbt_slp_as_surface_c,5,200407,2004,7,2012.79624050077,8,15,22.52173913043478,-0.056859712678533625
dynamic_support_station_defined_peak_and_labels,era_wbt_c,5,200407,2004,7,2012.79624050077,8,15,22.52173913043478,-0.1814543330380829
dynamic_support_station_defined_peak_and_labels,observed_wbt_c,5,200408,2004,8,125.799765031298,8,15,24.0,-0.2256809399689319
dynamic_support_station_defined_peak_and_labels,observed_wbt_slp_as_surface_c,5,200408,2004,8,125.799765031298,8,15,24.0,-0.23934742298477218
dynamic_support_station_defined_peak_and_labels,era_wbt_c,5,200408,2004,8,125.799765031298,8,15,24.0,-0.3289127781489404
dynamic_support_station_defined_peak_and_labels,observed_wbt_c,5,200408,2004,8,251.599530062597,8,15,24.0,-0.1230008472485492
dynamic_support_station_defined_peak_and_labels,observed_wbt_slp_as_surface_c,5,200408,2004,8,251.599530062597,8,15,24.0,-0.1417963743227224
dynamic_support_station_defined_peak_and_labels,era_wbt_c,5,200408,2004,8,251.599530062597,8,15,24.0,-0.2572100864670932
dynamic_support_station_defined_peak_and_labels,observed_wbt_c,5,200408,2004,8,503.199060125194,8,15,24.0,-0.14906257055755678
dynamic_support_station_defined_peak_and_labels,observed_wbt_slp_as_surface_c,5,200408,2004,8,503.199060125194,8,15,24.0,-0.16821976358993485
dynamic_support_station_defined_peak_and_labels,era_wbt_c,5,200408,2004,8,503.199060125194,8,15,24.0,-0.2655987778523029
dynamic_support_station_defined_peak_and_labels,observed_wbt_c,5,200408,2004,8,1006.39812025039,8,15,24.0,-0.2559928749541267
dynamic_support_station_defined_peak_and_labels,observed_wbt_slp_as_surface_c,5,200408,2004,8,1006.39812025039,8,15,24.0,-0.27406182727511097
dynamic_support_station_defined_peak_and_labels,era_wbt_c,5,200408,2004,8,1006.39812025039,8,15,24.0,-0.34751860296586656
dynamic_support_station_defined_peak_and_labels,observed_wbt_c,5,200408,2004,8,2012.79624050077,8,15,24.0,-0.3263944821227228
dynamic_support_station_defined_peak_and_labels,observed_wbt_slp_as_surface_c,5,200408,2004,8,2012.79624050077,8,15,24.0,-0.3437809754549678
dynamic_support_station_defined_peak_and_labels,era_wbt_c,5,200408,2004,8,2012.79624050077,8,15,24.0,-0.40325757433986886
dynamic_support_station_defined_peak_and_labels,observed_wbt_c,5,200806,2008,6,125.799765031298,8,14,24.681818181818183,0.17481434805235896
dynamic_support_station_defined_peak_and_labels,observed_wbt_slp_as_surface_c,5,200806,2008,6,125.799765031298,8,14,24.681818181818183,0.1798059523563431
dynamic_support_station_defined_peak_and_labels,era_wbt_c,5,200806,2008,6,125.799765031298,8,14,24.681818181818183,0.0834773648185061
dynamic_support_station_defined_peak_and_labels,observed_wbt_c,5,200806,2008,6,251.599530062597,8,14,24.681818181818183,0.006345820570059946
dynamic_support_station_defined_peak_and_labels,observed_wbt_slp_as_surface_c,5,200806,2008,6,251.599530062597,8,14,24.681818181818183,0.014997579179127918
dynamic_support_station_defined_peak_and_labels,era_wbt_c,5,200806,2008,6,251.599530062597,8,14,24.681818181818183,-0.023603004735415878
dynamic_support_station_defined_peak_and_labels,observed_wbt_c,5,200806,2008,6,503.199060125194,8,14,24.681818181818183,0.0260633066435072
dynamic_support_station_defined_peak_and_labels,observed_wbt_slp_as_surface_c,5,200806,2008,6,503.199060125194,8,14,24.681818181818183,0.035866688279628356
dynamic_support_station_defined_peak_and_labels,era_wbt_c,5,200806,2008,6,503.199060125194,8,14,24.681818181818183,-0.014223607210890776
dynamic_support_station_defined_peak_and_labels,observed_wbt_c,5,200806,2008,6,1006.39812025039,8,14,24.681818181818183,0.024788624426937078
dynamic_support_station_defined_peak_and_labels,observed_wbt_slp_as_surface_c,5,200806,2008,6,1006.39812025039,8,14,24.681818181818183,0.03603625864224402
dynamic_support_station_defined_peak_and_labels,era_wbt_c,5,200806,2008,6,1006.39812025039,8,14,24.681818181818183,-0.018430990740562203
dynamic_support_station_defined_peak_and_labels,observed_wbt_c,5,200806,2008,6,2012.79624050077,8,14,24.681818181818183,-0.006492029694641577
dynamic_support_station_defined_peak_and_labels,observed_wbt_slp_as_surface_c,5,200806,2008,6,2012.79624050077,8,14,24.681818181818183,0.003356837118246636
dynamic_support_station_defined_peak_and_labels,era_wbt_c,5,200806,2008,6,2012.79624050077,8,14,24.681818181818183,-0.04852780835241388
dynamic_support_station_defined_peak_and_labels,observed_wbt_c,5,200807,2008,7,125.799765031298,8,15,24.434782608695652,-0.38542795702458144
dynamic_support_station_defined_peak_and_labels,observed_wbt_slp_as_surface_c,5,200807,2008,7,125.799765031298,8,15,24.434782608695652,-0.3929269300791812
dynamic_support_station_defined_peak_and_labels,era_wbt_c,5,200807,2008,7,125.799765031298,8,15,24.434782608695652,-0.2767972553547593
dynamic_support_station_defined_peak_and_labels,observed_wbt_c,5,200807,2008,7,251.599530062597,8,15,24.434782608695652,-0.12851821652545603
dynamic_support_station_defined_peak_and_labels,observed_wbt_slp_as_surface_c,5,200807,2008,7,251.599530062597,8,15,24.434782608695652,-0.13919312252635163
dynamic_support_station_defined_peak_and_labels,era_wbt_c,5,200807,2008,7,251.599530062597,8,15,24.434782608695652,-0.12764237735042494
dynamic_support_station_defined_peak_and_labels,observed_wbt_c,5,200807,2008,7,503.199060125194,8,15,24.434782608695652,-0.06327845003618937
dynamic_support_station_defined_peak_and_labels,observed_wbt_slp_as_surface_c,5,200807,2008,7,503.199060125194,8,15,24.434782608695652,-0.07250142552790262
dynamic_support_station_defined_peak_and_labels,era_wbt_c,5,200807,2008,7,503.199060125194,8,15,24.434782608695652,-0.12240675531481626
dynamic_support_station_defined_peak_and_labels,observed_wbt_c,5,200807,2008,7,1006.39812025039,8,15,24.434782608695652,-0.09026850871223824
dynamic_support_station_defined_peak_and_labels,observed_wbt_slp_as_surface_c,5,200807,2008,7,1006.39812025039,8,15,24.434782608695652,-0.09725347061222278
dynamic_support_station_defined_peak_and_labels,era_wbt_c,5,200807,2008,7,1006.39812025039,8,15,24.434782608695652,-0.16529349687784212
dynamic_support_station_defined_peak_and_labels,observed_wbt_c,5,200807,2008,7,2012.79624050077,8,15,24.434782608695652,-0.10794954991209427
dynamic_support_station_defined_peak_and_labels,observed_wbt_slp_as_surface_c,5,200807,2008,7,2012.79624050077,8,15,24.434782608695652,-0.11409274184688112
dynamic_support_station_defined_peak_and_labels,era_wbt_c,5,200807,2008,7,2012.79624050077,8,15,24.434782608695652,-0.18477617165314109
dynamic_support_station_defined_peak_and_labels,observed_wbt_c,5,200808,2008,8,125.799765031298,8,15,24.434782608695652,-0.2300277219318938
dynamic_support_station_defined_peak_and_labels,observed_wbt_slp_as_surface_c,5,200808,2008,8,125.799765031298,8,15,24.434782608695652,-0.23463740021672275
dynamic_support_station_defined_peak_and_labels,era_wbt_c,5,200808,2008,8,125.799765031298,8,15,24.434782608695652,-0.24278897090691154
dynamic_support_station_defined_peak_and_labels,observed_wbt_c,5,200808,2008,8,251.599530062597,8,15,24.434782608695652,-0.15380622715139636
dynamic_support_station_defined_peak_and_labels,observed_wbt_slp_as_surface_c,5,200808,2008,8,251.599530062597,8,15,24.434782608695652,-0.1596722375220403
dynamic_support_station_defined_peak_and_labels,era_wbt_c,5,200808,2008,8,251.599530062597,8,15,24.434782608695652,-0.1518401574326591
dynamic_support_station_defined_peak_and_labels,observed_wbt_c,5,200808,2008,8,503.199060125194,8,15,24.434782608695652,-0.1513977374925226
dynamic_support_station_defined_peak_and_labels,observed_wbt_slp_as_surface_c,5,200808,2008,8,503.199060125194,8,15,24.434782608695652,-0.1578839149781016
dynamic_support_station_defined_peak_and_labels,era_wbt_c,5,200808,2008,8,503.199060125194,8,15,24.434782608695652,-0.18550117676711142
dynamic_support_station_defined_peak_and_labels,observed_wbt_c,5,200808,2008,8,1006.39812025039,8,15,24.434782608695652,-0.22583253244226398
dynamic_support_station_defined_peak_and_labels,observed_wbt_slp_as_surface_c,5,200808,2008,8,1006.39812025039,8,15,24.434782608695652,-0.23370674360022703
dynamic_support_station_defined_peak_and_labels,era_wbt_c,5,200808,2008,8,1006.39812025039,8,15,24.434782608695652,-0.26078647201948457
dynamic_support_station_defined_peak_and_labels,observed_wbt_c,5,200808,2008,8,2012.79624050077,8,15,24.434782608695652,-0.2762113114063901
dynamic_support_station_defined_peak_and_labels,observed_wbt_slp_as_surface_c,5,200808,2008,8,2012.79624050077,8,15,24.434782608695652,-0.28500265699045935
dynamic_support_station_defined_peak_and_labels,era_wbt_c,5,200808,2008,8,2012.79624050077,8,15,24.434782608695652,-0.2980694161366697
dynamic_support_station_defined_peak_and_labels,observed_wbt_c,5,201206,2012,6,125.799765031298,8,14,24.40909090909091,-0.23807464445210502
dynamic_support_station_defined_peak_and_labels,observed_wbt_slp_as_surface_c,5,201206,2012,6,125.799765031298,8,14,24.40909090909091,-0.21920234533307625
dynamic_support_station_defined_peak_and_labels,era_wbt_c,5,201206,2012,6,125.799765031298,8,14,24.40909090909091,-0.1870011751551105
dynamic_support_station_defined_peak_and_labels,observed_wbt_c,5,201206,2012,6,251.599530062597,8,14,24.40909090909091,-0.21664980924500166
dynamic_support_station_defined_peak_and_labels,observed_wbt_slp_as_surface_c,5,201206,2012,6,251.599530062597,8,14,24.40909090909091,-0.19587423589117348
dynamic_support_station_defined_peak_and_labels,era_wbt_c,5,201206,2012,6,251.599530062597,8,14,24.40909090909091,-0.11212008336211354
dynamic_support_station_defined_peak_and_labels,observed_wbt_c,5,201206,2012,6,503.199060125194,8,14,24.40909090909091,-0.34752831242628657
dynamic_support_station_defined_peak_and_labels,observed_wbt_slp_as_surface_c,5,201206,2012,6,503.199060125194,8,14,24.40909090909091,-0.32946240314181485
dynamic_support_station_defined_peak_and_labels,era_wbt_c,5,201206,2012,6,503.199060125194,8,14,24.40909090909091,-0.2538500972006903
dynamic_support_station_defined_peak_and_labels,observed_wbt_c,5,201206,2012,6,1006.39812025039,8,14,24.40909090909091,-0.4292468008586737
dynamic_support_station_defined_peak_and_labels,observed_wbt_slp_as_surface_c,5,201206,2012,6,1006.39812025039,8,14,24.40909090909091,-0.4168892956109608
dynamic_support_station_defined_peak_and_labels,era_wbt_c,5,201206,2012,6,1006.39812025039,8,14,24.40909090909091,-0.3507367052215177
dynamic_support_station_defined_peak_and_labels,observed_wbt_c,5,201206,2012,6,2012.79624050077,8,14,24.40909090909091,-0.46406834496042526
dynamic_support_station_defined_peak_and_labels,observed_wbt_slp_as_surface_c,5,201206,2012,6,2012.79624050077,8,14,24.40909090909091,-0.45463244778696443
dynamic_support_station_defined_peak_and_labels,era_wbt_c,5,201206,2012,6,2012.79624050077,8,14,24.40909090909091,-0.3866666645983141
dynamic_support_station_defined_peak_and_labels,observed_wbt_c,5,201207,2012,7,125.799765031298,8,15,24.782608695652176,-0.17033458725531148
dynamic_support_station_defined_peak_and_labels,observed_wbt_slp_as_surface_c,5,201207,2012,7,125.799765031298,8,15,24.782608695652176,-0.1719906465878992
dynamic_support_station_defined_peak_and_labels,era_wbt_c,5,201207,2012,7,125.799765031298,8,15,24.782608695652176,-0.1121930477133547
dynamic_support_station_defined_peak_and_labels,observed_wbt_c,5,201207,2012,7,251.599530062597,8,15,24.782608695652176,-0.1867457906593295
dynamic_support_station_defined_peak_and_labels,observed_wbt_slp_as_surface_c,5,201207,2012,7,251.599530062597,8,15,24.782608695652176,-0.18157772099800285
dynamic_support_station_defined_peak_and_labels,era_wbt_c,5,201207,2012,7,251.599530062597,8,15,24.782608695652176,-0.1795279525435286
dynamic_support_station_defined_peak_and_labels,observed_wbt_c,5,201207,2012,7,503.199060125194,8,15,24.782608695652176,-0.2615216849376415
dynamic_support_station_defined_peak_and_labels,observed_wbt_slp_as_surface_c,5,201207,2012,7,503.199060125194,8,15,24.782608695652176,-0.25267098414795686
dynamic_support_station_defined_peak_and_labels,era_wbt_c,5,201207,2012,7,503.199060125194,8,15,24.782608695652176,-0.31536419168031193
dynamic_support_station_defined_peak_and_labels,observed_wbt_c,5,201207,2012,7,1006.39812025039,8,15,24.782608695652176,-0.3263555180097769
dynamic_support_station_defined_peak_and_labels,observed_wbt_slp_as_surface_c,5,201207,2012,7,1006.39812025039,8,15,24.782608695652176,-0.3180603735522388
dynamic_support_station_defined_peak_and_labels,era_wbt_c,5,201207,2012,7,1006.39812025039,8,15,24.782608695652176,-0.3827024900078041
dynamic_support_station_defined_peak_and_labels,observed_wbt_c,5,201207,2012,7,2012.79624050077,8,15,24.782608695652176,-0.3462960477453312
dynamic_support_station_defined_peak_and_labels,observed_wbt_slp_as_surface_c,5,201207,2012,7,2012.79624050077,8,15,24.782608695652176,-0.3390485259371411
dynamic_support_station_defined_peak_and_labels,era_wbt_c,5,201207,2012,7,2012.79624050077,8,15,24.782608695652176,-0.40040351610351266
dynamic_support_station_defined_peak_and_labels,observed_wbt_c,5,201208,2012,8,125.799765031298,8,15,24.47826086956522,-0.22610916917357304
dynamic_support_station_defined_peak_and_labels,observed_wbt_slp_as_surface_c,5,201208,2012,8,125.799765031298,8,15,24.47826086956522,-0.2211306847446689
dynamic_support_station_defined_peak_and_labels,era_wbt_c,5,201208,2012,8,125.799765031298,8,15,24.47826086956522,-0.3223685055359472
dynamic_support_station_defined_peak_and_labels,observed_wbt_c,5,201208,2012,8,251.599530062597,8,15,24.47826086956522,-0.23666781943734405
dynamic_support_station_defined_peak_and_labels,observed_wbt_slp_as_surface_c,5,201208,2012,8,251.599530062597,8,15,24.47826086956522,-0.23265533858484821
dynamic_support_station_defined_peak_and_labels,era_wbt_c,5,201208,2012,8,251.599530062597,8,15,24.47826086956522,-0.22849234754204117
dynamic_support_station_defined_peak_and_labels,observed_wbt_c,5,201208,2012,8,503.199060125194,8,15,24.47826086956522,-0.2557913515387217
dynamic_support_station_defined_peak_and_labels,observed_wbt_slp_as_surface_c,5,201208,2012,8,503.199060125194,8,15,24.47826086956522,-0.2515242732181413
dynamic_support_station_defined_peak_and_labels,era_wbt_c,5,201208,2012,8,503.199060125194,8,15,24.47826086956522,-0.2294364943718037
dynamic_support_station_defined_peak_and_labels,observed_wbt_c,5,201208,2012,8,1006.39812025039,8,15,24.47826086956522,-0.3074118649472083
dynamic_support_station_defined_peak_and_labels,observed_wbt_slp_as_surface_c,5,201208,2012,8,1006.39812025039,8,15,24.47826086956522,-0.30558402635891413
dynamic_support_station_defined_peak_and_labels,era_wbt_c,5,201208,2012,8,1006.39812025039,8,15,24.47826086956522,-0.27991720382599594
dynamic_support_station_defined_peak_and_labels,observed_wbt_c,5,201208,2012,8,2012.79624050077,8,15,24.47826086956522,-0.34281183347007804
dynamic_support_station_defined_peak_and_labels,observed_wbt_slp_as_surface_c,5,201208,2012,8,2012.79624050077,8,15,24.47826086956522,-0.3428304100791806
dynamic_support_station_defined_peak_and_labels,era_wbt_c,5,201208,2012,8,2012.79624050077,8,15,24.47826086956522,-0.31323199780490985
dynamic_support_station_defined_peak_and_labels,observed_wbt_c,5,201606,2016,6,125.799765031298,8,14,22.727272727272727,0.1629015654220587
dynamic_support_station_defined_peak_and_labels,observed_wbt_slp_as_surface_c,5,201606,2016,6,125.799765031298,8,14,22.727272727272727,0.16631977878371518
dynamic_support_station_defined_peak_and_labels,era_wbt_c,5,201606,2016,6,125.799765031298,8,14,22.727272727272727,0.4502864230582664
dynamic_support_station_defined_peak_and_labels,observed_wbt_c,5,201606,2016,6,251.599530062597,8,14,22.727272727272727,0.15015637192839715
dynamic_support_station_defined_peak_and_labels,observed_wbt_slp_as_surface_c,5,201606,2016,6,251.599530062597,8,14,22.727272727272727,0.14402273219590644
dynamic_support_station_defined_peak_and_labels,era_wbt_c,5,201606,2016,6,251.599530062597,8,14,22.727272727272727,0.13283507687845675
dynamic_support_station_defined_peak_and_labels,observed_wbt_c,5,201606,2016,6,503.199060125194,8,14,22.727272727272727,0.019342002551755222
dynamic_support_station_defined_peak_and_labels,observed_wbt_slp_as_surface_c,5,201606,2016,6,503.199060125194,8,14,22.727272727272727,0.008133579085773501
dynamic_support_station_defined_peak_and_labels,era_wbt_c,5,201606,2016,6,503.199060125194,8,14,22.727272727272727,0.0038246091514875236
dynamic_support_station_defined_peak_and_labels,observed_wbt_c,5,201606,2016,6,1006.39812025039,8,14,22.727272727272727,-0.13690069366204616
dynamic_support_station_defined_peak_and_labels,observed_wbt_slp_as_surface_c,5,201606,2016,6,1006.39812025039,8,14,22.727272727272727,-0.15102753286631254
dynamic_support_station_defined_peak_and_labels,era_wbt_c,5,201606,2016,6,1006.39812025039,8,14,22.727272727272727,-0.10503749083940062
dynamic_support_station_defined_peak_and_labels,observed_wbt_c,5,201606,2016,6,2012.79624050077,8,14,22.727272727272727,-0.21937184016828626
dynamic_support_station_defined_peak_and_labels,observed_wbt_slp_as_surface_c,5,201606,2016,6,2012.79624050077,8,14,22.727272727272727,-0.23387280789896958
dynamic_support_station_defined_peak_and_labels,era_wbt_c,5,201606,2016,6,2012.79624050077,8,14,22.727272727272727,-0.17020292577845575
dynamic_support_station_defined_peak_and_labels,observed_wbt_c,5,201607,2016,7,125.799765031298,8,15,23.0,0.6601805991082892
dynamic_support_station_defined_peak_and_labels,observed_wbt_slp_as_surface_c,5,201607,2016,7,125.799765031298,8,15,23.0,0.6871094101780157
dynamic_support_station_defined_peak_and_labels,era_wbt_c,5,201607,2016,7,125.799765031298,8,15,23.0,0.09436540267462767
dynamic_support_station_defined_peak_and_labels,observed_wbt_c,5,201607,2016,7,251.599530062597,8,15,23.0,0.325577237231536
dynamic_support_station_defined_peak_and_labels,observed_wbt_slp_as_surface_c,5,201607,2016,7,251.599530062597,8,15,23.0,0.3343200294630666
dynamic_support_station_defined_peak_and_labels,era_wbt_c,5,201607,2016,7,251.599530062597,8,15,23.0,0.047732836592751404
dynamic_support_station_defined_peak_and_labels,observed_wbt_c,5,201607,2016,7,503.199060125194,8,15,23.0,0.04794771776797835
dynamic_support_station_defined_peak_and_labels,observed_wbt_slp_as_surface_c,5,201607,2016,7,503.199060125194,8,15,23.0,0.05083885330172566
dynamic_support_station_defined_peak_and_labels,era_wbt_c,5,201607,2016,7,503.199060125194,8,15,23.0,-0.11714959354400722
dynamic_support_station_defined_peak_and_labels,observed_wbt_c,5,201607,2016,7,1006.39812025039,8,15,23.0,-0.050365428399338996
dynamic_support_station_defined_peak_and_labels,observed_wbt_slp_as_surface_c,5,201607,2016,7,1006.39812025039,8,15,23.0,-0.04853974518298587
dynamic_support_station_defined_peak_and_labels,era_wbt_c,5,201607,2016,7,1006.39812025039,8,15,23.0,-0.1951155285675531
dynamic_support_station_defined_peak_and_labels,observed_wbt_c,5,201607,2016,7,2012.79624050077,8,15,23.0,-0.08053909841950169
dynamic_support_station_defined_peak_and_labels,observed_wbt_slp_as_surface_c,5,201607,2016,7,2012.79624050077,8,15,23.0,-0.07948229218939973
dynamic_support_station_defined_peak_and_labels,era_wbt_c,5,201607,2016,7,2012.79624050077,8,15,23.0,-0.2315646729047156
dynamic_support_station_defined_peak_and_labels,observed_wbt_c,5,201608,2016,8,125.799765031298,8,15,22.434782608695652,-0.19865328664565118
dynamic_support_station_defined_peak_and_labels,observed_wbt_slp_as_surface_c,5,201608,2016,8,125.799765031298,8,15,22.434782608695652,-0.17198861888983985
dynamic_support_station_defined_peak_and_labels,era_wbt_c,5,201608,2016,8,125.799765031298,8,15,22.434782608695652,-0.21411924640015034
dynamic_support_station_defined_peak_and_labels,observed_wbt_c,5,201608,2016,8,251.599530062597,8,15,22.434782608695652,-0.1042862727338616
dynamic_support_station_defined_peak_and_labels,observed_wbt_slp_as_surface_c,5,201608,2016,8,251.599530062597,8,15,22.434782608695652,-0.08921319903403024
dynamic_support_station_defined_peak_and_labels,era_wbt_c,5,201608,2016,8,251.599530062597,8,15,22.434782608695652,-0.18655669810437214
dynamic_support_station_defined_peak_and_labels,observed_wbt_c,5,201608,2016,8,503.199060125194,8,15,22.434782608695652,-0.05281741894932601
dynamic_support_station_defined_peak_and_labels,observed_wbt_slp_as_surface_c,5,201608,2016,8,503.199060125194,8,15,22.434782608695652,-0.04610792543761022
dynamic_support_station_defined_peak_and_labels,era_wbt_c,5,201608,2016,8,503.199060125194,8,15,22.434782608695652,-0.12141156495566996
dynamic_support_station_defined_peak_and_labels,observed_wbt_c,5,201608,2016,8,1006.39812025039,8,15,22.434782608695652,-0.1155374337629328
dynamic_support_station_defined_peak_and_labels,observed_wbt_slp_as_surface_c,5,201608,2016,8,1006.39812025039,8,15,22.434782608695652,-0.11298792334579355
dynamic_support_station_defined_peak_and_labels,era_wbt_c,5,201608,2016,8,1006.39812025039,8,15,22.434782608695652,-0.14501618320507048
dynamic_support_station_defined_peak_and_labels,observed_wbt_c,5,201608,2016,8,2012.79624050077,8,15,22.434782608695652,-0.14274640321884713
dynamic_support_station_defined_peak_and_labels,observed_wbt_slp_as_surface_c,5,201608,2016,8,2012.79624050077,8,15,22.434782608695652,-0.14115151466863973
dynamic_support_station_defined_peak_and_labels,era_wbt_c,5,201608,2016,8,2012.79624050077,8,15,22.434782608695652,-0.15914679101018314
dynamic_support_station_defined_peak_and_labels,observed_wbt_c,5,202006,2020,6,125.799765031298,8,14,27.136363636363637,-0.009321877563324477
dynamic_support_station_defined_peak_and_labels,observed_wbt_slp_as_surface_c,5,202006,2020,6,125.799765031298,8,14,27.136363636363637,-0.01081342108179717
dynamic_support_station_defined_peak_and_labels,era_wbt_c,5,202006,2020,6,125.799765031298,8,14,27.136363636363637,-0.16249088126335764
dynamic_support_station_defined_peak_and_labels,observed_wbt_c,5,202006,2020,6,251.599530062597,8,14,27.136363636363637,-0.08018769653338953
dynamic_support_station_defined_peak_and_labels,observed_wbt_slp_as_surface_c,5,202006,2020,6,251.599530062597,8,14,27.136363636363637,-0.08754910287627715
dynamic_support_station_defined_peak_and_labels,era_wbt_c,5,202006,2020,6,251.599530062597,8,14,27.136363636363637,-0.14872936321080843
dynamic_support_station_defined_peak_and_labels,observed_wbt_c,5,202006,2020,6,503.199060125194,8,14,27.136363636363637,-0.1065077320270228
dynamic_support_station_defined_peak_and_labels,observed_wbt_slp_as_surface_c,5,202006,2020,6,503.199060125194,8,14,27.136363636363637,-0.11625133191134063
dynamic_support_station_defined_peak_and_labels,era_wbt_c,5,202006,2020,6,503.199060125194,8,14,27.136363636363637,-0.11208100463058401
dynamic_support_station_defined_peak_and_labels,observed_wbt_c,5,202006,2020,6,1006.39812025039,8,14,27.136363636363637,-0.12424067935878491
dynamic_support_station_defined_peak_and_labels,observed_wbt_slp_as_surface_c,5,202006,2020,6,1006.39812025039,8,14,27.136363636363637,-0.1330364808841935
dynamic_support_station_defined_peak_and_labels,era_wbt_c,5,202006,2020,6,1006.39812025039,8,14,27.136363636363637,-0.10582380725759055
dynamic_support_station_defined_peak_and_labels,observed_wbt_c,5,202006,2020,6,2012.79624050077,8,14,27.136363636363637,-0.1350097401199174
dynamic_support_station_defined_peak_and_labels,observed_wbt_slp_as_surface_c,5,202006,2020,6,2012.79624050077,8,14,27.136363636363637,-0.14247684630427648
dynamic_support_station_defined_peak_and_labels,era_wbt_c,5,202006,2020,6,2012.79624050077,8,14,27.136363636363637,-0.11036979338665087
dynamic_support_station_defined_peak_and_labels,observed_wbt_c,5,202007,2020,7,125.799765031298,8,15,26.73913043478261,-0.2210896864376274
dynamic_support_station_defined_peak_and_labels,observed_wbt_slp_as_surface_c,5,202007,2020,7,125.799765031298,8,15,26.73913043478261,-0.22871603493400772
dynamic_support_station_defined_peak_and_labels,era_wbt_c,5,202007,2020,7,125.799765031298,8,15,26.73913043478261,-0.009698277475311157
dynamic_support_station_defined_peak_and_labels,observed_wbt_c,5,202007,2020,7,251.599530062597,8,15,26.73913043478261,-0.17756740992845765
dynamic_support_station_defined_peak_and_labels,observed_wbt_slp_as_surface_c,5,202007,2020,7,251.599530062597,8,15,26.73913043478261,-0.1837046853459745
dynamic_support_station_defined_peak_and_labels,era_wbt_c,5,202007,2020,7,251.599530062597,8,15,26.73913043478261,0.001693946074310837
dynamic_support_station_defined_peak_and_labels,observed_wbt_c,5,202007,2020,7,503.199060125194,8,15,26.73913043478261,-0.17049619796010773
dynamic_support_station_defined_peak_and_labels,observed_wbt_slp_as_surface_c,5,202007,2020,7,503.199060125194,8,15,26.73913043478261,-0.17443773231618154
dynamic_support_station_defined_peak_and_labels,era_wbt_c,5,202007,2020,7,503.199060125194,8,15,26.73913043478261,-0.03906498422225235
dynamic_support_station_defined_peak_and_labels,observed_wbt_c,5,202007,2020,7,1006.39812025039,8,15,26.73913043478261,-0.1864383919292718
dynamic_support_station_defined_peak_and_labels,observed_wbt_slp_as_surface_c,5,202007,2020,7,1006.39812025039,8,15,26.73913043478261,-0.18681370180817192
dynamic_support_station_defined_peak_and_labels,era_wbt_c,5,202007,2020,7,1006.39812025039,8,15,26.73913043478261,-0.0905361506998339
dynamic_support_station_defined_peak_and_labels,observed_wbt_c,5,202007,2020,7,2012.79624050077,8,15,26.73913043478261,-0.19510823043442538
dynamic_support_station_defined_peak_and_labels,observed_wbt_slp_as_surface_c,5,202007,2020,7,2012.79624050077,8,15,26.73913043478261,-0.1938217395902796
dynamic_support_station_defined_peak_and_labels,era_wbt_c,5,202007,2020,7,2012.79624050077,8,15,26.73913043478261,-0.11456907706422925
dynamic_support_station_defined_peak_and_labels,observed_wbt_c,5,202008,2020,8,125.799765031298,8,15,26.26086956521739,-0.010353372065639355
dynamic_support_station_defined_peak_and_labels,observed_wbt_slp_as_surface_c,5,202008,2020,8,125.799765031298,8,15,26.26086956521739,-0.011532832381382363
dynamic_support_station_defined_peak_and_labels,era_wbt_c,5,202008,2020,8,125.799765031298,8,15,26.26086956521739,-0.1197340427810537
dynamic_support_station_defined_peak_and_labels,observed_wbt_c,5,202008,2020,8,251.599530062597,8,15,26.26086956521739,-0.09931281526127855
dynamic_support_station_defined_peak_and_labels,observed_wbt_slp_as_surface_c,5,202008,2020,8,251.599530062597,8,15,26.26086956521739,-0.09982825542630358
dynamic_support_station_defined_peak_and_labels,era_wbt_c,5,202008,2020,8,251.599530062597,8,15,26.26086956521739,-0.18873432645049004
dynamic_support_station_defined_peak_and_labels,observed_wbt_c,5,202008,2020,8,503.199060125194,8,15,26.26086956521739,-0.13798088280119902
dynamic_support_station_defined_peak_and_labels,observed_wbt_slp_as_surface_c,5,202008,2020,8,503.199060125194,8,15,26.26086956521739,-0.14058692042398224
dynamic_support_station_defined_peak_and_labels,era_wbt_c,5,202008,2020,8,503.199060125194,8,15,26.26086956521739,-0.2147960372279294
dynamic_support_station_defined_peak_and_labels,observed_wbt_c,5,202008,2020,8,1006.39812025039,8,15,26.26086956521739,-0.15060035272088668
dynamic_support_station_defined_peak_and_labels,observed_wbt_slp_as_surface_c,5,202008,2020,8,1006.39812025039,8,15,26.26086956521739,-0.15437868373025265
dynamic_support_station_defined_peak_and_labels,era_wbt_c,5,202008,2020,8,1006.39812025039,8,15,26.26086956521739,-0.22598010376013733
dynamic_support_station_defined_peak_and_labels,observed_wbt_c,5,202008,2020,8,2012.79624050077,8,15,26.26086956521739,-0.15376569679020513
dynamic_support_station_defined_peak_and_labels,observed_wbt_slp_as_surface_c,5,202008,2020,8,2012.79624050077,8,15,26.26086956521739,-0.1579587950190796
dynamic_support_station_defined_peak_and_labels,era_wbt_c,5,202008,2020,8,2012.79624050077,8,15,26.26086956521739,-0.22594062105692392
dynamic_support_station_defined_peak_and_labels,observed_wbt_c,5,202306,2023,6,125.799765031298,6,12,25.38888888888889,-0.07453773111916517
dynamic_support_station_defined_peak_and_labels,observed_wbt_slp_as_surface_c,5,202306,2023,6,125.799765031298,6,12,25.38888888888889,-0.08243506953579804
dynamic_support_station_defined_peak_and_labels,era_wbt_c,5,202306,2023,6,125.799765031298,6,12,25.38888888888889,-0.19245100999032505
dynamic_support_station_defined_peak_and_labels,observed_wbt_c,5,202306,2023,6,251.599530062597,6,12,25.38888888888889,-0.11571251028434959
dynamic_support_station_defined_peak_and_labels,observed_wbt_slp_as_surface_c,5,202306,2023,6,251.599530062597,6,12,25.38888888888889,-0.12905447600002107
dynamic_support_station_defined_peak_and_labels,era_wbt_c,5,202306,2023,6,251.599530062597,6,12,25.38888888888889,-0.2205529037952505
dynamic_support_station_defined_peak_and_labels,observed_wbt_c,5,202306,2023,6,503.199060125194,6,12,25.38888888888889,-0.18818835330056793
dynamic_support_station_defined_peak_and_labels,observed_wbt_slp_as_surface_c,5,202306,2023,6,503.199060125194,6,12,25.38888888888889,-0.19906365755668165
dynamic_support_station_defined_peak_and_labels,era_wbt_c,5,202306,2023,6,503.199060125194,6,12,25.38888888888889,-0.25285590838050787
dynamic_support_station_defined_peak_and_labels,observed_wbt_c,5,202306,2023,6,1006.39812025039,6,12,25.38888888888889,-0.23716282226454344
dynamic_support_station_defined_peak_and_labels,observed_wbt_slp_as_surface_c,5,202306,2023,6,1006.39812025039,6,12,25.38888888888889,-0.24781405899862974
dynamic_support_station_defined_peak_and_labels,era_wbt_c,5,202306,2023,6,1006.39812025039,6,12,25.38888888888889,-0.2532027111244187
dynamic_support_station_defined_peak_and_labels,observed_wbt_c,5,202306,2023,6,2012.79624050077,6,12,25.38888888888889,-0.26814562281225496
dynamic_support_station_defined_peak_and_labels,observed_wbt_slp_as_surface_c,5,202306,2023,6,2012.79624050077,6,12,25.38888888888889,-0.2796831156258621
dynamic_support_station_defined_peak_and_labels,era_wbt_c,5,202306,2023,6,2012.79624050077,6,12,25.38888888888889,-0.2666842244624579
dynamic_support_station_defined_peak_and_labels,observed_wbt_c,5,202307,2023,7,125.799765031298,8,15,25.0,-0.14099205320923647
dynamic_support_station_defined_peak_and_labels,observed_wbt_slp_as_surface_c,5,202307,2023,7,125.799765031298,8,15,25.0,-0.12530027621403084
dynamic_support_station_defined_peak_and_labels,era_wbt_c,5,202307,2023,7,125.799765031298,8,15,25.0,-0.014664672002790646
dynamic_support_station_defined_peak_and_labels,observed_wbt_c,5,202307,2023,7,251.599530062597,8,15,25.0,-0.09618787605894452
dynamic_support_station_defined_peak_and_labels,observed_wbt_slp_as_surface_c,5,202307,2023,7,251.599530062597,8,15,25.0,-0.09024436449383555
dynamic_support_station_defined_peak_and_labels,era_wbt_c,5,202307,2023,7,251.599530062597,8,15,25.0,-0.06955985117823504
dynamic_support_station_defined_peak_and_labels,observed_wbt_c,5,202307,2023,7,503.199060125194,8,15,25.0,-0.17441018908713468
dynamic_support_station_defined_peak_and_labels,observed_wbt_slp_as_surface_c,5,202307,2023,7,503.199060125194,8,15,25.0,-0.17493212354662535
dynamic_support_station_defined_peak_and_labels,era_wbt_c,5,202307,2023,7,503.199060125194,8,15,25.0,-0.1592281315369093
dynamic_support_station_defined_peak_and_labels,observed_wbt_c,5,202307,2023,7,1006.39812025039,8,15,25.0,-0.23788524100443553
dynamic_support_station_defined_peak_and_labels,observed_wbt_slp_as_surface_c,5,202307,2023,7,1006.39812025039,8,15,25.0,-0.24185271514944084
dynamic_support_station_defined_peak_and_labels,era_wbt_c,5,202307,2023,7,1006.39812025039,8,15,25.0,-0.22477214433912074
dynamic_support_station_defined_peak_and_labels,observed_wbt_c,5,202307,2023,7,2012.79624050077,8,15,25.0,-0.2676584723973189
dynamic_support_station_defined_peak_and_labels,observed_wbt_slp_as_surface_c,5,202307,2023,7,2012.79624050077,8,15,25.0,-0.2735839443751136
dynamic_support_station_defined_peak_and_labels,era_wbt_c,5,202307,2023,7,2012.79624050077,8,15,25.0,-0.25897145763285956
dynamic_support_station_defined_peak_and_labels,observed_wbt_c,5,202308,2023,8,125.799765031298,8,15,26.217391304347824,-0.3961869162695608
dynamic_support_station_defined_peak_and_labels,observed_wbt_slp_as_surface_c,5,202308,2023,8,125.799765031298,8,15,26.217391304347824,-0.38129450206026905
dynamic_support_station_defined_peak_and_labels,era_wbt_c,5,202308,2023,8,125.799765031298,8,15,26.217391304347824,-0.3657324014825627
dynamic_support_station_defined_peak_and_labels,observed_wbt_c,5,202308,2023,8,251.599530062597,8,15,26.217391304347824,-0.3075101011143858
dynamic_support_station_defined_peak_and_labels,observed_wbt_slp_as_surface_c,5,202308,2023,8,251.599530062597,8,15,26.217391304347824,-0.2951768368535038
dynamic_support_station_defined_peak_and_labels,era_wbt_c,5,202308,2023,8,251.599530062597,8,15,26.217391304347824,-0.2581728044689261
dynamic_support_station_defined_peak_and_labels,observed_wbt_c,5,202308,2023,8,503.199060125194,8,15,26.217391304347824,-0.36021798014204565
dynamic_support_station_defined_peak_and_labels,observed_wbt_slp_as_surface_c,5,202308,2023,8,503.199060125194,8,15,26.217391304347824,-0.35133177584653386
dynamic_support_station_defined_peak_and_labels,era_wbt_c,5,202308,2023,8,503.199060125194,8,15,26.217391304347824,-0.31962123767715267
dynamic_support_station_defined_peak_and_labels,observed_wbt_c,5,202308,2023,8,1006.39812025039,8,15,26.217391304347824,-0.4368110003823358
dynamic_support_station_defined_peak_and_labels,observed_wbt_slp_as_surface_c,5,202308,2023,8,1006.39812025039,8,15,26.217391304347824,-0.4321089921936453
dynamic_support_station_defined_peak_and_labels,era_wbt_c,5,202308,2023,8,1006.39812025039,8,15,26.217391304347824,-0.39793012040313
dynamic_support_station_defined_peak_and_labels,observed_wbt_c,5,202308,2023,8,2012.79624050077,8,15,26.217391304347824,-0.47221482459221065
dynamic_support_station_defined_peak_and_labels,observed_wbt_slp_as_surface_c,5,202308,2023,8,2012.79624050077,8,15,26.217391304347824,-0.46975131041792484
dynamic_support_station_defined_peak_and_labels,era_wbt_c,5,202308,2023,8,2012.79624050077,8,15,26.217391304347824,-0.43269691896420337
dynamic_support_station_defined_peak_and_labels,observed_wbt_c,5,202506,2025,6,125.799765031298,8,14,25.818181818181817,-0.14789721546079426
dynamic_support_station_defined_peak_and_labels,observed_wbt_slp_as_surface_c,5,202506,2025,6,125.799765031298,8,14,25.818181818181817,-0.13685925976704694
dynamic_support_station_defined_peak_and_labels,era_wbt_c,5,202506,2025,6,125.799765031298,8,14,25.818181818181817,-0.33490349231547933
dynamic_support_station_defined_peak_and_labels,observed_wbt_c,5,202506,2025,6,251.599530062597,8,14,25.818181818181817,-0.15734533208074286
dynamic_support_station_defined_peak_and_labels,observed_wbt_slp_as_surface_c,5,202506,2025,6,251.599530062597,8,14,25.818181818181817,-0.14805229778240991
dynamic_support_station_defined_peak_and_labels,era_wbt_c,5,202506,2025,6,251.599530062597,8,14,25.818181818181817,-0.2654325527252135
dynamic_support_station_defined_peak_and_labels,observed_wbt_c,5,202506,2025,6,503.199060125194,8,14,25.818181818181817,-0.202156162943664
dynamic_support_station_defined_peak_and_labels,observed_wbt_slp_as_surface_c,5,202506,2025,6,503.199060125194,8,14,25.818181818181817,-0.19092523438485853
dynamic_support_station_defined_peak_and_labels,era_wbt_c,5,202506,2025,6,503.199060125194,8,14,25.818181818181817,-0.24129126487743702
dynamic_support_station_defined_peak_and_labels,observed_wbt_c,5,202506,2025,6,1006.39812025039,8,14,25.818181818181817,-0.27956247603438356
dynamic_support_station_defined_peak_and_labels,observed_wbt_slp_as_surface_c,5,202506,2025,6,1006.39812025039,8,14,25.818181818181817,-0.2721989005092643
dynamic_support_station_defined_peak_and_labels,era_wbt_c,5,202506,2025,6,1006.39812025039,8,14,25.818181818181817,-0.3030835926884696
dynamic_support_station_defined_peak_and_labels,observed_wbt_c,5,202506,2025,6,2012.79624050077,8,14,25.818181818181817,-0.3330669582546383
dynamic_support_station_defined_peak_and_labels,observed_wbt_slp_as_surface_c,5,202506,2025,6,2012.79624050077,8,14,25.818181818181817,-0.3286345215277222
dynamic_support_station_defined_peak_and_labels,era_wbt_c,5,202506,2025,6,2012.79624050077,8,14,25.818181818181817,-0.35113647795327096
dynamic_support_station_defined_peak_and_labels,observed_wbt_c,5,202507,2025,7,125.799765031298,8,15,26.0,-0.12503606976773063
dynamic_support_station_defined_peak_and_labels,observed_wbt_slp_as_surface_c,5,202507,2025,7,125.799765031298,8,15,26.0,-0.13005881523086193
dynamic_support_station_defined_peak_and_labels,era_wbt_c,5,202507,2025,7,125.799765031298,8,15,26.0,-0.10262772199792736
dynamic_support_station_defined_peak_and_labels,observed_wbt_c,5,202507,2025,7,251.599530062597,8,15,26.0,-0.08299572471262617
dynamic_support_station_defined_peak_and_labels,observed_wbt_slp_as_surface_c,5,202507,2025,7,251.599530062597,8,15,26.0,-0.09098689694220163
dynamic_support_station_defined_peak_and_labels,era_wbt_c,5,202507,2025,7,251.599530062597,8,15,26.0,-0.08485804333180891
dynamic_support_station_defined_peak_and_labels,observed_wbt_c,5,202507,2025,7,503.199060125194,8,15,26.0,-0.07763974710107735
dynamic_support_station_defined_peak_and_labels,observed_wbt_slp_as_surface_c,5,202507,2025,7,503.199060125194,8,15,26.0,-0.08554977123880902
dynamic_support_station_defined_peak_and_labels,era_wbt_c,5,202507,2025,7,503.199060125194,8,15,26.0,-0.07486950196840447
dynamic_support_station_defined_peak_and_labels,observed_wbt_c,5,202507,2025,7,1006.39812025039,8,15,26.0,-0.07573073087279114
dynamic_support_station_defined_peak_and_labels,observed_wbt_slp_as_surface_c,5,202507,2025,7,1006.39812025039,8,15,26.0,-0.08721277353506252
dynamic_support_station_defined_peak_and_labels,era_wbt_c,5,202507,2025,7,1006.39812025039,8,15,26.0,-0.10374353918056956
dynamic_support_station_defined_peak_and_labels,observed_wbt_c,5,202507,2025,7,2012.79624050077,8,15,26.0,-0.07567572823633673
dynamic_support_station_defined_peak_and_labels,observed_wbt_slp_as_surface_c,5,202507,2025,7,2012.79624050077,8,15,26.0,-0.08886109335479808
dynamic_support_station_defined_peak_and_labels,era_wbt_c,5,202507,2025,7,2012.79624050077,8,15,26.0,-0.11440821470074891
dynamic_support_station_defined_peak_and_labels,observed_wbt_c,5,202508,2025,8,125.799765031298,6,12,25.27777777777778,-0.41633767565512714
dynamic_support_station_defined_peak_and_labels,observed_wbt_slp_as_surface_c,5,202508,2025,8,125.799765031298,6,12,25.27777777777778,-0.42303197298258577
dynamic_support_station_defined_peak_and_labels,era_wbt_c,5,202508,2025,8,125.799765031298,6,12,25.27777777777778,-0.2574938555047718
dynamic_support_station_defined_peak_and_labels,observed_wbt_c,5,202508,2025,8,251.599530062597,6,12,25.27777777777778,-0.31787398121619037
dynamic_support_station_defined_peak_and_labels,observed_wbt_slp_as_surface_c,5,202508,2025,8,251.599530062597,6,12,25.27777777777778,-0.32995135699069456
dynamic_support_station_defined_peak_and_labels,era_wbt_c,5,202508,2025,8,251.599530062597,6,12,25.27777777777778,-0.2672132780546195
dynamic_support_station_defined_peak_and_labels,observed_wbt_c,5,202508,2025,8,503.199060125194,6,12,25.27777777777778,-0.3029266190309041
dynamic_support_station_defined_peak_and_labels,observed_wbt_slp_as_surface_c,5,202508,2025,8,503.199060125194,6,12,25.27777777777778,-0.31596201327831575
dynamic_support_station_defined_peak_and_labels,era_wbt_c,5,202508,2025,8,503.199060125194,6,12,25.27777777777778,-0.2827027959080539
dynamic_support_station_defined_peak_and_labels,observed_wbt_c,5,202508,2025,8,1006.39812025039,6,12,25.27777777777778,-0.2850686726486902
dynamic_support_station_defined_peak_and_labels,observed_wbt_slp_as_surface_c,5,202508,2025,8,1006.39812025039,6,12,25.27777777777778,-0.2987978556738663
dynamic_support_station_defined_peak_and_labels,era_wbt_c,5,202508,2025,8,1006.39812025039,6,12,25.27777777777778,-0.2753422638829698
dynamic_support_station_defined_peak_and_labels,observed_wbt_c,5,202508,2025,8,2012.79624050077,6,12,25.27777777777778,-0.26865660930387125
dynamic_support_station_defined_peak_and_labels,observed_wbt_slp_as_surface_c,5,202508,2025,8,2012.79624050077,6,12,25.27777777777778,-0.28241217222931925
dynamic_support_station_defined_peak_and_labels,era_wbt_c,5,202508,2025,8,2012.79624050077,6,12,25.27777777777778,-0.2640759624596677
